AUDIT PASSED
disabled: enable_cmg
Code snapshot saved as D:\model\qast_ehr_ablation_without_cmg_seed713\2026-09-19-11-37-43_seed713\code_snapshot.zip
[2026-09-19 11:37:43,331]-[utils.py line:217]:
-------------- config -------------- 
[2026-09-19 11:37:43,332]-[utils.py line:218]:{
    "standard_protocol": true,
    "run_test_after_training": false,
    "amp": true,
    "gradient_accumulation_steps": 2,
    "distill_logits": null,
    "type": "question_aware",
    "seed": 713,
    "epochs": 15,
    "num_labels": 42,
    "log_interval": 100,
    "output_dir": "D:/model/qast_ehr_ablation_without_cmg_seed713",
    "pretrained_weight": "fixed_features_only",
    "weight": "",
    "data": {
        "root": "D:/AVQA_experiment/QA-TIGER2/QA-TIGER/reproduce_qast_recent2025_v3_77_24",
        "img_size": 336,
        "batch_size": 24,
        "eval_batch_size": 48,
        "num_workers": 0,
        "frame_sample_rate": 1,
        "audios_dir": "D:/data/musicavqa/audio",
        "frames_dir": "D:/data/frames-1fps",
        "train_annot": "D:/AVQA_experiment/QA-TIGER2/QA-TIGER/reproduce_qast_recent2025_v3_77_24/data/annots/music_avqa/music_avqa_train.json",
        "valid_annot": "D:/AVQA_experiment/QA-TIGER2/QA-TIGER/reproduce_qast_recent2025_v3_77_24/data/annots/music_avqa/music_avqa_val.json",
        "test_annot": "D:/AVQA_experiment/QA-TIGER2/QA-TIGER/reproduce_qast_recent2025_v3_77_24/data/annots/music_avqa/music_avqa_test.json",
        "test_annots": null,
        "ans_quelen": "D:/AVQA_experiment/QA-TIGER2/QA-TIGER/reproduce_qast_recent2025_v3_77_24/data/annots/music_avqa/answer2idx.json",
        "audio_feat": "D:/data/musicavqa/vggish",
        "quest_feat": "D:/data/musicavqa/qst_ViT-L14@336px",
        "prompt_feat": "D:/data/musicavqa/qaPrompt_ViT-L14@336px",
        "patch_feat": "D:/data/musicavqa/visual_tome14_60",
        "video_feat": "D:/data/musicavqa/frames_vit"
    },
    "hyper_params": {
        "gpus": "0",
        "model_type": "QAST-EHR-2025",
        "model": {
            "topK": 10,
            "num_experts": 1,
            "audio_dim": 128,
            "video_dim": 768,
            "patch_dim": 1024,
            "question_dim": 768,
            "d_model": 512,
            "num_labels": 42,
            "num_heads": 8,
            "num_temporal_queries": 10,
            "event_scales": [
                3,
                7,
                15
            ],
            "keep_patches": 4,
            "lambda_tacl": 0.035,
            "lambda_sacl": 0.035,
            "lambda_event": 0.03,
            "lambda_evidence": 0.06,
            "lambda_diversity": 0.005,
            "lambda_position": 0.02,
            "aux_warmup_epochs": 3,
            "position_min_strength": 0.05,
            "position_max_strength": 0.1,
            "position_init_strength": 0.07,
            "evidence_margin": 0.2,
            "dropout": 0.1,
            "enable_cmg": false,
            "enable_scm": true,
            "enable_adaptive_position": true,
            "enable_patch_grounder": true
        },
        "optim": {
            "name": "AdamW",
            "lr": 0.0001,
            "new_lr": null,
            "encoder_lr": null,
            "min_lr": 1e-06,
            "weight_decay": 0.0002,
            "betas": [
                0.9,
                0.999
            ],
            "grad_clip": 1.0
        },
        "sched": {
            "name": "cosine",
            "mode": "max",
            "gamma": 0.1,
            "step_size": 6,
            "factor": 0.5,
            "patience": 3,
            "verbose": true,
            "warmup_epochs": 1
        },
        "ema": {
            "enabled": true,
            "decay": 0.999
        }
    },
    "mode": "train",
    "debug": false,
    "output_path": "",
    "cur_rank": 0
} 
[2026-09-19 11:37:43,332]-[utils.py line:219]:
-------------- environment -------------- 
[2026-09-19 11:37:43,332]-[utils.py line:220]:OS version:   
[2026-09-19 11:37:43,332]-[utils.py line:221]:Kernel version: Windows-10-10.0.26200-SP0 
[2026-09-19 11:37:43,332]-[utils.py line:222]:Python version: 3.10.20 
[2026-09-19 11:37:43,332]-[utils.py line:223]:torch version: 2.11.0+cu128 
[2026-09-19 11:37:43,332]-[utils.py line:224]:cuda version: 12.8 
[2026-09-19 11:37:43,334]-[utils.py line:225]:cuDNN version: 91900 
[2026-09-19 11:37:43,334]-[utils.py line:226]:gpu device count: 1 
[2026-09-19 11:37:43,334]-[utils.py line:231]:gpu device 0: NVIDIA GeForce RTX 5070 Laptop GPU - 8.0GB 
[2026-09-19 11:37:43,537]-[train.py line:62]:Standard protocol audit passed: train=31927, val=4568, test=9129; no split overlap; no test-derived distillation. 
[2026-09-19 11:37:47,264]-[utils.py line:204]:
-------------- parameter info -------------- 
[2026-09-19 11:37:47,264]-[utils.py line:205]:num total params: 16815163 
[2026-09-19 11:37:47,264]-[utils.py line:206]:num tunable params: 16815163 
[2026-09-19 11:37:47,264]-[utils.py line:207]:tunable param ratio: 100.00% 
[2026-09-19 11:37:47,264]-[utils.py line:208]:tunable params: 
[2026-09-19 11:37:47,265]-[utils.py line:209]:[
    "module.audio_projection.weight",
    "module.audio_projection.bias",
    "module.video_projection.weight",
    "module.video_projection.bias",
    "module.patch_projection.weight",
    "module.patch_projection.bias",
    "module.question_projection.weight",
    "module.question_projection.bias",
    "module.prompt_projection.weight",
    "module.prompt_projection.bias",
    "module.evidence_router.norms.0.weight",
    "module.evidence_router.norms.0.bias",
    "module.evidence_router.norms.1.weight",
    "module.evidence_router.norms.1.bias",
    "module.evidence_router.norms.2.weight",
    "module.evidence_router.norms.2.bias",
    "module.evidence_router.norms.3.weight",
    "module.evidence_router.norms.3.bias",
    "module.evidence_router.projections.0.weight",
    "module.evidence_router.projections.0.bias",
    "module.evidence_router.projections.1.weight",
    "module.evidence_router.projections.1.bias",
    "module.evidence_router.projections.2.weight",
    "module.evidence_router.projections.2.bias",
    "module.evidence_router.projections.3.weight",
    "module.evidence_router.projections.3.bias",
    "module.evidence_router.question_gate.0.weight",
    "module.evidence_router.question_gate.0.bias",
    "module.evidence_router.question_gate.1.weight",
    "module.evidence_router.question_gate.1.bias",
    "module.evidence_router.question_gate.3.weight",
    "module.evidence_router.question_gate.3.bias",
    "module.evidence_router.refine.0.weight",
    "module.evidence_router.refine.0.bias",
    "module.evidence_router.refine.1.weight",
    "module.evidence_router.refine.1.bias",
    "module.evidence_router.refine.4.weight",
    "module.evidence_router.refine.4.bias",
    "module.patch_grounder.patch_key.weight",
    "module.patch_grounder.patch_key.bias",
    "module.patch_grounder.audio_query.weight",
    "module.patch_grounder.audio_query.bias",
    "module.patch_grounder.question_query.weight",
    "module.patch_grounder.question_query.bias",
    "module.patch_grounder.value.weight",
    "module.patch_grounder.value.bias",
    "module.patch_grounder.score_gate.0.weight",
    "module.patch_grounder.score_gate.0.bias",
    "module.patch_grounder.score_gate.1.weight",
    "module.patch_grounder.score_gate.1.bias",
    "module.patch_grounder.output.0.weight",
    "module.patch_grounder.output.0.bias",
    "module.patch_grounder.output.2.weight",
    "module.patch_grounder.output.2.bias",
    "module.evidence_norm.weight",
    "module.evidence_norm.bias",
    "module.event_memory.branches.0.0.weight",
    "module.event_memory.branches.0.0.bias",
    "module.event_memory.branches.0.2.weight",
    "module.event_memory.branches.0.2.bias",
    "module.event_memory.branches.1.0.weight",
    "module.event_memory.branches.1.0.bias",
    "module.event_memory.branches.1.2.weight",
    "module.event_memory.branches.1.2.bias",
    "module.event_memory.branches.2.0.weight",
    "module.event_memory.branches.2.0.bias",
    "module.event_memory.branches.2.2.weight",
    "module.event_memory.branches.2.2.bias",
    "module.event_memory.question_queries.0.weight",
    "module.event_memory.question_queries.0.bias",
    "module.event_memory.question_queries.1.weight",
    "module.event_memory.question_queries.1.bias",
    "module.event_memory.question_queries.2.weight",
    "module.event_memory.question_queries.2.bias",
    "module.event_memory.scale_gate.0.weight",
    "module.event_memory.scale_gate.0.bias",
    "module.event_memory.scale_gate.1.weight",
    "module.event_memory.scale_gate.1.bias",
    "module.event_memory.output_norm.weight",
    "module.event_memory.output_norm.bias",
    "module.adaptive_position.strength_bias",
    "module.adaptive_position.strength_gate.0.weight",
    "module.adaptive_position.strength_gate.0.bias",
    "module.adaptive_position.strength_gate.1.weight",
    "module.adaptive_position.strength_gate.1.bias",
    "module.adaptive_position.audio_projection.weight",
    "module.adaptive_position.audio_projection.bias",
    "module.adaptive_position.motion_projection.weight",
    "module.adaptive_position.motion_projection.bias",
    "module.adaptive_position.question_projection.weight",
    "module.adaptive_position.question_projection.bias",
    "module.adaptive_position.relation_projection.weight",
    "module.adaptive_position.relation_projection.bias",
    "module.adaptive_position.phi.0.weight",
    "module.adaptive_position.phi.0.bias",
    "module.adaptive_position.phi.2.weight",
    "module.adaptive_position.phi.2.bias",
    "module.adaptive_position.phi.3.weight",
    "module.adaptive_position.phi.3.bias",
    "module.adaptive_position.time_gate.weight",
    "module.adaptive_position.time_gate.bias",
    "module.temporal_reader.query_tokens",
    "module.temporal_reader.condition.0.weight",
    "module.temporal_reader.condition.0.bias",
    "module.temporal_reader.condition.1.weight",
    "module.temporal_reader.condition.1.bias",
    "module.temporal_reader.attention.in_proj_weight",
    "module.temporal_reader.attention.in_proj_bias",
    "module.temporal_reader.attention.out_proj.weight",
    "module.temporal_reader.attention.out_proj.bias",
    "module.temporal_reader.norm.weight",
    "module.temporal_reader.norm.bias",
    "module.temporal_reader.ffn.0.weight",
    "module.temporal_reader.ffn.0.bias",
    "module.temporal_reader.ffn.3.weight",
    "module.temporal_reader.ffn.3.bias",
    "module.semantic_context.layers.0.self_attn.in_proj_weight",
    "module.semantic_context.layers.0.self_attn.in_proj_bias",
    "module.semantic_context.layers.0.self_attn.out_proj.weight",
    "module.semantic_context.layers.0.self_attn.out_proj.bias",
    "module.semantic_context.layers.0.linear1.weight",
    "module.semantic_context.layers.0.linear1.bias",
    "module.semantic_context.layers.0.linear2.weight",
    "module.semantic_context.layers.0.linear2.bias",
    "module.semantic_context.layers.0.norm1.weight",
    "module.semantic_context.layers.0.norm1.bias",
    "module.semantic_context.layers.0.norm2.weight",
    "module.semantic_context.layers.0.norm2.bias",
    "module.fusion_gate.0.weight",
    "module.fusion_gate.0.bias",
    "module.fusion_gate.1.weight",
    "module.fusion_gate.1.bias",
    "module.fusion_gate.3.weight",
    "module.fusion_gate.3.bias",
    "module.fusion_refine.0.weight",
    "module.fusion_refine.0.bias",
    "module.fusion_refine.1.weight",
    "module.fusion_refine.1.bias",
    "module.fusion_refine.4.weight",
    "module.fusion_refine.4.bias",
    "module.fusion_refine.5.weight",
    "module.fusion_refine.5.bias",
    "module.answer_head.weight",
    "module.answer_head.bias"
] 
[2026-09-19 11:37:47,265]-[trainutils.py line:220]:
-------------- optimizer info -------------- 
[2026-09-19 11:37:47,266]-[trainutils.py line:221]:Learning rate: 0.0001 
[2026-09-19 11:37:47,266]-[trainutils.py line:222]:Betas: (0.9, 0.999) 
[2026-09-19 11:37:47,266]-[trainutils.py line:223]:Eps: 1e-08 
[2026-09-19 11:37:47,266]-[trainutils.py line:224]:Weight decay: 0.0002 
[2026-09-19 11:37:47,289]-[train.py line:102]:
-------------- training epoch 1 -------------- 
[2026-09-19 11:37:48,795]-[trainutils.py line:416]:[EST:   33.26m][Process Time:    1.20s]- Epoch: 1 [0000/1330 (  0%)]	Losses: ce_loss-4.0000(4.0000) loss_tacl-0.0000(0.0000) loss_sacl-0.0112(0.0112) loss_event-0.0200(0.0200) loss_evidence-0.0139(0.0139) loss_query_diversity-0.0044(0.0044) loss_position-0.0000(0.0000) total_loss-4.0000(4.0000) 
[2026-09-19 11:38:20,362]-[trainutils.py line:416]:[EST:    6.71m][Process Time:    0.07s]- Epoch: 1 [0100/1330 (  8%)]	Losses: ce_loss-3.3166(3.8873) loss_tacl-0.0000(0.0000) loss_sacl-0.0114(0.0113) loss_event-0.0183(0.0198) loss_evidence-0.0090(0.0156) loss_query_diversity-0.0044(0.0044) loss_position-0.0000(0.0000) total_loss-3.3166(3.8873) 
[2026-09-19 11:38:53,292]-[trainutils.py line:416]:[EST:    6.18m][Process Time:    0.07s]- Epoch: 1 [0200/1330 ( 15%)]	Losses: ce_loss-3.0744(3.6214) loss_tacl-0.0000(0.0000) loss_sacl-0.0115(0.0113) loss_event-0.0157(0.0187) loss_evidence-0.0103(0.0150) loss_query_diversity-0.0044(0.0044) loss_position-0.0000(0.0000) total_loss-3.0744(3.6214) 
[2026-09-19 11:39:26,496]-[trainutils.py line:416]:[EST:    5.65m][Process Time:    0.07s]- Epoch: 1 [0300/1330 ( 23%)]	Losses: ce_loss-2.7411(3.4201) loss_tacl-0.0000(0.0000) loss_sacl-0.0115(0.0114) loss_event-0.0141(0.0175) loss_evidence-0.0102(0.0133) loss_query_diversity-0.0044(0.0044) loss_position-0.0000(0.0000) total_loss-2.7411(3.4201) 
[2026-09-19 11:40:00,416]-[trainutils.py line:416]:[EST:    5.14m][Process Time:    0.08s]- Epoch: 1 [0400/1330 ( 30%)]	Losses: ce_loss-2.6759(3.2502) loss_tacl-0.0000(0.0000) loss_sacl-0.0116(0.0114) loss_event-0.0124(0.0165) loss_evidence-0.0046(0.0099) loss_query_diversity-0.0044(0.0044) loss_position-0.0000(0.0000) total_loss-2.6759(3.2502) 
[2026-09-19 11:40:34,010]-[trainutils.py line:416]:[EST:    4.60m][Process Time:    0.07s]- Epoch: 1 [0500/1330 ( 38%)]	Losses: ce_loss-2.5986(3.1261) loss_tacl-0.0000(0.0000) loss_sacl-0.0115(0.0114) loss_event-0.0115(0.0156) loss_evidence-0.0095(0.0080) loss_query_diversity-0.0044(0.0044) loss_position-0.0000(0.0000) total_loss-2.5986(3.1261) 
[2026-09-19 11:41:07,032]-[trainutils.py line:416]:[EST:    4.04m][Process Time:    0.07s]- Epoch: 1 [0600/1330 ( 45%)]	Losses: ce_loss-2.2983(3.0216) loss_tacl-0.0000(0.0000) loss_sacl-0.0116(0.0115) loss_event-0.0110(0.0149) loss_evidence-0.0049(0.0067) loss_query_diversity-0.0044(0.0044) loss_position-0.0000(0.0000) total_loss-2.2983(3.0216) 
[2026-09-19 11:41:38,352]-[trainutils.py line:416]:[EST:    3.46m][Process Time:    0.08s]- Epoch: 1 [0700/1330 ( 53%)]	Losses: ce_loss-2.7924(2.9365) loss_tacl-0.0000(0.0000) loss_sacl-0.0118(0.0115) loss_event-0.0100(0.0143) loss_evidence-0.0091(0.0057) loss_query_diversity-0.0044(0.0044) loss_position-0.0000(0.0000) total_loss-2.7924(2.9365) 
[2026-09-19 11:42:11,408]-[trainutils.py line:416]:[EST:    2.91m][Process Time:    0.07s]- Epoch: 1 [0800/1330 ( 60%)]	Losses: ce_loss-2.4408(2.8529) loss_tacl-0.0000(0.0000) loss_sacl-0.0117(0.0115) loss_event-0.0095(0.0138) loss_evidence-0.0076(0.0050) loss_query_diversity-0.0044(0.0044) loss_position-0.0000(0.0000) total_loss-2.4408(2.8529) 
[2026-09-19 11:42:43,442]-[trainutils.py line:416]:[EST:    2.35m][Process Time:    0.07s]- Epoch: 1 [0900/1330 ( 68%)]	Losses: ce_loss-2.1539(2.7788) loss_tacl-0.0000(0.0000) loss_sacl-0.0118(0.0116) loss_event-0.0093(0.0133) loss_evidence-0.0084(0.0044) loss_query_diversity-0.0044(0.0044) loss_position-0.0000(0.0000) total_loss-2.1539(2.7788) 
[2026-09-19 11:43:14,806]-[trainutils.py line:416]:[EST:    1.79m][Process Time:    0.09s]- Epoch: 1 [1000/1330 ( 75%)]	Losses: ce_loss-2.0938(2.7133) loss_tacl-0.0000(0.0000) loss_sacl-0.0119(0.0116) loss_event-0.0093(0.0129) loss_evidence-0.0079(0.0040) loss_query_diversity-0.0044(0.0044) loss_position-0.0000(0.0000) total_loss-2.0938(2.7133) 
[2026-09-19 11:43:46,661]-[trainutils.py line:416]:[EST:    1.25m][Process Time:    0.07s]- Epoch: 1 [1100/1330 ( 83%)]	Losses: ce_loss-1.5788(2.6544) loss_tacl-0.0000(0.0000) loss_sacl-0.0121(0.0116) loss_event-0.0083(0.0126) loss_evidence-0.0017(0.0037) loss_query_diversity-0.0044(0.0044) loss_position-0.0000(0.0000) total_loss-1.5788(2.6544) 
[2026-09-19 11:44:19,141]-[trainutils.py line:416]:[EST:    0.70m][Process Time:    0.08s]- Epoch: 1 [1200/1330 ( 90%)]	Losses: ce_loss-2.0658(2.5959) loss_tacl-0.0000(0.0000) loss_sacl-0.0121(0.0117) loss_event-0.0091(0.0123) loss_evidence-0.0024(0.0034) loss_query_diversity-0.0044(0.0044) loss_position-0.0000(0.0000) total_loss-2.0658(2.5959) 
[2026-09-19 11:44:51,750]-[trainutils.py line:416]:[EST:    0.16m][Process Time:    0.07s]- Epoch: 1 [1300/1330 ( 98%)]	Losses: ce_loss-1.8245(2.5395) loss_tacl-0.0000(0.0000) loss_sacl-0.0121(0.0117) loss_event-0.0080(0.0121) loss_evidence-0.0009(0.0031) loss_query_diversity-0.0044(0.0044) loss_position-0.0000(0.0000) total_loss-1.8245(2.5395) 
[2026-09-19 11:45:01,768]-[trainutils.py line:416]:[EST:   -0.01m][Process Time:    0.17s]- Epoch: 1 [1330/1330 (100%)]	Losses: ce_loss-1.1467(2.5226) loss_tacl-0.0000(0.0000) loss_sacl-0.0120(0.0117) loss_event-0.0082(0.0120) loss_evidence-0.0054(0.0030) loss_query_diversity-0.0044(0.0044) loss_position-0.0000(0.0000) total_loss-1.1467(2.5226) 
[2026-09-19 11:45:02,972]-[train.py line:106]:
-------------- validation epoch 1 -------------- 
[2026-09-19 11:45:03,577]-[trainutils.py line:461]:Test progress:   0/95 
[2026-09-19 11:45:50,633]-[trainutils.py line:461]:Test progress:  95/95 
[2026-09-19 11:45:50,634]-[trainutils.py line:492]:Epoch 1 -           Audio/Counting accuracy: 65.56(335/511) 
[2026-09-19 11:45:50,635]-[trainutils.py line:492]:Epoch 1 -        Audio/Comparative accuracy: 50.17(148/295) 
[2026-09-19 11:45:50,635]-[trainutils.py line:497]:Epoch 1 -                    Audio accuracy: 59.93(483/806) 
[2026-09-19 11:45:50,635]-[trainutils.py line:492]:Epoch 1 -          Visual/Counting accuracy: 54.33(326/600) 
[2026-09-19 11:45:50,635]-[trainutils.py line:492]:Epoch 1 -          Visual/Location accuracy: 16.97(104/613) 
[2026-09-19 11:45:50,635]-[trainutils.py line:497]:Epoch 1 -                   Visual accuracy: 35.45(430/1213) 
[2026-09-19 11:45:50,636]-[trainutils.py line:492]:Epoch 1 - Audio-Visual/Existential accuracy: 78.79(390/495) 
[2026-09-19 11:45:50,636]-[trainutils.py line:492]:Epoch 1 -    Audio-Visual/Counting accuracy: 44.23(280/633) 
[2026-09-19 11:45:50,637]-[trainutils.py line:492]:Epoch 1 -    Audio-Visual/Location accuracy: 23.86(110/461) 
[2026-09-19 11:45:50,637]-[trainutils.py line:492]:Epoch 1 - Audio-Visual/Comparative accuracy: 59.20(325/549) 
[2026-09-19 11:45:50,637]-[trainutils.py line:492]:Epoch 1 -    Audio-Visual/Temporal accuracy: 6.57(27/411) 
[2026-09-19 11:45:50,637]-[trainutils.py line:497]:Epoch 1 -             Audio-Visual accuracy: 44.41(1132/2549) 
[2026-09-19 11:45:50,637]-[trainutils.py line:501]:Epoch 1 -                    Total accuracy: 44.77(2045/4568) 
[2026-09-19 11:45:50,680]-[train.py line:151]:best model saved at epoch 1 with acc 44.76795096322242 (raw) 
[2026-09-19 11:45:50,782]-[train.py line:167]:Epoch 1 done with 44.77 and loss 1.75781. 
[2026-09-19 11:45:50,783]-[train.py line:168]:At epoch1 best acc: 44.77. 
[2026-09-19 11:45:50,783]-[train.py line:102]:
-------------- training epoch 2 -------------- 
[2026-09-19 11:45:51,081]-[trainutils.py line:416]:[EST:    6.51m][Process Time:    0.07s]- Epoch: 2 [0000/1330 (  0%)]	Losses: ce_loss-2.3452(2.3452) loss_tacl-0.0001(0.0001) loss_sacl-0.0243(0.0243) loss_event-0.0085(0.0085) loss_evidence-0.0025(0.0025) loss_query_diversity-0.0044(0.0044) loss_position-0.0000(0.0000) total_loss-2.3452(2.3452) 
[2026-09-19 11:46:20,732]-[trainutils.py line:416]:[EST:    6.07m][Process Time:    0.07s]- Epoch: 2 [0100/1330 (  8%)]	Losses: ce_loss-1.7248(1.4376) loss_tacl-0.0001(0.0001) loss_sacl-0.0218(0.0233) loss_event-0.0080(0.0095) loss_evidence-0.0070(0.0022) loss_query_diversity-0.0044(0.0044) loss_position-0.0000(0.0000) total_loss-1.7248(1.4376) 
[2026-09-19 11:46:50,952]-[trainutils.py line:416]:[EST:    5.63m][Process Time:    0.07s]- Epoch: 2 [0200/1330 ( 15%)]	Losses: ce_loss-1.0280(1.2871) loss_tacl-0.0001(0.0001) loss_sacl-0.0201(0.0221) loss_event-0.0072(0.0086) loss_evidence-0.0000(0.0017) loss_query_diversity-0.0044(0.0044) loss_position-0.0000(0.0000) total_loss-1.0280(1.2871) 
[2026-09-19 11:47:21,426]-[trainutils.py line:416]:[EST:    5.16m][Process Time:    0.07s]- Epoch: 2 [0300/1330 ( 23%)]	Losses: ce_loss-1.1455(1.1979) loss_tacl-0.0001(0.0001) loss_sacl-0.0182(0.0213) loss_event-0.0072(0.0083) loss_evidence-0.0026(0.0014) loss_query_diversity-0.0044(0.0044) loss_position-0.0000(0.0000) total_loss-1.1455(1.1979) 
[2026-09-19 11:47:53,030]-[trainutils.py line:416]:[EST:    4.72m][Process Time:    0.07s]- Epoch: 2 [0400/1330 ( 30%)]	Losses: ce_loss-0.9929(1.1430) loss_tacl-0.0001(0.0001) loss_sacl-0.0169(0.0204) loss_event-0.0062(0.0079) loss_evidence-0.0043(0.0014) loss_query_diversity-0.0044(0.0044) loss_position-0.0000(0.0000) total_loss-0.9929(1.1430) 
[2026-09-19 11:48:24,078]-[trainutils.py line:416]:[EST:    4.23m][Process Time:    0.07s]- Epoch: 2 [0500/1330 ( 38%)]	Losses: ce_loss-0.7334(1.0990) loss_tacl-0.0001(0.0001) loss_sacl-0.0158(0.0197) loss_event-0.0052(0.0075) loss_evidence-0.0033(0.0013) loss_query_diversity-0.0044(0.0044) loss_position-0.0000(0.0000) total_loss-0.7334(1.0990) 
[2026-09-19 11:48:55,041]-[trainutils.py line:416]:[EST:    3.72m][Process Time:    0.07s]- Epoch: 2 [0600/1330 ( 45%)]	Losses: ce_loss-0.6350(1.0619) loss_tacl-0.0001(0.0001) loss_sacl-0.0145(0.0190) loss_event-0.0056(0.0072) loss_evidence-0.0001(0.0013) loss_query_diversity-0.0044(0.0044) loss_position-0.0000(0.0000) total_loss-0.6350(1.0619) 
[2026-09-19 11:49:28,042]-[trainutils.py line:416]:[EST:    3.25m][Process Time:    0.07s]- Epoch: 2 [0700/1330 ( 53%)]	Losses: ce_loss-0.5342(1.0330) loss_tacl-0.0001(0.0001) loss_sacl-0.0151(0.0184) loss_event-0.0049(0.0070) loss_evidence-0.0000(0.0013) loss_query_diversity-0.0044(0.0044) loss_position-0.0000(0.0000) total_loss-0.5342(1.0330) 
[2026-09-19 11:49:59,361]-[trainutils.py line:416]:[EST:    2.74m][Process Time:    0.07s]- Epoch: 2 [0800/1330 ( 60%)]	Losses: ce_loss-0.7357(1.0042) loss_tacl-0.0001(0.0001) loss_sacl-0.0119(0.0179) loss_event-0.0040(0.0067) loss_evidence-0.0002(0.0012) loss_query_diversity-0.0044(0.0044) loss_position-0.0000(0.0000) total_loss-0.7357(1.0042) 
[2026-09-19 11:50:30,064]-[trainutils.py line:416]:[EST:    2.22m][Process Time:    0.07s]- Epoch: 2 [0900/1330 ( 68%)]	Losses: ce_loss-1.1370(0.9827) loss_tacl-0.0001(0.0001) loss_sacl-0.0127(0.0174) loss_event-0.0049(0.0065) loss_evidence-0.0018(0.0011) loss_query_diversity-0.0044(0.0044) loss_position-0.0000(0.0000) total_loss-1.1370(0.9827) 
[2026-09-19 11:51:01,638]-[trainutils.py line:416]:[EST:    1.70m][Process Time:    0.07s]- Epoch: 2 [1000/1330 ( 75%)]	Losses: ce_loss-0.7405(0.9631) loss_tacl-0.0001(0.0001) loss_sacl-0.0122(0.0169) loss_event-0.0044(0.0063) loss_evidence-0.0042(0.0011) loss_query_diversity-0.0043(0.0044) loss_position-0.0000(0.0000) total_loss-0.7405(0.9631) 
[2026-09-19 11:51:32,714]-[trainutils.py line:416]:[EST:    1.19m][Process Time:    0.08s]- Epoch: 2 [1100/1330 ( 83%)]	Losses: ce_loss-0.8129(0.9443) loss_tacl-0.0001(0.0001) loss_sacl-0.0103(0.0165) loss_event-0.0036(0.0061) loss_evidence-0.0013(0.0010) loss_query_diversity-0.0044(0.0044) loss_position-0.0000(0.0000) total_loss-0.8129(0.9443) 
[2026-09-19 11:52:03,322]-[trainutils.py line:416]:[EST:    0.67m][Process Time:    0.07s]- Epoch: 2 [1200/1330 ( 90%)]	Losses: ce_loss-0.9613(0.9340) loss_tacl-0.0001(0.0001) loss_sacl-0.0119(0.0161) loss_event-0.0046(0.0060) loss_evidence-0.0017(0.0010) loss_query_diversity-0.0043(0.0044) loss_position-0.0000(0.0000) total_loss-0.9613(0.9340) 
[2026-09-19 11:52:34,406]-[trainutils.py line:416]:[EST:    0.15m][Process Time:    0.07s]- Epoch: 2 [1300/1330 ( 98%)]	Losses: ce_loss-0.6499(0.9218) loss_tacl-0.0001(0.0001) loss_sacl-0.0118(0.0157) loss_event-0.0041(0.0059) loss_evidence-0.0008(0.0009) loss_query_diversity-0.0044(0.0044) loss_position-0.0000(0.0000) total_loss-0.6499(0.9218) 
[2026-09-19 11:52:43,765]-[trainutils.py line:416]:[EST:   -0.01m][Process Time:    0.07s]- Epoch: 2 [1330/1330 (100%)]	Losses: ce_loss-1.7198(0.9180) loss_tacl-0.0001(0.0001) loss_sacl-0.0117(0.0156) loss_event-0.0039(0.0058) loss_evidence-0.0000(0.0009) loss_query_diversity-0.0044(0.0044) loss_position-0.0000(0.0000) total_loss-1.7198(0.9180) 
[2026-09-19 11:52:44,919]-[train.py line:106]:
-------------- validation epoch 2 -------------- 
[2026-09-19 11:52:45,362]-[trainutils.py line:461]:Test progress:   0/95 
[2026-09-19 11:53:29,582]-[trainutils.py line:461]:Test progress:  95/95 
[2026-09-19 11:53:29,583]-[trainutils.py line:492]:Epoch 2 -           Audio/Counting accuracy: 77.10(394/511) 
[2026-09-19 11:53:29,584]-[trainutils.py line:492]:Epoch 2 -        Audio/Comparative accuracy: 58.98(174/295) 
[2026-09-19 11:53:29,584]-[trainutils.py line:497]:Epoch 2 -                    Audio accuracy: 70.47(568/806) 
[2026-09-19 11:53:29,584]-[trainutils.py line:492]:Epoch 2 -          Visual/Counting accuracy: 68.50(411/600) 
[2026-09-19 11:53:29,585]-[trainutils.py line:492]:Epoch 2 -          Visual/Location accuracy: 83.20(510/613) 
[2026-09-19 11:53:29,585]-[trainutils.py line:497]:Epoch 2 -                   Visual accuracy: 75.93(921/1213) 
[2026-09-19 11:53:29,585]-[trainutils.py line:492]:Epoch 2 - Audio-Visual/Existential accuracy: 78.99(391/495) 
[2026-09-19 11:53:29,585]-[trainutils.py line:492]:Epoch 2 -    Audio-Visual/Counting accuracy: 67.46(427/633) 
[2026-09-19 11:53:29,585]-[trainutils.py line:492]:Epoch 2 -    Audio-Visual/Location accuracy: 61.17(282/461) 
[2026-09-19 11:53:29,585]-[trainutils.py line:492]:Epoch 2 - Audio-Visual/Comparative accuracy: 59.02(324/549) 
[2026-09-19 11:53:29,585]-[trainutils.py line:492]:Epoch 2 -    Audio-Visual/Temporal accuracy: 71.05(292/411) 
[2026-09-19 11:53:29,585]-[trainutils.py line:497]:Epoch 2 -             Audio-Visual accuracy: 67.32(1716/2549) 
[2026-09-19 11:53:29,587]-[trainutils.py line:501]:Epoch 2 -                    Total accuracy: 70.16(3205/4568) 
[2026-09-19 11:53:30,078]-[trainutils.py line:461]:Test progress:   0/95 
[2026-09-19 11:54:14,141]-[trainutils.py line:461]:Test progress:  95/95 
[2026-09-19 11:54:14,142]-[trainutils.py line:492]:Epoch 2 -           Audio/Counting accuracy: 72.80(372/511) 
[2026-09-19 11:54:14,142]-[trainutils.py line:492]:Epoch 2 -        Audio/Comparative accuracy: 55.25(163/295) 
[2026-09-19 11:54:14,142]-[trainutils.py line:497]:Epoch 2 -                    Audio accuracy: 66.38(535/806) 
[2026-09-19 11:54:14,142]-[trainutils.py line:492]:Epoch 2 -          Visual/Counting accuracy: 66.17(397/600) 
[2026-09-19 11:54:14,143]-[trainutils.py line:492]:Epoch 2 -          Visual/Location accuracy: 80.75(495/613) 
[2026-09-19 11:54:14,143]-[trainutils.py line:497]:Epoch 2 -                   Visual accuracy: 73.54(892/1213) 
[2026-09-19 11:54:14,144]-[trainutils.py line:492]:Epoch 2 - Audio-Visual/Existential accuracy: 80.61(399/495) 
[2026-09-19 11:54:14,144]-[trainutils.py line:492]:Epoch 2 -    Audio-Visual/Counting accuracy: 63.98(405/633) 
[2026-09-19 11:54:14,145]-[trainutils.py line:492]:Epoch 2 -    Audio-Visual/Location accuracy: 60.30(278/461) 
[2026-09-19 11:54:14,145]-[trainutils.py line:492]:Epoch 2 - Audio-Visual/Comparative accuracy: 58.11(319/549) 
[2026-09-19 11:54:14,145]-[trainutils.py line:492]:Epoch 2 -    Audio-Visual/Temporal accuracy: 66.67(274/411) 
[2026-09-19 11:54:14,145]-[trainutils.py line:497]:Epoch 2 -             Audio-Visual accuracy: 65.71(1675/2549) 
[2026-09-19 11:54:14,146]-[trainutils.py line:501]:Epoch 2 -                    Total accuracy: 67.91(3102/4568) 
[2026-09-19 11:54:14,191]-[train.py line:151]:best model saved at epoch 2 with acc 70.16199649737302 (raw) 
[2026-09-19 11:54:14,262]-[train.py line:167]:Epoch 2 done with 70.16 and loss 0.70312. 
[2026-09-19 11:54:14,262]-[train.py line:168]:At epoch2 best acc: 70.16. 
[2026-09-19 11:54:14,263]-[train.py line:102]:
-------------- training epoch 3 -------------- 
[2026-09-19 11:54:14,568]-[trainutils.py line:416]:[EST:    6.67m][Process Time:    0.07s]- Epoch: 3 [0000/1330 (  0%)]	Losses: ce_loss-0.6766(0.6766) loss_tacl-0.0001(0.0001) loss_sacl-0.0158(0.0158) loss_event-0.0039(0.0039) loss_evidence-0.0003(0.0003) loss_query_diversity-0.0043(0.0043) loss_position-0.0000(0.0000) total_loss-0.6766(0.6766) 
[2026-09-19 11:54:45,011]-[trainutils.py line:416]:[EST:    6.23m][Process Time:    0.07s]- Epoch: 3 [0100/1330 (  8%)]	Losses: ce_loss-0.2951(0.6670) loss_tacl-0.0001(0.0001) loss_sacl-0.0143(0.0164) loss_event-0.0041(0.0039) loss_evidence-0.0000(0.0013) loss_query_diversity-0.0044(0.0044) loss_position-0.0000(0.0000) total_loss-0.2951(0.6670) 
[2026-09-19 11:55:15,242]-[trainutils.py line:416]:[EST:    5.71m][Process Time:    0.07s]- Epoch: 3 [0200/1330 ( 15%)]	Losses: ce_loss-0.4975(0.6761) loss_tacl-0.0001(0.0001) loss_sacl-0.0170(0.0163) loss_event-0.0043(0.0040) loss_evidence-0.0013(0.0010) loss_query_diversity-0.0044(0.0044) loss_position-0.0000(0.0000) total_loss-0.4975(0.6761) 
[2026-09-19 11:55:45,577]-[trainutils.py line:416]:[EST:    5.20m][Process Time:    0.07s]- Epoch: 3 [0300/1330 ( 23%)]	Losses: ce_loss-1.1985(0.6848) loss_tacl-0.0001(0.0001) loss_sacl-0.0129(0.0162) loss_event-0.0040(0.0041) loss_evidence-0.0025(0.0010) loss_query_diversity-0.0044(0.0044) loss_position-0.0000(0.0000) total_loss-1.1985(0.6848) 
[2026-09-19 11:56:16,567]-[trainutils.py line:416]:[EST:    4.72m][Process Time:    0.08s]- Epoch: 3 [0400/1330 ( 30%)]	Losses: ce_loss-0.7931(0.6909) loss_tacl-0.0001(0.0001) loss_sacl-0.0134(0.0160) loss_event-0.0038(0.0040) loss_evidence-0.0003(0.0009) loss_query_diversity-0.0044(0.0044) loss_position-0.0000(0.0000) total_loss-0.7931(0.6909) 
[2026-09-19 11:56:47,433]-[trainutils.py line:416]:[EST:    4.22m][Process Time:    0.07s]- Epoch: 3 [0500/1330 ( 38%)]	Losses: ce_loss-0.8557(0.6927) loss_tacl-0.0001(0.0001) loss_sacl-0.0140(0.0157) loss_event-0.0039(0.0040) loss_evidence-0.0005(0.0009) loss_query_diversity-0.0043(0.0044) loss_position-0.0000(0.0000) total_loss-0.8557(0.6927) 
[2026-09-19 11:57:18,061]-[trainutils.py line:416]:[EST:    3.72m][Process Time:    0.07s]- Epoch: 3 [0600/1330 ( 45%)]	Losses: ce_loss-0.6214(0.6944) loss_tacl-0.0001(0.0001) loss_sacl-0.0153(0.0156) loss_event-0.0041(0.0040) loss_evidence-0.0000(0.0008) loss_query_diversity-0.0043(0.0044) loss_position-0.0000(0.0000) total_loss-0.6214(0.6944) 
[2026-09-19 11:57:47,328]-[trainutils.py line:416]:[EST:    3.19m][Process Time:    0.07s]- Epoch: 3 [0700/1330 ( 53%)]	Losses: ce_loss-0.8776(0.6969) loss_tacl-0.0001(0.0001) loss_sacl-0.0146(0.0155) loss_event-0.0042(0.0040) loss_evidence-0.0006(0.0008) loss_query_diversity-0.0044(0.0044) loss_position-0.0000(0.0000) total_loss-0.8776(0.6969) 
[2026-09-19 11:58:18,144]-[trainutils.py line:416]:[EST:    2.68m][Process Time:    0.08s]- Epoch: 3 [0800/1330 ( 60%)]	Losses: ce_loss-0.5153(0.6972) loss_tacl-0.0001(0.0001) loss_sacl-0.0167(0.0153) loss_event-0.0036(0.0040) loss_evidence-0.0002(0.0007) loss_query_diversity-0.0043(0.0044) loss_position-0.0000(0.0000) total_loss-0.5153(0.6972) 
[2026-09-19 11:58:49,762]-[trainutils.py line:416]:[EST:    2.19m][Process Time:    0.08s]- Epoch: 3 [0900/1330 ( 68%)]	Losses: ce_loss-0.7081(0.6974) loss_tacl-0.0001(0.0001) loss_sacl-0.0141(0.0152) loss_event-0.0031(0.0039) loss_evidence-0.0008(0.0007) loss_query_diversity-0.0044(0.0044) loss_position-0.0000(0.0000) total_loss-0.7081(0.6974) 
[2026-09-19 11:59:20,522]-[trainutils.py line:416]:[EST:    1.68m][Process Time:    0.08s]- Epoch: 3 [1000/1330 ( 75%)]	Losses: ce_loss-0.4671(0.6967) loss_tacl-0.0001(0.0001) loss_sacl-0.0131(0.0151) loss_event-0.0038(0.0039) loss_evidence-0.0007(0.0007) loss_query_diversity-0.0044(0.0044) loss_position-0.0000(0.0000) total_loss-0.4671(0.6967) 
[2026-09-19 11:59:51,912]-[trainutils.py line:416]:[EST:    1.17m][Process Time:    0.07s]- Epoch: 3 [1100/1330 ( 83%)]	Losses: ce_loss-0.6234(0.6930) loss_tacl-0.0001(0.0001) loss_sacl-0.0134(0.0150) loss_event-0.0037(0.0039) loss_evidence-0.0005(0.0007) loss_query_diversity-0.0043(0.0044) loss_position-0.0000(0.0000) total_loss-0.6234(0.6930) 
[2026-09-19 12:00:23,347]-[trainutils.py line:416]:[EST:    0.66m][Process Time:    0.08s]- Epoch: 3 [1200/1330 ( 90%)]	Losses: ce_loss-0.5257(0.6901) loss_tacl-0.0001(0.0001) loss_sacl-0.0146(0.0149) loss_event-0.0034(0.0039) loss_evidence-0.0010(0.0007) loss_query_diversity-0.0044(0.0044) loss_position-0.0000(0.0000) total_loss-0.5257(0.6901) 
[2026-09-19 12:00:54,872]-[trainutils.py line:416]:[EST:    0.15m][Process Time:    0.07s]- Epoch: 3 [1300/1330 ( 98%)]	Losses: ce_loss-0.5689(0.6908) loss_tacl-0.0001(0.0001) loss_sacl-0.0142(0.0148) loss_event-0.0029(0.0038) loss_evidence-0.0005(0.0007) loss_query_diversity-0.0044(0.0044) loss_position-0.0000(0.0000) total_loss-0.5689(0.6908) 
[2026-09-19 12:01:04,289]-[trainutils.py line:416]:[EST:   -0.01m][Process Time:    0.09s]- Epoch: 3 [1330/1330 (100%)]	Losses: ce_loss-1.0251(0.6904) loss_tacl-0.0001(0.0001) loss_sacl-0.0169(0.0148) loss_event-0.0044(0.0038) loss_evidence-0.0000(0.0007) loss_query_diversity-0.0043(0.0044) loss_position-0.0000(0.0000) total_loss-1.0251(0.6904) 
[2026-09-19 12:01:05,381]-[train.py line:106]:
-------------- validation epoch 3 -------------- 
[2026-09-19 12:01:05,832]-[trainutils.py line:461]:Test progress:   0/95 
[2026-09-19 12:01:50,075]-[trainutils.py line:461]:Test progress:  95/95 
[2026-09-19 12:01:50,076]-[trainutils.py line:492]:Epoch 3 -           Audio/Counting accuracy: 80.23(410/511) 
[2026-09-19 12:01:50,076]-[trainutils.py line:492]:Epoch 3 -        Audio/Comparative accuracy: 56.61(167/295) 
[2026-09-19 12:01:50,077]-[trainutils.py line:497]:Epoch 3 -                    Audio accuracy: 71.59(577/806) 
[2026-09-19 12:01:50,077]-[trainutils.py line:492]:Epoch 3 -          Visual/Counting accuracy: 68.17(409/600) 
[2026-09-19 12:01:50,077]-[trainutils.py line:492]:Epoch 3 -          Visual/Location accuracy: 82.71(507/613) 
[2026-09-19 12:01:50,077]-[trainutils.py line:497]:Epoch 3 -                   Visual accuracy: 75.52(916/1213) 
[2026-09-19 12:01:50,077]-[trainutils.py line:492]:Epoch 3 - Audio-Visual/Existential accuracy: 82.83(410/495) 
[2026-09-19 12:01:50,077]-[trainutils.py line:492]:Epoch 3 -    Audio-Visual/Counting accuracy: 67.30(426/633) 
[2026-09-19 12:01:50,078]-[trainutils.py line:492]:Epoch 3 -    Audio-Visual/Location accuracy: 64.64(298/461) 
[2026-09-19 12:01:50,078]-[trainutils.py line:492]:Epoch 3 - Audio-Visual/Comparative accuracy: 55.01(302/549) 
[2026-09-19 12:01:50,078]-[trainutils.py line:492]:Epoch 3 -    Audio-Visual/Temporal accuracy: 70.80(291/411) 
[2026-09-19 12:01:50,078]-[trainutils.py line:497]:Epoch 3 -             Audio-Visual accuracy: 67.75(1727/2549) 
[2026-09-19 12:01:50,079]-[trainutils.py line:501]:Epoch 3 -                    Total accuracy: 70.49(3220/4568) 
[2026-09-19 12:01:50,553]-[trainutils.py line:461]:Test progress:   0/95 
[2026-09-19 12:02:27,706]-[trainutils.py line:461]:Test progress:  95/95 
[2026-09-19 12:02:27,706]-[trainutils.py line:492]:Epoch 3 -           Audio/Counting accuracy: 76.91(393/511) 
[2026-09-19 12:02:27,706]-[trainutils.py line:492]:Epoch 3 -        Audio/Comparative accuracy: 59.66(176/295) 
[2026-09-19 12:02:27,707]-[trainutils.py line:497]:Epoch 3 -                    Audio accuracy: 70.60(569/806) 
[2026-09-19 12:02:27,707]-[trainutils.py line:492]:Epoch 3 -          Visual/Counting accuracy: 70.17(421/600) 
[2026-09-19 12:02:27,707]-[trainutils.py line:492]:Epoch 3 -          Visual/Location accuracy: 84.50(518/613) 
[2026-09-19 12:02:27,707]-[trainutils.py line:497]:Epoch 3 -                   Visual accuracy: 77.41(939/1213) 
[2026-09-19 12:02:27,707]-[trainutils.py line:492]:Epoch 3 - Audio-Visual/Existential accuracy: 82.83(410/495) 
[2026-09-19 12:02:27,707]-[trainutils.py line:492]:Epoch 3 -    Audio-Visual/Counting accuracy: 70.14(444/633) 
[2026-09-19 12:02:27,708]-[trainutils.py line:492]:Epoch 3 -    Audio-Visual/Location accuracy: 64.86(299/461) 
[2026-09-19 12:02:27,708]-[trainutils.py line:492]:Epoch 3 - Audio-Visual/Comparative accuracy: 60.47(332/549) 
[2026-09-19 12:02:27,708]-[trainutils.py line:492]:Epoch 3 -    Audio-Visual/Temporal accuracy: 72.26(297/411) 
[2026-09-19 12:02:27,708]-[trainutils.py line:497]:Epoch 3 -             Audio-Visual accuracy: 69.91(1782/2549) 
[2026-09-19 12:02:27,708]-[trainutils.py line:501]:Epoch 3 -                    Total accuracy: 72.02(3290/4568) 
[2026-09-19 12:02:27,748]-[train.py line:151]:best model saved at epoch 3 with acc 72.02276707530648 (ema) 
[2026-09-19 12:02:27,797]-[train.py line:167]:Epoch 3 done with 72.02 and loss 0.66406. 
[2026-09-19 12:02:27,797]-[train.py line:168]:At epoch3 best acc: 72.02. 
[2026-09-19 12:02:27,797]-[train.py line:102]:
-------------- training epoch 4 -------------- 
[2026-09-19 12:02:28,015]-[trainutils.py line:416]:[EST:    4.76m][Process Time:    0.05s]- Epoch: 4 [0000/1330 (  0%)]	Losses: ce_loss-0.7430(0.7430) loss_tacl-0.0001(0.0001) loss_sacl-0.0139(0.0139) loss_event-0.0035(0.0035) loss_evidence-0.0001(0.0001) loss_query_diversity-0.0044(0.0044) loss_position-0.0000(0.0000) total_loss-0.7430(0.7430) 
[2026-09-19 12:02:48,960]-[trainutils.py line:416]:[EST:    4.29m][Process Time:    0.05s]- Epoch: 4 [0100/1330 (  8%)]	Losses: ce_loss-0.3535(0.6318) loss_tacl-0.0001(0.0001) loss_sacl-0.0096(0.0135) loss_event-0.0029(0.0035) loss_evidence-0.0000(0.0010) loss_query_diversity-0.0043(0.0043) loss_position-0.0000(0.0000) total_loss-0.3535(0.6318) 
[2026-09-19 12:03:09,875]-[trainutils.py line:416]:[EST:    3.94m][Process Time:    0.05s]- Epoch: 4 [0200/1330 ( 15%)]	Losses: ce_loss-0.6465(0.6284) loss_tacl-0.0001(0.0001) loss_sacl-0.0112(0.0134) loss_event-0.0029(0.0035) loss_evidence-0.0013(0.0009) loss_query_diversity-0.0044(0.0043) loss_position-0.0000(0.0000) total_loss-0.6465(0.6284) 
[2026-09-19 12:03:30,856]-[trainutils.py line:416]:[EST:    3.59m][Process Time:    0.05s]- Epoch: 4 [0300/1330 ( 23%)]	Losses: ce_loss-0.6298(0.6201) loss_tacl-0.0001(0.0001) loss_sacl-0.0110(0.0134) loss_event-0.0033(0.0035) loss_evidence-0.0008(0.0008) loss_query_diversity-0.0044(0.0043) loss_position-0.0000(0.0000) total_loss-0.6298(0.6201) 
[2026-09-19 12:03:51,926]-[trainutils.py line:416]:[EST:    3.25m][Process Time:    0.05s]- Epoch: 4 [0400/1330 ( 30%)]	Losses: ce_loss-0.5411(0.6161) loss_tacl-0.0001(0.0001) loss_sacl-0.0114(0.0134) loss_event-0.0031(0.0035) loss_evidence-0.0003(0.0007) loss_query_diversity-0.0044(0.0043) loss_position-0.0000(0.0000) total_loss-0.5411(0.6161) 
[2026-09-19 12:04:12,789]-[trainutils.py line:416]:[EST:    2.90m][Process Time:    0.05s]- Epoch: 4 [0500/1330 ( 38%)]	Losses: ce_loss-0.6917(0.6169) loss_tacl-0.0001(0.0001) loss_sacl-0.0107(0.0133) loss_event-0.0024(0.0035) loss_evidence-0.0011(0.0007) loss_query_diversity-0.0044(0.0044) loss_position-0.0000(0.0000) total_loss-0.6917(0.6169) 
[2026-09-19 12:04:33,552]-[trainutils.py line:416]:[EST:    2.54m][Process Time:    0.05s]- Epoch: 4 [0600/1330 ( 45%)]	Losses: ce_loss-0.6341(0.6147) loss_tacl-0.0001(0.0001) loss_sacl-0.0119(0.0134) loss_event-0.0032(0.0035) loss_evidence-0.0010(0.0006) loss_query_diversity-0.0043(0.0044) loss_position-0.0000(0.0000) total_loss-0.6341(0.6147) 
[2026-09-19 12:04:54,333]-[trainutils.py line:416]:[EST:    2.19m][Process Time:    0.05s]- Epoch: 4 [0700/1330 ( 53%)]	Losses: ce_loss-0.6165(0.6135) loss_tacl-0.0001(0.0001) loss_sacl-0.0133(0.0133) loss_event-0.0037(0.0034) loss_evidence-0.0000(0.0006) loss_query_diversity-0.0044(0.0044) loss_position-0.0000(0.0000) total_loss-0.6165(0.6135) 
[2026-09-19 12:05:15,179]-[trainutils.py line:416]:[EST:    1.84m][Process Time:    0.05s]- Epoch: 4 [0800/1330 ( 60%)]	Losses: ce_loss-0.5281(0.6117) loss_tacl-0.0001(0.0001) loss_sacl-0.0156(0.0132) loss_event-0.0039(0.0034) loss_evidence-0.0000(0.0006) loss_query_diversity-0.0043(0.0043) loss_position-0.0000(0.0000) total_loss-0.5281(0.6117) 
[2026-09-19 12:05:35,976]-[trainutils.py line:416]:[EST:    1.49m][Process Time:    0.05s]- Epoch: 4 [0900/1330 ( 68%)]	Losses: ce_loss-0.3980(0.6100) loss_tacl-0.0001(0.0001) loss_sacl-0.0114(0.0132) loss_event-0.0033(0.0034) loss_evidence-0.0006(0.0006) loss_query_diversity-0.0043(0.0043) loss_position-0.0000(0.0000) total_loss-0.3980(0.6100) 
[2026-09-19 12:05:56,836]-[trainutils.py line:416]:[EST:    1.15m][Process Time:    0.05s]- Epoch: 4 [1000/1330 ( 75%)]	Losses: ce_loss-0.4928(0.6073) loss_tacl-0.0001(0.0001) loss_sacl-0.0138(0.0131) loss_event-0.0038(0.0034) loss_evidence-0.0017(0.0006) loss_query_diversity-0.0043(0.0043) loss_position-0.0000(0.0000) total_loss-0.4928(0.6073) 
[2026-09-19 12:06:17,621]-[trainutils.py line:416]:[EST:    0.80m][Process Time:    0.05s]- Epoch: 4 [1100/1330 ( 83%)]	Losses: ce_loss-0.9433(0.6069) loss_tacl-0.0001(0.0001) loss_sacl-0.0117(0.0130) loss_event-0.0029(0.0034) loss_evidence-0.0005(0.0006) loss_query_diversity-0.0044(0.0043) loss_position-0.0000(0.0000) total_loss-0.9433(0.6069) 
[2026-09-19 12:06:38,402]-[trainutils.py line:416]:[EST:    0.45m][Process Time:    0.05s]- Epoch: 4 [1200/1330 ( 90%)]	Losses: ce_loss-0.3421(0.6064) loss_tacl-0.0001(0.0001) loss_sacl-0.0125(0.0130) loss_event-0.0032(0.0034) loss_evidence-0.0006(0.0006) loss_query_diversity-0.0043(0.0043) loss_position-0.0000(0.0000) total_loss-0.3421(0.6064) 
[2026-09-19 12:06:59,923]-[trainutils.py line:416]:[EST:    0.10m][Process Time:    0.05s]- Epoch: 4 [1300/1330 ( 98%)]	Losses: ce_loss-0.8577(0.6058) loss_tacl-0.0001(0.0001) loss_sacl-0.0111(0.0130) loss_event-0.0032(0.0034) loss_evidence-0.0009(0.0005) loss_query_diversity-0.0043(0.0043) loss_position-0.0000(0.0000) total_loss-0.8577(0.6058) 
[2026-09-19 12:07:06,327]-[trainutils.py line:416]:[EST:   -0.00m][Process Time:    0.05s]- Epoch: 4 [1330/1330 (100%)]	Losses: ce_loss-0.3835(0.6068) loss_tacl-0.0001(0.0001) loss_sacl-0.0157(0.0130) loss_event-0.0041(0.0034) loss_evidence-0.0000(0.0005) loss_query_diversity-0.0044(0.0043) loss_position-0.0000(0.0000) total_loss-0.3835(0.6068) 
[2026-09-19 12:07:06,962]-[train.py line:106]:
-------------- validation epoch 4 -------------- 
[2026-09-19 12:07:07,298]-[trainutils.py line:461]:Test progress:   0/95 
[2026-09-19 12:07:38,717]-[trainutils.py line:461]:Test progress:  95/95 
[2026-09-19 12:07:38,718]-[trainutils.py line:492]:Epoch 4 -           Audio/Counting accuracy: 82.00(419/511) 
[2026-09-19 12:07:38,718]-[trainutils.py line:492]:Epoch 4 -        Audio/Comparative accuracy: 62.03(183/295) 
[2026-09-19 12:07:38,718]-[trainutils.py line:497]:Epoch 4 -                    Audio accuracy: 74.69(602/806) 
[2026-09-19 12:07:38,718]-[trainutils.py line:492]:Epoch 4 -          Visual/Counting accuracy: 75.83(455/600) 
[2026-09-19 12:07:38,719]-[trainutils.py line:492]:Epoch 4 -          Visual/Location accuracy: 84.67(519/613) 
[2026-09-19 12:07:38,719]-[trainutils.py line:497]:Epoch 4 -                   Visual accuracy: 80.30(974/1213) 
[2026-09-19 12:07:38,719]-[trainutils.py line:492]:Epoch 4 - Audio-Visual/Existential accuracy: 82.83(410/495) 
[2026-09-19 12:07:38,719]-[trainutils.py line:492]:Epoch 4 -    Audio-Visual/Counting accuracy: 73.93(468/633) 
[2026-09-19 12:07:38,719]-[trainutils.py line:492]:Epoch 4 -    Audio-Visual/Location accuracy: 67.03(309/461) 
[2026-09-19 12:07:38,720]-[trainutils.py line:492]:Epoch 4 - Audio-Visual/Comparative accuracy: 57.38(315/549) 
[2026-09-19 12:07:38,720]-[trainutils.py line:492]:Epoch 4 -    Audio-Visual/Temporal accuracy: 70.07(288/411) 
[2026-09-19 12:07:38,720]-[trainutils.py line:497]:Epoch 4 -             Audio-Visual accuracy: 70.22(1790/2549) 
[2026-09-19 12:07:38,720]-[trainutils.py line:501]:Epoch 4 -                    Total accuracy: 73.69(3366/4568) 
[2026-09-19 12:07:39,071]-[trainutils.py line:461]:Test progress:   0/95 
[2026-09-19 12:08:11,839]-[trainutils.py line:461]:Test progress:  95/95 
[2026-09-19 12:08:11,840]-[trainutils.py line:492]:Epoch 4 -           Audio/Counting accuracy: 80.82(413/511) 
[2026-09-19 12:08:11,840]-[trainutils.py line:492]:Epoch 4 -        Audio/Comparative accuracy: 58.31(172/295) 
[2026-09-19 12:08:11,840]-[trainutils.py line:497]:Epoch 4 -                    Audio accuracy: 72.58(585/806) 
[2026-09-19 12:08:11,840]-[trainutils.py line:492]:Epoch 4 -          Visual/Counting accuracy: 74.83(449/600) 
[2026-09-19 12:08:11,841]-[trainutils.py line:492]:Epoch 4 -          Visual/Location accuracy: 85.97(527/613) 
[2026-09-19 12:08:11,841]-[trainutils.py line:497]:Epoch 4 -                   Visual accuracy: 80.46(976/1213) 
[2026-09-19 12:08:11,841]-[trainutils.py line:492]:Epoch 4 - Audio-Visual/Existential accuracy: 83.64(414/495) 
[2026-09-19 12:08:11,841]-[trainutils.py line:492]:Epoch 4 -    Audio-Visual/Counting accuracy: 73.78(467/633) 
[2026-09-19 12:08:11,841]-[trainutils.py line:492]:Epoch 4 -    Audio-Visual/Location accuracy: 66.59(307/461) 
[2026-09-19 12:08:11,841]-[trainutils.py line:492]:Epoch 4 - Audio-Visual/Comparative accuracy: 60.66(333/549) 
[2026-09-19 12:08:11,842]-[trainutils.py line:492]:Epoch 4 -    Audio-Visual/Temporal accuracy: 72.26(297/411) 
[2026-09-19 12:08:11,842]-[trainutils.py line:497]:Epoch 4 -             Audio-Visual accuracy: 71.32(1818/2549) 
[2026-09-19 12:08:11,842]-[trainutils.py line:501]:Epoch 4 -                    Total accuracy: 73.97(3379/4568) 
[2026-09-19 12:08:11,895]-[train.py line:151]:best model saved at epoch 4 with acc 73.97110332749563 (ema) 
[2026-09-19 12:08:11,949]-[train.py line:167]:Epoch 4 done with 73.97 and loss 0.60156. 
[2026-09-19 12:08:11,950]-[train.py line:168]:At epoch4 best acc: 73.97. 
[2026-09-19 12:08:11,950]-[train.py line:102]:
-------------- training epoch 5 -------------- 
[2026-09-19 12:08:12,207]-[trainutils.py line:416]:[EST:    5.62m][Process Time:    0.06s]- Epoch: 5 [0000/1330 (  0%)]	Losses: ce_loss-0.5217(0.5217) loss_tacl-0.0001(0.0001) loss_sacl-0.0132(0.0132) loss_event-0.0036(0.0036) loss_evidence-0.0000(0.0000) loss_query_diversity-0.0044(0.0044) loss_position-0.0000(0.0000) total_loss-0.5217(0.5217) 
[2026-09-19 12:08:40,925]-[trainutils.py line:416]:[EST:    5.88m][Process Time:    0.08s]- Epoch: 5 [0100/1330 (  8%)]	Losses: ce_loss-0.3113(0.5146) loss_tacl-0.0001(0.0001) loss_sacl-0.0127(0.0126) loss_event-0.0032(0.0035) loss_evidence-0.0005(0.0008) loss_query_diversity-0.0043(0.0043) loss_position-0.0000(0.0000) total_loss-0.3113(0.5146) 
[2026-09-19 12:09:12,670]-[trainutils.py line:416]:[EST:    5.68m][Process Time:    0.07s]- Epoch: 5 [0200/1330 ( 15%)]	Losses: ce_loss-0.5696(0.5243) loss_tacl-0.0001(0.0001) loss_sacl-0.0105(0.0127) loss_event-0.0025(0.0035) loss_evidence-0.0000(0.0008) loss_query_diversity-0.0044(0.0043) loss_position-0.0000(0.0000) total_loss-0.5696(0.5243) 
[2026-09-19 12:09:46,819]-[trainutils.py line:416]:[EST:    5.41m][Process Time:    0.08s]- Epoch: 5 [0300/1330 ( 23%)]	Losses: ce_loss-0.5733(0.5321) loss_tacl-0.0001(0.0001) loss_sacl-0.0115(0.0125) loss_event-0.0031(0.0035) loss_evidence-0.0008(0.0008) loss_query_diversity-0.0044(0.0043) loss_position-0.0000(0.0000) total_loss-0.5733(0.5321) 
[2026-09-19 12:10:23,081]-[trainutils.py line:416]:[EST:    5.06m][Process Time:    0.09s]- Epoch: 5 [0400/1330 ( 30%)]	Losses: ce_loss-0.2327(0.5362) loss_tacl-0.0001(0.0001) loss_sacl-0.0128(0.0125) loss_event-0.0027(0.0034) loss_evidence-0.0011(0.0008) loss_query_diversity-0.0044(0.0043) loss_position-0.0000(0.0000) total_loss-0.2327(0.5362) 
[2026-09-19 12:10:58,828]-[trainutils.py line:416]:[EST:    4.60m][Process Time:    0.08s]- Epoch: 5 [0500/1330 ( 38%)]	Losses: ce_loss-0.8775(0.5369) loss_tacl-0.0001(0.0001) loss_sacl-0.0142(0.0124) loss_event-0.0042(0.0034) loss_evidence-0.0010(0.0007) loss_query_diversity-0.0043(0.0043) loss_position-0.0000(0.0000) total_loss-0.8775(0.5369) 
[2026-09-19 12:11:34,046]-[trainutils.py line:416]:[EST:    4.09m][Process Time:    0.08s]- Epoch: 5 [0600/1330 ( 45%)]	Losses: ce_loss-0.6445(0.5377) loss_tacl-0.0001(0.0001) loss_sacl-0.0113(0.0123) loss_event-0.0028(0.0034) loss_evidence-0.0008(0.0007) loss_query_diversity-0.0043(0.0043) loss_position-0.0000(0.0000) total_loss-0.6445(0.5377) 
[2026-09-19 12:12:07,977]-[trainutils.py line:416]:[EST:    3.53m][Process Time:    0.09s]- Epoch: 5 [0700/1330 ( 53%)]	Losses: ce_loss-0.4408(0.5399) loss_tacl-0.0001(0.0001) loss_sacl-0.0125(0.0121) loss_event-0.0036(0.0033) loss_evidence-0.0008(0.0007) loss_query_diversity-0.0043(0.0043) loss_position-0.0000(0.0000) total_loss-0.4408(0.5399) 
[2026-09-19 12:12:41,161]-[trainutils.py line:416]:[EST:    2.96m][Process Time:    0.08s]- Epoch: 5 [0800/1330 ( 60%)]	Losses: ce_loss-0.4667(0.5368) loss_tacl-0.0001(0.0001) loss_sacl-0.0129(0.0121) loss_event-0.0035(0.0033) loss_evidence-0.0000(0.0007) loss_query_diversity-0.0043(0.0043) loss_position-0.0000(0.0000) total_loss-0.4667(0.5368) 
[2026-09-19 12:13:15,565]-[trainutils.py line:416]:[EST:    2.41m][Process Time:    0.07s]- Epoch: 5 [0900/1330 ( 68%)]	Losses: ce_loss-0.6572(0.5373) loss_tacl-0.0001(0.0001) loss_sacl-0.0132(0.0121) loss_event-0.0034(0.0033) loss_evidence-0.0010(0.0006) loss_query_diversity-0.0043(0.0043) loss_position-0.0000(0.0000) total_loss-0.6572(0.5373) 
[2026-09-19 12:13:49,899]-[trainutils.py line:416]:[EST:    1.85m][Process Time:    0.09s]- Epoch: 5 [1000/1330 ( 75%)]	Losses: ce_loss-0.4823(0.5363) loss_tacl-0.0001(0.0001) loss_sacl-0.0134(0.0121) loss_event-0.0038(0.0033) loss_evidence-0.0000(0.0006) loss_query_diversity-0.0043(0.0043) loss_position-0.0000(0.0000) total_loss-0.4823(0.5363) 
[2026-09-19 12:14:24,517]-[trainutils.py line:416]:[EST:    1.29m][Process Time:    0.08s]- Epoch: 5 [1100/1330 ( 83%)]	Losses: ce_loss-0.7277(0.5366) loss_tacl-0.0001(0.0001) loss_sacl-0.0156(0.0121) loss_event-0.0044(0.0033) loss_evidence-0.0013(0.0006) loss_query_diversity-0.0043(0.0043) loss_position-0.0000(0.0000) total_loss-0.7277(0.5366) 
[2026-09-19 12:14:58,369]-[trainutils.py line:416]:[EST:    0.73m][Process Time:    0.08s]- Epoch: 5 [1200/1330 ( 90%)]	Losses: ce_loss-0.5692(0.5370) loss_tacl-0.0001(0.0001) loss_sacl-0.0143(0.0120) loss_event-0.0039(0.0033) loss_evidence-0.0000(0.0005) loss_query_diversity-0.0043(0.0043) loss_position-0.0000(0.0000) total_loss-0.5692(0.5370) 
[2026-09-19 12:15:33,495]-[trainutils.py line:416]:[EST:    0.16m][Process Time:    0.08s]- Epoch: 5 [1300/1330 ( 98%)]	Losses: ce_loss-0.8256(0.5371) loss_tacl-0.0001(0.0001) loss_sacl-0.0104(0.0120) loss_event-0.0034(0.0033) loss_evidence-0.0017(0.0005) loss_query_diversity-0.0043(0.0043) loss_position-0.0000(0.0000) total_loss-0.8256(0.5371) 
[2026-09-19 12:15:44,133]-[trainutils.py line:416]:[EST:   -0.01m][Process Time:    0.13s]- Epoch: 5 [1330/1330 (100%)]	Losses: ce_loss-0.2980(0.5364) loss_tacl-0.0001(0.0001) loss_sacl-0.0081(0.0120) loss_event-0.0028(0.0033) loss_evidence-0.0000(0.0005) loss_query_diversity-0.0044(0.0043) loss_position-0.0000(0.0000) total_loss-0.2980(0.5364) 
[2026-09-19 12:15:45,495]-[train.py line:106]:
-------------- validation epoch 5 -------------- 
[2026-09-19 12:15:46,088]-[trainutils.py line:461]:Test progress:   0/95 
[2026-09-19 12:16:36,120]-[trainutils.py line:461]:Test progress:  95/95 
[2026-09-19 12:16:36,123]-[trainutils.py line:492]:Epoch 5 -           Audio/Counting accuracy: 85.71(438/511) 
[2026-09-19 12:16:36,123]-[trainutils.py line:492]:Epoch 5 -        Audio/Comparative accuracy: 61.36(181/295) 
[2026-09-19 12:16:36,123]-[trainutils.py line:497]:Epoch 5 -                    Audio accuracy: 76.80(619/806) 
[2026-09-19 12:16:36,123]-[trainutils.py line:492]:Epoch 5 -          Visual/Counting accuracy: 78.17(469/600) 
[2026-09-19 12:16:36,124]-[trainutils.py line:492]:Epoch 5 -          Visual/Location accuracy: 86.46(530/613) 
[2026-09-19 12:16:36,124]-[trainutils.py line:497]:Epoch 5 -                   Visual accuracy: 82.36(999/1213) 
[2026-09-19 12:16:36,125]-[trainutils.py line:492]:Epoch 5 - Audio-Visual/Existential accuracy: 82.22(407/495) 
[2026-09-19 12:16:36,125]-[trainutils.py line:492]:Epoch 5 -    Audio-Visual/Counting accuracy: 74.72(473/633) 
[2026-09-19 12:16:36,126]-[trainutils.py line:492]:Epoch 5 -    Audio-Visual/Location accuracy: 68.33(315/461) 
[2026-09-19 12:16:36,126]-[trainutils.py line:492]:Epoch 5 - Audio-Visual/Comparative accuracy: 62.11(341/549) 
[2026-09-19 12:16:36,127]-[trainutils.py line:492]:Epoch 5 -    Audio-Visual/Temporal accuracy: 71.05(292/411) 
[2026-09-19 12:16:36,127]-[trainutils.py line:497]:Epoch 5 -             Audio-Visual accuracy: 71.71(1828/2549) 
[2026-09-19 12:16:36,127]-[trainutils.py line:501]:Epoch 5 -                    Total accuracy: 75.44(3446/4568) 
[2026-09-19 12:16:36,666]-[trainutils.py line:461]:Test progress:   0/95 
[2026-09-19 12:17:26,495]-[trainutils.py line:461]:Test progress:  95/95 
[2026-09-19 12:17:26,496]-[trainutils.py line:492]:Epoch 5 -           Audio/Counting accuracy: 83.76(428/511) 
[2026-09-19 12:17:26,496]-[trainutils.py line:492]:Epoch 5 -        Audio/Comparative accuracy: 58.64(173/295) 
[2026-09-19 12:17:26,496]-[trainutils.py line:497]:Epoch 5 -                    Audio accuracy: 74.57(601/806) 
[2026-09-19 12:17:26,496]-[trainutils.py line:492]:Epoch 5 -          Visual/Counting accuracy: 78.33(470/600) 
[2026-09-19 12:17:26,497]-[trainutils.py line:492]:Epoch 5 -          Visual/Location accuracy: 86.95(533/613) 
[2026-09-19 12:17:26,497]-[trainutils.py line:497]:Epoch 5 -                   Visual accuracy: 82.69(1003/1213) 
[2026-09-19 12:17:26,498]-[trainutils.py line:492]:Epoch 5 - Audio-Visual/Existential accuracy: 83.84(415/495) 
[2026-09-19 12:17:26,498]-[trainutils.py line:492]:Epoch 5 -    Audio-Visual/Counting accuracy: 75.20(476/633) 
[2026-09-19 12:17:26,499]-[trainutils.py line:492]:Epoch 5 -    Audio-Visual/Location accuracy: 68.55(316/461) 
[2026-09-19 12:17:26,499]-[trainutils.py line:492]:Epoch 5 - Audio-Visual/Comparative accuracy: 61.57(338/549) 
[2026-09-19 12:17:26,499]-[trainutils.py line:492]:Epoch 5 -    Audio-Visual/Temporal accuracy: 72.75(299/411) 
[2026-09-19 12:17:26,499]-[trainutils.py line:497]:Epoch 5 -             Audio-Visual accuracy: 72.34(1844/2549) 
[2026-09-19 12:17:26,499]-[trainutils.py line:501]:Epoch 5 -                    Total accuracy: 75.48(3448/4568) 
[2026-09-19 12:17:26,612]-[train.py line:151]:best model saved at epoch 5 with acc 75.4816112084063 (ema) 
[2026-09-19 12:17:26,702]-[train.py line:167]:Epoch 5 done with 75.48 and loss 0.57812. 
[2026-09-19 12:17:26,702]-[train.py line:168]:At epoch5 best acc: 75.48. 
[2026-09-19 12:17:26,702]-[train.py line:102]:
-------------- training epoch 6 -------------- 
[2026-09-19 12:17:27,037]-[trainutils.py line:416]:[EST:    7.34m][Process Time:    0.08s]- Epoch: 6 [0000/1330 (  0%)]	Losses: ce_loss-0.5940(0.5940) loss_tacl-0.0001(0.0001) loss_sacl-0.0122(0.0122) loss_event-0.0035(0.0035) loss_evidence-0.0012(0.0012) loss_query_diversity-0.0043(0.0043) loss_position-0.0000(0.0000) total_loss-0.5940(0.5940) 
[2026-09-19 12:17:59,941]-[trainutils.py line:416]:[EST:    6.74m][Process Time:    0.07s]- Epoch: 6 [0100/1330 (  8%)]	Losses: ce_loss-0.5834(0.4846) loss_tacl-0.0001(0.0001) loss_sacl-0.0120(0.0119) loss_event-0.0040(0.0034) loss_evidence-0.0029(0.0006) loss_query_diversity-0.0044(0.0043) loss_position-0.0000(0.0000) total_loss-0.5834(0.4846) 
[2026-09-19 12:18:31,393]-[trainutils.py line:416]:[EST:    6.06m][Process Time:    0.08s]- Epoch: 6 [0200/1330 ( 15%)]	Losses: ce_loss-0.5105(0.4922) loss_tacl-0.0001(0.0001) loss_sacl-0.0109(0.0118) loss_event-0.0036(0.0035) loss_evidence-0.0008(0.0007) loss_query_diversity-0.0043(0.0043) loss_position-0.0000(0.0000) total_loss-0.5105(0.4922) 
[2026-09-19 12:19:03,733]-[trainutils.py line:416]:[EST:    5.53m][Process Time:    0.06s]- Epoch: 6 [0300/1330 ( 23%)]	Losses: ce_loss-0.3604(0.4858) loss_tacl-0.0001(0.0001) loss_sacl-0.0117(0.0117) loss_event-0.0036(0.0035) loss_evidence-0.0000(0.0008) loss_query_diversity-0.0044(0.0043) loss_position-0.0000(0.0000) total_loss-0.3604(0.4858) 
[2026-09-19 12:19:37,308]-[trainutils.py line:416]:[EST:    5.04m][Process Time:    0.07s]- Epoch: 6 [0400/1330 ( 30%)]	Losses: ce_loss-0.4922(0.4863) loss_tacl-0.0001(0.0001) loss_sacl-0.0125(0.0116) loss_event-0.0038(0.0035) loss_evidence-0.0005(0.0007) loss_query_diversity-0.0044(0.0043) loss_position-0.0000(0.0000) total_loss-0.4922(0.4863) 
[2026-09-19 12:20:10,026]-[trainutils.py line:416]:[EST:    4.50m][Process Time:    0.08s]- Epoch: 6 [0500/1330 ( 38%)]	Losses: ce_loss-0.4115(0.4837) loss_tacl-0.0001(0.0001) loss_sacl-0.0122(0.0115) loss_event-0.0036(0.0034) loss_evidence-0.0002(0.0006) loss_query_diversity-0.0043(0.0043) loss_position-0.0000(0.0000) total_loss-0.4115(0.4837) 
[2026-09-19 12:20:43,196]-[trainutils.py line:416]:[EST:    3.97m][Process Time:    0.09s]- Epoch: 6 [0600/1330 ( 45%)]	Losses: ce_loss-0.5061(0.4824) loss_tacl-0.0001(0.0001) loss_sacl-0.0113(0.0114) loss_event-0.0034(0.0034) loss_evidence-0.0000(0.0006) loss_query_diversity-0.0043(0.0043) loss_position-0.0000(0.0000) total_loss-0.5061(0.4824) 
[2026-09-19 12:21:17,543]-[trainutils.py line:416]:[EST:    3.45m][Process Time:    0.08s]- Epoch: 6 [0700/1330 ( 53%)]	Losses: ce_loss-0.6201(0.4792) loss_tacl-0.0001(0.0001) loss_sacl-0.0121(0.0114) loss_event-0.0032(0.0034) loss_evidence-0.0040(0.0007) loss_query_diversity-0.0043(0.0043) loss_position-0.0000(0.0000) total_loss-0.6201(0.4792) 
[2026-09-19 12:21:51,737]-[trainutils.py line:416]:[EST:    2.92m][Process Time:    0.08s]- Epoch: 6 [0800/1330 ( 60%)]	Losses: ce_loss-0.4055(0.4824) loss_tacl-0.0001(0.0001) loss_sacl-0.0087(0.0113) loss_event-0.0024(0.0033) loss_evidence-0.0011(0.0006) loss_query_diversity-0.0043(0.0043) loss_position-0.0000(0.0000) total_loss-0.4055(0.4824) 
[2026-09-19 12:22:26,052]-[trainutils.py line:416]:[EST:    2.38m][Process Time:    0.08s]- Epoch: 6 [0900/1330 ( 68%)]	Losses: ce_loss-0.4633(0.4810) loss_tacl-0.0001(0.0001) loss_sacl-0.0116(0.0112) loss_event-0.0039(0.0033) loss_evidence-0.0003(0.0006) loss_query_diversity-0.0043(0.0043) loss_position-0.0000(0.0000) total_loss-0.4633(0.4810) 
[2026-09-19 12:22:59,899]-[trainutils.py line:416]:[EST:    1.83m][Process Time:    0.07s]- Epoch: 6 [1000/1330 ( 75%)]	Losses: ce_loss-0.4520(0.4799) loss_tacl-0.0001(0.0001) loss_sacl-0.0130(0.0112) loss_event-0.0042(0.0033) loss_evidence-0.0000(0.0006) loss_query_diversity-0.0043(0.0043) loss_position-0.0000(0.0000) total_loss-0.4520(0.4799) 
[2026-09-19 12:23:33,641]-[trainutils.py line:416]:[EST:    1.27m][Process Time:    0.08s]- Epoch: 6 [1100/1330 ( 83%)]	Losses: ce_loss-0.5374(0.4783) loss_tacl-0.0001(0.0001) loss_sacl-0.0112(0.0112) loss_event-0.0030(0.0033) loss_evidence-0.0000(0.0006) loss_query_diversity-0.0043(0.0043) loss_position-0.0000(0.0000) total_loss-0.5374(0.4783) 
[2026-09-19 12:24:08,224]-[trainutils.py line:416]:[EST:    0.72m][Process Time:    0.08s]- Epoch: 6 [1200/1330 ( 90%)]	Losses: ce_loss-0.4392(0.4828) loss_tacl-0.0001(0.0001) loss_sacl-0.0099(0.0112) loss_event-0.0028(0.0033) loss_evidence-0.0007(0.0005) loss_query_diversity-0.0044(0.0043) loss_position-0.0000(0.0000) total_loss-0.4392(0.4828) 
[2026-09-19 12:24:42,572]-[trainutils.py line:416]:[EST:    0.16m][Process Time:    0.08s]- Epoch: 6 [1300/1330 ( 98%)]	Losses: ce_loss-0.7134(0.4831) loss_tacl-0.0001(0.0001) loss_sacl-0.0088(0.0112) loss_event-0.0024(0.0033) loss_evidence-0.0016(0.0005) loss_query_diversity-0.0044(0.0043) loss_position-0.0000(0.0000) total_loss-0.7134(0.4831) 
[2026-09-19 12:24:53,181]-[trainutils.py line:416]:[EST:   -0.01m][Process Time:    0.09s]- Epoch: 6 [1330/1330 (100%)]	Losses: ce_loss-0.6171(0.4839) loss_tacl-0.0001(0.0001) loss_sacl-0.0114(0.0112) loss_event-0.0029(0.0033) loss_evidence-0.0000(0.0005) loss_query_diversity-0.0043(0.0043) loss_position-0.0000(0.0000) total_loss-0.6171(0.4839) 
[2026-09-19 12:24:54,528]-[train.py line:106]:
-------------- validation epoch 6 -------------- 
[2026-09-19 12:24:55,061]-[trainutils.py line:461]:Test progress:   0/95 
[2026-09-19 12:25:46,366]-[trainutils.py line:461]:Test progress:  95/95 
[2026-09-19 12:25:46,367]-[trainutils.py line:492]:Epoch 6 -           Audio/Counting accuracy: 83.76(428/511) 
[2026-09-19 12:25:46,368]-[trainutils.py line:492]:Epoch 6 -        Audio/Comparative accuracy: 61.36(181/295) 
[2026-09-19 12:25:46,368]-[trainutils.py line:497]:Epoch 6 -                    Audio accuracy: 75.56(609/806) 
[2026-09-19 12:25:46,369]-[trainutils.py line:492]:Epoch 6 -          Visual/Counting accuracy: 81.17(487/600) 
[2026-09-19 12:25:46,369]-[trainutils.py line:492]:Epoch 6 -          Visual/Location accuracy: 86.46(530/613) 
[2026-09-19 12:25:46,369]-[trainutils.py line:497]:Epoch 6 -                   Visual accuracy: 83.84(1017/1213) 
[2026-09-19 12:25:46,370]-[trainutils.py line:492]:Epoch 6 - Audio-Visual/Existential accuracy: 83.64(414/495) 
[2026-09-19 12:25:46,370]-[trainutils.py line:492]:Epoch 6 -    Audio-Visual/Counting accuracy: 74.25(470/633) 
[2026-09-19 12:25:46,371]-[trainutils.py line:492]:Epoch 6 -    Audio-Visual/Location accuracy: 68.55(316/461) 
[2026-09-19 12:25:46,371]-[trainutils.py line:492]:Epoch 6 - Audio-Visual/Comparative accuracy: 60.47(332/549) 
[2026-09-19 12:25:46,371]-[trainutils.py line:492]:Epoch 6 -    Audio-Visual/Temporal accuracy: 71.78(295/411) 
[2026-09-19 12:25:46,371]-[trainutils.py line:497]:Epoch 6 -             Audio-Visual accuracy: 71.68(1827/2549) 
[2026-09-19 12:25:46,371]-[trainutils.py line:501]:Epoch 6 -                    Total accuracy: 75.59(3453/4568) 
[2026-09-19 12:25:46,924]-[trainutils.py line:461]:Test progress:   0/95 
[2026-09-19 12:26:36,719]-[trainutils.py line:461]:Test progress:  95/95 
[2026-09-19 12:26:36,720]-[trainutils.py line:492]:Epoch 6 -           Audio/Counting accuracy: 85.13(435/511) 
[2026-09-19 12:26:36,720]-[trainutils.py line:492]:Epoch 6 -        Audio/Comparative accuracy: 61.02(180/295) 
[2026-09-19 12:26:36,720]-[trainutils.py line:497]:Epoch 6 -                    Audio accuracy: 76.30(615/806) 
[2026-09-19 12:26:36,720]-[trainutils.py line:492]:Epoch 6 -          Visual/Counting accuracy: 79.17(475/600) 
[2026-09-19 12:26:36,721]-[trainutils.py line:492]:Epoch 6 -          Visual/Location accuracy: 86.79(532/613) 
[2026-09-19 12:26:36,721]-[trainutils.py line:497]:Epoch 6 -                   Visual accuracy: 83.02(1007/1213) 
[2026-09-19 12:26:36,722]-[trainutils.py line:492]:Epoch 6 - Audio-Visual/Existential accuracy: 83.84(415/495) 
[2026-09-19 12:26:36,722]-[trainutils.py line:492]:Epoch 6 -    Audio-Visual/Counting accuracy: 76.15(482/633) 
[2026-09-19 12:26:36,722]-[trainutils.py line:492]:Epoch 6 -    Audio-Visual/Location accuracy: 69.63(321/461) 
[2026-09-19 12:26:36,724]-[trainutils.py line:492]:Epoch 6 - Audio-Visual/Comparative accuracy: 63.39(348/549) 
[2026-09-19 12:26:36,725]-[trainutils.py line:492]:Epoch 6 -    Audio-Visual/Temporal accuracy: 73.24(301/411) 
[2026-09-19 12:26:36,725]-[trainutils.py line:497]:Epoch 6 -             Audio-Visual accuracy: 73.24(1867/2549) 
[2026-09-19 12:26:36,725]-[trainutils.py line:501]:Epoch 6 -                    Total accuracy: 76.38(3489/4568) 
[2026-09-19 12:26:36,809]-[train.py line:151]:best model saved at epoch 6 with acc 76.37915936952714 (ema) 
[2026-09-19 12:26:36,889]-[train.py line:167]:Epoch 6 done with 76.38 and loss 0.56641. 
[2026-09-19 12:26:36,889]-[train.py line:168]:At epoch6 best acc: 76.38. 
[2026-09-19 12:26:36,890]-[train.py line:102]:
-------------- training epoch 7 -------------- 
[2026-09-19 12:26:37,239]-[trainutils.py line:416]:[EST:    7.67m][Process Time:    0.07s]- Epoch: 7 [0000/1330 (  0%)]	Losses: ce_loss-0.5724(0.5724) loss_tacl-0.0001(0.0001) loss_sacl-0.0148(0.0148) loss_event-0.0039(0.0039) loss_evidence-0.0008(0.0008) loss_query_diversity-0.0043(0.0043) loss_position-0.0000(0.0000) total_loss-0.5724(0.5724) 
[2026-09-19 12:27:10,962]-[trainutils.py line:416]:[EST:    6.91m][Process Time:    0.07s]- Epoch: 7 [0100/1330 (  8%)]	Losses: ce_loss-0.3469(0.4313) loss_tacl-0.0001(0.0001) loss_sacl-0.0122(0.0112) loss_event-0.0033(0.0031) loss_evidence-0.0000(0.0008) loss_query_diversity-0.0043(0.0043) loss_position-0.0000(0.0000) total_loss-0.3469(0.4313) 
[2026-09-19 12:27:44,700]-[trainutils.py line:416]:[EST:    6.35m][Process Time:    0.08s]- Epoch: 7 [0200/1330 ( 15%)]	Losses: ce_loss-0.3733(0.4127) loss_tacl-0.0001(0.0001) loss_sacl-0.0087(0.0112) loss_event-0.0027(0.0031) loss_evidence-0.0089(0.0008) loss_query_diversity-0.0043(0.0043) loss_position-0.0000(0.0000) total_loss-0.3733(0.4127) 
[2026-09-19 12:28:15,709]-[trainutils.py line:416]:[EST:    5.63m][Process Time:    0.08s]- Epoch: 7 [0300/1330 ( 23%)]	Losses: ce_loss-0.4154(0.4159) loss_tacl-0.0001(0.0001) loss_sacl-0.0087(0.0111) loss_event-0.0027(0.0032) loss_evidence-0.0012(0.0008) loss_query_diversity-0.0043(0.0043) loss_position-0.0000(0.0000) total_loss-0.4154(0.4159) 
[2026-09-19 12:28:47,622]-[trainutils.py line:416]:[EST:    5.05m][Process Time:    0.07s]- Epoch: 7 [0400/1330 ( 30%)]	Losses: ce_loss-0.4360(0.4174) loss_tacl-0.0001(0.0001) loss_sacl-0.0122(0.0110) loss_event-0.0033(0.0033) loss_evidence-0.0011(0.0007) loss_query_diversity-0.0043(0.0043) loss_position-0.0000(0.0000) total_loss-0.4360(0.4174) 
[2026-09-19 12:29:20,304]-[trainutils.py line:416]:[EST:    4.51m][Process Time:    0.07s]- Epoch: 7 [0500/1330 ( 38%)]	Losses: ce_loss-0.3120(0.4212) loss_tacl-0.0001(0.0001) loss_sacl-0.0102(0.0109) loss_event-0.0033(0.0033) loss_evidence-0.0008(0.0007) loss_query_diversity-0.0044(0.0043) loss_position-0.0000(0.0000) total_loss-0.3120(0.4212) 
[2026-09-19 12:29:51,465]-[trainutils.py line:416]:[EST:    3.93m][Process Time:    0.07s]- Epoch: 7 [0600/1330 ( 45%)]	Losses: ce_loss-0.2896(0.4200) loss_tacl-0.0001(0.0001) loss_sacl-0.0082(0.0109) loss_event-0.0024(0.0033) loss_evidence-0.0011(0.0007) loss_query_diversity-0.0043(0.0043) loss_position-0.0000(0.0000) total_loss-0.2896(0.4200) 
[2026-09-19 12:30:23,127]-[trainutils.py line:416]:[EST:    3.38m][Process Time:    0.07s]- Epoch: 7 [0700/1330 ( 53%)]	Losses: ce_loss-0.7225(0.4188) loss_tacl-0.0001(0.0001) loss_sacl-0.0086(0.0108) loss_event-0.0029(0.0032) loss_evidence-0.0000(0.0007) loss_query_diversity-0.0043(0.0043) loss_position-0.0000(0.0000) total_loss-0.7225(0.4188) 
[2026-09-19 12:30:54,049]-[trainutils.py line:416]:[EST:    2.83m][Process Time:    0.07s]- Epoch: 7 [0800/1330 ( 60%)]	Losses: ce_loss-0.4475(0.4216) loss_tacl-0.0001(0.0001) loss_sacl-0.0107(0.0108) loss_event-0.0037(0.0032) loss_evidence-0.0000(0.0006) loss_query_diversity-0.0044(0.0043) loss_position-0.0000(0.0000) total_loss-0.4475(0.4216) 
[2026-09-19 12:31:27,568]-[trainutils.py line:416]:[EST:    2.31m][Process Time:    0.10s]- Epoch: 7 [0900/1330 ( 68%)]	Losses: ce_loss-0.6146(0.4236) loss_tacl-0.0001(0.0001) loss_sacl-0.0107(0.0108) loss_event-0.0031(0.0032) loss_evidence-0.0000(0.0006) loss_query_diversity-0.0043(0.0043) loss_position-0.0000(0.0000) total_loss-0.6146(0.4236) 
[2026-09-19 12:32:01,304]-[trainutils.py line:416]:[EST:    1.78m][Process Time:    0.07s]- Epoch: 7 [1000/1330 ( 75%)]	Losses: ce_loss-0.3006(0.4239) loss_tacl-0.0001(0.0001) loss_sacl-0.0105(0.0108) loss_event-0.0032(0.0032) loss_evidence-0.0008(0.0006) loss_query_diversity-0.0043(0.0043) loss_position-0.0000(0.0000) total_loss-0.3006(0.4239) 
[2026-09-19 12:32:34,576]-[trainutils.py line:416]:[EST:    1.24m][Process Time:    0.08s]- Epoch: 7 [1100/1330 ( 83%)]	Losses: ce_loss-0.2227(0.4244) loss_tacl-0.0001(0.0001) loss_sacl-0.0084(0.0107) loss_event-0.0033(0.0032) loss_evidence-0.0000(0.0005) loss_query_diversity-0.0043(0.0043) loss_position-0.0000(0.0000) total_loss-0.2227(0.4244) 
[2026-09-19 12:33:07,857]-[trainutils.py line:416]:[EST:    0.70m][Process Time:    0.07s]- Epoch: 7 [1200/1330 ( 90%)]	Losses: ce_loss-0.3605(0.4252) loss_tacl-0.0001(0.0001) loss_sacl-0.0104(0.0107) loss_event-0.0038(0.0032) loss_evidence-0.0003(0.0005) loss_query_diversity-0.0043(0.0043) loss_position-0.0000(0.0000) total_loss-0.3605(0.4252) 
[2026-09-19 12:33:42,178]-[trainutils.py line:416]:[EST:    0.16m][Process Time:    0.08s]- Epoch: 7 [1300/1330 ( 98%)]	Losses: ce_loss-0.6525(0.4254) loss_tacl-0.0001(0.0001) loss_sacl-0.0081(0.0107) loss_event-0.0033(0.0032) loss_evidence-0.0000(0.0005) loss_query_diversity-0.0043(0.0043) loss_position-0.0000(0.0000) total_loss-0.6525(0.4254) 
[2026-09-19 12:33:51,658]-[trainutils.py line:416]:[EST:   -0.01m][Process Time:    0.09s]- Epoch: 7 [1330/1330 (100%)]	Losses: ce_loss-0.1552(0.4258) loss_tacl-0.0001(0.0001) loss_sacl-0.0114(0.0107) loss_event-0.0048(0.0032) loss_evidence-0.0000(0.0005) loss_query_diversity-0.0042(0.0043) loss_position-0.0000(0.0000) total_loss-0.1552(0.4258) 
[2026-09-19 12:33:52,806]-[train.py line:106]:
-------------- validation epoch 7 -------------- 
[2026-09-19 12:33:53,267]-[trainutils.py line:461]:Test progress:   0/95 
[2026-09-19 12:34:39,754]-[trainutils.py line:461]:Test progress:  95/95 
[2026-09-19 12:34:39,756]-[trainutils.py line:492]:Epoch 7 -           Audio/Counting accuracy: 85.71(438/511) 
[2026-09-19 12:34:39,757]-[trainutils.py line:492]:Epoch 7 -        Audio/Comparative accuracy: 60.00(177/295) 
[2026-09-19 12:34:39,757]-[trainutils.py line:497]:Epoch 7 -                    Audio accuracy: 76.30(615/806) 
[2026-09-19 12:34:39,757]-[trainutils.py line:492]:Epoch 7 -          Visual/Counting accuracy: 80.67(484/600) 
[2026-09-19 12:34:39,757]-[trainutils.py line:492]:Epoch 7 -          Visual/Location accuracy: 86.62(531/613) 
[2026-09-19 12:34:39,758]-[trainutils.py line:497]:Epoch 7 -                   Visual accuracy: 83.68(1015/1213) 
[2026-09-19 12:34:39,758]-[trainutils.py line:492]:Epoch 7 - Audio-Visual/Existential accuracy: 81.82(405/495) 
[2026-09-19 12:34:39,758]-[trainutils.py line:492]:Epoch 7 -    Audio-Visual/Counting accuracy: 75.36(477/633) 
[2026-09-19 12:34:39,758]-[trainutils.py line:492]:Epoch 7 -    Audio-Visual/Location accuracy: 68.33(315/461) 
[2026-09-19 12:34:39,758]-[trainutils.py line:492]:Epoch 7 - Audio-Visual/Comparative accuracy: 62.84(345/549) 
[2026-09-19 12:34:39,758]-[trainutils.py line:492]:Epoch 7 -    Audio-Visual/Temporal accuracy: 70.80(291/411) 
[2026-09-19 12:34:39,758]-[trainutils.py line:497]:Epoch 7 -             Audio-Visual accuracy: 71.91(1833/2549) 
[2026-09-19 12:34:39,760]-[trainutils.py line:501]:Epoch 7 -                    Total accuracy: 75.81(3463/4568) 
[2026-09-19 12:34:40,278]-[trainutils.py line:461]:Test progress:   0/95 
[2026-09-19 12:35:28,045]-[trainutils.py line:461]:Test progress:  95/95 
[2026-09-19 12:35:28,046]-[trainutils.py line:492]:Epoch 7 -           Audio/Counting accuracy: 85.52(437/511) 
[2026-09-19 12:35:28,047]-[trainutils.py line:492]:Epoch 7 -        Audio/Comparative accuracy: 61.69(182/295) 
[2026-09-19 12:35:28,047]-[trainutils.py line:497]:Epoch 7 -                    Audio accuracy: 76.80(619/806) 
[2026-09-19 12:35:28,048]-[trainutils.py line:492]:Epoch 7 -          Visual/Counting accuracy: 81.50(489/600) 
[2026-09-19 12:35:28,048]-[trainutils.py line:492]:Epoch 7 -          Visual/Location accuracy: 87.60(537/613) 
[2026-09-19 12:35:28,048]-[trainutils.py line:497]:Epoch 7 -                   Visual accuracy: 84.58(1026/1213) 
[2026-09-19 12:35:28,049]-[trainutils.py line:492]:Epoch 7 - Audio-Visual/Existential accuracy: 83.43(413/495) 
[2026-09-19 12:35:28,049]-[trainutils.py line:492]:Epoch 7 -    Audio-Visual/Counting accuracy: 75.99(481/633) 
[2026-09-19 12:35:28,049]-[trainutils.py line:492]:Epoch 7 -    Audio-Visual/Location accuracy: 69.85(322/461) 
[2026-09-19 12:35:28,050]-[trainutils.py line:492]:Epoch 7 - Audio-Visual/Comparative accuracy: 63.93(351/549) 
[2026-09-19 12:35:28,050]-[trainutils.py line:492]:Epoch 7 -    Audio-Visual/Temporal accuracy: 73.97(304/411) 
[2026-09-19 12:35:28,050]-[trainutils.py line:497]:Epoch 7 -             Audio-Visual accuracy: 73.40(1871/2549) 
[2026-09-19 12:35:28,050]-[trainutils.py line:501]:Epoch 7 -                    Total accuracy: 76.97(3516/4568) 
[2026-09-19 12:35:28,108]-[train.py line:151]:best model saved at epoch 7 with acc 76.97022767075306 (ema) 
[2026-09-19 12:35:28,185]-[train.py line:167]:Epoch 7 done with 76.97 and loss 0.56250. 
[2026-09-19 12:35:28,185]-[train.py line:168]:At epoch7 best acc: 76.97. 
[2026-09-19 12:35:28,185]-[train.py line:102]:
-------------- training epoch 8 -------------- 
[2026-09-19 12:35:28,510]-[trainutils.py line:416]:[EST:    7.08m][Process Time:    0.07s]- Epoch: 8 [0000/1330 (  0%)]	Losses: ce_loss-0.4619(0.4619) loss_tacl-0.0001(0.0001) loss_sacl-0.0104(0.0104) loss_event-0.0036(0.0036) loss_evidence-0.0000(0.0000) loss_query_diversity-0.0043(0.0043) loss_position-0.0000(0.0000) total_loss-0.4619(0.4619) 
[2026-09-19 12:36:00,808]-[trainutils.py line:416]:[EST:    6.61m][Process Time:    0.07s]- Epoch: 8 [0100/1330 (  8%)]	Losses: ce_loss-0.4195(0.3668) loss_tacl-0.0001(0.0001) loss_sacl-0.0102(0.0104) loss_event-0.0037(0.0034) loss_evidence-0.0003(0.0006) loss_query_diversity-0.0044(0.0043) loss_position-0.0000(0.0000) total_loss-0.4195(0.3668) 
[2026-09-19 12:36:34,106]-[trainutils.py line:416]:[EST:    6.17m][Process Time:    0.08s]- Epoch: 8 [0200/1330 ( 15%)]	Losses: ce_loss-0.3170(0.3712) loss_tacl-0.0001(0.0001) loss_sacl-0.0079(0.0102) loss_event-0.0028(0.0033) loss_evidence-0.0000(0.0007) loss_query_diversity-0.0044(0.0043) loss_position-0.0000(0.0000) total_loss-0.3170(0.3712) 
[2026-09-19 12:37:07,739]-[trainutils.py line:416]:[EST:    5.67m][Process Time:    0.08s]- Epoch: 8 [0300/1330 ( 23%)]	Losses: ce_loss-0.2852(0.3720) loss_tacl-0.0001(0.0001) loss_sacl-0.0081(0.0103) loss_event-0.0028(0.0033) loss_evidence-0.0003(0.0007) loss_query_diversity-0.0043(0.0043) loss_position-0.0000(0.0000) total_loss-0.2852(0.3720) 
[2026-09-19 12:37:40,251]-[trainutils.py line:416]:[EST:    5.10m][Process Time:    0.08s]- Epoch: 8 [0400/1330 ( 30%)]	Losses: ce_loss-0.3266(0.3759) loss_tacl-0.0001(0.0001) loss_sacl-0.0094(0.0102) loss_event-0.0033(0.0033) loss_evidence-0.0000(0.0007) loss_query_diversity-0.0043(0.0043) loss_position-0.0000(0.0000) total_loss-0.3266(0.3759) 
[2026-09-19 12:38:11,088]-[trainutils.py line:416]:[EST:    4.49m][Process Time:    0.07s]- Epoch: 8 [0500/1330 ( 38%)]	Losses: ce_loss-0.2519(0.3738) loss_tacl-0.0001(0.0001) loss_sacl-0.0117(0.0101) loss_event-0.0034(0.0032) loss_evidence-0.0000(0.0007) loss_query_diversity-0.0043(0.0043) loss_position-0.0000(0.0000) total_loss-0.2519(0.3738) 
[2026-09-19 12:38:43,361]-[trainutils.py line:416]:[EST:    3.95m][Process Time:    0.08s]- Epoch: 8 [0600/1330 ( 45%)]	Losses: ce_loss-0.3161(0.3723) loss_tacl-0.0001(0.0001) loss_sacl-0.0089(0.0100) loss_event-0.0031(0.0032) loss_evidence-0.0011(0.0007) loss_query_diversity-0.0043(0.0043) loss_position-0.0000(0.0000) total_loss-0.3161(0.3723) 
[2026-09-19 12:39:16,348]-[trainutils.py line:416]:[EST:    3.41m][Process Time:    0.08s]- Epoch: 8 [0700/1330 ( 53%)]	Losses: ce_loss-0.3480(0.3697) loss_tacl-0.0001(0.0001) loss_sacl-0.0104(0.0101) loss_event-0.0035(0.0032) loss_evidence-0.0002(0.0007) loss_query_diversity-0.0043(0.0043) loss_position-0.0000(0.0000) total_loss-0.3480(0.3697) 
[2026-09-19 12:39:48,782]-[trainutils.py line:416]:[EST:    2.87m][Process Time:    0.08s]- Epoch: 8 [0800/1330 ( 60%)]	Losses: ce_loss-0.5074(0.3710) loss_tacl-0.0001(0.0001) loss_sacl-0.0094(0.0100) loss_event-0.0038(0.0032) loss_evidence-0.0013(0.0006) loss_query_diversity-0.0043(0.0043) loss_position-0.0000(0.0000) total_loss-0.5074(0.3710) 
[2026-09-19 12:40:21,620]-[trainutils.py line:416]:[EST:    2.33m][Process Time:    0.07s]- Epoch: 8 [0900/1330 ( 68%)]	Losses: ce_loss-0.3577(0.3725) loss_tacl-0.0001(0.0001) loss_sacl-0.0084(0.0100) loss_event-0.0026(0.0033) loss_evidence-0.0008(0.0006) loss_query_diversity-0.0043(0.0043) loss_position-0.0000(0.0000) total_loss-0.3577(0.3725) 
[2026-09-19 12:40:53,622]-[trainutils.py line:416]:[EST:    1.78m][Process Time:    0.07s]- Epoch: 8 [1000/1330 ( 75%)]	Losses: ce_loss-0.3580(0.3713) loss_tacl-0.0001(0.0001) loss_sacl-0.0116(0.0100) loss_event-0.0040(0.0033) loss_evidence-0.0003(0.0006) loss_query_diversity-0.0043(0.0043) loss_position-0.0000(0.0000) total_loss-0.3580(0.3713) 
[2026-09-19 12:41:26,464]-[trainutils.py line:416]:[EST:    1.24m][Process Time:    0.08s]- Epoch: 8 [1100/1330 ( 83%)]	Losses: ce_loss-0.5081(0.3722) loss_tacl-0.0001(0.0001) loss_sacl-0.0098(0.0099) loss_event-0.0033(0.0033) loss_evidence-0.0014(0.0005) loss_query_diversity-0.0043(0.0043) loss_position-0.0000(0.0000) total_loss-0.5081(0.3722) 
[2026-09-19 12:42:00,957]-[trainutils.py line:416]:[EST:    0.70m][Process Time:    0.07s]- Epoch: 8 [1200/1330 ( 90%)]	Losses: ce_loss-0.3727(0.3726) loss_tacl-0.0001(0.0001) loss_sacl-0.0089(0.0099) loss_event-0.0030(0.0033) loss_evidence-0.0000(0.0005) loss_query_diversity-0.0044(0.0043) loss_position-0.0000(0.0000) total_loss-0.3727(0.3726) 
[2026-09-19 12:42:33,526]-[trainutils.py line:416]:[EST:    0.16m][Process Time:    0.08s]- Epoch: 8 [1300/1330 ( 98%)]	Losses: ce_loss-0.5225(0.3755) loss_tacl-0.0001(0.0001) loss_sacl-0.0086(0.0099) loss_event-0.0032(0.0033) loss_evidence-0.0000(0.0005) loss_query_diversity-0.0043(0.0043) loss_position-0.0000(0.0000) total_loss-0.5225(0.3755) 
[2026-09-19 12:42:42,891]-[trainutils.py line:416]:[EST:   -0.01m][Process Time:    0.08s]- Epoch: 8 [1330/1330 (100%)]	Losses: ce_loss-0.1310(0.3753) loss_tacl-0.0001(0.0001) loss_sacl-0.0102(0.0099) loss_event-0.0035(0.0032) loss_evidence-0.0000(0.0005) loss_query_diversity-0.0043(0.0043) loss_position-0.0000(0.0000) total_loss-0.1310(0.3753) 
[2026-09-19 12:42:44,081]-[train.py line:106]:
-------------- validation epoch 8 -------------- 
[2026-09-19 12:42:44,530]-[trainutils.py line:461]:Test progress:   0/95 
[2026-09-19 12:43:31,548]-[trainutils.py line:461]:Test progress:  95/95 
[2026-09-19 12:43:31,548]-[trainutils.py line:492]:Epoch 8 -           Audio/Counting accuracy: 84.54(432/511) 
[2026-09-19 12:43:31,549]-[trainutils.py line:492]:Epoch 8 -        Audio/Comparative accuracy: 63.05(186/295) 
[2026-09-19 12:43:31,550]-[trainutils.py line:497]:Epoch 8 -                    Audio accuracy: 76.67(618/806) 
[2026-09-19 12:43:31,551]-[trainutils.py line:492]:Epoch 8 -          Visual/Counting accuracy: 81.50(489/600) 
[2026-09-19 12:43:31,551]-[trainutils.py line:492]:Epoch 8 -          Visual/Location accuracy: 86.79(532/613) 
[2026-09-19 12:43:31,552]-[trainutils.py line:497]:Epoch 8 -                   Visual accuracy: 84.17(1021/1213) 
[2026-09-19 12:43:31,552]-[trainutils.py line:492]:Epoch 8 - Audio-Visual/Existential accuracy: 82.42(408/495) 
[2026-09-19 12:43:31,553]-[trainutils.py line:492]:Epoch 8 -    Audio-Visual/Counting accuracy: 76.46(484/633) 
[2026-09-19 12:43:31,553]-[trainutils.py line:492]:Epoch 8 -    Audio-Visual/Location accuracy: 64.43(297/461) 
[2026-09-19 12:43:31,553]-[trainutils.py line:492]:Epoch 8 - Audio-Visual/Comparative accuracy: 66.30(364/549) 
[2026-09-19 12:43:31,553]-[trainutils.py line:492]:Epoch 8 -    Audio-Visual/Temporal accuracy: 71.78(295/411) 
[2026-09-19 12:43:31,554]-[trainutils.py line:497]:Epoch 8 -             Audio-Visual accuracy: 72.50(1848/2549) 
[2026-09-19 12:43:31,554]-[trainutils.py line:501]:Epoch 8 -                    Total accuracy: 76.34(3487/4568) 
[2026-09-19 12:43:32,080]-[trainutils.py line:461]:Test progress:   0/95 
[2026-09-19 12:44:19,278]-[trainutils.py line:461]:Test progress:  95/95 
[2026-09-19 12:44:19,278]-[trainutils.py line:492]:Epoch 8 -           Audio/Counting accuracy: 86.69(443/511) 
[2026-09-19 12:44:19,279]-[trainutils.py line:492]:Epoch 8 -        Audio/Comparative accuracy: 62.37(184/295) 
[2026-09-19 12:44:19,279]-[trainutils.py line:497]:Epoch 8 -                    Audio accuracy: 77.79(627/806) 
[2026-09-19 12:44:19,279]-[trainutils.py line:492]:Epoch 8 -          Visual/Counting accuracy: 82.83(497/600) 
[2026-09-19 12:44:19,279]-[trainutils.py line:492]:Epoch 8 -          Visual/Location accuracy: 87.44(536/613) 
[2026-09-19 12:44:19,280]-[trainutils.py line:497]:Epoch 8 -                   Visual accuracy: 85.16(1033/1213) 
[2026-09-19 12:44:19,280]-[trainutils.py line:492]:Epoch 8 - Audio-Visual/Existential accuracy: 83.64(414/495) 
[2026-09-19 12:44:19,280]-[trainutils.py line:492]:Epoch 8 -    Audio-Visual/Counting accuracy: 78.04(494/633) 
[2026-09-19 12:44:19,282]-[trainutils.py line:492]:Epoch 8 -    Audio-Visual/Location accuracy: 68.33(315/461) 
[2026-09-19 12:44:19,282]-[trainutils.py line:492]:Epoch 8 - Audio-Visual/Comparative accuracy: 63.93(351/549) 
[2026-09-19 12:44:19,283]-[trainutils.py line:492]:Epoch 8 -    Audio-Visual/Temporal accuracy: 73.24(301/411) 
[2026-09-19 12:44:19,283]-[trainutils.py line:497]:Epoch 8 -             Audio-Visual accuracy: 73.56(1875/2549) 
[2026-09-19 12:44:19,283]-[trainutils.py line:501]:Epoch 8 -                    Total accuracy: 77.39(3535/4568) 
[2026-09-19 12:44:19,341]-[train.py line:151]:best model saved at epoch 8 with acc 77.38616462346761 (ema) 
[2026-09-19 12:44:19,407]-[train.py line:167]:Epoch 8 done with 77.39 and loss 0.56641. 
[2026-09-19 12:44:19,407]-[train.py line:168]:At epoch8 best acc: 77.39. 
[2026-09-19 12:44:19,407]-[train.py line:102]:
-------------- training epoch 9 -------------- 
[2026-09-19 12:44:19,767]-[trainutils.py line:416]:[EST:    7.87m][Process Time:    0.09s]- Epoch: 9 [0000/1330 (  0%)]	Losses: ce_loss-0.3818(0.3818) loss_tacl-0.0001(0.0001) loss_sacl-0.0070(0.0070) loss_event-0.0028(0.0028) loss_evidence-0.0000(0.0000) loss_query_diversity-0.0043(0.0043) loss_position-0.0000(0.0000) total_loss-0.3818(0.3818) 
[2026-09-19 12:44:52,970]-[trainutils.py line:416]:[EST:    6.81m][Process Time:    0.08s]- Epoch: 9 [0100/1330 (  8%)]	Losses: ce_loss-0.4822(0.3364) loss_tacl-0.0001(0.0001) loss_sacl-0.0098(0.0094) loss_event-0.0030(0.0031) loss_evidence-0.0004(0.0005) loss_query_diversity-0.0043(0.0043) loss_position-0.0000(0.0000) total_loss-0.4822(0.3364) 
[2026-09-19 12:45:27,533]-[trainutils.py line:416]:[EST:    6.38m][Process Time:    0.10s]- Epoch: 9 [0200/1330 ( 15%)]	Losses: ce_loss-0.3032(0.3253) loss_tacl-0.0001(0.0001) loss_sacl-0.0093(0.0096) loss_event-0.0024(0.0031) loss_evidence-0.0002(0.0006) loss_query_diversity-0.0043(0.0043) loss_position-0.0000(0.0000) total_loss-0.3032(0.3253) 
[2026-09-19 12:45:50,083]-[trainutils.py line:416]:[EST:    5.17m][Process Time:    0.05s]- Epoch: 9 [0300/1330 ( 23%)]	Losses: ce_loss-0.2397(0.3228) loss_tacl-0.0001(0.0001) loss_sacl-0.0078(0.0095) loss_event-0.0025(0.0031) loss_evidence-0.0008(0.0006) loss_query_diversity-0.0043(0.0043) loss_position-0.0000(0.0000) total_loss-0.2397(0.3228) 
[2026-09-19 12:46:11,077]-[trainutils.py line:416]:[EST:    4.31m][Process Time:    0.05s]- Epoch: 9 [0400/1330 ( 30%)]	Losses: ce_loss-0.3970(0.3192) loss_tacl-0.0001(0.0001) loss_sacl-0.0080(0.0094) loss_event-0.0023(0.0031) loss_evidence-0.0000(0.0007) loss_query_diversity-0.0043(0.0043) loss_position-0.0000(0.0000) total_loss-0.3970(0.3192) 
[2026-09-19 12:46:32,063]-[trainutils.py line:416]:[EST:    3.66m][Process Time:    0.05s]- Epoch: 9 [0500/1330 ( 38%)]	Losses: ce_loss-0.2371(0.3211) loss_tacl-0.0001(0.0001) loss_sacl-0.0086(0.0094) loss_event-0.0030(0.0031) loss_evidence-0.0000(0.0006) loss_query_diversity-0.0043(0.0043) loss_position-0.0000(0.0000) total_loss-0.2371(0.3211) 
[2026-09-19 12:46:52,818]-[trainutils.py line:416]:[EST:    3.10m][Process Time:    0.05s]- Epoch: 9 [0600/1330 ( 45%)]	Losses: ce_loss-0.3892(0.3218) loss_tacl-0.0001(0.0001) loss_sacl-0.0072(0.0094) loss_event-0.0025(0.0031) loss_evidence-0.0009(0.0006) loss_query_diversity-0.0043(0.0043) loss_position-0.0000(0.0000) total_loss-0.3892(0.3218) 
[2026-09-19 12:47:14,021]-[trainutils.py line:416]:[EST:    2.61m][Process Time:    0.05s]- Epoch: 9 [0700/1330 ( 53%)]	Losses: ce_loss-0.3176(0.3244) loss_tacl-0.0001(0.0001) loss_sacl-0.0090(0.0094) loss_event-0.0028(0.0031) loss_evidence-0.0009(0.0006) loss_query_diversity-0.0043(0.0043) loss_position-0.0000(0.0000) total_loss-0.3176(0.3244) 
[2026-09-19 12:47:35,721]-[trainutils.py line:416]:[EST:    2.16m][Process Time:    0.05s]- Epoch: 9 [0800/1330 ( 60%)]	Losses: ce_loss-0.4890(0.3249) loss_tacl-0.0001(0.0001) loss_sacl-0.0086(0.0093) loss_event-0.0032(0.0031) loss_evidence-0.0030(0.0006) loss_query_diversity-0.0044(0.0043) loss_position-0.0000(0.0000) total_loss-0.4890(0.3249) 
[2026-09-19 12:47:57,077]-[trainutils.py line:416]:[EST:    1.73m][Process Time:    0.05s]- Epoch: 9 [0900/1330 ( 68%)]	Losses: ce_loss-0.2963(0.3233) loss_tacl-0.0001(0.0001) loss_sacl-0.0094(0.0093) loss_event-0.0033(0.0031) loss_evidence-0.0009(0.0006) loss_query_diversity-0.0043(0.0043) loss_position-0.0000(0.0000) total_loss-0.2963(0.3233) 
[2026-09-19 12:48:19,799]-[trainutils.py line:416]:[EST:    1.32m][Process Time:    0.05s]- Epoch: 9 [1000/1330 ( 75%)]	Losses: ce_loss-0.3846(0.3253) loss_tacl-0.0001(0.0001) loss_sacl-0.0109(0.0093) loss_event-0.0041(0.0031) loss_evidence-0.0008(0.0005) loss_query_diversity-0.0043(0.0043) loss_position-0.0000(0.0000) total_loss-0.3846(0.3253) 
[2026-09-19 12:48:47,810]-[trainutils.py line:416]:[EST:    0.93m][Process Time:    0.11s]- Epoch: 9 [1100/1330 ( 83%)]	Losses: ce_loss-0.3198(0.3262) loss_tacl-0.0001(0.0001) loss_sacl-0.0112(0.0093) loss_event-0.0037(0.0031) loss_evidence-0.0011(0.0005) loss_query_diversity-0.0043(0.0043) loss_position-0.0000(0.0000) total_loss-0.3198(0.3262) 
[2026-09-19 12:49:17,425]-[trainutils.py line:416]:[EST:    0.53m][Process Time:    0.07s]- Epoch: 9 [1200/1330 ( 90%)]	Losses: ce_loss-0.3473(0.3269) loss_tacl-0.0001(0.0001) loss_sacl-0.0093(0.0093) loss_event-0.0031(0.0031) loss_evidence-0.0000(0.0005) loss_query_diversity-0.0044(0.0043) loss_position-0.0000(0.0000) total_loss-0.3473(0.3269) 
[2026-09-19 12:49:47,996]-[trainutils.py line:416]:[EST:    0.12m][Process Time:    0.07s]- Epoch: 9 [1300/1330 ( 98%)]	Losses: ce_loss-0.3391(0.3287) loss_tacl-0.0001(0.0001) loss_sacl-0.0091(0.0093) loss_event-0.0028(0.0031) loss_evidence-0.0000(0.0005) loss_query_diversity-0.0043(0.0043) loss_position-0.0000(0.0000) total_loss-0.3391(0.3287) 
[2026-09-19 12:49:57,407]-[trainutils.py line:416]:[EST:   -0.00m][Process Time:    0.10s]- Epoch: 9 [1330/1330 (100%)]	Losses: ce_loss-0.4907(0.3286) loss_tacl-0.0001(0.0001) loss_sacl-0.0080(0.0093) loss_event-0.0027(0.0031) loss_evidence-0.0000(0.0005) loss_query_diversity-0.0043(0.0043) loss_position-0.0000(0.0000) total_loss-0.4907(0.3286) 
[2026-09-19 12:49:59,023]-[train.py line:106]:
-------------- validation epoch 9 -------------- 
[2026-09-19 12:49:59,529]-[trainutils.py line:461]:Test progress:   0/95 
[2026-09-19 12:50:45,899]-[trainutils.py line:461]:Test progress:  95/95 
[2026-09-19 12:50:45,901]-[trainutils.py line:492]:Epoch 9 -           Audio/Counting accuracy: 87.08(445/511) 
[2026-09-19 12:50:45,901]-[trainutils.py line:492]:Epoch 9 -        Audio/Comparative accuracy: 63.05(186/295) 
[2026-09-19 12:50:45,902]-[trainutils.py line:497]:Epoch 9 -                    Audio accuracy: 78.29(631/806) 
[2026-09-19 12:50:45,904]-[trainutils.py line:492]:Epoch 9 -          Visual/Counting accuracy: 81.00(486/600) 
[2026-09-19 12:50:45,904]-[trainutils.py line:492]:Epoch 9 -          Visual/Location accuracy: 88.09(540/613) 
[2026-09-19 12:50:45,904]-[trainutils.py line:497]:Epoch 9 -                   Visual accuracy: 84.58(1026/1213) 
[2026-09-19 12:50:45,904]-[trainutils.py line:492]:Epoch 9 - Audio-Visual/Existential accuracy: 82.63(409/495) 
[2026-09-19 12:50:45,905]-[trainutils.py line:492]:Epoch 9 -    Audio-Visual/Counting accuracy: 77.09(488/633) 
[2026-09-19 12:50:45,905]-[trainutils.py line:492]:Epoch 9 -    Audio-Visual/Location accuracy: 66.38(306/461) 
[2026-09-19 12:50:45,905]-[trainutils.py line:492]:Epoch 9 - Audio-Visual/Comparative accuracy: 63.02(346/549) 
[2026-09-19 12:50:45,905]-[trainutils.py line:492]:Epoch 9 -    Audio-Visual/Temporal accuracy: 69.83(287/411) 
[2026-09-19 12:50:45,906]-[trainutils.py line:497]:Epoch 9 -             Audio-Visual accuracy: 72.03(1836/2549) 
[2026-09-19 12:50:45,906]-[trainutils.py line:501]:Epoch 9 -                    Total accuracy: 76.47(3493/4568) 
[2026-09-19 12:50:46,409]-[trainutils.py line:461]:Test progress:   0/95 
[2026-09-19 12:51:33,308]-[trainutils.py line:461]:Test progress:  95/95 
[2026-09-19 12:51:33,309]-[trainutils.py line:492]:Epoch 9 -           Audio/Counting accuracy: 85.91(439/511) 
[2026-09-19 12:51:33,310]-[trainutils.py line:492]:Epoch 9 -        Audio/Comparative accuracy: 62.03(183/295) 
[2026-09-19 12:51:33,310]-[trainutils.py line:497]:Epoch 9 -                    Audio accuracy: 77.17(622/806) 
[2026-09-19 12:51:33,310]-[trainutils.py line:492]:Epoch 9 -          Visual/Counting accuracy: 82.67(496/600) 
[2026-09-19 12:51:33,311]-[trainutils.py line:492]:Epoch 9 -          Visual/Location accuracy: 88.58(543/613) 
[2026-09-19 12:51:33,311]-[trainutils.py line:497]:Epoch 9 -                   Visual accuracy: 85.66(1039/1213) 
[2026-09-19 12:51:33,311]-[trainutils.py line:492]:Epoch 9 - Audio-Visual/Existential accuracy: 83.43(413/495) 
[2026-09-19 12:51:33,311]-[trainutils.py line:492]:Epoch 9 -    Audio-Visual/Counting accuracy: 78.52(497/633) 
[2026-09-19 12:51:33,312]-[trainutils.py line:492]:Epoch 9 -    Audio-Visual/Location accuracy: 69.63(321/461) 
[2026-09-19 12:51:33,312]-[trainutils.py line:492]:Epoch 9 - Audio-Visual/Comparative accuracy: 65.21(358/549) 
[2026-09-19 12:51:33,313]-[trainutils.py line:492]:Epoch 9 -    Audio-Visual/Temporal accuracy: 73.72(303/411) 
[2026-09-19 12:51:33,313]-[trainutils.py line:497]:Epoch 9 -             Audio-Visual accuracy: 74.23(1892/2549) 
[2026-09-19 12:51:33,314]-[trainutils.py line:501]:Epoch 9 -                    Total accuracy: 77.78(3553/4568) 
[2026-09-19 12:51:33,394]-[train.py line:151]:best model saved at epoch 9 with acc 77.78021015761821 (ema) 
[2026-09-19 12:51:33,472]-[train.py line:167]:Epoch 9 done with 77.78 and loss 0.57812. 
[2026-09-19 12:51:33,472]-[train.py line:168]:At epoch9 best acc: 77.78. 
[2026-09-19 12:51:33,472]-[train.py line:102]:
-------------- training epoch 10 -------------- 
[2026-09-19 12:51:33,788]-[trainutils.py line:416]:[EST:    6.86m][Process Time:    0.07s]- Epoch: 10 [0000/1330 (  0%)]	Losses: ce_loss-0.2507(0.2507) loss_tacl-0.0001(0.0001) loss_sacl-0.0072(0.0072) loss_event-0.0028(0.0028) loss_evidence-0.0000(0.0000) loss_query_diversity-0.0044(0.0044) loss_position-0.0000(0.0000) total_loss-0.2507(0.2507) 
[2026-09-19 12:52:05,474]-[trainutils.py line:416]:[EST:    6.49m][Process Time:    0.07s]- Epoch: 10 [0100/1330 (  8%)]	Losses: ce_loss-0.2583(0.2745) loss_tacl-0.0001(0.0001) loss_sacl-0.0091(0.0090) loss_event-0.0029(0.0032) loss_evidence-0.0002(0.0005) loss_query_diversity-0.0044(0.0043) loss_position-0.0000(0.0000) total_loss-0.2583(0.2745) 
[2026-09-19 12:52:38,315]-[trainutils.py line:416]:[EST:    6.07m][Process Time:    0.07s]- Epoch: 10 [0200/1330 ( 15%)]	Losses: ce_loss-0.3904(0.2745) loss_tacl-0.0001(0.0001) loss_sacl-0.0091(0.0090) loss_event-0.0028(0.0032) loss_evidence-0.0000(0.0006) loss_query_diversity-0.0043(0.0043) loss_position-0.0000(0.0000) total_loss-0.3904(0.2745) 
[2026-09-19 12:53:09,655]-[trainutils.py line:416]:[EST:    5.48m][Process Time:    0.07s]- Epoch: 10 [0300/1330 ( 23%)]	Losses: ce_loss-0.1572(0.2790) loss_tacl-0.0001(0.0001) loss_sacl-0.0110(0.0090) loss_event-0.0042(0.0032) loss_evidence-0.0010(0.0006) loss_query_diversity-0.0043(0.0043) loss_position-0.0000(0.0000) total_loss-0.1572(0.2790) 
[2026-09-19 12:53:41,488]-[trainutils.py line:416]:[EST:    4.94m][Process Time:    0.08s]- Epoch: 10 [0400/1330 ( 30%)]	Losses: ce_loss-0.2762(0.2804) loss_tacl-0.0001(0.0001) loss_sacl-0.0068(0.0090) loss_event-0.0033(0.0032) loss_evidence-0.0000(0.0006) loss_query_diversity-0.0043(0.0043) loss_position-0.0000(0.0000) total_loss-0.2762(0.2804) 
[2026-09-19 12:54:13,657]-[trainutils.py line:416]:[EST:    4.42m][Process Time:    0.07s]- Epoch: 10 [0500/1330 ( 38%)]	Losses: ce_loss-0.1637(0.2827) loss_tacl-0.0001(0.0001) loss_sacl-0.0060(0.0089) loss_event-0.0022(0.0032) loss_evidence-0.0003(0.0006) loss_query_diversity-0.0044(0.0043) loss_position-0.0000(0.0000) total_loss-0.1637(0.2827) 
[2026-09-19 12:54:46,377]-[trainutils.py line:416]:[EST:    3.90m][Process Time:    0.07s]- Epoch: 10 [0600/1330 ( 45%)]	Losses: ce_loss-0.1790(0.2814) loss_tacl-0.0001(0.0001) loss_sacl-0.0096(0.0088) loss_event-0.0036(0.0032) loss_evidence-0.0000(0.0005) loss_query_diversity-0.0043(0.0043) loss_position-0.0000(0.0000) total_loss-0.1790(0.2814) 
[2026-09-19 12:55:17,609]-[trainutils.py line:416]:[EST:    3.35m][Process Time:    0.07s]- Epoch: 10 [0700/1330 ( 53%)]	Losses: ce_loss-0.3059(0.2815) loss_tacl-0.0001(0.0001) loss_sacl-0.0080(0.0088) loss_event-0.0030(0.0032) loss_evidence-0.0000(0.0005) loss_query_diversity-0.0043(0.0043) loss_position-0.0000(0.0000) total_loss-0.3059(0.2815) 
[2026-09-19 12:55:48,400]-[trainutils.py line:416]:[EST:    2.81m][Process Time:    0.07s]- Epoch: 10 [0800/1330 ( 60%)]	Losses: ce_loss-0.1956(0.2837) loss_tacl-0.0001(0.0001) loss_sacl-0.0103(0.0088) loss_event-0.0040(0.0032) loss_evidence-0.0000(0.0005) loss_query_diversity-0.0044(0.0043) loss_position-0.0000(0.0000) total_loss-0.1956(0.2837) 
[2026-09-19 12:56:19,856]-[trainutils.py line:416]:[EST:    2.27m][Process Time:    0.07s]- Epoch: 10 [0900/1330 ( 68%)]	Losses: ce_loss-0.1633(0.2855) loss_tacl-0.0001(0.0001) loss_sacl-0.0095(0.0088) loss_event-0.0029(0.0032) loss_evidence-0.0000(0.0005) loss_query_diversity-0.0043(0.0043) loss_position-0.0000(0.0000) total_loss-0.1633(0.2855) 
[2026-09-19 12:56:51,364]-[trainutils.py line:416]:[EST:    1.74m][Process Time:    0.07s]- Epoch: 10 [1000/1330 ( 75%)]	Losses: ce_loss-0.3472(0.2857) loss_tacl-0.0001(0.0001) loss_sacl-0.0077(0.0088) loss_event-0.0030(0.0032) loss_evidence-0.0014(0.0005) loss_query_diversity-0.0044(0.0043) loss_position-0.0000(0.0000) total_loss-0.3472(0.2857) 
[2026-09-19 12:57:22,414]-[trainutils.py line:416]:[EST:    1.21m][Process Time:    0.07s]- Epoch: 10 [1100/1330 ( 83%)]	Losses: ce_loss-0.7099(0.2870) loss_tacl-0.0001(0.0001) loss_sacl-0.0075(0.0088) loss_event-0.0025(0.0032) loss_evidence-0.0023(0.0005) loss_query_diversity-0.0043(0.0043) loss_position-0.0000(0.0000) total_loss-0.7099(0.2870) 
[2026-09-19 12:57:53,817]-[trainutils.py line:416]:[EST:    0.68m][Process Time:    0.07s]- Epoch: 10 [1200/1330 ( 90%)]	Losses: ce_loss-0.2372(0.2877) loss_tacl-0.0001(0.0001) loss_sacl-0.0077(0.0088) loss_event-0.0027(0.0032) loss_evidence-0.0005(0.0005) loss_query_diversity-0.0043(0.0043) loss_position-0.0000(0.0000) total_loss-0.2372(0.2877) 
[2026-09-19 12:58:25,800]-[trainutils.py line:416]:[EST:    0.15m][Process Time:    0.07s]- Epoch: 10 [1300/1330 ( 98%)]	Losses: ce_loss-0.3178(0.2879) loss_tacl-0.0001(0.0001) loss_sacl-0.0079(0.0087) loss_event-0.0028(0.0032) loss_evidence-0.0005(0.0004) loss_query_diversity-0.0043(0.0043) loss_position-0.0000(0.0000) total_loss-0.3178(0.2879) 
[2026-09-19 12:58:35,204]-[trainutils.py line:416]:[EST:   -0.01m][Process Time:    0.07s]- Epoch: 10 [1330/1330 (100%)]	Losses: ce_loss-0.3215(0.2881) loss_tacl-0.0001(0.0001) loss_sacl-0.0095(0.0087) loss_event-0.0038(0.0032) loss_evidence-0.0000(0.0004) loss_query_diversity-0.0043(0.0043) loss_position-0.0000(0.0000) total_loss-0.3215(0.2881) 
[2026-09-19 12:58:36,342]-[train.py line:106]:
-------------- validation epoch 10 -------------- 
[2026-09-19 12:58:36,801]-[trainutils.py line:461]:Test progress:   0/95 
[2026-09-19 12:59:22,652]-[trainutils.py line:461]:Test progress:  95/95 
[2026-09-19 12:59:22,653]-[trainutils.py line:492]:Epoch 10 -           Audio/Counting accuracy: 85.13(435/511) 
[2026-09-19 12:59:22,653]-[trainutils.py line:492]:Epoch 10 -        Audio/Comparative accuracy: 61.02(180/295) 
[2026-09-19 12:59:22,654]-[trainutils.py line:497]:Epoch 10 -                    Audio accuracy: 76.30(615/806) 
[2026-09-19 12:59:22,654]-[trainutils.py line:492]:Epoch 10 -          Visual/Counting accuracy: 82.00(492/600) 
[2026-09-19 12:59:22,654]-[trainutils.py line:492]:Epoch 10 -          Visual/Location accuracy: 87.28(535/613) 
[2026-09-19 12:59:22,654]-[trainutils.py line:497]:Epoch 10 -                   Visual accuracy: 84.67(1027/1213) 
[2026-09-19 12:59:22,654]-[trainutils.py line:492]:Epoch 10 - Audio-Visual/Existential accuracy: 83.43(413/495) 
[2026-09-19 12:59:22,655]-[trainutils.py line:492]:Epoch 10 -    Audio-Visual/Counting accuracy: 76.30(483/633) 
[2026-09-19 12:59:22,655]-[trainutils.py line:492]:Epoch 10 -    Audio-Visual/Location accuracy: 68.55(316/461) 
[2026-09-19 12:59:22,655]-[trainutils.py line:492]:Epoch 10 - Audio-Visual/Comparative accuracy: 61.57(338/549) 
[2026-09-19 12:59:22,656]-[trainutils.py line:492]:Epoch 10 -    Audio-Visual/Temporal accuracy: 74.45(306/411) 
[2026-09-19 12:59:22,656]-[trainutils.py line:497]:Epoch 10 -             Audio-Visual accuracy: 72.81(1856/2549) 
[2026-09-19 12:59:22,656]-[trainutils.py line:501]:Epoch 10 -                    Total accuracy: 76.58(3498/4568) 
[2026-09-19 12:59:23,176]-[trainutils.py line:461]:Test progress:   0/95 
[2026-09-19 13:00:08,572]-[trainutils.py line:461]:Test progress:  95/95 
[2026-09-19 13:00:08,573]-[trainutils.py line:492]:Epoch 10 -           Audio/Counting accuracy: 85.91(439/511) 
[2026-09-19 13:00:08,574]-[trainutils.py line:492]:Epoch 10 -        Audio/Comparative accuracy: 64.07(189/295) 
[2026-09-19 13:00:08,574]-[trainutils.py line:497]:Epoch 10 -                    Audio accuracy: 77.92(628/806) 
[2026-09-19 13:00:08,574]-[trainutils.py line:492]:Epoch 10 -          Visual/Counting accuracy: 82.83(497/600) 
[2026-09-19 13:00:08,574]-[trainutils.py line:492]:Epoch 10 -          Visual/Location accuracy: 88.74(544/613) 
[2026-09-19 13:00:08,574]-[trainutils.py line:497]:Epoch 10 -                   Visual accuracy: 85.82(1041/1213) 
[2026-09-19 13:00:08,574]-[trainutils.py line:492]:Epoch 10 - Audio-Visual/Existential accuracy: 82.63(409/495) 
[2026-09-19 13:00:08,575]-[trainutils.py line:492]:Epoch 10 -    Audio-Visual/Counting accuracy: 78.83(499/633) 
[2026-09-19 13:00:08,575]-[trainutils.py line:492]:Epoch 10 -    Audio-Visual/Location accuracy: 70.07(323/461) 
[2026-09-19 13:00:08,576]-[trainutils.py line:492]:Epoch 10 - Audio-Visual/Comparative accuracy: 64.66(355/549) 
[2026-09-19 13:00:08,576]-[trainutils.py line:492]:Epoch 10 -    Audio-Visual/Temporal accuracy: 72.26(297/411) 
[2026-09-19 13:00:08,577]-[trainutils.py line:497]:Epoch 10 -             Audio-Visual accuracy: 73.87(1883/2549) 
[2026-09-19 13:00:08,577]-[trainutils.py line:501]:Epoch 10 -                    Total accuracy: 77.76(3552/4568) 
[2026-09-19 13:00:08,584]-[train.py line:167]:Epoch 10 done with 77.76 and loss 0.58594. 
[2026-09-19 13:00:08,584]-[train.py line:168]:At epoch9 best acc: 77.78. 
[2026-09-19 13:00:08,584]-[train.py line:102]:
-------------- training epoch 11 -------------- 
[2026-09-19 13:00:08,900]-[trainutils.py line:416]:[EST:    6.94m][Process Time:    0.08s]- Epoch: 11 [0000/1330 (  0%)]	Losses: ce_loss-0.2513(0.2513) loss_tacl-0.0001(0.0001) loss_sacl-0.0076(0.0076) loss_event-0.0026(0.0026) loss_evidence-0.0000(0.0000) loss_query_diversity-0.0043(0.0043) loss_position-0.0000(0.0000) total_loss-0.2513(0.2513) 
[2026-09-19 13:00:39,879]-[trainutils.py line:416]:[EST:    6.35m][Process Time:    0.07s]- Epoch: 11 [0100/1330 (  8%)]	Losses: ce_loss-0.2713(0.2539) loss_tacl-0.0001(0.0001) loss_sacl-0.0081(0.0082) loss_event-0.0029(0.0029) loss_evidence-0.0000(0.0004) loss_query_diversity-0.0043(0.0043) loss_position-0.0000(0.0000) total_loss-0.2713(0.2539) 
[2026-09-19 13:01:10,815]-[trainutils.py line:416]:[EST:    5.83m][Process Time:    0.07s]- Epoch: 11 [0200/1330 ( 15%)]	Losses: ce_loss-0.2971(0.2468) loss_tacl-0.0001(0.0001) loss_sacl-0.0091(0.0085) loss_event-0.0029(0.0031) loss_evidence-0.0000(0.0004) loss_query_diversity-0.0043(0.0043) loss_position-0.0000(0.0000) total_loss-0.2971(0.2468) 
[2026-09-19 13:01:41,860]-[trainutils.py line:416]:[EST:    5.31m][Process Time:    0.07s]- Epoch: 11 [0300/1330 ( 23%)]	Losses: ce_loss-0.1665(0.2461) loss_tacl-0.0001(0.0001) loss_sacl-0.0071(0.0084) loss_event-0.0030(0.0031) loss_evidence-0.0008(0.0005) loss_query_diversity-0.0043(0.0043) loss_position-0.0000(0.0000) total_loss-0.1665(0.2461) 
[2026-09-19 13:02:11,732]-[trainutils.py line:416]:[EST:    4.75m][Process Time:    0.07s]- Epoch: 11 [0400/1330 ( 30%)]	Losses: ce_loss-0.2008(0.2486) loss_tacl-0.0001(0.0001) loss_sacl-0.0071(0.0084) loss_event-0.0028(0.0031) loss_evidence-0.0000(0.0005) loss_query_diversity-0.0043(0.0043) loss_position-0.0000(0.0000) total_loss-0.2008(0.2486) 
[2026-09-19 13:02:43,383]-[trainutils.py line:416]:[EST:    4.27m][Process Time:    0.07s]- Epoch: 11 [0500/1330 ( 38%)]	Losses: ce_loss-0.2082(0.2493) loss_tacl-0.0001(0.0001) loss_sacl-0.0060(0.0084) loss_event-0.0030(0.0031) loss_evidence-0.0002(0.0005) loss_query_diversity-0.0044(0.0043) loss_position-0.0000(0.0000) total_loss-0.2082(0.2493) 
[2026-09-19 13:03:16,719]-[trainutils.py line:416]:[EST:    3.80m][Process Time:    0.07s]- Epoch: 11 [0600/1330 ( 45%)]	Losses: ce_loss-0.4358(0.2507) loss_tacl-0.0001(0.0001) loss_sacl-0.0062(0.0083) loss_event-0.0029(0.0031) loss_evidence-0.0006(0.0005) loss_query_diversity-0.0043(0.0043) loss_position-0.0000(0.0000) total_loss-0.4358(0.2507) 
[2026-09-19 13:03:48,090]-[trainutils.py line:416]:[EST:    3.28m][Process Time:    0.08s]- Epoch: 11 [0700/1330 ( 53%)]	Losses: ce_loss-0.0972(0.2502) loss_tacl-0.0001(0.0001) loss_sacl-0.0081(0.0083) loss_event-0.0032(0.0031) loss_evidence-0.0003(0.0005) loss_query_diversity-0.0043(0.0043) loss_position-0.0000(0.0000) total_loss-0.0972(0.2502) 
[2026-09-19 13:04:18,960]-[trainutils.py line:416]:[EST:    2.76m][Process Time:    0.07s]- Epoch: 11 [0800/1330 ( 60%)]	Losses: ce_loss-0.2814(0.2504) loss_tacl-0.0001(0.0001) loss_sacl-0.0089(0.0083) loss_event-0.0033(0.0031) loss_evidence-0.0005(0.0005) loss_query_diversity-0.0044(0.0043) loss_position-0.0000(0.0000) total_loss-0.2814(0.2504) 
[2026-09-19 13:04:50,073]-[trainutils.py line:416]:[EST:    2.23m][Process Time:    0.06s]- Epoch: 11 [0900/1330 ( 68%)]	Losses: ce_loss-0.1857(0.2499) loss_tacl-0.0001(0.0001) loss_sacl-0.0082(0.0083) loss_event-0.0030(0.0031) loss_evidence-0.0003(0.0005) loss_query_diversity-0.0043(0.0043) loss_position-0.0000(0.0000) total_loss-0.1857(0.2499) 
[2026-09-19 13:05:21,589]-[trainutils.py line:416]:[EST:    1.71m][Process Time:    0.07s]- Epoch: 11 [1000/1330 ( 75%)]	Losses: ce_loss-0.2920(0.2492) loss_tacl-0.0001(0.0001) loss_sacl-0.0090(0.0083) loss_event-0.0033(0.0031) loss_evidence-0.0000(0.0005) loss_query_diversity-0.0043(0.0043) loss_position-0.0000(0.0000) total_loss-0.2920(0.2492) 
[2026-09-19 13:05:52,986]-[trainutils.py line:416]:[EST:    1.19m][Process Time:    0.07s]- Epoch: 11 [1100/1330 ( 83%)]	Losses: ce_loss-0.1936(0.2503) loss_tacl-0.0001(0.0001) loss_sacl-0.0072(0.0083) loss_event-0.0028(0.0031) loss_evidence-0.0000(0.0005) loss_query_diversity-0.0043(0.0043) loss_position-0.0000(0.0000) total_loss-0.1936(0.2503) 
[2026-09-19 13:06:24,723]-[trainutils.py line:416]:[EST:    0.67m][Process Time:    0.07s]- Epoch: 11 [1200/1330 ( 90%)]	Losses: ce_loss-0.3504(0.2510) loss_tacl-0.0001(0.0001) loss_sacl-0.0067(0.0083) loss_event-0.0025(0.0031) loss_evidence-0.0000(0.0004) loss_query_diversity-0.0043(0.0043) loss_position-0.0000(0.0000) total_loss-0.3504(0.2510) 
[2026-09-19 13:06:56,398]-[trainutils.py line:416]:[EST:    0.15m][Process Time:    0.07s]- Epoch: 11 [1300/1330 ( 98%)]	Losses: ce_loss-0.2353(0.2513) loss_tacl-0.0001(0.0001) loss_sacl-0.0088(0.0083) loss_event-0.0035(0.0031) loss_evidence-0.0000(0.0004) loss_query_diversity-0.0043(0.0043) loss_position-0.0000(0.0000) total_loss-0.2353(0.2513) 
[2026-09-19 13:07:05,574]-[trainutils.py line:416]:[EST:   -0.01m][Process Time:    0.08s]- Epoch: 11 [1330/1330 (100%)]	Losses: ce_loss-0.1645(0.2509) loss_tacl-0.0001(0.0001) loss_sacl-0.0097(0.0083) loss_event-0.0042(0.0031) loss_evidence-0.0000(0.0004) loss_query_diversity-0.0043(0.0043) loss_position-0.0000(0.0000) total_loss-0.1645(0.2509) 
[2026-09-19 13:07:06,685]-[train.py line:106]:
-------------- validation epoch 11 -------------- 
[2026-09-19 13:07:07,117]-[trainutils.py line:461]:Test progress:   0/95 
[2026-09-19 13:07:51,806]-[trainutils.py line:461]:Test progress:  95/95 
[2026-09-19 13:07:51,807]-[trainutils.py line:492]:Epoch 11 -           Audio/Counting accuracy: 84.93(434/511) 
[2026-09-19 13:07:51,808]-[trainutils.py line:492]:Epoch 11 -        Audio/Comparative accuracy: 61.69(182/295) 
[2026-09-19 13:07:51,808]-[trainutils.py line:497]:Epoch 11 -                    Audio accuracy: 76.43(616/806) 
[2026-09-19 13:07:51,808]-[trainutils.py line:492]:Epoch 11 -          Visual/Counting accuracy: 82.00(492/600) 
[2026-09-19 13:07:51,808]-[trainutils.py line:492]:Epoch 11 -          Visual/Location accuracy: 88.58(543/613) 
[2026-09-19 13:07:51,808]-[trainutils.py line:497]:Epoch 11 -                   Visual accuracy: 85.33(1035/1213) 
[2026-09-19 13:07:51,808]-[trainutils.py line:492]:Epoch 11 - Audio-Visual/Existential accuracy: 82.02(406/495) 
[2026-09-19 13:07:51,810]-[trainutils.py line:492]:Epoch 11 -    Audio-Visual/Counting accuracy: 77.25(489/633) 
[2026-09-19 13:07:51,810]-[trainutils.py line:492]:Epoch 11 -    Audio-Visual/Location accuracy: 69.63(321/461) 
[2026-09-19 13:07:51,811]-[trainutils.py line:492]:Epoch 11 - Audio-Visual/Comparative accuracy: 63.75(350/549) 
[2026-09-19 13:07:51,811]-[trainutils.py line:492]:Epoch 11 -    Audio-Visual/Temporal accuracy: 74.21(305/411) 
[2026-09-19 13:07:51,811]-[trainutils.py line:497]:Epoch 11 -             Audio-Visual accuracy: 73.40(1871/2549) 
[2026-09-19 13:07:51,811]-[trainutils.py line:501]:Epoch 11 -                    Total accuracy: 77.10(3522/4568) 
[2026-09-19 13:07:52,290]-[trainutils.py line:461]:Test progress:   0/95 
[2026-09-19 13:08:35,900]-[trainutils.py line:461]:Test progress:  95/95 
[2026-09-19 13:08:35,900]-[trainutils.py line:492]:Epoch 11 -           Audio/Counting accuracy: 86.11(440/511) 
[2026-09-19 13:08:35,902]-[trainutils.py line:492]:Epoch 11 -        Audio/Comparative accuracy: 61.69(182/295) 
[2026-09-19 13:08:35,902]-[trainutils.py line:497]:Epoch 11 -                    Audio accuracy: 77.17(622/806) 
[2026-09-19 13:08:35,903]-[trainutils.py line:492]:Epoch 11 -          Visual/Counting accuracy: 83.00(498/600) 
[2026-09-19 13:08:35,903]-[trainutils.py line:492]:Epoch 11 -          Visual/Location accuracy: 88.58(543/613) 
[2026-09-19 13:08:35,903]-[trainutils.py line:497]:Epoch 11 -                   Visual accuracy: 85.82(1041/1213) 
[2026-09-19 13:08:35,903]-[trainutils.py line:492]:Epoch 11 - Audio-Visual/Existential accuracy: 83.23(412/495) 
[2026-09-19 13:08:35,903]-[trainutils.py line:492]:Epoch 11 -    Audio-Visual/Counting accuracy: 77.88(493/633) 
[2026-09-19 13:08:35,904]-[trainutils.py line:492]:Epoch 11 -    Audio-Visual/Location accuracy: 70.07(323/461) 
[2026-09-19 13:08:35,904]-[trainutils.py line:492]:Epoch 11 - Audio-Visual/Comparative accuracy: 64.30(353/549) 
[2026-09-19 13:08:35,904]-[trainutils.py line:492]:Epoch 11 -    Audio-Visual/Temporal accuracy: 72.75(299/411) 
[2026-09-19 13:08:35,904]-[trainutils.py line:497]:Epoch 11 -             Audio-Visual accuracy: 73.75(1880/2549) 
[2026-09-19 13:08:35,904]-[trainutils.py line:501]:Epoch 11 -                    Total accuracy: 77.56(3543/4568) 
[2026-09-19 13:08:35,910]-[train.py line:167]:Epoch 11 done with 77.56 and loss 0.61328. 
[2026-09-19 13:08:35,911]-[train.py line:168]:At epoch9 best acc: 77.78. 
[2026-09-19 13:08:35,911]-[train.py line:102]:
-------------- training epoch 12 -------------- 
[2026-09-19 13:08:36,214]-[trainutils.py line:416]:[EST:    6.56m][Process Time:    0.07s]- Epoch: 12 [0000/1330 (  0%)]	Losses: ce_loss-0.3741(0.3741) loss_tacl-0.0001(0.0001) loss_sacl-0.0077(0.0077) loss_event-0.0028(0.0028) loss_evidence-0.0000(0.0000) loss_query_diversity-0.0043(0.0043) loss_position-0.0000(0.0000) total_loss-0.3741(0.3741) 
[2026-09-19 13:09:07,303]-[trainutils.py line:416]:[EST:    6.37m][Process Time:    0.07s]- Epoch: 12 [0100/1330 (  8%)]	Losses: ce_loss-0.2246(0.2115) loss_tacl-0.0001(0.0001) loss_sacl-0.0087(0.0082) loss_event-0.0035(0.0031) loss_evidence-0.0000(0.0004) loss_query_diversity-0.0043(0.0043) loss_position-0.0000(0.0000) total_loss-0.2246(0.2115) 
[2026-09-19 13:09:36,647]-[trainutils.py line:416]:[EST:    5.69m][Process Time:    0.07s]- Epoch: 12 [0200/1330 ( 15%)]	Losses: ce_loss-0.1718(0.2093) loss_tacl-0.0001(0.0001) loss_sacl-0.0067(0.0081) loss_event-0.0024(0.0031) loss_evidence-0.0000(0.0005) loss_query_diversity-0.0043(0.0043) loss_position-0.0000(0.0000) total_loss-0.1718(0.2093) 
[2026-09-19 13:10:05,837]-[trainutils.py line:416]:[EST:    5.12m][Process Time:    0.07s]- Epoch: 12 [0300/1330 ( 23%)]	Losses: ce_loss-0.1597(0.2126) loss_tacl-0.0001(0.0001) loss_sacl-0.0080(0.0081) loss_event-0.0028(0.0031) loss_evidence-0.0000(0.0004) loss_query_diversity-0.0043(0.0043) loss_position-0.0000(0.0000) total_loss-0.1597(0.2126) 
[2026-09-19 13:10:36,292]-[trainutils.py line:416]:[EST:    4.65m][Process Time:    0.07s]- Epoch: 12 [0400/1330 ( 30%)]	Losses: ce_loss-0.0545(0.2117) loss_tacl-0.0001(0.0001) loss_sacl-0.0070(0.0081) loss_event-0.0033(0.0031) loss_evidence-0.0011(0.0005) loss_query_diversity-0.0043(0.0043) loss_position-0.0000(0.0000) total_loss-0.0545(0.2117) 
[2026-09-19 13:11:06,490]-[trainutils.py line:416]:[EST:    4.15m][Process Time:    0.07s]- Epoch: 12 [0500/1330 ( 38%)]	Losses: ce_loss-0.1894(0.2182) loss_tacl-0.0001(0.0001) loss_sacl-0.0092(0.0080) loss_event-0.0036(0.0031) loss_evidence-0.0000(0.0005) loss_query_diversity-0.0043(0.0043) loss_position-0.0000(0.0000) total_loss-0.1894(0.2182) 
[2026-09-19 13:11:37,050]-[trainutils.py line:416]:[EST:    3.66m][Process Time:    0.07s]- Epoch: 12 [0600/1330 ( 45%)]	Losses: ce_loss-0.2536(0.2195) loss_tacl-0.0001(0.0001) loss_sacl-0.0083(0.0080) loss_event-0.0030(0.0031) loss_evidence-0.0000(0.0004) loss_query_diversity-0.0043(0.0043) loss_position-0.0000(0.0000) total_loss-0.2536(0.2195) 
[2026-09-19 13:12:07,196]-[trainutils.py line:416]:[EST:    3.16m][Process Time:    0.07s]- Epoch: 12 [0700/1330 ( 53%)]	Losses: ce_loss-0.1162(0.2198) loss_tacl-0.0001(0.0001) loss_sacl-0.0083(0.0079) loss_event-0.0036(0.0031) loss_evidence-0.0000(0.0004) loss_query_diversity-0.0043(0.0043) loss_position-0.0000(0.0000) total_loss-0.1162(0.2198) 
[2026-09-19 13:12:36,651]-[trainutils.py line:416]:[EST:    2.65m][Process Time:    0.07s]- Epoch: 12 [0800/1330 ( 60%)]	Losses: ce_loss-0.3207(0.2199) loss_tacl-0.0001(0.0001) loss_sacl-0.0068(0.0079) loss_event-0.0030(0.0031) loss_evidence-0.0026(0.0004) loss_query_diversity-0.0043(0.0043) loss_position-0.0000(0.0000) total_loss-0.3207(0.2199) 
[2026-09-19 13:13:06,906]-[trainutils.py line:416]:[EST:    2.15m][Process Time:    0.07s]- Epoch: 12 [0900/1330 ( 68%)]	Losses: ce_loss-0.2069(0.2199) loss_tacl-0.0001(0.0001) loss_sacl-0.0069(0.0079) loss_event-0.0031(0.0030) loss_evidence-0.0000(0.0004) loss_query_diversity-0.0043(0.0043) loss_position-0.0000(0.0000) total_loss-0.2069(0.2199) 
[2026-09-19 13:13:37,744]-[trainutils.py line:416]:[EST:    1.65m][Process Time:    0.07s]- Epoch: 12 [1000/1330 ( 75%)]	Losses: ce_loss-0.1169(0.2191) loss_tacl-0.0001(0.0001) loss_sacl-0.0072(0.0079) loss_event-0.0027(0.0030) loss_evidence-0.0000(0.0004) loss_query_diversity-0.0044(0.0043) loss_position-0.0000(0.0000) total_loss-0.1169(0.2191) 
[2026-09-19 13:14:09,573]-[trainutils.py line:416]:[EST:    1.16m][Process Time:    0.07s]- Epoch: 12 [1100/1330 ( 83%)]	Losses: ce_loss-0.0982(0.2187) loss_tacl-0.0001(0.0001) loss_sacl-0.0071(0.0079) loss_event-0.0027(0.0030) loss_evidence-0.0000(0.0004) loss_query_diversity-0.0043(0.0043) loss_position-0.0000(0.0000) total_loss-0.0982(0.2187) 
[2026-09-19 13:14:40,330]-[trainutils.py line:416]:[EST:    0.65m][Process Time:    0.07s]- Epoch: 12 [1200/1330 ( 90%)]	Losses: ce_loss-0.3077(0.2182) loss_tacl-0.0001(0.0001) loss_sacl-0.0078(0.0079) loss_event-0.0030(0.0030) loss_evidence-0.0002(0.0004) loss_query_diversity-0.0044(0.0043) loss_position-0.0000(0.0000) total_loss-0.3077(0.2182) 
[2026-09-19 13:15:10,917]-[trainutils.py line:416]:[EST:    0.15m][Process Time:    0.07s]- Epoch: 12 [1300/1330 ( 98%)]	Losses: ce_loss-0.1807(0.2191) loss_tacl-0.0001(0.0001) loss_sacl-0.0092(0.0079) loss_event-0.0037(0.0030) loss_evidence-0.0000(0.0004) loss_query_diversity-0.0044(0.0043) loss_position-0.0000(0.0000) total_loss-0.1807(0.2191) 
[2026-09-19 13:15:19,881]-[trainutils.py line:416]:[EST:   -0.01m][Process Time:    0.08s]- Epoch: 12 [1330/1330 (100%)]	Losses: ce_loss-0.2092(0.2193) loss_tacl-0.0001(0.0001) loss_sacl-0.0078(0.0079) loss_event-0.0032(0.0030) loss_evidence-0.0000(0.0004) loss_query_diversity-0.0044(0.0043) loss_position-0.0000(0.0000) total_loss-0.2092(0.2193) 
[2026-09-19 13:15:20,935]-[train.py line:106]:
-------------- validation epoch 12 -------------- 
[2026-09-19 13:15:21,343]-[trainutils.py line:461]:Test progress:   0/95 
[2026-09-19 13:16:03,223]-[trainutils.py line:461]:Test progress:  95/95 
[2026-09-19 13:16:03,224]-[trainutils.py line:492]:Epoch 12 -           Audio/Counting accuracy: 84.34(431/511) 
[2026-09-19 13:16:03,224]-[trainutils.py line:492]:Epoch 12 -        Audio/Comparative accuracy: 61.36(181/295) 
[2026-09-19 13:16:03,225]-[trainutils.py line:497]:Epoch 12 -                    Audio accuracy: 75.93(612/806) 
[2026-09-19 13:16:03,225]-[trainutils.py line:492]:Epoch 12 -          Visual/Counting accuracy: 83.17(499/600) 
[2026-09-19 13:16:03,226]-[trainutils.py line:492]:Epoch 12 -          Visual/Location accuracy: 88.74(544/613) 
[2026-09-19 13:16:03,226]-[trainutils.py line:497]:Epoch 12 -                   Visual accuracy: 85.99(1043/1213) 
[2026-09-19 13:16:03,226]-[trainutils.py line:492]:Epoch 12 - Audio-Visual/Existential accuracy: 82.63(409/495) 
[2026-09-19 13:16:03,227]-[trainutils.py line:492]:Epoch 12 -    Audio-Visual/Counting accuracy: 76.62(485/633) 
[2026-09-19 13:16:03,227]-[trainutils.py line:492]:Epoch 12 -    Audio-Visual/Location accuracy: 70.28(324/461) 
[2026-09-19 13:16:03,227]-[trainutils.py line:492]:Epoch 12 - Audio-Visual/Comparative accuracy: 65.21(358/549) 
[2026-09-19 13:16:03,229]-[trainutils.py line:492]:Epoch 12 -    Audio-Visual/Temporal accuracy: 72.51(298/411) 
[2026-09-19 13:16:03,229]-[trainutils.py line:497]:Epoch 12 -             Audio-Visual accuracy: 73.52(1874/2549) 
[2026-09-19 13:16:03,229]-[trainutils.py line:501]:Epoch 12 -                    Total accuracy: 77.25(3529/4568) 
[2026-09-19 13:16:03,717]-[trainutils.py line:461]:Test progress:   0/95 
[2026-09-19 13:16:46,499]-[trainutils.py line:461]:Test progress:  95/95 
[2026-09-19 13:16:46,499]-[trainutils.py line:492]:Epoch 12 -           Audio/Counting accuracy: 85.71(438/511) 
[2026-09-19 13:16:46,500]-[trainutils.py line:492]:Epoch 12 -        Audio/Comparative accuracy: 61.69(182/295) 
[2026-09-19 13:16:46,500]-[trainutils.py line:497]:Epoch 12 -                    Audio accuracy: 76.92(620/806) 
[2026-09-19 13:16:46,500]-[trainutils.py line:492]:Epoch 12 -          Visual/Counting accuracy: 83.17(499/600) 
[2026-09-19 13:16:46,500]-[trainutils.py line:492]:Epoch 12 -          Visual/Location accuracy: 88.42(542/613) 
[2026-09-19 13:16:46,501]-[trainutils.py line:497]:Epoch 12 -                   Visual accuracy: 85.82(1041/1213) 
[2026-09-19 13:16:46,501]-[trainutils.py line:492]:Epoch 12 - Audio-Visual/Existential accuracy: 83.43(413/495) 
[2026-09-19 13:16:46,501]-[trainutils.py line:492]:Epoch 12 -    Audio-Visual/Counting accuracy: 78.36(496/633) 
[2026-09-19 13:16:46,502]-[trainutils.py line:492]:Epoch 12 -    Audio-Visual/Location accuracy: 68.98(318/461) 
[2026-09-19 13:16:46,502]-[trainutils.py line:492]:Epoch 12 - Audio-Visual/Comparative accuracy: 64.66(355/549) 
[2026-09-19 13:16:46,502]-[trainutils.py line:492]:Epoch 12 -    Audio-Visual/Temporal accuracy: 72.75(299/411) 
[2026-09-19 13:16:46,502]-[trainutils.py line:497]:Epoch 12 -             Audio-Visual accuracy: 73.79(1881/2549) 
[2026-09-19 13:16:46,502]-[trainutils.py line:501]:Epoch 12 -                    Total accuracy: 77.54(3542/4568) 
[2026-09-19 13:16:46,507]-[train.py line:167]:Epoch 12 done with 77.54 and loss 0.64062. 
[2026-09-19 13:16:46,507]-[train.py line:168]:At epoch9 best acc: 77.78. 
[2026-09-19 13:16:46,507]-[train.py line:102]:
-------------- training epoch 13 -------------- 
[2026-09-19 13:16:46,790]-[trainutils.py line:416]:[EST:    6.21m][Process Time:    0.07s]- Epoch: 13 [0000/1330 (  0%)]	Losses: ce_loss-0.2485(0.2485) loss_tacl-0.0001(0.0001) loss_sacl-0.0080(0.0080) loss_event-0.0028(0.0028) loss_evidence-0.0000(0.0000) loss_query_diversity-0.0044(0.0044) loss_position-0.0000(0.0000) total_loss-0.2485(0.2485) 
[2026-09-19 13:17:15,630]-[trainutils.py line:416]:[EST:    5.91m][Process Time:    0.07s]- Epoch: 13 [0100/1330 (  8%)]	Losses: ce_loss-0.2248(0.1937) loss_tacl-0.0001(0.0001) loss_sacl-0.0082(0.0078) loss_event-0.0036(0.0031) loss_evidence-0.0000(0.0004) loss_query_diversity-0.0043(0.0043) loss_position-0.0000(0.0000) total_loss-0.2248(0.1937) 
[2026-09-19 13:17:45,417]-[trainutils.py line:416]:[EST:    5.51m][Process Time:    0.06s]- Epoch: 13 [0200/1330 ( 15%)]	Losses: ce_loss-0.3617(0.1932) loss_tacl-0.0001(0.0001) loss_sacl-0.0070(0.0078) loss_event-0.0026(0.0030) loss_evidence-0.0000(0.0004) loss_query_diversity-0.0043(0.0043) loss_position-0.0000(0.0000) total_loss-0.3617(0.1932) 
[2026-09-19 13:18:14,180]-[trainutils.py line:416]:[EST:    5.00m][Process Time:    0.07s]- Epoch: 13 [0300/1330 ( 23%)]	Losses: ce_loss-0.3518(0.1930) loss_tacl-0.0001(0.0001) loss_sacl-0.0070(0.0077) loss_event-0.0030(0.0030) loss_evidence-0.0000(0.0004) loss_query_diversity-0.0043(0.0043) loss_position-0.0000(0.0000) total_loss-0.3518(0.1930) 
[2026-09-19 13:18:44,309]-[trainutils.py line:416]:[EST:    4.55m][Process Time:    0.07s]- Epoch: 13 [0400/1330 ( 30%)]	Losses: ce_loss-0.0965(0.1880) loss_tacl-0.0001(0.0001) loss_sacl-0.0078(0.0077) loss_event-0.0035(0.0030) loss_evidence-0.0019(0.0004) loss_query_diversity-0.0043(0.0043) loss_position-0.0000(0.0000) total_loss-0.0965(0.1880) 
[2026-09-19 13:19:14,201]-[trainutils.py line:416]:[EST:    4.07m][Process Time:    0.07s]- Epoch: 13 [0500/1330 ( 38%)]	Losses: ce_loss-0.3122(0.1935) loss_tacl-0.0001(0.0001) loss_sacl-0.0062(0.0077) loss_event-0.0033(0.0030) loss_evidence-0.0007(0.0004) loss_query_diversity-0.0044(0.0043) loss_position-0.0000(0.0000) total_loss-0.3122(0.1935) 
[2026-09-19 13:19:44,549]-[trainutils.py line:416]:[EST:    3.60m][Process Time:    0.07s]- Epoch: 13 [0600/1330 ( 45%)]	Losses: ce_loss-0.1335(0.1948) loss_tacl-0.0001(0.0001) loss_sacl-0.0064(0.0077) loss_event-0.0029(0.0030) loss_evidence-0.0000(0.0004) loss_query_diversity-0.0043(0.0043) loss_position-0.0000(0.0000) total_loss-0.1335(0.1948) 
[2026-09-19 13:20:14,763]-[trainutils.py line:416]:[EST:    3.11m][Process Time:    0.07s]- Epoch: 13 [0700/1330 ( 53%)]	Losses: ce_loss-0.0717(0.1943) loss_tacl-0.0001(0.0001) loss_sacl-0.0090(0.0077) loss_event-0.0036(0.0030) loss_evidence-0.0000(0.0004) loss_query_diversity-0.0044(0.0043) loss_position-0.0000(0.0000) total_loss-0.0717(0.1943) 
[2026-09-19 13:20:45,086]-[trainutils.py line:416]:[EST:    2.63m][Process Time:    0.07s]- Epoch: 13 [0800/1330 ( 60%)]	Losses: ce_loss-0.1298(0.1948) loss_tacl-0.0001(0.0001) loss_sacl-0.0087(0.0077) loss_event-0.0033(0.0030) loss_evidence-0.0000(0.0004) loss_query_diversity-0.0044(0.0043) loss_position-0.0000(0.0000) total_loss-0.1298(0.1948) 
[2026-09-19 13:21:14,101]-[trainutils.py line:416]:[EST:    2.12m][Process Time:    0.07s]- Epoch: 13 [0900/1330 ( 68%)]	Losses: ce_loss-0.1088(0.1948) loss_tacl-0.0001(0.0001) loss_sacl-0.0082(0.0077) loss_event-0.0029(0.0030) loss_evidence-0.0003(0.0004) loss_query_diversity-0.0043(0.0043) loss_position-0.0000(0.0000) total_loss-0.1088(0.1948) 
[2026-09-19 13:21:45,091]-[trainutils.py line:416]:[EST:    1.64m][Process Time:    0.07s]- Epoch: 13 [1000/1330 ( 75%)]	Losses: ce_loss-0.2484(0.1956) loss_tacl-0.0001(0.0001) loss_sacl-0.0070(0.0077) loss_event-0.0028(0.0030) loss_evidence-0.0000(0.0004) loss_query_diversity-0.0043(0.0043) loss_position-0.0000(0.0000) total_loss-0.2484(0.1956) 
[2026-09-19 13:22:16,826]-[trainutils.py line:416]:[EST:    1.15m][Process Time:    0.07s]- Epoch: 13 [1100/1330 ( 83%)]	Losses: ce_loss-0.1277(0.1955) loss_tacl-0.0001(0.0001) loss_sacl-0.0083(0.0076) loss_event-0.0030(0.0030) loss_evidence-0.0000(0.0004) loss_query_diversity-0.0043(0.0043) loss_position-0.0000(0.0000) total_loss-0.1277(0.1955) 
[2026-09-19 13:22:47,046]-[trainutils.py line:416]:[EST:    0.65m][Process Time:    0.07s]- Epoch: 13 [1200/1330 ( 90%)]	Losses: ce_loss-0.1927(0.1955) loss_tacl-0.0001(0.0001) loss_sacl-0.0081(0.0076) loss_event-0.0030(0.0030) loss_evidence-0.0011(0.0004) loss_query_diversity-0.0043(0.0043) loss_position-0.0000(0.0000) total_loss-0.1927(0.1955) 
[2026-09-19 13:23:17,854]-[trainutils.py line:416]:[EST:    0.15m][Process Time:    0.08s]- Epoch: 13 [1300/1330 ( 98%)]	Losses: ce_loss-0.2743(0.1947) loss_tacl-0.0001(0.0001) loss_sacl-0.0070(0.0076) loss_event-0.0028(0.0030) loss_evidence-0.0000(0.0004) loss_query_diversity-0.0043(0.0043) loss_position-0.0000(0.0000) total_loss-0.2743(0.1947) 
[2026-09-19 13:23:26,817]-[trainutils.py line:416]:[EST:   -0.01m][Process Time:    0.07s]- Epoch: 13 [1330/1330 (100%)]	Losses: ce_loss-0.1705(0.1952) loss_tacl-0.0001(0.0001) loss_sacl-0.0090(0.0076) loss_event-0.0027(0.0030) loss_evidence-0.0000(0.0004) loss_query_diversity-0.0043(0.0043) loss_position-0.0000(0.0000) total_loss-0.1705(0.1952) 
[2026-09-19 13:23:27,861]-[train.py line:106]:
-------------- validation epoch 13 -------------- 
[2026-09-19 13:23:28,254]-[trainutils.py line:461]:Test progress:   0/95 
[2026-09-19 13:24:14,591]-[trainutils.py line:461]:Test progress:  95/95 
[2026-09-19 13:24:14,592]-[trainutils.py line:492]:Epoch 13 -           Audio/Counting accuracy: 84.54(432/511) 
[2026-09-19 13:24:14,592]-[trainutils.py line:492]:Epoch 13 -        Audio/Comparative accuracy: 59.32(175/295) 
[2026-09-19 13:24:14,592]-[trainutils.py line:497]:Epoch 13 -                    Audio accuracy: 75.31(607/806) 
[2026-09-19 13:24:14,592]-[trainutils.py line:492]:Epoch 13 -          Visual/Counting accuracy: 83.00(498/600) 
[2026-09-19 13:24:14,592]-[trainutils.py line:492]:Epoch 13 -          Visual/Location accuracy: 88.74(544/613) 
[2026-09-19 13:24:14,592]-[trainutils.py line:497]:Epoch 13 -                   Visual accuracy: 85.90(1042/1213) 
[2026-09-19 13:24:14,593]-[trainutils.py line:492]:Epoch 13 - Audio-Visual/Existential accuracy: 82.22(407/495) 
[2026-09-19 13:24:14,593]-[trainutils.py line:492]:Epoch 13 -    Audio-Visual/Counting accuracy: 76.94(487/633) 
[2026-09-19 13:24:14,593]-[trainutils.py line:492]:Epoch 13 -    Audio-Visual/Location accuracy: 68.76(317/461) 
[2026-09-19 13:24:14,593]-[trainutils.py line:492]:Epoch 13 - Audio-Visual/Comparative accuracy: 62.84(345/549) 
[2026-09-19 13:24:14,594]-[trainutils.py line:492]:Epoch 13 -    Audio-Visual/Temporal accuracy: 73.24(301/411) 
[2026-09-19 13:24:14,594]-[trainutils.py line:497]:Epoch 13 -             Audio-Visual accuracy: 72.85(1857/2549) 
[2026-09-19 13:24:14,595]-[trainutils.py line:501]:Epoch 13 -                    Total accuracy: 76.75(3506/4568) 
[2026-09-19 13:24:15,181]-[trainutils.py line:461]:Test progress:   0/95 
[2026-09-19 13:24:48,124]-[trainutils.py line:461]:Test progress:  95/95 
[2026-09-19 13:24:48,124]-[trainutils.py line:492]:Epoch 13 -           Audio/Counting accuracy: 85.52(437/511) 
[2026-09-19 13:24:48,125]-[trainutils.py line:492]:Epoch 13 -        Audio/Comparative accuracy: 60.68(179/295) 
[2026-09-19 13:24:48,125]-[trainutils.py line:497]:Epoch 13 -                    Audio accuracy: 76.43(616/806) 
[2026-09-19 13:24:48,125]-[trainutils.py line:492]:Epoch 13 -          Visual/Counting accuracy: 83.17(499/600) 
[2026-09-19 13:24:48,125]-[trainutils.py line:492]:Epoch 13 -          Visual/Location accuracy: 88.58(543/613) 
[2026-09-19 13:24:48,125]-[trainutils.py line:497]:Epoch 13 -                   Visual accuracy: 85.90(1042/1213) 
[2026-09-19 13:24:48,125]-[trainutils.py line:492]:Epoch 13 - Audio-Visual/Existential accuracy: 83.84(415/495) 
[2026-09-19 13:24:48,126]-[trainutils.py line:492]:Epoch 13 -    Audio-Visual/Counting accuracy: 78.20(495/633) 
[2026-09-19 13:24:48,126]-[trainutils.py line:492]:Epoch 13 -    Audio-Visual/Location accuracy: 69.20(319/461) 
[2026-09-19 13:24:48,126]-[trainutils.py line:492]:Epoch 13 - Audio-Visual/Comparative accuracy: 64.85(356/549) 
[2026-09-19 13:24:48,126]-[trainutils.py line:492]:Epoch 13 -    Audio-Visual/Temporal accuracy: 73.48(302/411) 
[2026-09-19 13:24:48,126]-[trainutils.py line:497]:Epoch 13 -             Audio-Visual accuracy: 74.03(1887/2549) 
[2026-09-19 13:24:48,126]-[trainutils.py line:501]:Epoch 13 -                    Total accuracy: 77.61(3545/4568) 
[2026-09-19 13:24:48,129]-[train.py line:167]:Epoch 13 done with 77.61 and loss 0.67188. 
[2026-09-19 13:24:48,129]-[train.py line:168]:At epoch9 best acc: 77.78. 
[2026-09-19 13:24:48,129]-[train.py line:102]:
-------------- training epoch 14 -------------- 
[2026-09-19 13:24:48,342]-[trainutils.py line:416]:[EST:    4.67m][Process Time:    0.05s]- Epoch: 14 [0000/1330 (  0%)]	Losses: ce_loss-0.1303(0.1303) loss_tacl-0.0001(0.0001) loss_sacl-0.0080(0.0080) loss_event-0.0031(0.0031) loss_evidence-0.0000(0.0000) loss_query_diversity-0.0044(0.0044) loss_position-0.0000(0.0000) total_loss-0.1303(0.1303) 
[2026-09-19 13:25:09,208]-[trainutils.py line:416]:[EST:    4.27m][Process Time:    0.05s]- Epoch: 14 [0100/1330 (  8%)]	Losses: ce_loss-0.2309(0.1867) loss_tacl-0.0001(0.0001) loss_sacl-0.0070(0.0075) loss_event-0.0026(0.0030) loss_evidence-0.0012(0.0006) loss_query_diversity-0.0044(0.0043) loss_position-0.0000(0.0000) total_loss-0.2309(0.1867) 
[2026-09-19 13:25:31,500]-[trainutils.py line:416]:[EST:    4.06m][Process Time:    0.06s]- Epoch: 14 [0200/1330 ( 15%)]	Losses: ce_loss-0.1973(0.1788) loss_tacl-0.0001(0.0001) loss_sacl-0.0102(0.0076) loss_event-0.0034(0.0030) loss_evidence-0.0000(0.0005) loss_query_diversity-0.0043(0.0043) loss_position-0.0000(0.0000) total_loss-0.1973(0.1788) 
[2026-09-19 13:25:54,132]-[trainutils.py line:416]:[EST:    3.76m][Process Time:    0.06s]- Epoch: 14 [0300/1330 ( 23%)]	Losses: ce_loss-0.1739(0.1758) loss_tacl-0.0001(0.0001) loss_sacl-0.0081(0.0076) loss_event-0.0031(0.0030) loss_evidence-0.0006(0.0004) loss_query_diversity-0.0044(0.0043) loss_position-0.0000(0.0000) total_loss-0.1739(0.1758) 
[2026-09-19 13:26:22,295]-[trainutils.py line:416]:[EST:    3.64m][Process Time:    0.09s]- Epoch: 14 [0400/1330 ( 30%)]	Losses: ce_loss-0.0901(0.1755) loss_tacl-0.0001(0.0001) loss_sacl-0.0080(0.0076) loss_event-0.0033(0.0030) loss_evidence-0.0000(0.0004) loss_query_diversity-0.0044(0.0043) loss_position-0.0000(0.0000) total_loss-0.0901(0.1755) 
[2026-09-19 13:26:55,723]-[trainutils.py line:416]:[EST:    3.52m][Process Time:    0.07s]- Epoch: 14 [0500/1330 ( 38%)]	Losses: ce_loss-0.1864(0.1736) loss_tacl-0.0001(0.0001) loss_sacl-0.0080(0.0076) loss_event-0.0035(0.0030) loss_evidence-0.0000(0.0004) loss_query_diversity-0.0044(0.0043) loss_position-0.0000(0.0000) total_loss-0.1864(0.1736) 
[2026-09-19 13:27:28,735]-[trainutils.py line:416]:[EST:    3.25m][Process Time:    0.07s]- Epoch: 14 [0600/1330 ( 45%)]	Losses: ce_loss-0.2227(0.1745) loss_tacl-0.0001(0.0001) loss_sacl-0.0074(0.0076) loss_event-0.0034(0.0030) loss_evidence-0.0034(0.0004) loss_query_diversity-0.0043(0.0043) loss_position-0.0000(0.0000) total_loss-0.2227(0.1745) 
[2026-09-19 13:28:01,767]-[trainutils.py line:416]:[EST:    2.90m][Process Time:    0.08s]- Epoch: 14 [0700/1330 ( 53%)]	Losses: ce_loss-0.2872(0.1757) loss_tacl-0.0001(0.0001) loss_sacl-0.0066(0.0075) loss_event-0.0029(0.0030) loss_evidence-0.0000(0.0004) loss_query_diversity-0.0043(0.0043) loss_position-0.0000(0.0000) total_loss-0.2872(0.1757) 
[2026-09-19 13:28:34,821]-[trainutils.py line:416]:[EST:    2.50m][Process Time:    0.07s]- Epoch: 14 [0800/1330 ( 60%)]	Losses: ce_loss-0.2636(0.1757) loss_tacl-0.0001(0.0001) loss_sacl-0.0058(0.0075) loss_event-0.0029(0.0030) loss_evidence-0.0000(0.0004) loss_query_diversity-0.0044(0.0043) loss_position-0.0000(0.0000) total_loss-0.2636(0.1757) 
[2026-09-19 13:29:06,295]-[trainutils.py line:416]:[EST:    2.05m][Process Time:    0.07s]- Epoch: 14 [0900/1330 ( 68%)]	Losses: ce_loss-0.3101(0.1762) loss_tacl-0.0001(0.0001) loss_sacl-0.0072(0.0075) loss_event-0.0030(0.0030) loss_evidence-0.0000(0.0004) loss_query_diversity-0.0043(0.0043) loss_position-0.0000(0.0000) total_loss-0.3101(0.1762) 
[2026-09-19 13:29:39,459]-[trainutils.py line:416]:[EST:    1.60m][Process Time:    0.07s]- Epoch: 14 [1000/1330 ( 75%)]	Losses: ce_loss-0.1639(0.1760) loss_tacl-0.0001(0.0001) loss_sacl-0.0069(0.0075) loss_event-0.0030(0.0030) loss_evidence-0.0003(0.0004) loss_query_diversity-0.0043(0.0043) loss_position-0.0000(0.0000) total_loss-0.1639(0.1760) 
[2026-09-19 13:30:13,717]-[trainutils.py line:416]:[EST:    1.13m][Process Time:    0.08s]- Epoch: 14 [1100/1330 ( 83%)]	Losses: ce_loss-0.2420(0.1759) loss_tacl-0.0001(0.0001) loss_sacl-0.0067(0.0075) loss_event-0.0031(0.0030) loss_evidence-0.0000(0.0004) loss_query_diversity-0.0044(0.0043) loss_position-0.0000(0.0000) total_loss-0.2420(0.1759) 
[2026-09-19 13:30:46,319]-[trainutils.py line:416]:[EST:    0.64m][Process Time:    0.07s]- Epoch: 14 [1200/1330 ( 90%)]	Losses: ce_loss-0.2373(0.1762) loss_tacl-0.0001(0.0001) loss_sacl-0.0100(0.0075) loss_event-0.0037(0.0030) loss_evidence-0.0000(0.0004) loss_query_diversity-0.0043(0.0043) loss_position-0.0000(0.0000) total_loss-0.2373(0.1762) 
[2026-09-19 13:31:18,654]-[trainutils.py line:416]:[EST:    0.15m][Process Time:    0.08s]- Epoch: 14 [1300/1330 ( 98%)]	Losses: ce_loss-0.3054(0.1764) loss_tacl-0.0001(0.0001) loss_sacl-0.0073(0.0075) loss_event-0.0033(0.0030) loss_evidence-0.0000(0.0004) loss_query_diversity-0.0043(0.0043) loss_position-0.0000(0.0000) total_loss-0.3054(0.1764) 
[2026-09-19 13:31:28,609]-[trainutils.py line:416]:[EST:   -0.01m][Process Time:    0.12s]- Epoch: 14 [1330/1330 (100%)]	Losses: ce_loss-0.0657(0.1765) loss_tacl-0.0001(0.0001) loss_sacl-0.0063(0.0075) loss_event-0.0026(0.0030) loss_evidence-0.0000(0.0004) loss_query_diversity-0.0044(0.0043) loss_position-0.0000(0.0000) total_loss-0.0657(0.1765) 
[2026-09-19 13:31:30,495]-[train.py line:106]:
-------------- validation epoch 14 -------------- 
[2026-09-19 13:31:31,100]-[trainutils.py line:461]:Test progress:   0/95 
[2026-09-19 13:32:18,797]-[trainutils.py line:461]:Test progress:  95/95 
[2026-09-19 13:32:18,801]-[trainutils.py line:492]:Epoch 14 -           Audio/Counting accuracy: 85.52(437/511) 
[2026-09-19 13:32:18,802]-[trainutils.py line:492]:Epoch 14 -        Audio/Comparative accuracy: 58.31(172/295) 
[2026-09-19 13:32:18,802]-[trainutils.py line:497]:Epoch 14 -                    Audio accuracy: 75.56(609/806) 
[2026-09-19 13:32:18,803]-[trainutils.py line:492]:Epoch 14 -          Visual/Counting accuracy: 82.50(495/600) 
[2026-09-19 13:32:18,803]-[trainutils.py line:492]:Epoch 14 -          Visual/Location accuracy: 88.58(543/613) 
[2026-09-19 13:32:18,803]-[trainutils.py line:497]:Epoch 14 -                   Visual accuracy: 85.57(1038/1213) 
[2026-09-19 13:32:18,804]-[trainutils.py line:492]:Epoch 14 - Audio-Visual/Existential accuracy: 81.21(402/495) 
[2026-09-19 13:32:18,804]-[trainutils.py line:492]:Epoch 14 -    Audio-Visual/Counting accuracy: 77.09(488/633) 
[2026-09-19 13:32:18,804]-[trainutils.py line:492]:Epoch 14 -    Audio-Visual/Location accuracy: 68.55(316/461) 
[2026-09-19 13:32:18,805]-[trainutils.py line:492]:Epoch 14 - Audio-Visual/Comparative accuracy: 63.57(349/549) 
[2026-09-19 13:32:18,805]-[trainutils.py line:492]:Epoch 14 -    Audio-Visual/Temporal accuracy: 74.21(305/411) 
[2026-09-19 13:32:18,805]-[trainutils.py line:497]:Epoch 14 -             Audio-Visual accuracy: 72.97(1860/2549) 
[2026-09-19 13:32:18,806]-[trainutils.py line:501]:Epoch 14 -                    Total accuracy: 76.77(3507/4568) 
[2026-09-19 13:32:19,341]-[trainutils.py line:461]:Test progress:   0/95 
[2026-09-19 13:33:07,155]-[trainutils.py line:461]:Test progress:  95/95 
[2026-09-19 13:33:07,156]-[trainutils.py line:492]:Epoch 14 -           Audio/Counting accuracy: 85.32(436/511) 
[2026-09-19 13:33:07,157]-[trainutils.py line:492]:Epoch 14 -        Audio/Comparative accuracy: 59.66(176/295) 
[2026-09-19 13:33:07,157]-[trainutils.py line:497]:Epoch 14 -                    Audio accuracy: 75.93(612/806) 
[2026-09-19 13:33:07,157]-[trainutils.py line:492]:Epoch 14 -          Visual/Counting accuracy: 83.00(498/600) 
[2026-09-19 13:33:07,158]-[trainutils.py line:492]:Epoch 14 -          Visual/Location accuracy: 88.58(543/613) 
[2026-09-19 13:33:07,158]-[trainutils.py line:497]:Epoch 14 -                   Visual accuracy: 85.82(1041/1213) 
[2026-09-19 13:33:07,158]-[trainutils.py line:492]:Epoch 14 - Audio-Visual/Existential accuracy: 81.82(405/495) 
[2026-09-19 13:33:07,159]-[trainutils.py line:492]:Epoch 14 -    Audio-Visual/Counting accuracy: 77.41(490/633) 
[2026-09-19 13:33:07,159]-[trainutils.py line:492]:Epoch 14 -    Audio-Visual/Location accuracy: 68.76(317/461) 
[2026-09-19 13:33:07,160]-[trainutils.py line:492]:Epoch 14 - Audio-Visual/Comparative accuracy: 63.39(348/549) 
[2026-09-19 13:33:07,161]-[trainutils.py line:492]:Epoch 14 -    Audio-Visual/Temporal accuracy: 73.97(304/411) 
[2026-09-19 13:33:07,162]-[trainutils.py line:497]:Epoch 14 -             Audio-Visual accuracy: 73.13(1864/2549) 
[2026-09-19 13:33:07,162]-[trainutils.py line:501]:Epoch 14 -                    Total accuracy: 76.99(3517/4568) 
[2026-09-19 13:33:07,170]-[train.py line:167]:Epoch 14 done with 76.99 and loss 0.69922. 
[2026-09-19 13:33:07,170]-[train.py line:168]:At epoch9 best acc: 77.78. 
[2026-09-19 13:33:07,171]-[train.py line:102]:
-------------- training epoch 15 -------------- 
[2026-09-19 13:33:07,504]-[trainutils.py line:416]:[EST:    7.28m][Process Time:    0.09s]- Epoch: 15 [0000/1330 (  0%)]	Losses: ce_loss-0.1250(0.1250) loss_tacl-0.0001(0.0001) loss_sacl-0.0085(0.0085) loss_event-0.0035(0.0035) loss_evidence-0.0000(0.0000) loss_query_diversity-0.0044(0.0044) loss_position-0.0000(0.0000) total_loss-0.1250(0.1250) 
[2026-09-19 13:33:41,524]-[trainutils.py line:416]:[EST:    6.97m][Process Time:    0.08s]- Epoch: 15 [0100/1330 (  8%)]	Losses: ce_loss-0.1656(0.1591) loss_tacl-0.0001(0.0001) loss_sacl-0.0070(0.0075) loss_event-0.0033(0.0030) loss_evidence-0.0000(0.0005) loss_query_diversity-0.0043(0.0043) loss_position-0.0000(0.0000) total_loss-0.1656(0.1591) 
[2026-09-19 13:34:15,927]-[trainutils.py line:416]:[EST:    6.44m][Process Time:    0.08s]- Epoch: 15 [0200/1330 ( 15%)]	Losses: ce_loss-0.0670(0.1667) loss_tacl-0.0001(0.0001) loss_sacl-0.0065(0.0075) loss_event-0.0028(0.0030) loss_evidence-0.0000(0.0004) loss_query_diversity-0.0044(0.0043) loss_position-0.0000(0.0000) total_loss-0.0670(0.1667) 
[2026-09-19 13:34:50,597]-[trainutils.py line:416]:[EST:    5.89m][Process Time:    0.07s]- Epoch: 15 [0300/1330 ( 23%)]	Losses: ce_loss-0.0837(0.1660) loss_tacl-0.0001(0.0001) loss_sacl-0.0070(0.0075) loss_event-0.0023(0.0030) loss_evidence-0.0000(0.0004) loss_query_diversity-0.0044(0.0043) loss_position-0.0000(0.0000) total_loss-0.0837(0.1660) 
[2026-09-19 13:35:27,474]-[trainutils.py line:416]:[EST:    5.42m][Process Time:    0.08s]- Epoch: 15 [0400/1330 ( 30%)]	Losses: ce_loss-0.2061(0.1647) loss_tacl-0.0001(0.0001) loss_sacl-0.0076(0.0075) loss_event-0.0033(0.0030) loss_evidence-0.0000(0.0005) loss_query_diversity-0.0044(0.0043) loss_position-0.0000(0.0000) total_loss-0.2061(0.1647) 
[2026-09-19 13:36:02,424]-[trainutils.py line:416]:[EST:    4.83m][Process Time:    0.07s]- Epoch: 15 [0500/1330 ( 38%)]	Losses: ce_loss-0.1806(0.1647) loss_tacl-0.0001(0.0001) loss_sacl-0.0075(0.0075) loss_event-0.0025(0.0030) loss_evidence-0.0000(0.0004) loss_query_diversity-0.0044(0.0043) loss_position-0.0000(0.0000) total_loss-0.1806(0.1647) 
[2026-09-19 13:36:36,039]-[trainutils.py line:416]:[EST:    4.22m][Process Time:    0.07s]- Epoch: 15 [0600/1330 ( 45%)]	Losses: ce_loss-0.0830(0.1640) loss_tacl-0.0001(0.0001) loss_sacl-0.0077(0.0075) loss_event-0.0026(0.0030) loss_evidence-0.0000(0.0004) loss_query_diversity-0.0043(0.0043) loss_position-0.0000(0.0000) total_loss-0.0830(0.1640) 
[2026-09-19 13:37:09,015]-[trainutils.py line:416]:[EST:    3.62m][Process Time:    0.07s]- Epoch: 15 [0700/1330 ( 53%)]	Losses: ce_loss-0.1635(0.1644) loss_tacl-0.0001(0.0001) loss_sacl-0.0066(0.0075) loss_event-0.0027(0.0030) loss_evidence-0.0000(0.0004) loss_query_diversity-0.0044(0.0043) loss_position-0.0000(0.0000) total_loss-0.1635(0.1644) 
[2026-09-19 13:37:43,464]-[trainutils.py line:416]:[EST:    3.04m][Process Time:    0.08s]- Epoch: 15 [0800/1330 ( 60%)]	Losses: ce_loss-0.0846(0.1646) loss_tacl-0.0001(0.0001) loss_sacl-0.0086(0.0075) loss_event-0.0034(0.0030) loss_evidence-0.0000(0.0004) loss_query_diversity-0.0043(0.0043) loss_position-0.0000(0.0000) total_loss-0.0846(0.1646) 
[2026-09-19 13:38:18,632]-[trainutils.py line:416]:[EST:    2.47m][Process Time:    0.07s]- Epoch: 15 [0900/1330 ( 68%)]	Losses: ce_loss-0.2226(0.1647) loss_tacl-0.0001(0.0001) loss_sacl-0.0087(0.0075) loss_event-0.0032(0.0030) loss_evidence-0.0000(0.0004) loss_query_diversity-0.0043(0.0043) loss_position-0.0000(0.0000) total_loss-0.2226(0.1647) 
[2026-09-19 13:38:52,800]-[trainutils.py line:416]:[EST:    1.89m][Process Time:    0.08s]- Epoch: 15 [1000/1330 ( 75%)]	Losses: ce_loss-0.1960(0.1637) loss_tacl-0.0001(0.0001) loss_sacl-0.0066(0.0075) loss_event-0.0030(0.0030) loss_evidence-0.0001(0.0003) loss_query_diversity-0.0044(0.0043) loss_position-0.0000(0.0000) total_loss-0.1960(0.1637) 
[2026-09-19 13:39:25,248]-[trainutils.py line:416]:[EST:    1.31m][Process Time:    0.07s]- Epoch: 15 [1100/1330 ( 83%)]	Losses: ce_loss-0.1491(0.1637) loss_tacl-0.0001(0.0001) loss_sacl-0.0074(0.0075) loss_event-0.0026(0.0030) loss_evidence-0.0000(0.0003) loss_query_diversity-0.0043(0.0043) loss_position-0.0000(0.0000) total_loss-0.1491(0.1637) 
[2026-09-19 13:39:59,008]-[trainutils.py line:416]:[EST:    0.74m][Process Time:    0.08s]- Epoch: 15 [1200/1330 ( 90%)]	Losses: ce_loss-0.0594(0.1631) loss_tacl-0.0001(0.0001) loss_sacl-0.0065(0.0075) loss_event-0.0027(0.0030) loss_evidence-0.0002(0.0004) loss_query_diversity-0.0044(0.0043) loss_position-0.0000(0.0000) total_loss-0.0594(0.1631) 
[2026-09-19 13:40:33,271]-[trainutils.py line:416]:[EST:    0.17m][Process Time:    0.08s]- Epoch: 15 [1300/1330 ( 98%)]	Losses: ce_loss-0.1409(0.1653) loss_tacl-0.0001(0.0001) loss_sacl-0.0057(0.0074) loss_event-0.0026(0.0030) loss_evidence-0.0000(0.0003) loss_query_diversity-0.0044(0.0043) loss_position-0.0000(0.0000) total_loss-0.1409(0.1653) 
[2026-09-19 13:40:43,942]-[trainutils.py line:416]:[EST:   -0.01m][Process Time:    0.10s]- Epoch: 15 [1330/1330 (100%)]	Losses: ce_loss-0.6934(0.1657) loss_tacl-0.0001(0.0001) loss_sacl-0.0059(0.0074) loss_event-0.0021(0.0030) loss_evidence-0.0000(0.0003) loss_query_diversity-0.0044(0.0043) loss_position-0.0000(0.0000) total_loss-0.6934(0.1657) 
[2026-09-19 13:40:45,285]-[train.py line:106]:
-------------- validation epoch 15 -------------- 
[2026-09-19 13:40:45,810]-[trainutils.py line:461]:Test progress:   0/95 
[2026-09-19 13:41:38,552]-[trainutils.py line:461]:Test progress:  95/95 
[2026-09-19 13:41:38,553]-[trainutils.py line:492]:Epoch 15 -           Audio/Counting accuracy: 85.13(435/511) 
[2026-09-19 13:41:38,553]-[trainutils.py line:492]:Epoch 15 -        Audio/Comparative accuracy: 58.98(174/295) 
[2026-09-19 13:41:38,553]-[trainutils.py line:497]:Epoch 15 -                    Audio accuracy: 75.56(609/806) 
[2026-09-19 13:41:38,554]-[trainutils.py line:492]:Epoch 15 -          Visual/Counting accuracy: 82.50(495/600) 
[2026-09-19 13:41:38,554]-[trainutils.py line:492]:Epoch 15 -          Visual/Location accuracy: 89.40(548/613) 
[2026-09-19 13:41:38,554]-[trainutils.py line:497]:Epoch 15 -                   Visual accuracy: 85.99(1043/1213) 
[2026-09-19 13:41:38,554]-[trainutils.py line:492]:Epoch 15 - Audio-Visual/Existential accuracy: 80.00(396/495) 
[2026-09-19 13:41:38,554]-[trainutils.py line:492]:Epoch 15 -    Audio-Visual/Counting accuracy: 77.57(491/633) 
[2026-09-19 13:41:38,555]-[trainutils.py line:492]:Epoch 15 -    Audio-Visual/Location accuracy: 69.41(320/461) 
[2026-09-19 13:41:38,556]-[trainutils.py line:492]:Epoch 15 - Audio-Visual/Comparative accuracy: 62.84(345/549) 
[2026-09-19 13:41:38,556]-[trainutils.py line:492]:Epoch 15 -    Audio-Visual/Temporal accuracy: 73.97(304/411) 
[2026-09-19 13:41:38,556]-[trainutils.py line:497]:Epoch 15 -             Audio-Visual accuracy: 72.81(1856/2549) 
[2026-09-19 13:41:38,557]-[trainutils.py line:501]:Epoch 15 -                    Total accuracy: 76.80(3508/4568) 
[2026-09-19 13:41:39,087]-[trainutils.py line:461]:Test progress:   0/95 
[2026-09-19 13:42:27,304]-[trainutils.py line:461]:Test progress:  95/95 
[2026-09-19 13:42:27,305]-[trainutils.py line:492]:Epoch 15 -           Audio/Counting accuracy: 85.32(436/511) 
[2026-09-19 13:42:27,305]-[trainutils.py line:492]:Epoch 15 -        Audio/Comparative accuracy: 58.98(174/295) 
[2026-09-19 13:42:27,305]-[trainutils.py line:497]:Epoch 15 -                    Audio accuracy: 75.68(610/806) 
[2026-09-19 13:42:27,307]-[trainutils.py line:492]:Epoch 15 -          Visual/Counting accuracy: 83.17(499/600) 
[2026-09-19 13:42:27,307]-[trainutils.py line:492]:Epoch 15 -          Visual/Location accuracy: 88.58(543/613) 
[2026-09-19 13:42:27,307]-[trainutils.py line:497]:Epoch 15 -                   Visual accuracy: 85.90(1042/1213) 
[2026-09-19 13:42:27,308]-[trainutils.py line:492]:Epoch 15 - Audio-Visual/Existential accuracy: 80.81(400/495) 
[2026-09-19 13:42:27,308]-[trainutils.py line:492]:Epoch 15 -    Audio-Visual/Counting accuracy: 77.41(490/633) 
[2026-09-19 13:42:27,308]-[trainutils.py line:492]:Epoch 15 -    Audio-Visual/Location accuracy: 68.55(316/461) 
[2026-09-19 13:42:27,308]-[trainutils.py line:492]:Epoch 15 - Audio-Visual/Comparative accuracy: 63.57(349/549) 
[2026-09-19 13:42:27,310]-[trainutils.py line:492]:Epoch 15 -    Audio-Visual/Temporal accuracy: 73.72(303/411) 
[2026-09-19 13:42:27,310]-[trainutils.py line:497]:Epoch 15 -             Audio-Visual accuracy: 72.89(1858/2549) 
[2026-09-19 13:42:27,310]-[trainutils.py line:501]:Epoch 15 -                    Total accuracy: 76.84(3510/4568) 
[2026-09-19 13:42:27,316]-[train.py line:167]:Epoch 15 done with 76.84 and loss 0.71875. 
[2026-09-19 13:42:27,317]-[train.py line:168]:At epoch9 best acc: 77.78. 
{
  "overall": 77.78021015761821,
  "audio": 77.1712158808933,
  "visual": 85.65539983511954,
  "audio_visual": 74.22518634758728,
  "av_temporal": 73.72262773722628,
  "position_ratio": 0.05237909422026879,
  "max_query_share": 0.2193099583708803,
  "eligible_for_test": false,
  "checkpoint": "D:\\model\\qast_ehr_ablation_without_cmg_seed713\\2026-09-19-11-37-43_seed713\\best.pt",
  "config": "D:\\AVQA_experiment\\QA-TIGER2\\QA-TIGER\\reproduce_qast_recent2025_v3_77_24\\experiments\\qast_ehr\\ablations\\configs\\without_cmg_seed713.py",
  "sha256": "5be05afb17bbab5048f372c4a887333dd90702fd15b9692973debb96bc9d7863",
  "counts": {
    "overall": {
      "correct": 3553,
      "total": 4568
    },
    "Audio": {
      "correct": 622,
      "total": 806
    },
    "Visual": {
      "correct": 1039,
      "total": 1213
    },
    "Audio-Visual": {
      "correct": 1892,
      "total": 2549
    },
    "av_temporal": {
      "correct": 303,
      "total": 411
    }
  }
}
AUDIT PASSED
disabled: enable_scm
Code snapshot saved as D:\model\qast_ehr_ablation_without_scm_seed713\2026-09-19-13-43-55_seed713\code_snapshot.zip
[2026-09-19 13:43:55,158]-[utils.py line:217]:
-------------- config -------------- 
[2026-09-19 13:43:55,158]-[utils.py line:218]:{
    "standard_protocol": true,
    "run_test_after_training": false,
    "amp": true,
    "gradient_accumulation_steps": 2,
    "distill_logits": null,
    "type": "question_aware",
    "seed": 713,
    "epochs": 15,
    "num_labels": 42,
    "log_interval": 100,
    "output_dir": "D:/model/qast_ehr_ablation_without_scm_seed713",
    "pretrained_weight": "fixed_features_only",
    "weight": "",
    "data": {
        "root": "D:/AVQA_experiment/QA-TIGER2/QA-TIGER/reproduce_qast_recent2025_v3_77_24",
        "img_size": 336,
        "batch_size": 24,
        "eval_batch_size": 48,
        "num_workers": 0,
        "frame_sample_rate": 1,
        "audios_dir": "D:/data/musicavqa/audio",
        "frames_dir": "D:/data/frames-1fps",
        "train_annot": "D:/AVQA_experiment/QA-TIGER2/QA-TIGER/reproduce_qast_recent2025_v3_77_24/data/annots/music_avqa/music_avqa_train.json",
        "valid_annot": "D:/AVQA_experiment/QA-TIGER2/QA-TIGER/reproduce_qast_recent2025_v3_77_24/data/annots/music_avqa/music_avqa_val.json",
        "test_annot": "D:/AVQA_experiment/QA-TIGER2/QA-TIGER/reproduce_qast_recent2025_v3_77_24/data/annots/music_avqa/music_avqa_test.json",
        "test_annots": null,
        "ans_quelen": "D:/AVQA_experiment/QA-TIGER2/QA-TIGER/reproduce_qast_recent2025_v3_77_24/data/annots/music_avqa/answer2idx.json",
        "audio_feat": "D:/data/musicavqa/vggish",
        "quest_feat": "D:/data/musicavqa/qst_ViT-L14@336px",
        "prompt_feat": "D:/data/musicavqa/qaPrompt_ViT-L14@336px",
        "patch_feat": "D:/data/musicavqa/visual_tome14_60",
        "video_feat": "D:/data/musicavqa/frames_vit"
    },
    "hyper_params": {
        "gpus": "0",
        "model_type": "QAST-EHR-2025",
        "model": {
            "topK": 10,
            "num_experts": 1,
            "audio_dim": 128,
            "video_dim": 768,
            "patch_dim": 1024,
            "question_dim": 768,
            "d_model": 512,
            "num_labels": 42,
            "num_heads": 8,
            "num_temporal_queries": 10,
            "event_scales": [
                3,
                7,
                15
            ],
            "keep_patches": 4,
            "lambda_tacl": 0.035,
            "lambda_sacl": 0.035,
            "lambda_event": 0.03,
            "lambda_evidence": 0.06,
            "lambda_diversity": 0.005,
            "lambda_position": 0.02,
            "aux_warmup_epochs": 3,
            "position_min_strength": 0.05,
            "position_max_strength": 0.1,
            "position_init_strength": 0.07,
            "evidence_margin": 0.2,
            "dropout": 0.1,
            "enable_cmg": true,
            "enable_scm": false,
            "enable_adaptive_position": true,
            "enable_patch_grounder": true
        },
        "optim": {
            "name": "AdamW",
            "lr": 0.0001,
            "new_lr": null,
            "encoder_lr": null,
            "min_lr": 1e-06,
            "weight_decay": 0.0002,
            "betas": [
                0.9,
                0.999
            ],
            "grad_clip": 1.0
        },
        "sched": {
            "name": "cosine",
            "mode": "max",
            "gamma": 0.1,
            "step_size": 6,
            "factor": 0.5,
            "patience": 3,
            "verbose": true,
            "warmup_epochs": 1
        },
        "ema": {
            "enabled": true,
            "decay": 0.999
        }
    },
    "mode": "train",
    "debug": false,
    "output_path": "",
    "cur_rank": 0
} 
[2026-09-19 13:43:55,159]-[utils.py line:219]:
-------------- environment -------------- 
[2026-09-19 13:43:55,159]-[utils.py line:220]:OS version:   
[2026-09-19 13:43:55,159]-[utils.py line:221]:Kernel version: Windows-10-10.0.26200-SP0 
[2026-09-19 13:43:55,159]-[utils.py line:222]:Python version: 3.10.20 
[2026-09-19 13:43:55,159]-[utils.py line:223]:torch version: 2.11.0+cu128 
[2026-09-19 13:43:55,159]-[utils.py line:224]:cuda version: 12.8 
[2026-09-19 13:43:55,162]-[utils.py line:225]:cuDNN version: 91900 
[2026-09-19 13:43:55,163]-[utils.py line:226]:gpu device count: 1 
[2026-09-19 13:43:55,163]-[utils.py line:231]:gpu device 0: NVIDIA GeForce RTX 5070 Laptop GPU - 8.0GB 
[2026-09-19 13:43:55,334]-[train.py line:62]:Standard protocol audit passed: train=31927, val=4568, test=9129; no split overlap; no test-derived distillation. 
[2026-09-19 13:43:58,998]-[utils.py line:204]:
-------------- parameter info -------------- 
[2026-09-19 13:43:58,998]-[utils.py line:205]:num total params: 15239227 
[2026-09-19 13:43:58,998]-[utils.py line:206]:num tunable params: 15239227 
[2026-09-19 13:43:58,998]-[utils.py line:207]:tunable param ratio: 100.00% 
[2026-09-19 13:43:58,998]-[utils.py line:208]:tunable params: 
[2026-09-19 13:43:58,998]-[utils.py line:209]:[
    "module.audio_projection.weight",
    "module.audio_projection.bias",
    "module.video_projection.weight",
    "module.video_projection.bias",
    "module.patch_projection.weight",
    "module.patch_projection.bias",
    "module.question_projection.weight",
    "module.question_projection.bias",
    "module.prompt_projection.weight",
    "module.prompt_projection.bias",
    "module.evidence_router.norms.0.weight",
    "module.evidence_router.norms.0.bias",
    "module.evidence_router.norms.1.weight",
    "module.evidence_router.norms.1.bias",
    "module.evidence_router.norms.2.weight",
    "module.evidence_router.norms.2.bias",
    "module.evidence_router.norms.3.weight",
    "module.evidence_router.norms.3.bias",
    "module.evidence_router.projections.0.weight",
    "module.evidence_router.projections.0.bias",
    "module.evidence_router.projections.1.weight",
    "module.evidence_router.projections.1.bias",
    "module.evidence_router.projections.2.weight",
    "module.evidence_router.projections.2.bias",
    "module.evidence_router.projections.3.weight",
    "module.evidence_router.projections.3.bias",
    "module.evidence_router.question_gate.0.weight",
    "module.evidence_router.question_gate.0.bias",
    "module.evidence_router.question_gate.1.weight",
    "module.evidence_router.question_gate.1.bias",
    "module.evidence_router.question_gate.3.weight",
    "module.evidence_router.question_gate.3.bias",
    "module.evidence_router.refine.0.weight",
    "module.evidence_router.refine.0.bias",
    "module.evidence_router.refine.1.weight",
    "module.evidence_router.refine.1.bias",
    "module.evidence_router.refine.4.weight",
    "module.evidence_router.refine.4.bias",
    "module.patch_grounder.patch_key.weight",
    "module.patch_grounder.patch_key.bias",
    "module.patch_grounder.audio_query.weight",
    "module.patch_grounder.audio_query.bias",
    "module.patch_grounder.question_query.weight",
    "module.patch_grounder.question_query.bias",
    "module.patch_grounder.value.weight",
    "module.patch_grounder.value.bias",
    "module.patch_grounder.score_gate.0.weight",
    "module.patch_grounder.score_gate.0.bias",
    "module.patch_grounder.score_gate.1.weight",
    "module.patch_grounder.score_gate.1.bias",
    "module.patch_grounder.output.0.weight",
    "module.patch_grounder.output.0.bias",
    "module.patch_grounder.output.2.weight",
    "module.patch_grounder.output.2.bias",
    "module.evidence_norm.weight",
    "module.evidence_norm.bias",
    "module.event_memory.branches.0.0.weight",
    "module.event_memory.branches.0.0.bias",
    "module.event_memory.branches.0.2.weight",
    "module.event_memory.branches.0.2.bias",
    "module.event_memory.branches.1.0.weight",
    "module.event_memory.branches.1.0.bias",
    "module.event_memory.branches.1.2.weight",
    "module.event_memory.branches.1.2.bias",
    "module.event_memory.branches.2.0.weight",
    "module.event_memory.branches.2.0.bias",
    "module.event_memory.branches.2.2.weight",
    "module.event_memory.branches.2.2.bias",
    "module.event_memory.question_queries.0.weight",
    "module.event_memory.question_queries.0.bias",
    "module.event_memory.question_queries.1.weight",
    "module.event_memory.question_queries.1.bias",
    "module.event_memory.question_queries.2.weight",
    "module.event_memory.question_queries.2.bias",
    "module.event_memory.scale_gate.0.weight",
    "module.event_memory.scale_gate.0.bias",
    "module.event_memory.scale_gate.1.weight",
    "module.event_memory.scale_gate.1.bias",
    "module.event_memory.output_norm.weight",
    "module.event_memory.output_norm.bias",
    "module.adaptive_position.strength_bias",
    "module.adaptive_position.strength_gate.0.weight",
    "module.adaptive_position.strength_gate.0.bias",
    "module.adaptive_position.strength_gate.1.weight",
    "module.adaptive_position.strength_gate.1.bias",
    "module.adaptive_position.audio_projection.weight",
    "module.adaptive_position.audio_projection.bias",
    "module.adaptive_position.motion_projection.weight",
    "module.adaptive_position.motion_projection.bias",
    "module.adaptive_position.question_projection.weight",
    "module.adaptive_position.question_projection.bias",
    "module.adaptive_position.relation_projection.weight",
    "module.adaptive_position.relation_projection.bias",
    "module.adaptive_position.phi.0.weight",
    "module.adaptive_position.phi.0.bias",
    "module.adaptive_position.phi.2.weight",
    "module.adaptive_position.phi.2.bias",
    "module.adaptive_position.phi.3.weight",
    "module.adaptive_position.phi.3.bias",
    "module.adaptive_position.time_gate.weight",
    "module.adaptive_position.time_gate.bias",
    "module.cmg.in_proj_weight",
    "module.cmg.in_proj_bias",
    "module.cmg.out_proj.weight",
    "module.cmg.out_proj.bias",
    "module.cmg_norm.weight",
    "module.cmg_norm.bias",
    "module.temporal_reader.query_tokens",
    "module.temporal_reader.condition.0.weight",
    "module.temporal_reader.condition.0.bias",
    "module.temporal_reader.condition.1.weight",
    "module.temporal_reader.condition.1.bias",
    "module.temporal_reader.attention.in_proj_weight",
    "module.temporal_reader.attention.in_proj_bias",
    "module.temporal_reader.attention.out_proj.weight",
    "module.temporal_reader.attention.out_proj.bias",
    "module.temporal_reader.norm.weight",
    "module.temporal_reader.norm.bias",
    "module.temporal_reader.ffn.0.weight",
    "module.temporal_reader.ffn.0.bias",
    "module.temporal_reader.ffn.3.weight",
    "module.temporal_reader.ffn.3.bias",
    "module.fusion_gate.0.weight",
    "module.fusion_gate.0.bias",
    "module.fusion_gate.1.weight",
    "module.fusion_gate.1.bias",
    "module.fusion_gate.3.weight",
    "module.fusion_gate.3.bias",
    "module.fusion_refine.0.weight",
    "module.fusion_refine.0.bias",
    "module.fusion_refine.1.weight",
    "module.fusion_refine.1.bias",
    "module.fusion_refine.4.weight",
    "module.fusion_refine.4.bias",
    "module.fusion_refine.5.weight",
    "module.fusion_refine.5.bias",
    "module.answer_head.weight",
    "module.answer_head.bias"
] 
[2026-09-19 13:43:58,999]-[trainutils.py line:220]:
-------------- optimizer info -------------- 
[2026-09-19 13:43:58,999]-[trainutils.py line:221]:Learning rate: 0.0001 
[2026-09-19 13:43:58,999]-[trainutils.py line:222]:Betas: (0.9, 0.999) 
[2026-09-19 13:43:58,999]-[trainutils.py line:223]:Eps: 1e-08 
[2026-09-19 13:43:58,999]-[trainutils.py line:224]:Weight decay: 0.0002 
[2026-09-19 13:43:59,020]-[train.py line:102]:
-------------- training epoch 1 -------------- 
[2026-09-19 13:44:00,564]-[trainutils.py line:416]:[EST:   34.12m][Process Time:    1.30s]- Epoch: 1 [0000/1330 (  0%)]	Losses: ce_loss-4.2462(4.2462) loss_tacl-0.0000(0.0000) loss_sacl-0.0115(0.0115) loss_event-0.0210(0.0210) loss_evidence-0.0095(0.0095) loss_query_diversity-0.0044(0.0044) loss_position-0.0000(0.0000) total_loss-4.2462(4.2462) 
[2026-09-19 13:44:30,248]-[trainutils.py line:416]:[EST:    6.33m][Process Time:    0.07s]- Epoch: 1 [0100/1330 (  8%)]	Losses: ce_loss-3.4026(3.8189) loss_tacl-0.0000(0.0000) loss_sacl-0.0112(0.0112) loss_event-0.0191(0.0202) loss_evidence-0.0091(0.0120) loss_query_diversity-0.0044(0.0044) loss_position-0.0000(0.0000) total_loss-3.4026(3.8189) 
[2026-09-19 13:45:00,980]-[trainutils.py line:416]:[EST:    5.80m][Process Time:    0.07s]- Epoch: 1 [0200/1330 ( 15%)]	Losses: ce_loss-3.1289(3.5431) loss_tacl-0.0000(0.0000) loss_sacl-0.0110(0.0112) loss_event-0.0168(0.0194) loss_evidence-0.0094(0.0114) loss_query_diversity-0.0044(0.0044) loss_position-0.0000(0.0000) total_loss-3.1289(3.5431) 
[2026-09-19 13:45:31,660]-[trainutils.py line:416]:[EST:    5.28m][Process Time:    0.07s]- Epoch: 1 [0300/1330 ( 23%)]	Losses: ce_loss-3.0444(3.3397) loss_tacl-0.0000(0.0000) loss_sacl-0.0110(0.0111) loss_event-0.0154(0.0185) loss_evidence-0.0103(0.0106) loss_query_diversity-0.0044(0.0044) loss_position-0.0000(0.0000) total_loss-3.0444(3.3397) 
[2026-09-19 13:46:01,878]-[trainutils.py line:416]:[EST:    4.74m][Process Time:    0.07s]- Epoch: 1 [0400/1330 ( 30%)]	Losses: ce_loss-2.7495(3.1664) loss_tacl-0.0000(0.0000) loss_sacl-0.0110(0.0111) loss_event-0.0153(0.0177) loss_evidence-0.0095(0.0091) loss_query_diversity-0.0044(0.0044) loss_position-0.0000(0.0000) total_loss-2.7495(3.1664) 
[2026-09-19 13:46:33,009]-[trainutils.py line:416]:[EST:    4.25m][Process Time:    0.07s]- Epoch: 1 [0500/1330 ( 38%)]	Losses: ce_loss-2.6501(3.0499) loss_tacl-0.0000(0.0000) loss_sacl-0.0110(0.0111) loss_event-0.0143(0.0170) loss_evidence-0.0074(0.0078) loss_query_diversity-0.0044(0.0044) loss_position-0.0000(0.0000) total_loss-2.6501(3.0499) 
[2026-09-19 13:47:02,895]-[trainutils.py line:416]:[EST:    3.72m][Process Time:    0.07s]- Epoch: 1 [0600/1330 ( 45%)]	Losses: ce_loss-2.6200(2.9536) loss_tacl-0.0000(0.0000) loss_sacl-0.0111(0.0111) loss_event-0.0136(0.0165) loss_evidence-0.0066(0.0067) loss_query_diversity-0.0044(0.0044) loss_position-0.0000(0.0000) total_loss-2.6200(2.9536) 
[2026-09-19 13:47:32,662]-[trainutils.py line:416]:[EST:    3.19m][Process Time:    0.07s]- Epoch: 1 [0700/1330 ( 53%)]	Losses: ce_loss-2.4251(2.8749) loss_tacl-0.0000(0.0000) loss_sacl-0.0112(0.0111) loss_event-0.0135(0.0161) loss_evidence-0.0082(0.0057) loss_query_diversity-0.0044(0.0044) loss_position-0.0000(0.0000) total_loss-2.4251(2.8749) 
[2026-09-19 13:48:02,294]-[trainutils.py line:416]:[EST:    2.68m][Process Time:    0.07s]- Epoch: 1 [0800/1330 ( 60%)]	Losses: ce_loss-2.1991(2.8032) loss_tacl-0.0000(0.0000) loss_sacl-0.0112(0.0111) loss_event-0.0139(0.0158) loss_evidence-0.0053(0.0050) loss_query_diversity-0.0044(0.0044) loss_position-0.0000(0.0000) total_loss-2.1991(2.8032) 
[2026-09-19 13:48:32,524]-[trainutils.py line:416]:[EST:    2.17m][Process Time:    0.08s]- Epoch: 1 [0900/1330 ( 68%)]	Losses: ce_loss-2.4739(2.7345) loss_tacl-0.0000(0.0000) loss_sacl-0.0113(0.0111) loss_event-0.0127(0.0155) loss_evidence-0.0028(0.0044) loss_query_diversity-0.0044(0.0044) loss_position-0.0000(0.0000) total_loss-2.4739(2.7345) 
[2026-09-19 13:49:03,334]-[trainutils.py line:416]:[EST:    1.67m][Process Time:    0.07s]- Epoch: 1 [1000/1330 ( 75%)]	Losses: ce_loss-2.3886(2.6735) loss_tacl-0.0000(0.0000) loss_sacl-0.0113(0.0111) loss_event-0.0134(0.0153) loss_evidence-0.0036(0.0040) loss_query_diversity-0.0044(0.0044) loss_position-0.0000(0.0000) total_loss-2.3886(2.6735) 
[2026-09-19 13:49:35,531]-[trainutils.py line:416]:[EST:    1.17m][Process Time:    0.08s]- Epoch: 1 [1100/1330 ( 83%)]	Losses: ce_loss-2.0304(2.6173) loss_tacl-0.0000(0.0000) loss_sacl-0.0114(0.0111) loss_event-0.0129(0.0150) loss_evidence-0.0036(0.0036) loss_query_diversity-0.0044(0.0044) loss_position-0.0000(0.0000) total_loss-2.0304(2.6173) 
[2026-09-19 13:50:06,886]-[trainutils.py line:416]:[EST:    0.66m][Process Time:    0.07s]- Epoch: 1 [1200/1330 ( 90%)]	Losses: ce_loss-1.9158(2.5628) loss_tacl-0.0000(0.0000) loss_sacl-0.0114(0.0112) loss_event-0.0125(0.0148) loss_evidence-0.0025(0.0033) loss_query_diversity-0.0044(0.0044) loss_position-0.0000(0.0000) total_loss-1.9158(2.5628) 
[2026-09-19 13:50:37,723]-[trainutils.py line:416]:[EST:    0.15m][Process Time:    0.08s]- Epoch: 1 [1300/1330 ( 98%)]	Losses: ce_loss-1.8606(2.5125) loss_tacl-0.0000(0.0000) loss_sacl-0.0114(0.0112) loss_event-0.0131(0.0146) loss_evidence-0.0036(0.0031) loss_query_diversity-0.0044(0.0044) loss_position-0.0000(0.0000) total_loss-1.8606(2.5125) 
[2026-09-19 13:50:47,232]-[trainutils.py line:416]:[EST:   -0.01m][Process Time:    0.10s]- Epoch: 1 [1330/1330 (100%)]	Losses: ce_loss-2.0765(2.4973) loss_tacl-0.0000(0.0000) loss_sacl-0.0113(0.0112) loss_event-0.0125(0.0145) loss_evidence-0.0070(0.0030) loss_query_diversity-0.0044(0.0044) loss_position-0.0000(0.0000) total_loss-2.0765(2.4973) 
[2026-09-19 13:50:48,482]-[train.py line:106]:
-------------- validation epoch 1 -------------- 
[2026-09-19 13:50:49,055]-[trainutils.py line:461]:Test progress:   0/95 
[2026-09-19 13:51:35,295]-[trainutils.py line:461]:Test progress:  95/95 
[2026-09-19 13:51:35,295]-[trainutils.py line:492]:Epoch 1 -           Audio/Counting accuracy: 67.51(345/511) 
[2026-09-19 13:51:35,296]-[trainutils.py line:492]:Epoch 1 -        Audio/Comparative accuracy: 54.58(161/295) 
[2026-09-19 13:51:35,296]-[trainutils.py line:497]:Epoch 1 -                    Audio accuracy: 62.78(506/806) 
[2026-09-19 13:51:35,296]-[trainutils.py line:492]:Epoch 1 -          Visual/Counting accuracy: 53.83(323/600) 
[2026-09-19 13:51:35,296]-[trainutils.py line:492]:Epoch 1 -          Visual/Location accuracy: 16.97(104/613) 
[2026-09-19 13:51:35,297]-[trainutils.py line:497]:Epoch 1 -                   Visual accuracy: 35.20(427/1213) 
[2026-09-19 13:51:35,297]-[trainutils.py line:492]:Epoch 1 - Audio-Visual/Existential accuracy: 79.39(393/495) 
[2026-09-19 13:51:35,297]-[trainutils.py line:492]:Epoch 1 -    Audio-Visual/Counting accuracy: 47.39(300/633) 
[2026-09-19 13:51:35,299]-[trainutils.py line:492]:Epoch 1 -    Audio-Visual/Location accuracy: 21.26(98/461) 
[2026-09-19 13:51:35,299]-[trainutils.py line:492]:Epoch 1 - Audio-Visual/Comparative accuracy: 58.83(323/549) 
[2026-09-19 13:51:35,299]-[trainutils.py line:492]:Epoch 1 -    Audio-Visual/Temporal accuracy: 0.00(0/411) 
[2026-09-19 13:51:35,299]-[trainutils.py line:497]:Epoch 1 -             Audio-Visual accuracy: 43.70(1114/2549) 
[2026-09-19 13:51:35,299]-[trainutils.py line:501]:Epoch 1 -                    Total accuracy: 44.81(2047/4568) 
[2026-09-19 13:51:35,335]-[train.py line:151]:best model saved at epoch 1 with acc 44.81173380035026 (raw) 
[2026-09-19 13:51:35,416]-[train.py line:167]:Epoch 1 done with 44.81 and loss 1.78906. 
[2026-09-19 13:51:35,416]-[train.py line:168]:At epoch1 best acc: 44.81. 
[2026-09-19 13:51:35,416]-[train.py line:102]:
-------------- training epoch 2 -------------- 
[2026-09-19 13:51:35,729]-[trainutils.py line:416]:[EST:    6.84m][Process Time:    0.07s]- Epoch: 2 [0000/1330 (  0%)]	Losses: ce_loss-2.1643(2.1643) loss_tacl-0.0001(0.0001) loss_sacl-0.0229(0.0229) loss_event-0.0121(0.0121) loss_evidence-0.0013(0.0013) loss_query_diversity-0.0044(0.0044) loss_position-0.0000(0.0000) total_loss-2.1643(2.1643) 
[2026-09-19 13:52:05,533]-[trainutils.py line:416]:[EST:    6.11m][Process Time:    0.07s]- Epoch: 2 [0100/1330 (  8%)]	Losses: ce_loss-1.1507(1.4566) loss_tacl-0.0001(0.0001) loss_sacl-0.0207(0.0223) loss_event-0.0098(0.0099) loss_evidence-0.0019(0.0012) loss_query_diversity-0.0044(0.0044) loss_position-0.0000(0.0000) total_loss-1.1507(1.4566) 
[2026-09-19 13:52:34,387]-[trainutils.py line:416]:[EST:    5.52m][Process Time:    0.07s]- Epoch: 2 [0200/1330 ( 15%)]	Losses: ce_loss-0.8675(1.2850) loss_tacl-0.0001(0.0001) loss_sacl-0.0192(0.0212) loss_event-0.0069(0.0090) loss_evidence-0.0000(0.0007) loss_query_diversity-0.0044(0.0044) loss_position-0.0000(0.0000) total_loss-0.8675(1.2850) 
[2026-09-19 13:53:04,630]-[trainutils.py line:416]:[EST:    5.08m][Process Time:    0.07s]- Epoch: 2 [0300/1330 ( 23%)]	Losses: ce_loss-0.7178(1.1905) loss_tacl-0.0001(0.0001) loss_sacl-0.0176(0.0204) loss_event-0.0060(0.0083) loss_evidence-0.0000(0.0006) loss_query_diversity-0.0044(0.0044) loss_position-0.0000(0.0000) total_loss-0.7178(1.1905) 
[2026-09-19 13:53:34,809]-[trainutils.py line:416]:[EST:    4.61m][Process Time:    0.07s]- Epoch: 2 [0400/1330 ( 30%)]	Losses: ce_loss-0.7077(1.1304) loss_tacl-0.0001(0.0001) loss_sacl-0.0169(0.0197) loss_event-0.0066(0.0077) loss_evidence-0.0000(0.0005) loss_query_diversity-0.0044(0.0044) loss_position-0.0000(0.0000) total_loss-0.7077(1.1304) 
[2026-09-19 13:54:05,095]-[trainutils.py line:416]:[EST:    4.13m][Process Time:    0.07s]- Epoch: 2 [0500/1330 ( 38%)]	Losses: ce_loss-0.8818(1.0841) loss_tacl-0.0001(0.0001) loss_sacl-0.0154(0.0190) loss_event-0.0066(0.0073) loss_evidence-0.0004(0.0004) loss_query_diversity-0.0044(0.0044) loss_position-0.0000(0.0000) total_loss-0.8818(1.0841) 
[2026-09-19 13:54:35,872]-[trainutils.py line:416]:[EST:    3.65m][Process Time:    0.07s]- Epoch: 2 [0600/1330 ( 45%)]	Losses: ce_loss-0.9268(1.0478) loss_tacl-0.0001(0.0001) loss_sacl-0.0146(0.0184) loss_event-0.0056(0.0070) loss_evidence-0.0000(0.0004) loss_query_diversity-0.0044(0.0044) loss_position-0.0000(0.0000) total_loss-0.9268(1.0478) 
[2026-09-19 13:55:06,588]-[trainutils.py line:416]:[EST:    3.16m][Process Time:    0.08s]- Epoch: 2 [0700/1330 ( 53%)]	Losses: ce_loss-0.7149(1.0160) loss_tacl-0.0001(0.0001) loss_sacl-0.0136(0.0178) loss_event-0.0052(0.0068) loss_evidence-0.0000(0.0004) loss_query_diversity-0.0044(0.0044) loss_position-0.0000(0.0000) total_loss-0.7149(1.0160) 
[2026-09-19 13:55:36,215]-[trainutils.py line:416]:[EST:    2.65m][Process Time:    0.07s]- Epoch: 2 [0800/1330 ( 60%)]	Losses: ce_loss-0.8938(0.9912) loss_tacl-0.0001(0.0001) loss_sacl-0.0123(0.0172) loss_event-0.0049(0.0066) loss_evidence-0.0013(0.0004) loss_query_diversity-0.0044(0.0044) loss_position-0.0000(0.0000) total_loss-0.8938(0.9912) 
[2026-09-19 13:56:06,605]-[trainutils.py line:416]:[EST:    2.15m][Process Time:    0.07s]- Epoch: 2 [0900/1330 ( 68%)]	Losses: ce_loss-0.7097(0.9712) loss_tacl-0.0001(0.0001) loss_sacl-0.0131(0.0167) loss_event-0.0050(0.0064) loss_evidence-0.0000(0.0004) loss_query_diversity-0.0044(0.0044) loss_position-0.0000(0.0000) total_loss-0.7097(0.9712) 
[2026-09-19 13:56:37,997]-[trainutils.py line:416]:[EST:    1.66m][Process Time:    0.08s]- Epoch: 2 [1000/1330 ( 75%)]	Losses: ce_loss-0.9307(0.9533) loss_tacl-0.0001(0.0001) loss_sacl-0.0121(0.0163) loss_event-0.0046(0.0063) loss_evidence-0.0027(0.0004) loss_query_diversity-0.0044(0.0044) loss_position-0.0000(0.0000) total_loss-0.9307(0.9533) 
[2026-09-19 13:57:10,360]-[trainutils.py line:416]:[EST:    1.16m][Process Time:    0.08s]- Epoch: 2 [1100/1330 ( 83%)]	Losses: ce_loss-0.4655(0.9365) loss_tacl-0.0001(0.0001) loss_sacl-0.0123(0.0159) loss_event-0.0041(0.0061) loss_evidence-0.0000(0.0004) loss_query_diversity-0.0044(0.0044) loss_position-0.0000(0.0000) total_loss-0.4655(0.9365) 
[2026-09-19 13:57:41,226]-[trainutils.py line:416]:[EST:    0.65m][Process Time:    0.07s]- Epoch: 2 [1200/1330 ( 90%)]	Losses: ce_loss-1.0011(0.9232) loss_tacl-0.0001(0.0001) loss_sacl-0.0106(0.0156) loss_event-0.0040(0.0060) loss_evidence-0.0000(0.0004) loss_query_diversity-0.0044(0.0044) loss_position-0.0000(0.0000) total_loss-1.0011(0.9232) 
[2026-09-19 13:58:13,594]-[trainutils.py line:416]:[EST:    0.15m][Process Time:    0.07s]- Epoch: 2 [1300/1330 ( 98%)]	Losses: ce_loss-0.7598(0.9091) loss_tacl-0.0001(0.0001) loss_sacl-0.0090(0.0152) loss_event-0.0038(0.0059) loss_evidence-0.0017(0.0004) loss_query_diversity-0.0044(0.0044) loss_position-0.0000(0.0000) total_loss-0.7598(0.9091) 
[2026-09-19 13:58:23,487]-[trainutils.py line:416]:[EST:   -0.01m][Process Time:    0.08s]- Epoch: 2 [1330/1330 (100%)]	Losses: ce_loss-1.4010(0.9082) loss_tacl-0.0001(0.0001) loss_sacl-0.0152(0.0151) loss_event-0.0069(0.0059) loss_evidence-0.0000(0.0004) loss_query_diversity-0.0044(0.0044) loss_position-0.0000(0.0000) total_loss-1.4010(0.9082) 
[2026-09-19 13:58:24,648]-[train.py line:106]:
-------------- validation epoch 2 -------------- 
[2026-09-19 13:58:25,118]-[trainutils.py line:461]:Test progress:   0/95 
[2026-09-19 13:59:11,386]-[trainutils.py line:461]:Test progress:  95/95 
[2026-09-19 13:59:11,387]-[trainutils.py line:492]:Epoch 2 -           Audio/Counting accuracy: 73.19(374/511) 
[2026-09-19 13:59:11,389]-[trainutils.py line:492]:Epoch 2 -        Audio/Comparative accuracy: 56.95(168/295) 
[2026-09-19 13:59:11,389]-[trainutils.py line:497]:Epoch 2 -                    Audio accuracy: 67.25(542/806) 
[2026-09-19 13:59:11,389]-[trainutils.py line:492]:Epoch 2 -          Visual/Counting accuracy: 70.83(425/600) 
[2026-09-19 13:59:11,389]-[trainutils.py line:492]:Epoch 2 -          Visual/Location accuracy: 71.62(439/613) 
[2026-09-19 13:59:11,389]-[trainutils.py line:497]:Epoch 2 -                   Visual accuracy: 71.23(864/1213) 
[2026-09-19 13:59:11,389]-[trainutils.py line:492]:Epoch 2 - Audio-Visual/Existential accuracy: 81.82(405/495) 
[2026-09-19 13:59:11,390]-[trainutils.py line:492]:Epoch 2 -    Audio-Visual/Counting accuracy: 66.51(421/633) 
[2026-09-19 13:59:11,390]-[trainutils.py line:492]:Epoch 2 -    Audio-Visual/Location accuracy: 54.66(252/461) 
[2026-09-19 13:59:11,390]-[trainutils.py line:492]:Epoch 2 - Audio-Visual/Comparative accuracy: 53.37(293/549) 
[2026-09-19 13:59:11,390]-[trainutils.py line:492]:Epoch 2 -    Audio-Visual/Temporal accuracy: 66.91(275/411) 
[2026-09-19 13:59:11,390]-[trainutils.py line:497]:Epoch 2 -             Audio-Visual accuracy: 64.57(1646/2549) 
[2026-09-19 13:59:11,390]-[trainutils.py line:501]:Epoch 2 -                    Total accuracy: 66.81(3052/4568) 
[2026-09-19 13:59:11,899]-[trainutils.py line:461]:Test progress:   0/95 
[2026-09-19 13:59:57,452]-[trainutils.py line:461]:Test progress:  95/95 
[2026-09-19 13:59:57,453]-[trainutils.py line:492]:Epoch 2 -           Audio/Counting accuracy: 74.17(379/511) 
[2026-09-19 13:59:57,454]-[trainutils.py line:492]:Epoch 2 -        Audio/Comparative accuracy: 57.63(170/295) 
[2026-09-19 13:59:57,454]-[trainutils.py line:497]:Epoch 2 -                    Audio accuracy: 68.11(549/806) 
[2026-09-19 13:59:57,454]-[trainutils.py line:492]:Epoch 2 -          Visual/Counting accuracy: 64.83(389/600) 
[2026-09-19 13:59:57,454]-[trainutils.py line:492]:Epoch 2 -          Visual/Location accuracy: 79.77(489/613) 
[2026-09-19 13:59:57,454]-[trainutils.py line:497]:Epoch 2 -                   Visual accuracy: 72.38(878/1213) 
[2026-09-19 13:59:57,454]-[trainutils.py line:492]:Epoch 2 - Audio-Visual/Existential accuracy: 81.82(405/495) 
[2026-09-19 13:59:57,455]-[trainutils.py line:492]:Epoch 2 -    Audio-Visual/Counting accuracy: 64.61(409/633) 
[2026-09-19 13:59:57,455]-[trainutils.py line:492]:Epoch 2 -    Audio-Visual/Location accuracy: 60.09(277/461) 
[2026-09-19 13:59:57,456]-[trainutils.py line:492]:Epoch 2 - Audio-Visual/Comparative accuracy: 59.20(325/549) 
[2026-09-19 13:59:57,456]-[trainutils.py line:492]:Epoch 2 -    Audio-Visual/Temporal accuracy: 66.67(274/411) 
[2026-09-19 13:59:57,456]-[trainutils.py line:497]:Epoch 2 -             Audio-Visual accuracy: 66.30(1690/2549) 
[2026-09-19 13:59:57,456]-[trainutils.py line:501]:Epoch 2 -                    Total accuracy: 68.24(3117/4568) 
[2026-09-19 13:59:57,515]-[train.py line:151]:best model saved at epoch 2 with acc 68.23555166374781 (ema) 
[2026-09-19 13:59:57,584]-[train.py line:167]:Epoch 2 done with 68.24 and loss 0.86719. 
[2026-09-19 13:59:57,584]-[train.py line:168]:At epoch2 best acc: 68.24. 
[2026-09-19 13:59:57,584]-[train.py line:102]:
-------------- training epoch 3 -------------- 
[2026-09-19 13:59:57,883]-[trainutils.py line:416]:[EST:    6.57m][Process Time:    0.07s]- Epoch: 3 [0000/1330 (  0%)]	Losses: ce_loss-1.1202(1.1202) loss_tacl-0.0001(0.0001) loss_sacl-0.0193(0.0193) loss_event-0.0057(0.0057) loss_evidence-0.0011(0.0011) loss_query_diversity-0.0043(0.0043) loss_position-0.0000(0.0000) total_loss-1.1202(1.1202) 
[2026-09-19 14:00:28,929]-[trainutils.py line:416]:[EST:    6.36m][Process Time:    0.07s]- Epoch: 3 [0100/1330 (  8%)]	Losses: ce_loss-0.7092(0.7017) loss_tacl-0.0001(0.0001) loss_sacl-0.0148(0.0172) loss_event-0.0048(0.0049) loss_evidence-0.0000(0.0005) loss_query_diversity-0.0044(0.0044) loss_position-0.0000(0.0000) total_loss-0.7092(0.7017) 
[2026-09-19 14:00:59,937]-[trainutils.py line:416]:[EST:    5.84m][Process Time:    0.08s]- Epoch: 3 [0200/1330 ( 15%)]	Losses: ce_loss-0.5894(0.6989) loss_tacl-0.0001(0.0001) loss_sacl-0.0140(0.0165) loss_event-0.0043(0.0050) loss_evidence-0.0000(0.0004) loss_query_diversity-0.0044(0.0044) loss_position-0.0000(0.0000) total_loss-0.5894(0.6989) 
[2026-09-19 14:01:30,713]-[trainutils.py line:416]:[EST:    5.31m][Process Time:    0.07s]- Epoch: 3 [0300/1330 ( 23%)]	Losses: ce_loss-0.9213(0.6990) loss_tacl-0.0001(0.0001) loss_sacl-0.0126(0.0159) loss_event-0.0052(0.0050) loss_evidence-0.0010(0.0004) loss_query_diversity-0.0044(0.0044) loss_position-0.0000(0.0000) total_loss-0.9213(0.6990) 
[2026-09-19 14:02:00,654]-[trainutils.py line:416]:[EST:    4.75m][Process Time:    0.07s]- Epoch: 3 [0400/1330 ( 30%)]	Losses: ce_loss-0.7041(0.6964) loss_tacl-0.0001(0.0001) loss_sacl-0.0128(0.0155) loss_event-0.0042(0.0050) loss_evidence-0.0000(0.0004) loss_query_diversity-0.0044(0.0044) loss_position-0.0000(0.0000) total_loss-0.7041(0.6964) 
[2026-09-19 14:02:31,235]-[trainutils.py line:416]:[EST:    4.24m][Process Time:    0.08s]- Epoch: 3 [0500/1330 ( 38%)]	Losses: ce_loss-0.9649(0.6927) loss_tacl-0.0001(0.0001) loss_sacl-0.0138(0.0152) loss_event-0.0049(0.0050) loss_evidence-0.0000(0.0004) loss_query_diversity-0.0044(0.0044) loss_position-0.0000(0.0000) total_loss-0.9649(0.6927) 
[2026-09-19 14:03:02,273]-[trainutils.py line:416]:[EST:    3.73m][Process Time:    0.08s]- Epoch: 3 [0600/1330 ( 45%)]	Losses: ce_loss-1.0225(0.6963) loss_tacl-0.0001(0.0001) loss_sacl-0.0149(0.0151) loss_event-0.0052(0.0050) loss_evidence-0.0031(0.0004) loss_query_diversity-0.0044(0.0044) loss_position-0.0000(0.0000) total_loss-1.0225(0.6963) 
[2026-09-19 14:03:32,919]-[trainutils.py line:416]:[EST:    3.22m][Process Time:    0.07s]- Epoch: 3 [0700/1330 ( 53%)]	Losses: ce_loss-0.5915(0.6935) loss_tacl-0.0001(0.0001) loss_sacl-0.0140(0.0149) loss_event-0.0044(0.0050) loss_evidence-0.0000(0.0004) loss_query_diversity-0.0044(0.0044) loss_position-0.0000(0.0000) total_loss-0.5915(0.6935) 
[2026-09-19 14:04:03,714]-[trainutils.py line:416]:[EST:    2.71m][Process Time:    0.07s]- Epoch: 3 [0800/1330 ( 60%)]	Losses: ce_loss-0.7088(0.6933) loss_tacl-0.0001(0.0001) loss_sacl-0.0125(0.0147) loss_event-0.0050(0.0049) loss_evidence-0.0021(0.0004) loss_query_diversity-0.0044(0.0044) loss_position-0.0000(0.0000) total_loss-0.7088(0.6933) 
[2026-09-19 14:04:32,577]-[trainutils.py line:416]:[EST:    2.18m][Process Time:    0.05s]- Epoch: 3 [0900/1330 ( 68%)]	Losses: ce_loss-0.6141(0.6932) loss_tacl-0.0001(0.0001) loss_sacl-0.0120(0.0145) loss_event-0.0044(0.0049) loss_evidence-0.0000(0.0004) loss_query_diversity-0.0044(0.0044) loss_position-0.0000(0.0000) total_loss-0.6141(0.6932) 
[2026-09-19 14:04:55,652]-[trainutils.py line:416]:[EST:    1.63m][Process Time:    0.05s]- Epoch: 3 [1000/1330 ( 75%)]	Losses: ce_loss-0.7185(0.6912) loss_tacl-0.0001(0.0001) loss_sacl-0.0148(0.0144) loss_event-0.0041(0.0049) loss_evidence-0.0016(0.0004) loss_query_diversity-0.0044(0.0044) loss_position-0.0000(0.0000) total_loss-0.7185(0.6912) 
[2026-09-19 14:05:17,057]-[trainutils.py line:416]:[EST:    1.11m][Process Time:    0.05s]- Epoch: 3 [1100/1330 ( 83%)]	Losses: ce_loss-0.8586(0.6905) loss_tacl-0.0001(0.0001) loss_sacl-0.0124(0.0143) loss_event-0.0037(0.0049) loss_evidence-0.0000(0.0004) loss_query_diversity-0.0044(0.0044) loss_position-0.0000(0.0000) total_loss-0.8586(0.6905) 
[2026-09-19 14:05:38,320]-[trainutils.py line:416]:[EST:    0.61m][Process Time:    0.05s]- Epoch: 3 [1200/1330 ( 90%)]	Losses: ce_loss-0.7808(0.6890) loss_tacl-0.0001(0.0001) loss_sacl-0.0140(0.0142) loss_event-0.0045(0.0048) loss_evidence-0.0000(0.0004) loss_query_diversity-0.0044(0.0044) loss_position-0.0000(0.0000) total_loss-0.7808(0.6890) 
[2026-09-19 14:06:00,050]-[trainutils.py line:416]:[EST:    0.13m][Process Time:    0.07s]- Epoch: 3 [1300/1330 ( 98%)]	Losses: ce_loss-0.4199(0.6862) loss_tacl-0.0001(0.0001) loss_sacl-0.0139(0.0140) loss_event-0.0041(0.0048) loss_evidence-0.0000(0.0004) loss_query_diversity-0.0043(0.0044) loss_position-0.0000(0.0000) total_loss-0.4199(0.6862) 
[2026-09-19 14:06:07,033]-[trainutils.py line:416]:[EST:   -0.00m][Process Time:    0.06s]- Epoch: 3 [1330/1330 (100%)]	Losses: ce_loss-0.2644(0.6845) loss_tacl-0.0001(0.0001) loss_sacl-0.0128(0.0140) loss_event-0.0028(0.0048) loss_evidence-0.0000(0.0004) loss_query_diversity-0.0044(0.0044) loss_position-0.0000(0.0000) total_loss-0.2644(0.6845) 
[2026-09-19 14:06:07,753]-[train.py line:106]:
-------------- validation epoch 3 -------------- 
[2026-09-19 14:06:08,183]-[trainutils.py line:461]:Test progress:   0/95 
[2026-09-19 14:06:41,740]-[trainutils.py line:461]:Test progress:  95/95 
[2026-09-19 14:06:41,741]-[trainutils.py line:492]:Epoch 3 -           Audio/Counting accuracy: 83.76(428/511) 
[2026-09-19 14:06:41,742]-[trainutils.py line:492]:Epoch 3 -        Audio/Comparative accuracy: 60.00(177/295) 
[2026-09-19 14:06:41,742]-[trainutils.py line:497]:Epoch 3 -                    Audio accuracy: 75.06(605/806) 
[2026-09-19 14:06:41,742]-[trainutils.py line:492]:Epoch 3 -          Visual/Counting accuracy: 74.33(446/600) 
[2026-09-19 14:06:41,743]-[trainutils.py line:492]:Epoch 3 -          Visual/Location accuracy: 84.18(516/613) 
[2026-09-19 14:06:41,743]-[trainutils.py line:497]:Epoch 3 -                   Visual accuracy: 79.31(962/1213) 
[2026-09-19 14:06:41,743]-[trainutils.py line:492]:Epoch 3 - Audio-Visual/Existential accuracy: 83.03(411/495) 
[2026-09-19 14:06:41,743]-[trainutils.py line:492]:Epoch 3 -    Audio-Visual/Counting accuracy: 74.41(471/633) 
[2026-09-19 14:06:41,744]-[trainutils.py line:492]:Epoch 3 -    Audio-Visual/Location accuracy: 65.08(300/461) 
[2026-09-19 14:06:41,744]-[trainutils.py line:492]:Epoch 3 - Audio-Visual/Comparative accuracy: 60.11(330/549) 
[2026-09-19 14:06:41,744]-[trainutils.py line:492]:Epoch 3 -    Audio-Visual/Temporal accuracy: 71.29(293/411) 
[2026-09-19 14:06:41,744]-[trainutils.py line:497]:Epoch 3 -             Audio-Visual accuracy: 70.81(1805/2549) 
[2026-09-19 14:06:41,744]-[trainutils.py line:501]:Epoch 3 -                    Total accuracy: 73.82(3372/4568) 
[2026-09-19 14:06:42,120]-[trainutils.py line:461]:Test progress:   0/95 
[2026-09-19 14:07:15,151]-[trainutils.py line:461]:Test progress:  95/95 
[2026-09-19 14:07:15,152]-[trainutils.py line:492]:Epoch 3 -           Audio/Counting accuracy: 77.30(395/511) 
[2026-09-19 14:07:15,152]-[trainutils.py line:492]:Epoch 3 -        Audio/Comparative accuracy: 58.98(174/295) 
[2026-09-19 14:07:15,152]-[trainutils.py line:497]:Epoch 3 -                    Audio accuracy: 70.60(569/806) 
[2026-09-19 14:07:15,153]-[trainutils.py line:492]:Epoch 3 -          Visual/Counting accuracy: 70.83(425/600) 
[2026-09-19 14:07:15,153]-[trainutils.py line:492]:Epoch 3 -          Visual/Location accuracy: 84.18(516/613) 
[2026-09-19 14:07:15,153]-[trainutils.py line:497]:Epoch 3 -                   Visual accuracy: 77.58(941/1213) 
[2026-09-19 14:07:15,154]-[trainutils.py line:492]:Epoch 3 - Audio-Visual/Existential accuracy: 82.83(410/495) 
[2026-09-19 14:07:15,154]-[trainutils.py line:492]:Epoch 3 -    Audio-Visual/Counting accuracy: 70.93(449/633) 
[2026-09-19 14:07:15,154]-[trainutils.py line:492]:Epoch 3 -    Audio-Visual/Location accuracy: 65.29(301/461) 
[2026-09-19 14:07:15,154]-[trainutils.py line:492]:Epoch 3 - Audio-Visual/Comparative accuracy: 61.20(336/549) 
[2026-09-19 14:07:15,155]-[trainutils.py line:492]:Epoch 3 -    Audio-Visual/Temporal accuracy: 72.99(300/411) 
[2026-09-19 14:07:15,155]-[trainutils.py line:497]:Epoch 3 -             Audio-Visual accuracy: 70.46(1796/2549) 
[2026-09-19 14:07:15,155]-[trainutils.py line:501]:Epoch 3 -                    Total accuracy: 72.37(3306/4568) 
[2026-09-19 14:07:15,191]-[train.py line:151]:best model saved at epoch 3 with acc 73.81786339754815 (raw) 
[2026-09-19 14:07:15,236]-[train.py line:167]:Epoch 3 done with 73.82 and loss 0.62109. 
[2026-09-19 14:07:15,236]-[train.py line:168]:At epoch3 best acc: 73.82. 
[2026-09-19 14:07:15,236]-[train.py line:102]:
-------------- training epoch 4 -------------- 
[2026-09-19 14:07:15,471]-[trainutils.py line:416]:[EST:    5.15m][Process Time:    0.05s]- Epoch: 4 [0000/1330 (  0%)]	Losses: ce_loss-0.5111(0.5111) loss_tacl-0.0001(0.0001) loss_sacl-0.0103(0.0103) loss_event-0.0038(0.0038) loss_evidence-0.0006(0.0006) loss_query_diversity-0.0044(0.0044) loss_position-0.0000(0.0000) total_loss-0.5111(0.5111) 
[2026-09-19 14:07:36,981]-[trainutils.py line:416]:[EST:    4.41m][Process Time:    0.05s]- Epoch: 4 [0100/1330 (  8%)]	Losses: ce_loss-0.6091(0.5855) loss_tacl-0.0001(0.0001) loss_sacl-0.0135(0.0128) loss_event-0.0044(0.0048) loss_evidence-0.0013(0.0004) loss_query_diversity-0.0044(0.0044) loss_position-0.0000(0.0000) total_loss-0.6091(0.5855) 
[2026-09-19 14:07:58,440]-[trainutils.py line:416]:[EST:    4.04m][Process Time:    0.06s]- Epoch: 4 [0200/1330 ( 15%)]	Losses: ce_loss-0.5404(0.5839) loss_tacl-0.0001(0.0001) loss_sacl-0.0140(0.0127) loss_event-0.0051(0.0048) loss_evidence-0.0000(0.0003) loss_query_diversity-0.0044(0.0044) loss_position-0.0000(0.0000) total_loss-0.5404(0.5839) 
[2026-09-19 14:08:21,001]-[trainutils.py line:416]:[EST:    3.75m][Process Time:    0.05s]- Epoch: 4 [0300/1330 ( 23%)]	Losses: ce_loss-0.4519(0.5819) loss_tacl-0.0001(0.0001) loss_sacl-0.0121(0.0128) loss_event-0.0048(0.0048) loss_evidence-0.0000(0.0003) loss_query_diversity-0.0044(0.0044) loss_position-0.0000(0.0000) total_loss-0.4519(0.5819) 
[2026-09-19 14:08:43,621]-[trainutils.py line:416]:[EST:    3.41m][Process Time:    0.06s]- Epoch: 4 [0400/1330 ( 30%)]	Losses: ce_loss-0.8977(0.5859) loss_tacl-0.0001(0.0001) loss_sacl-0.0115(0.0127) loss_event-0.0042(0.0047) loss_evidence-0.0072(0.0003) loss_query_diversity-0.0044(0.0044) loss_position-0.0000(0.0000) total_loss-0.8977(0.5859) 
[2026-09-19 14:09:06,504]-[trainutils.py line:416]:[EST:    3.07m][Process Time:    0.06s]- Epoch: 4 [0500/1330 ( 38%)]	Losses: ce_loss-0.5788(0.5934) loss_tacl-0.0001(0.0001) loss_sacl-0.0107(0.0125) loss_event-0.0053(0.0047) loss_evidence-0.0000(0.0003) loss_query_diversity-0.0043(0.0044) loss_position-0.0000(0.0000) total_loss-0.5788(0.5934) 
[2026-09-19 14:09:29,354]-[trainutils.py line:416]:[EST:    2.71m][Process Time:    0.05s]- Epoch: 4 [0600/1330 ( 45%)]	Losses: ce_loss-0.6815(0.5944) loss_tacl-0.0001(0.0001) loss_sacl-0.0137(0.0125) loss_event-0.0052(0.0047) loss_evidence-0.0000(0.0003) loss_query_diversity-0.0044(0.0044) loss_position-0.0000(0.0000) total_loss-0.6815(0.5944) 
[2026-09-19 14:09:52,070]-[trainutils.py line:416]:[EST:    2.35m][Process Time:    0.05s]- Epoch: 4 [0700/1330 ( 53%)]	Losses: ce_loss-0.5346(0.5966) loss_tacl-0.0001(0.0001) loss_sacl-0.0121(0.0125) loss_event-0.0047(0.0047) loss_evidence-0.0000(0.0003) loss_query_diversity-0.0044(0.0044) loss_position-0.0000(0.0000) total_loss-0.5346(0.5966) 
[2026-09-19 14:10:15,095]-[trainutils.py line:416]:[EST:    1.98m][Process Time:    0.06s]- Epoch: 4 [0800/1330 ( 60%)]	Losses: ce_loss-0.9779(0.5979) loss_tacl-0.0001(0.0001) loss_sacl-0.0135(0.0124) loss_event-0.0047(0.0047) loss_evidence-0.0000(0.0003) loss_query_diversity-0.0044(0.0044) loss_position-0.0000(0.0000) total_loss-0.9779(0.5979) 
[2026-09-19 14:10:38,039]-[trainutils.py line:416]:[EST:    1.61m][Process Time:    0.06s]- Epoch: 4 [0900/1330 ( 68%)]	Losses: ce_loss-0.6120(0.5996) loss_tacl-0.0001(0.0001) loss_sacl-0.0102(0.0123) loss_event-0.0039(0.0047) loss_evidence-0.0025(0.0003) loss_query_diversity-0.0043(0.0044) loss_position-0.0000(0.0000) total_loss-0.6120(0.5996) 
[2026-09-19 14:11:00,952]-[trainutils.py line:416]:[EST:    1.24m][Process Time:    0.06s]- Epoch: 4 [1000/1330 ( 75%)]	Losses: ce_loss-0.4927(0.6015) loss_tacl-0.0001(0.0001) loss_sacl-0.0114(0.0122) loss_event-0.0048(0.0046) loss_evidence-0.0000(0.0003) loss_query_diversity-0.0044(0.0044) loss_position-0.0000(0.0000) total_loss-0.4927(0.6015) 
[2026-09-19 14:11:23,977]-[trainutils.py line:416]:[EST:    0.86m][Process Time:    0.06s]- Epoch: 4 [1100/1330 ( 83%)]	Losses: ce_loss-0.5302(0.6026) loss_tacl-0.0001(0.0001) loss_sacl-0.0124(0.0122) loss_event-0.0038(0.0046) loss_evidence-0.0000(0.0003) loss_query_diversity-0.0044(0.0044) loss_position-0.0000(0.0000) total_loss-0.5302(0.6026) 
[2026-09-19 14:11:48,301]-[trainutils.py line:416]:[EST:    0.49m][Process Time:    0.06s]- Epoch: 4 [1200/1330 ( 90%)]	Losses: ce_loss-0.6260(0.6013) loss_tacl-0.0001(0.0001) loss_sacl-0.0110(0.0122) loss_event-0.0046(0.0046) loss_evidence-0.0000(0.0003) loss_query_diversity-0.0044(0.0044) loss_position-0.0000(0.0000) total_loss-0.6260(0.6013) 
[2026-09-19 14:12:11,468]-[trainutils.py line:416]:[EST:    0.11m][Process Time:    0.05s]- Epoch: 4 [1300/1330 ( 98%)]	Losses: ce_loss-0.6597(0.6016) loss_tacl-0.0001(0.0001) loss_sacl-0.0130(0.0122) loss_event-0.0059(0.0046) loss_evidence-0.0000(0.0003) loss_query_diversity-0.0044(0.0044) loss_position-0.0000(0.0000) total_loss-0.6597(0.6016) 
[2026-09-19 14:12:18,227]-[trainutils.py line:416]:[EST:   -0.00m][Process Time:    0.06s]- Epoch: 4 [1330/1330 (100%)]	Losses: ce_loss-1.2368(0.6024) loss_tacl-0.0001(0.0001) loss_sacl-0.0102(0.0122) loss_event-0.0030(0.0046) loss_evidence-0.0000(0.0003) loss_query_diversity-0.0044(0.0044) loss_position-0.0000(0.0000) total_loss-1.2368(0.6024) 
[2026-09-19 14:12:18,910]-[train.py line:106]:
-------------- validation epoch 4 -------------- 
[2026-09-19 14:12:19,257]-[trainutils.py line:461]:Test progress:   0/95 
[2026-09-19 14:12:53,007]-[trainutils.py line:461]:Test progress:  95/95 
[2026-09-19 14:12:53,007]-[trainutils.py line:492]:Epoch 4 -           Audio/Counting accuracy: 85.32(436/511) 
[2026-09-19 14:12:53,008]-[trainutils.py line:492]:Epoch 4 -        Audio/Comparative accuracy: 60.68(179/295) 
[2026-09-19 14:12:53,008]-[trainutils.py line:497]:Epoch 4 -                    Audio accuracy: 76.30(615/806) 
[2026-09-19 14:12:53,008]-[trainutils.py line:492]:Epoch 4 -          Visual/Counting accuracy: 80.17(481/600) 
[2026-09-19 14:12:53,008]-[trainutils.py line:492]:Epoch 4 -          Visual/Location accuracy: 85.48(524/613) 
[2026-09-19 14:12:53,008]-[trainutils.py line:497]:Epoch 4 -                   Visual accuracy: 82.85(1005/1213) 
[2026-09-19 14:12:53,008]-[trainutils.py line:492]:Epoch 4 - Audio-Visual/Existential accuracy: 83.84(415/495) 
[2026-09-19 14:12:53,009]-[trainutils.py line:492]:Epoch 4 -    Audio-Visual/Counting accuracy: 74.09(469/633) 
[2026-09-19 14:12:53,009]-[trainutils.py line:492]:Epoch 4 -    Audio-Visual/Location accuracy: 67.03(309/461) 
[2026-09-19 14:12:53,009]-[trainutils.py line:492]:Epoch 4 - Audio-Visual/Comparative accuracy: 61.02(335/549) 
[2026-09-19 14:12:53,009]-[trainutils.py line:492]:Epoch 4 -    Audio-Visual/Temporal accuracy: 72.75(299/411) 
[2026-09-19 14:12:53,010]-[trainutils.py line:497]:Epoch 4 -             Audio-Visual accuracy: 71.68(1827/2549) 
[2026-09-19 14:12:53,010]-[trainutils.py line:501]:Epoch 4 -                    Total accuracy: 75.46(3447/4568) 
[2026-09-19 14:12:53,386]-[trainutils.py line:461]:Test progress:   0/95 
[2026-09-19 14:13:26,707]-[trainutils.py line:461]:Test progress:  95/95 
[2026-09-19 14:13:26,708]-[trainutils.py line:492]:Epoch 4 -           Audio/Counting accuracy: 82.19(420/511) 
[2026-09-19 14:13:26,708]-[trainutils.py line:492]:Epoch 4 -        Audio/Comparative accuracy: 61.69(182/295) 
[2026-09-19 14:13:26,708]-[trainutils.py line:497]:Epoch 4 -                    Audio accuracy: 74.69(602/806) 
[2026-09-19 14:13:26,709]-[trainutils.py line:492]:Epoch 4 -          Visual/Counting accuracy: 76.67(460/600) 
[2026-09-19 14:13:26,709]-[trainutils.py line:492]:Epoch 4 -          Visual/Location accuracy: 85.64(525/613) 
[2026-09-19 14:13:26,709]-[trainutils.py line:497]:Epoch 4 -                   Visual accuracy: 81.20(985/1213) 
[2026-09-19 14:13:26,709]-[trainutils.py line:492]:Epoch 4 - Audio-Visual/Existential accuracy: 83.84(415/495) 
[2026-09-19 14:13:26,710]-[trainutils.py line:492]:Epoch 4 -    Audio-Visual/Counting accuracy: 74.25(470/633) 
[2026-09-19 14:13:26,710]-[trainutils.py line:492]:Epoch 4 -    Audio-Visual/Location accuracy: 66.59(307/461) 
[2026-09-19 14:13:26,711]-[trainutils.py line:492]:Epoch 4 - Audio-Visual/Comparative accuracy: 62.11(341/549) 
[2026-09-19 14:13:26,711]-[trainutils.py line:492]:Epoch 4 -    Audio-Visual/Temporal accuracy: 72.99(300/411) 
[2026-09-19 14:13:26,711]-[trainutils.py line:497]:Epoch 4 -             Audio-Visual accuracy: 71.91(1833/2549) 
[2026-09-19 14:13:26,711]-[trainutils.py line:501]:Epoch 4 -                    Total accuracy: 74.87(3420/4568) 
[2026-09-19 14:13:26,744]-[train.py line:151]:best model saved at epoch 4 with acc 75.45971978984238 (raw) 
[2026-09-19 14:13:26,793]-[train.py line:167]:Epoch 4 done with 75.46 and loss 0.60156. 
[2026-09-19 14:13:26,793]-[train.py line:168]:At epoch4 best acc: 75.46. 
[2026-09-19 14:13:26,794]-[train.py line:102]:
-------------- training epoch 5 -------------- 
[2026-09-19 14:13:27,035]-[trainutils.py line:416]:[EST:    5.33m][Process Time:    0.06s]- Epoch: 5 [0000/1330 (  0%)]	Losses: ce_loss-0.3777(0.3777) loss_tacl-0.0001(0.0001) loss_sacl-0.0137(0.0137) loss_event-0.0056(0.0056) loss_evidence-0.0000(0.0000) loss_query_diversity-0.0043(0.0043) loss_position-0.0000(0.0000) total_loss-0.3777(0.3777) 
[2026-09-19 14:13:50,067]-[trainutils.py line:416]:[EST:    4.72m][Process Time:    0.05s]- Epoch: 5 [0100/1330 (  8%)]	Losses: ce_loss-0.5200(0.5328) loss_tacl-0.0001(0.0001) loss_sacl-0.0130(0.0117) loss_event-0.0048(0.0044) loss_evidence-0.0025(0.0003) loss_query_diversity-0.0043(0.0044) loss_position-0.0000(0.0000) total_loss-0.5200(0.5328) 
[2026-09-19 14:14:12,931]-[trainutils.py line:416]:[EST:    4.32m][Process Time:    0.06s]- Epoch: 5 [0200/1330 ( 15%)]	Losses: ce_loss-0.5190(0.5418) loss_tacl-0.0001(0.0001) loss_sacl-0.0128(0.0116) loss_event-0.0050(0.0044) loss_evidence-0.0000(0.0002) loss_query_diversity-0.0044(0.0044) loss_position-0.0000(0.0000) total_loss-0.5190(0.5418) 
[2026-09-19 14:14:36,003]-[trainutils.py line:416]:[EST:    3.94m][Process Time:    0.05s]- Epoch: 5 [0300/1330 ( 23%)]	Losses: ce_loss-0.6604(0.5422) loss_tacl-0.0001(0.0001) loss_sacl-0.0113(0.0116) loss_event-0.0046(0.0045) loss_evidence-0.0000(0.0002) loss_query_diversity-0.0044(0.0044) loss_position-0.0000(0.0000) total_loss-0.6604(0.5422) 
[2026-09-19 14:14:58,882]-[trainutils.py line:416]:[EST:    3.56m][Process Time:    0.06s]- Epoch: 5 [0400/1330 ( 30%)]	Losses: ce_loss-0.7589(0.5391) loss_tacl-0.0001(0.0001) loss_sacl-0.0102(0.0117) loss_event-0.0039(0.0045) loss_evidence-0.0000(0.0003) loss_query_diversity-0.0043(0.0044) loss_position-0.0000(0.0000) total_loss-0.7589(0.5391) 
[2026-09-19 14:15:21,441]-[trainutils.py line:416]:[EST:    3.16m][Process Time:    0.06s]- Epoch: 5 [0500/1330 ( 38%)]	Losses: ce_loss-0.8728(0.5398) loss_tacl-0.0001(0.0001) loss_sacl-0.0092(0.0116) loss_event-0.0040(0.0045) loss_evidence-0.0000(0.0003) loss_query_diversity-0.0043(0.0044) loss_position-0.0000(0.0000) total_loss-0.8728(0.5398) 
[2026-09-19 14:15:44,595]-[trainutils.py line:416]:[EST:    2.79m][Process Time:    0.06s]- Epoch: 5 [0600/1330 ( 45%)]	Losses: ce_loss-0.7156(0.5391) loss_tacl-0.0001(0.0001) loss_sacl-0.0123(0.0115) loss_event-0.0049(0.0046) loss_evidence-0.0000(0.0002) loss_query_diversity-0.0044(0.0044) loss_position-0.0000(0.0000) total_loss-0.7156(0.5391) 
[2026-09-19 14:16:07,407]-[trainutils.py line:416]:[EST:    2.40m][Process Time:    0.06s]- Epoch: 5 [0700/1330 ( 53%)]	Losses: ce_loss-0.6488(0.5391) loss_tacl-0.0001(0.0001) loss_sacl-0.0124(0.0115) loss_event-0.0053(0.0046) loss_evidence-0.0000(0.0002) loss_query_diversity-0.0043(0.0044) loss_position-0.0000(0.0000) total_loss-0.6488(0.5391) 
[2026-09-19 14:16:30,566]-[trainutils.py line:416]:[EST:    2.02m][Process Time:    0.06s]- Epoch: 5 [0800/1330 ( 60%)]	Losses: ce_loss-0.7198(0.5365) loss_tacl-0.0001(0.0001) loss_sacl-0.0116(0.0115) loss_event-0.0038(0.0046) loss_evidence-0.0000(0.0002) loss_query_diversity-0.0044(0.0044) loss_position-0.0000(0.0000) total_loss-0.7198(0.5365) 
[2026-09-19 14:16:53,589]-[trainutils.py line:416]:[EST:    1.64m][Process Time:    0.06s]- Epoch: 5 [0900/1330 ( 68%)]	Losses: ce_loss-0.5012(0.5374) loss_tacl-0.0001(0.0001) loss_sacl-0.0135(0.0115) loss_event-0.0064(0.0046) loss_evidence-0.0000(0.0002) loss_query_diversity-0.0043(0.0043) loss_position-0.0000(0.0000) total_loss-0.5012(0.5374) 
[2026-09-19 14:17:16,566]-[trainutils.py line:416]:[EST:    1.26m][Process Time:    0.06s]- Epoch: 5 [1000/1330 ( 75%)]	Losses: ce_loss-0.8313(0.5389) loss_tacl-0.0001(0.0001) loss_sacl-0.0107(0.0114) loss_event-0.0050(0.0046) loss_evidence-0.0000(0.0002) loss_query_diversity-0.0044(0.0043) loss_position-0.0000(0.0000) total_loss-0.8313(0.5389) 
[2026-09-19 14:17:39,722]-[trainutils.py line:416]:[EST:    0.88m][Process Time:    0.06s]- Epoch: 5 [1100/1330 ( 83%)]	Losses: ce_loss-0.6396(0.5388) loss_tacl-0.0001(0.0001) loss_sacl-0.0110(0.0113) loss_event-0.0039(0.0046) loss_evidence-0.0000(0.0002) loss_query_diversity-0.0044(0.0043) loss_position-0.0000(0.0000) total_loss-0.6396(0.5388) 
[2026-09-19 14:18:03,220]-[trainutils.py line:416]:[EST:    0.49m][Process Time:    0.06s]- Epoch: 5 [1200/1330 ( 90%)]	Losses: ce_loss-0.3161(0.5399) loss_tacl-0.0001(0.0001) loss_sacl-0.0122(0.0113) loss_event-0.0053(0.0046) loss_evidence-0.0000(0.0002) loss_query_diversity-0.0044(0.0043) loss_position-0.0000(0.0000) total_loss-0.3161(0.5399) 
[2026-09-19 14:18:26,425]-[trainutils.py line:416]:[EST:    0.11m][Process Time:    0.06s]- Epoch: 5 [1300/1330 ( 98%)]	Losses: ce_loss-0.5653(0.5410) loss_tacl-0.0001(0.0001) loss_sacl-0.0117(0.0112) loss_event-0.0050(0.0046) loss_evidence-0.0000(0.0002) loss_query_diversity-0.0043(0.0043) loss_position-0.0000(0.0000) total_loss-0.5653(0.5410) 
[2026-09-19 14:18:33,146]-[trainutils.py line:416]:[EST:   -0.00m][Process Time:    0.05s]- Epoch: 5 [1330/1330 (100%)]	Losses: ce_loss-0.5776(0.5414) loss_tacl-0.0001(0.0001) loss_sacl-0.0077(0.0112) loss_event-0.0041(0.0046) loss_evidence-0.0000(0.0002) loss_query_diversity-0.0044(0.0043) loss_position-0.0000(0.0000) total_loss-0.5776(0.5414) 
[2026-09-19 14:18:33,794]-[train.py line:106]:
-------------- validation epoch 5 -------------- 
[2026-09-19 14:18:34,135]-[trainutils.py line:461]:Test progress:   0/95 
[2026-09-19 14:19:07,513]-[trainutils.py line:461]:Test progress:  95/95 
[2026-09-19 14:19:07,515]-[trainutils.py line:492]:Epoch 5 -           Audio/Counting accuracy: 86.30(441/511) 
[2026-09-19 14:19:07,515]-[trainutils.py line:492]:Epoch 5 -        Audio/Comparative accuracy: 61.36(181/295) 
[2026-09-19 14:19:07,515]-[trainutils.py line:497]:Epoch 5 -                    Audio accuracy: 77.17(622/806) 
[2026-09-19 14:19:07,515]-[trainutils.py line:492]:Epoch 5 -          Visual/Counting accuracy: 81.83(491/600) 
[2026-09-19 14:19:07,516]-[trainutils.py line:492]:Epoch 5 -          Visual/Location accuracy: 86.30(529/613) 
[2026-09-19 14:19:07,516]-[trainutils.py line:497]:Epoch 5 -                   Visual accuracy: 84.09(1020/1213) 
[2026-09-19 14:19:07,516]-[trainutils.py line:492]:Epoch 5 - Audio-Visual/Existential accuracy: 83.23(412/495) 
[2026-09-19 14:19:07,516]-[trainutils.py line:492]:Epoch 5 -    Audio-Visual/Counting accuracy: 78.04(494/633) 
[2026-09-19 14:19:07,517]-[trainutils.py line:492]:Epoch 5 -    Audio-Visual/Location accuracy: 68.98(318/461) 
[2026-09-19 14:19:07,517]-[trainutils.py line:492]:Epoch 5 - Audio-Visual/Comparative accuracy: 60.84(334/549) 
[2026-09-19 14:19:07,517]-[trainutils.py line:492]:Epoch 5 -    Audio-Visual/Temporal accuracy: 72.51(298/411) 
[2026-09-19 14:19:07,517]-[trainutils.py line:497]:Epoch 5 -             Audio-Visual accuracy: 72.81(1856/2549) 
[2026-09-19 14:19:07,518]-[trainutils.py line:501]:Epoch 5 -                    Total accuracy: 76.58(3498/4568) 
[2026-09-19 14:19:07,905]-[trainutils.py line:461]:Test progress:   0/95 
[2026-09-19 14:19:41,313]-[trainutils.py line:461]:Test progress:  95/95 
[2026-09-19 14:19:41,314]-[trainutils.py line:492]:Epoch 5 -           Audio/Counting accuracy: 85.71(438/511) 
[2026-09-19 14:19:41,314]-[trainutils.py line:492]:Epoch 5 -        Audio/Comparative accuracy: 62.37(184/295) 
[2026-09-19 14:19:41,314]-[trainutils.py line:497]:Epoch 5 -                    Audio accuracy: 77.17(622/806) 
[2026-09-19 14:19:41,314]-[trainutils.py line:492]:Epoch 5 -          Visual/Counting accuracy: 78.50(471/600) 
[2026-09-19 14:19:41,315]-[trainutils.py line:492]:Epoch 5 -          Visual/Location accuracy: 88.09(540/613) 
[2026-09-19 14:19:41,315]-[trainutils.py line:497]:Epoch 5 -                   Visual accuracy: 83.35(1011/1213) 
[2026-09-19 14:19:41,315]-[trainutils.py line:492]:Epoch 5 - Audio-Visual/Existential accuracy: 83.84(415/495) 
[2026-09-19 14:19:41,315]-[trainutils.py line:492]:Epoch 5 -    Audio-Visual/Counting accuracy: 75.99(481/633) 
[2026-09-19 14:19:41,315]-[trainutils.py line:492]:Epoch 5 -    Audio-Visual/Location accuracy: 66.38(306/461) 
[2026-09-19 14:19:41,315]-[trainutils.py line:492]:Epoch 5 - Audio-Visual/Comparative accuracy: 61.02(335/549) 
[2026-09-19 14:19:41,316]-[trainutils.py line:492]:Epoch 5 -    Audio-Visual/Temporal accuracy: 73.72(303/411) 
[2026-09-19 14:19:41,316]-[trainutils.py line:497]:Epoch 5 -             Audio-Visual accuracy: 72.19(1840/2549) 
[2026-09-19 14:19:41,316]-[trainutils.py line:501]:Epoch 5 -                    Total accuracy: 76.03(3473/4568) 
[2026-09-19 14:19:41,351]-[train.py line:151]:best model saved at epoch 5 with acc 76.57618213660245 (raw) 
[2026-09-19 14:19:41,398]-[train.py line:167]:Epoch 5 done with 76.58 and loss 0.57031. 
[2026-09-19 14:19:41,398]-[train.py line:168]:At epoch5 best acc: 76.58. 
[2026-09-19 14:19:41,398]-[train.py line:102]:
-------------- training epoch 6 -------------- 
[2026-09-19 14:19:41,631]-[trainutils.py line:416]:[EST:    5.09m][Process Time:    0.05s]- Epoch: 6 [0000/1330 (  0%)]	Losses: ce_loss-0.5894(0.5894) loss_tacl-0.0001(0.0001) loss_sacl-0.0089(0.0089) loss_event-0.0043(0.0043) loss_evidence-0.0000(0.0000) loss_query_diversity-0.0044(0.0044) loss_position-0.0000(0.0000) total_loss-0.5894(0.5894) 
[2026-09-19 14:20:04,576]-[trainutils.py line:416]:[EST:    4.70m][Process Time:    0.05s]- Epoch: 6 [0100/1330 (  8%)]	Losses: ce_loss-0.5955(0.4638) loss_tacl-0.0001(0.0001) loss_sacl-0.0094(0.0107) loss_event-0.0050(0.0047) loss_evidence-0.0000(0.0001) loss_query_diversity-0.0043(0.0044) loss_position-0.0000(0.0000) total_loss-0.5955(0.4638) 
[2026-09-19 14:20:27,202]-[trainutils.py line:416]:[EST:    4.29m][Process Time:    0.06s]- Epoch: 6 [0200/1330 ( 15%)]	Losses: ce_loss-0.5926(0.4739) loss_tacl-0.0001(0.0001) loss_sacl-0.0105(0.0105) loss_event-0.0045(0.0046) loss_evidence-0.0000(0.0001) loss_query_diversity-0.0043(0.0043) loss_position-0.0000(0.0000) total_loss-0.5926(0.4739) 
[2026-09-19 14:20:50,182]-[trainutils.py line:416]:[EST:    3.92m][Process Time:    0.06s]- Epoch: 6 [0300/1330 ( 23%)]	Losses: ce_loss-0.7952(0.4757) loss_tacl-0.0001(0.0001) loss_sacl-0.0091(0.0104) loss_event-0.0041(0.0045) loss_evidence-0.0023(0.0001) loss_query_diversity-0.0043(0.0043) loss_position-0.0000(0.0000) total_loss-0.7952(0.4757) 
[2026-09-19 14:21:13,122]-[trainutils.py line:416]:[EST:    3.54m][Process Time:    0.05s]- Epoch: 6 [0400/1330 ( 30%)]	Losses: ce_loss-0.3016(0.4785) loss_tacl-0.0001(0.0001) loss_sacl-0.0105(0.0104) loss_event-0.0049(0.0046) loss_evidence-0.0000(0.0001) loss_query_diversity-0.0044(0.0043) loss_position-0.0000(0.0000) total_loss-0.3016(0.4785) 
[2026-09-19 14:21:36,683]-[trainutils.py line:416]:[EST:    3.18m][Process Time:    0.06s]- Epoch: 6 [0500/1330 ( 38%)]	Losses: ce_loss-0.4575(0.4779) loss_tacl-0.0001(0.0001) loss_sacl-0.0087(0.0104) loss_event-0.0036(0.0046) loss_evidence-0.0000(0.0001) loss_query_diversity-0.0044(0.0043) loss_position-0.0000(0.0000) total_loss-0.4575(0.4779) 
[2026-09-19 14:22:00,006]-[trainutils.py line:416]:[EST:    2.80m][Process Time:    0.05s]- Epoch: 6 [0600/1330 ( 45%)]	Losses: ce_loss-0.4746(0.4822) loss_tacl-0.0001(0.0001) loss_sacl-0.0108(0.0104) loss_event-0.0060(0.0047) loss_evidence-0.0000(0.0001) loss_query_diversity-0.0043(0.0043) loss_position-0.0000(0.0000) total_loss-0.4746(0.4822) 
[2026-09-19 14:22:24,293]-[trainutils.py line:416]:[EST:    2.44m][Process Time:    0.07s]- Epoch: 6 [0700/1330 ( 53%)]	Losses: ce_loss-0.7172(0.4812) loss_tacl-0.0001(0.0001) loss_sacl-0.0095(0.0104) loss_event-0.0058(0.0047) loss_evidence-0.0000(0.0001) loss_query_diversity-0.0044(0.0043) loss_position-0.0000(0.0000) total_loss-0.7172(0.4812) 
[2026-09-19 14:22:56,276]-[trainutils.py line:416]:[EST:    2.14m][Process Time:    0.07s]- Epoch: 6 [0800/1330 ( 60%)]	Losses: ce_loss-0.6771(0.4859) loss_tacl-0.0001(0.0001) loss_sacl-0.0095(0.0104) loss_event-0.0047(0.0047) loss_evidence-0.0000(0.0001) loss_query_diversity-0.0044(0.0043) loss_position-0.0000(0.0000) total_loss-0.6771(0.4859) 
[2026-09-19 14:23:28,787]-[trainutils.py line:416]:[EST:    1.80m][Process Time:    0.08s]- Epoch: 6 [0900/1330 ( 68%)]	Losses: ce_loss-0.4631(0.4852) loss_tacl-0.0001(0.0001) loss_sacl-0.0106(0.0104) loss_event-0.0050(0.0047) loss_evidence-0.0000(0.0001) loss_query_diversity-0.0043(0.0043) loss_position-0.0000(0.0000) total_loss-0.4631(0.4852) 
[2026-09-19 14:24:01,645]-[trainutils.py line:416]:[EST:    1.43m][Process Time:    0.08s]- Epoch: 6 [1000/1330 ( 75%)]	Losses: ce_loss-0.3663(0.4859) loss_tacl-0.0001(0.0001) loss_sacl-0.0098(0.0104) loss_event-0.0039(0.0047) loss_evidence-0.0000(0.0001) loss_query_diversity-0.0043(0.0043) loss_position-0.0000(0.0000) total_loss-0.3663(0.4859) 
[2026-09-19 14:24:34,212]-[trainutils.py line:416]:[EST:    1.02m][Process Time:    0.08s]- Epoch: 6 [1100/1330 ( 83%)]	Losses: ce_loss-0.4015(0.4873) loss_tacl-0.0001(0.0001) loss_sacl-0.0111(0.0104) loss_event-0.0051(0.0047) loss_evidence-0.0000(0.0001) loss_query_diversity-0.0043(0.0043) loss_position-0.0000(0.0000) total_loss-0.4015(0.4873) 
[2026-09-19 14:25:06,954]-[trainutils.py line:416]:[EST:    0.58m][Process Time:    0.08s]- Epoch: 6 [1200/1330 ( 90%)]	Losses: ce_loss-0.4387(0.4880) loss_tacl-0.0001(0.0001) loss_sacl-0.0097(0.0104) loss_event-0.0047(0.0048) loss_evidence-0.0000(0.0001) loss_query_diversity-0.0043(0.0043) loss_position-0.0000(0.0000) total_loss-0.4387(0.4880) 
[2026-09-19 14:25:39,686]-[trainutils.py line:416]:[EST:    0.13m][Process Time:    0.08s]- Epoch: 6 [1300/1330 ( 98%)]	Losses: ce_loss-0.7457(0.4870) loss_tacl-0.0001(0.0001) loss_sacl-0.0112(0.0104) loss_event-0.0054(0.0048) loss_evidence-0.0000(0.0001) loss_query_diversity-0.0043(0.0043) loss_position-0.0000(0.0000) total_loss-0.7457(0.4870) 
[2026-09-19 14:25:49,630]-[trainutils.py line:416]:[EST:   -0.00m][Process Time:    0.13s]- Epoch: 6 [1330/1330 (100%)]	Losses: ce_loss-0.5782(0.4881) loss_tacl-0.0001(0.0001) loss_sacl-0.0120(0.0104) loss_event-0.0040(0.0048) loss_evidence-0.0000(0.0001) loss_query_diversity-0.0043(0.0043) loss_position-0.0000(0.0000) total_loss-0.5782(0.4881) 
[2026-09-19 14:25:53,483]-[train.py line:106]:
-------------- validation epoch 6 -------------- 
[2026-09-19 14:25:54,119]-[trainutils.py line:461]:Test progress:   0/95 
[2026-09-19 14:26:42,706]-[trainutils.py line:461]:Test progress:  95/95 
[2026-09-19 14:26:42,709]-[trainutils.py line:492]:Epoch 6 -           Audio/Counting accuracy: 86.50(442/511) 
[2026-09-19 14:26:42,711]-[trainutils.py line:492]:Epoch 6 -        Audio/Comparative accuracy: 61.36(181/295) 
[2026-09-19 14:26:42,711]-[trainutils.py line:497]:Epoch 6 -                    Audio accuracy: 77.30(623/806) 
[2026-09-19 14:26:42,711]-[trainutils.py line:492]:Epoch 6 -          Visual/Counting accuracy: 81.00(486/600) 
[2026-09-19 14:26:42,711]-[trainutils.py line:492]:Epoch 6 -          Visual/Location accuracy: 86.79(532/613) 
[2026-09-19 14:26:42,713]-[trainutils.py line:497]:Epoch 6 -                   Visual accuracy: 83.92(1018/1213) 
[2026-09-19 14:26:42,713]-[trainutils.py line:492]:Epoch 6 - Audio-Visual/Existential accuracy: 83.43(413/495) 
[2026-09-19 14:26:42,713]-[trainutils.py line:492]:Epoch 6 -    Audio-Visual/Counting accuracy: 75.83(480/633) 
[2026-09-19 14:26:42,713]-[trainutils.py line:492]:Epoch 6 -    Audio-Visual/Location accuracy: 65.94(304/461) 
[2026-09-19 14:26:42,713]-[trainutils.py line:492]:Epoch 6 - Audio-Visual/Comparative accuracy: 62.66(344/549) 
[2026-09-19 14:26:42,714]-[trainutils.py line:492]:Epoch 6 -    Audio-Visual/Temporal accuracy: 71.78(295/411) 
[2026-09-19 14:26:42,714]-[trainutils.py line:497]:Epoch 6 -             Audio-Visual accuracy: 72.03(1836/2549) 
[2026-09-19 14:26:42,714]-[trainutils.py line:501]:Epoch 6 -                    Total accuracy: 76.12(3477/4568) 
[2026-09-19 14:26:43,265]-[trainutils.py line:461]:Test progress:   0/95 
[2026-09-19 14:27:31,668]-[trainutils.py line:461]:Test progress:  95/95 
[2026-09-19 14:27:31,669]-[trainutils.py line:492]:Epoch 6 -           Audio/Counting accuracy: 85.52(437/511) 
[2026-09-19 14:27:31,669]-[trainutils.py line:492]:Epoch 6 -        Audio/Comparative accuracy: 62.71(185/295) 
[2026-09-19 14:27:31,671]-[trainutils.py line:497]:Epoch 6 -                    Audio accuracy: 77.17(622/806) 
[2026-09-19 14:27:31,671]-[trainutils.py line:492]:Epoch 6 -          Visual/Counting accuracy: 81.00(486/600) 
[2026-09-19 14:27:31,671]-[trainutils.py line:492]:Epoch 6 -          Visual/Location accuracy: 88.74(544/613) 
[2026-09-19 14:27:31,671]-[trainutils.py line:497]:Epoch 6 -                   Visual accuracy: 84.91(1030/1213) 
[2026-09-19 14:27:31,671]-[trainutils.py line:492]:Epoch 6 - Audio-Visual/Existential accuracy: 83.84(415/495) 
[2026-09-19 14:27:31,672]-[trainutils.py line:492]:Epoch 6 -    Audio-Visual/Counting accuracy: 76.94(487/633) 
[2026-09-19 14:27:31,672]-[trainutils.py line:492]:Epoch 6 -    Audio-Visual/Location accuracy: 67.90(313/461) 
[2026-09-19 14:27:31,673]-[trainutils.py line:492]:Epoch 6 - Audio-Visual/Comparative accuracy: 62.30(342/549) 
[2026-09-19 14:27:31,673]-[trainutils.py line:492]:Epoch 6 -    Audio-Visual/Temporal accuracy: 73.72(303/411) 
[2026-09-19 14:27:31,673]-[trainutils.py line:497]:Epoch 6 -             Audio-Visual accuracy: 72.97(1860/2549) 
[2026-09-19 14:27:31,673]-[trainutils.py line:501]:Epoch 6 -                    Total accuracy: 76.88(3512/4568) 
[2026-09-19 14:27:31,779]-[train.py line:151]:best model saved at epoch 6 with acc 76.88266199649738 (ema) 
[2026-09-19 14:27:31,899]-[train.py line:167]:Epoch 6 done with 76.88 and loss 0.53516. 
[2026-09-19 14:27:31,899]-[train.py line:168]:At epoch6 best acc: 76.88. 
[2026-09-19 14:27:31,899]-[train.py line:102]:
-------------- training epoch 7 -------------- 
[2026-09-19 14:27:32,254]-[trainutils.py line:416]:[EST:    7.76m][Process Time:    0.08s]- Epoch: 7 [0000/1330 (  0%)]	Losses: ce_loss-0.2811(0.2811) loss_tacl-0.0001(0.0001) loss_sacl-0.0104(0.0104) loss_event-0.0061(0.0061) loss_evidence-0.0000(0.0000) loss_query_diversity-0.0043(0.0043) loss_position-0.0000(0.0000) total_loss-0.2811(0.2811) 
[2026-09-19 14:28:05,210]-[trainutils.py line:416]:[EST:    6.75m][Process Time:    0.08s]- Epoch: 7 [0100/1330 (  8%)]	Losses: ce_loss-0.3138(0.4271) loss_tacl-0.0001(0.0001) loss_sacl-0.0091(0.0101) loss_event-0.0052(0.0050) loss_evidence-0.0000(0.0001) loss_query_diversity-0.0043(0.0043) loss_position-0.0000(0.0000) total_loss-0.3138(0.4271) 
[2026-09-19 14:28:39,343]-[trainutils.py line:416]:[EST:    6.31m][Process Time:    0.07s]- Epoch: 7 [0200/1330 ( 15%)]	Losses: ce_loss-0.3742(0.4088) loss_tacl-0.0001(0.0001) loss_sacl-0.0097(0.0100) loss_event-0.0051(0.0049) loss_evidence-0.0000(0.0001) loss_query_diversity-0.0044(0.0043) loss_position-0.0000(0.0000) total_loss-0.3742(0.4088) 
[2026-09-19 14:29:12,163]-[trainutils.py line:416]:[EST:    5.71m][Process Time:    0.08s]- Epoch: 7 [0300/1330 ( 23%)]	Losses: ce_loss-0.5414(0.4204) loss_tacl-0.0001(0.0001) loss_sacl-0.0087(0.0100) loss_event-0.0049(0.0049) loss_evidence-0.0000(0.0001) loss_query_diversity-0.0043(0.0043) loss_position-0.0000(0.0000) total_loss-0.5414(0.4204) 
[2026-09-19 14:29:45,021]-[trainutils.py line:416]:[EST:    5.14m][Process Time:    0.08s]- Epoch: 7 [0400/1330 ( 30%)]	Losses: ce_loss-0.6245(0.4235) loss_tacl-0.0001(0.0001) loss_sacl-0.0087(0.0100) loss_event-0.0048(0.0050) loss_evidence-0.0000(0.0001) loss_query_diversity-0.0043(0.0043) loss_position-0.0000(0.0000) total_loss-0.6245(0.4235) 
[2026-09-19 14:30:17,021]-[trainutils.py line:416]:[EST:    4.55m][Process Time:    0.09s]- Epoch: 7 [0500/1330 ( 38%)]	Losses: ce_loss-0.3306(0.4269) loss_tacl-0.0001(0.0001) loss_sacl-0.0094(0.0100) loss_event-0.0047(0.0050) loss_evidence-0.0000(0.0001) loss_query_diversity-0.0044(0.0043) loss_position-0.0000(0.0000) total_loss-0.3306(0.4269) 
[2026-09-19 14:30:48,976]-[trainutils.py line:416]:[EST:    3.98m][Process Time:    0.09s]- Epoch: 7 [0600/1330 ( 45%)]	Losses: ce_loss-0.5228(0.4301) loss_tacl-0.0001(0.0001) loss_sacl-0.0093(0.0100) loss_event-0.0043(0.0050) loss_evidence-0.0000(0.0001) loss_query_diversity-0.0044(0.0043) loss_position-0.0000(0.0000) total_loss-0.5228(0.4301) 
[2026-09-19 14:31:20,649]-[trainutils.py line:416]:[EST:    3.42m][Process Time:    0.07s]- Epoch: 7 [0700/1330 ( 53%)]	Losses: ce_loss-0.4206(0.4309) loss_tacl-0.0001(0.0001) loss_sacl-0.0120(0.0100) loss_event-0.0057(0.0050) loss_evidence-0.0000(0.0001) loss_query_diversity-0.0044(0.0043) loss_position-0.0000(0.0000) total_loss-0.4206(0.4309) 
[2026-09-19 14:31:53,659]-[trainutils.py line:416]:[EST:    2.88m][Process Time:    0.08s]- Epoch: 7 [0800/1330 ( 60%)]	Losses: ce_loss-0.4897(0.4330) loss_tacl-0.0001(0.0001) loss_sacl-0.0112(0.0100) loss_event-0.0051(0.0050) loss_evidence-0.0000(0.0001) loss_query_diversity-0.0043(0.0043) loss_position-0.0000(0.0000) total_loss-0.4897(0.4330) 
[2026-09-19 14:32:25,745]-[trainutils.py line:416]:[EST:    2.33m][Process Time:    0.08s]- Epoch: 7 [0900/1330 ( 68%)]	Losses: ce_loss-0.5311(0.4334) loss_tacl-0.0001(0.0001) loss_sacl-0.0100(0.0100) loss_event-0.0054(0.0050) loss_evidence-0.0000(0.0001) loss_query_diversity-0.0043(0.0043) loss_position-0.0000(0.0000) total_loss-0.5311(0.4334) 
[2026-09-19 14:32:58,022]-[trainutils.py line:416]:[EST:    1.79m][Process Time:    0.08s]- Epoch: 7 [1000/1330 ( 75%)]	Losses: ce_loss-0.5203(0.4323) loss_tacl-0.0001(0.0001) loss_sacl-0.0091(0.0099) loss_event-0.0060(0.0050) loss_evidence-0.0005(0.0001) loss_query_diversity-0.0044(0.0043) loss_position-0.0000(0.0000) total_loss-0.5203(0.4323) 
[2026-09-19 14:33:31,150]-[trainutils.py line:416]:[EST:    1.25m][Process Time:    0.07s]- Epoch: 7 [1100/1330 ( 83%)]	Losses: ce_loss-0.5257(0.4337) loss_tacl-0.0001(0.0001) loss_sacl-0.0094(0.0099) loss_event-0.0057(0.0050) loss_evidence-0.0000(0.0001) loss_query_diversity-0.0043(0.0043) loss_position-0.0000(0.0000) total_loss-0.5257(0.4337) 
[2026-09-19 14:34:04,907]-[trainutils.py line:416]:[EST:    0.70m][Process Time:    0.08s]- Epoch: 7 [1200/1330 ( 90%)]	Losses: ce_loss-0.5075(0.4371) loss_tacl-0.0001(0.0001) loss_sacl-0.0101(0.0099) loss_event-0.0045(0.0050) loss_evidence-0.0000(0.0001) loss_query_diversity-0.0044(0.0043) loss_position-0.0000(0.0000) total_loss-0.5075(0.4371) 
[2026-09-19 14:34:37,077]-[trainutils.py line:416]:[EST:    0.16m][Process Time:    0.06s]- Epoch: 7 [1300/1330 ( 98%)]	Losses: ce_loss-0.6739(0.4383) loss_tacl-0.0001(0.0001) loss_sacl-0.0093(0.0098) loss_event-0.0046(0.0050) loss_evidence-0.0018(0.0001) loss_query_diversity-0.0043(0.0043) loss_position-0.0000(0.0000) total_loss-0.6739(0.4383) 
[2026-09-19 14:34:45,998]-[trainutils.py line:416]:[EST:   -0.01m][Process Time:    0.07s]- Epoch: 7 [1330/1330 (100%)]	Losses: ce_loss-1.4520(0.4391) loss_tacl-0.0001(0.0001) loss_sacl-0.0099(0.0098) loss_event-0.0059(0.0049) loss_evidence-0.0011(0.0001) loss_query_diversity-0.0044(0.0043) loss_position-0.0000(0.0000) total_loss-1.4520(0.4391) 
[2026-09-19 14:34:47,136]-[train.py line:106]:
-------------- validation epoch 7 -------------- 
[2026-09-19 14:34:47,592]-[trainutils.py line:461]:Test progress:   0/95 
[2026-09-19 14:35:32,408]-[trainutils.py line:461]:Test progress:  95/95 
[2026-09-19 14:35:32,409]-[trainutils.py line:492]:Epoch 7 -           Audio/Counting accuracy: 83.95(429/511) 
[2026-09-19 14:35:32,409]-[trainutils.py line:492]:Epoch 7 -        Audio/Comparative accuracy: 62.37(184/295) 
[2026-09-19 14:35:32,409]-[trainutils.py line:497]:Epoch 7 -                    Audio accuracy: 76.05(613/806) 
[2026-09-19 14:35:32,410]-[trainutils.py line:492]:Epoch 7 -          Visual/Counting accuracy: 82.00(492/600) 
[2026-09-19 14:35:32,410]-[trainutils.py line:492]:Epoch 7 -          Visual/Location accuracy: 87.60(537/613) 
[2026-09-19 14:35:32,410]-[trainutils.py line:497]:Epoch 7 -                   Visual accuracy: 84.83(1029/1213) 
[2026-09-19 14:35:32,410]-[trainutils.py line:492]:Epoch 7 - Audio-Visual/Existential accuracy: 83.43(413/495) 
[2026-09-19 14:35:32,411]-[trainutils.py line:492]:Epoch 7 -    Audio-Visual/Counting accuracy: 76.62(485/633) 
[2026-09-19 14:35:32,411]-[trainutils.py line:492]:Epoch 7 -    Audio-Visual/Location accuracy: 63.99(295/461) 
[2026-09-19 14:35:32,412]-[trainutils.py line:492]:Epoch 7 - Audio-Visual/Comparative accuracy: 62.84(345/549) 
[2026-09-19 14:35:32,412]-[trainutils.py line:492]:Epoch 7 -    Audio-Visual/Temporal accuracy: 72.99(300/411) 
[2026-09-19 14:35:32,412]-[trainutils.py line:497]:Epoch 7 -             Audio-Visual accuracy: 72.11(1838/2549) 
[2026-09-19 14:35:32,412]-[trainutils.py line:501]:Epoch 7 -                    Total accuracy: 76.18(3480/4568) 
[2026-09-19 14:35:32,942]-[trainutils.py line:461]:Test progress:   0/95 
[2026-09-19 14:36:19,969]-[trainutils.py line:461]:Test progress:  95/95 
[2026-09-19 14:36:19,971]-[trainutils.py line:492]:Epoch 7 -           Audio/Counting accuracy: 87.28(446/511) 
[2026-09-19 14:36:19,971]-[trainutils.py line:492]:Epoch 7 -        Audio/Comparative accuracy: 63.05(186/295) 
[2026-09-19 14:36:19,972]-[trainutils.py line:497]:Epoch 7 -                    Audio accuracy: 78.41(632/806) 
[2026-09-19 14:36:19,972]-[trainutils.py line:492]:Epoch 7 -          Visual/Counting accuracy: 81.67(490/600) 
[2026-09-19 14:36:19,972]-[trainutils.py line:492]:Epoch 7 -          Visual/Location accuracy: 89.72(550/613) 
[2026-09-19 14:36:19,972]-[trainutils.py line:497]:Epoch 7 -                   Visual accuracy: 85.74(1040/1213) 
[2026-09-19 14:36:19,972]-[trainutils.py line:492]:Epoch 7 - Audio-Visual/Existential accuracy: 83.43(413/495) 
[2026-09-19 14:36:19,972]-[trainutils.py line:492]:Epoch 7 -    Audio-Visual/Counting accuracy: 78.99(500/633) 
[2026-09-19 14:36:19,973]-[trainutils.py line:492]:Epoch 7 -    Audio-Visual/Location accuracy: 67.03(309/461) 
[2026-09-19 14:36:19,973]-[trainutils.py line:492]:Epoch 7 - Audio-Visual/Comparative accuracy: 63.93(351/549) 
[2026-09-19 14:36:19,973]-[trainutils.py line:492]:Epoch 7 -    Audio-Visual/Temporal accuracy: 73.72(303/411) 
[2026-09-19 14:36:19,973]-[trainutils.py line:497]:Epoch 7 -             Audio-Visual accuracy: 73.60(1876/2549) 
[2026-09-19 14:36:19,974]-[trainutils.py line:501]:Epoch 7 -                    Total accuracy: 77.67(3548/4568) 
[2026-09-19 14:36:20,036]-[train.py line:151]:best model saved at epoch 7 with acc 77.6707530647986 (ema) 
[2026-09-19 14:36:20,103]-[train.py line:167]:Epoch 7 done with 77.67 and loss 0.53125. 
[2026-09-19 14:36:20,103]-[train.py line:168]:At epoch7 best acc: 77.67. 
[2026-09-19 14:36:20,103]-[train.py line:102]:
-------------- training epoch 8 -------------- 
[2026-09-19 14:36:20,447]-[trainutils.py line:416]:[EST:    7.53m][Process Time:    0.09s]- Epoch: 8 [0000/1330 (  0%)]	Losses: ce_loss-0.4040(0.4040) loss_tacl-0.0001(0.0001) loss_sacl-0.0104(0.0104) loss_event-0.0055(0.0055) loss_evidence-0.0000(0.0000) loss_query_diversity-0.0043(0.0043) loss_position-0.0000(0.0000) total_loss-0.4040(0.4040) 
[2026-09-19 14:36:52,591]-[trainutils.py line:416]:[EST:    6.59m][Process Time:    0.07s]- Epoch: 8 [0100/1330 (  8%)]	Losses: ce_loss-0.2540(0.3832) loss_tacl-0.0001(0.0001) loss_sacl-0.0104(0.0096) loss_event-0.0042(0.0050) loss_evidence-0.0000(0.0001) loss_query_diversity-0.0043(0.0043) loss_position-0.0000(0.0000) total_loss-0.2540(0.3832) 
[2026-09-19 14:37:23,942]-[trainutils.py line:416]:[EST:    5.98m][Process Time:    0.07s]- Epoch: 8 [0200/1330 ( 15%)]	Losses: ce_loss-0.4446(0.3748) loss_tacl-0.0001(0.0001) loss_sacl-0.0101(0.0097) loss_event-0.0045(0.0050) loss_evidence-0.0000(0.0001) loss_query_diversity-0.0043(0.0043) loss_position-0.0000(0.0000) total_loss-0.4446(0.3748) 
[2026-09-19 14:37:54,036]-[trainutils.py line:416]:[EST:    5.35m][Process Time:    0.07s]- Epoch: 8 [0300/1330 ( 23%)]	Losses: ce_loss-0.4299(0.3773) loss_tacl-0.0001(0.0001) loss_sacl-0.0087(0.0096) loss_event-0.0037(0.0050) loss_evidence-0.0000(0.0001) loss_query_diversity-0.0043(0.0043) loss_position-0.0000(0.0000) total_loss-0.4299(0.3773) 
[2026-09-19 14:38:25,469]-[trainutils.py line:416]:[EST:    4.84m][Process Time:    0.07s]- Epoch: 8 [0400/1330 ( 30%)]	Losses: ce_loss-0.4274(0.3805) loss_tacl-0.0001(0.0001) loss_sacl-0.0095(0.0095) loss_event-0.0038(0.0050) loss_evidence-0.0000(0.0001) loss_query_diversity-0.0043(0.0043) loss_position-0.0000(0.0000) total_loss-0.4274(0.3805) 
[2026-09-19 14:38:58,379]-[trainutils.py line:416]:[EST:    4.36m][Process Time:    0.08s]- Epoch: 8 [0500/1330 ( 38%)]	Losses: ce_loss-0.3542(0.3835) loss_tacl-0.0001(0.0001) loss_sacl-0.0098(0.0094) loss_event-0.0044(0.0050) loss_evidence-0.0000(0.0001) loss_query_diversity-0.0043(0.0043) loss_position-0.0000(0.0000) total_loss-0.3542(0.3835) 
[2026-09-19 14:39:29,124]-[trainutils.py line:416]:[EST:    3.82m][Process Time:    0.08s]- Epoch: 8 [0600/1330 ( 45%)]	Losses: ce_loss-0.4671(0.3850) loss_tacl-0.0001(0.0001) loss_sacl-0.0099(0.0094) loss_event-0.0047(0.0050) loss_evidence-0.0000(0.0001) loss_query_diversity-0.0043(0.0043) loss_position-0.0000(0.0000) total_loss-0.4671(0.3850) 
[2026-09-19 14:39:59,545]-[trainutils.py line:416]:[EST:    3.28m][Process Time:    0.08s]- Epoch: 8 [0700/1330 ( 53%)]	Losses: ce_loss-0.2426(0.3892) loss_tacl-0.0001(0.0001) loss_sacl-0.0093(0.0094) loss_event-0.0054(0.0050) loss_evidence-0.0000(0.0001) loss_query_diversity-0.0043(0.0043) loss_position-0.0000(0.0000) total_loss-0.2426(0.3892) 
[2026-09-19 14:40:30,215]-[trainutils.py line:416]:[EST:    2.75m][Process Time:    0.07s]- Epoch: 8 [0800/1330 ( 60%)]	Losses: ce_loss-0.6870(0.3893) loss_tacl-0.0001(0.0001) loss_sacl-0.0079(0.0093) loss_event-0.0039(0.0050) loss_evidence-0.0004(0.0001) loss_query_diversity-0.0043(0.0043) loss_position-0.0000(0.0000) total_loss-0.6870(0.3893) 
[2026-09-19 14:41:01,953]-[trainutils.py line:416]:[EST:    2.24m][Process Time:    0.08s]- Epoch: 8 [0900/1330 ( 68%)]	Losses: ce_loss-0.4034(0.3888) loss_tacl-0.0001(0.0001) loss_sacl-0.0091(0.0093) loss_event-0.0041(0.0049) loss_evidence-0.0000(0.0001) loss_query_diversity-0.0043(0.0043) loss_position-0.0000(0.0000) total_loss-0.4034(0.3888) 
[2026-09-19 14:41:33,045]-[trainutils.py line:416]:[EST:    1.71m][Process Time:    0.07s]- Epoch: 8 [1000/1330 ( 75%)]	Losses: ce_loss-0.4697(0.3893) loss_tacl-0.0001(0.0001) loss_sacl-0.0105(0.0093) loss_event-0.0073(0.0050) loss_evidence-0.0000(0.0001) loss_query_diversity-0.0043(0.0043) loss_position-0.0000(0.0000) total_loss-0.4697(0.3893) 
[2026-09-19 14:42:04,837]-[trainutils.py line:416]:[EST:    1.20m][Process Time:    0.07s]- Epoch: 8 [1100/1330 ( 83%)]	Losses: ce_loss-0.3382(0.3917) loss_tacl-0.0001(0.0001) loss_sacl-0.0078(0.0092) loss_event-0.0044(0.0050) loss_evidence-0.0000(0.0001) loss_query_diversity-0.0043(0.0043) loss_position-0.0000(0.0000) total_loss-0.3382(0.3917) 
[2026-09-19 14:42:36,392]-[trainutils.py line:416]:[EST:    0.67m][Process Time:    0.07s]- Epoch: 8 [1200/1330 ( 90%)]	Losses: ce_loss-0.2123(0.3917) loss_tacl-0.0001(0.0001) loss_sacl-0.0089(0.0092) loss_event-0.0057(0.0050) loss_evidence-0.0000(0.0001) loss_query_diversity-0.0043(0.0043) loss_position-0.0000(0.0000) total_loss-0.2123(0.3917) 
[2026-09-19 14:43:08,562]-[trainutils.py line:416]:[EST:    0.15m][Process Time:    0.07s]- Epoch: 8 [1300/1330 ( 98%)]	Losses: ce_loss-0.4305(0.3930) loss_tacl-0.0001(0.0001) loss_sacl-0.0096(0.0092) loss_event-0.0056(0.0050) loss_evidence-0.0000(0.0001) loss_query_diversity-0.0043(0.0043) loss_position-0.0000(0.0000) total_loss-0.4305(0.3930) 
[2026-09-19 14:43:18,092]-[trainutils.py line:416]:[EST:   -0.01m][Process Time:    0.09s]- Epoch: 8 [1330/1330 (100%)]	Losses: ce_loss-0.0311(0.3919) loss_tacl-0.0001(0.0001) loss_sacl-0.0114(0.0092) loss_event-0.0070(0.0050) loss_evidence-0.0000(0.0001) loss_query_diversity-0.0044(0.0043) loss_position-0.0000(0.0000) total_loss-0.0311(0.3919) 
[2026-09-19 14:43:19,259]-[train.py line:106]:
-------------- validation epoch 8 -------------- 
[2026-09-19 14:43:19,740]-[trainutils.py line:461]:Test progress:   0/95 
[2026-09-19 14:44:04,545]-[trainutils.py line:461]:Test progress:  95/95 
[2026-09-19 14:44:04,546]-[trainutils.py line:492]:Epoch 8 -           Audio/Counting accuracy: 87.67(448/511) 
[2026-09-19 14:44:04,547]-[trainutils.py line:492]:Epoch 8 -        Audio/Comparative accuracy: 63.05(186/295) 
[2026-09-19 14:44:04,547]-[trainutils.py line:497]:Epoch 8 -                    Audio accuracy: 78.66(634/806) 
[2026-09-19 14:44:04,547]-[trainutils.py line:492]:Epoch 8 -          Visual/Counting accuracy: 82.33(494/600) 
[2026-09-19 14:44:04,547]-[trainutils.py line:492]:Epoch 8 -          Visual/Location accuracy: 88.09(540/613) 
[2026-09-19 14:44:04,548]-[trainutils.py line:497]:Epoch 8 -                   Visual accuracy: 85.24(1034/1213) 
[2026-09-19 14:44:04,548]-[trainutils.py line:492]:Epoch 8 - Audio-Visual/Existential accuracy: 83.03(411/495) 
[2026-09-19 14:44:04,548]-[trainutils.py line:492]:Epoch 8 -    Audio-Visual/Counting accuracy: 78.67(498/633) 
[2026-09-19 14:44:04,548]-[trainutils.py line:492]:Epoch 8 -    Audio-Visual/Location accuracy: 66.81(308/461) 
[2026-09-19 14:44:04,549]-[trainutils.py line:492]:Epoch 8 - Audio-Visual/Comparative accuracy: 64.30(353/549) 
[2026-09-19 14:44:04,549]-[trainutils.py line:492]:Epoch 8 -    Audio-Visual/Temporal accuracy: 72.99(300/411) 
[2026-09-19 14:44:04,549]-[trainutils.py line:497]:Epoch 8 -             Audio-Visual accuracy: 73.36(1870/2549) 
[2026-09-19 14:44:04,550]-[trainutils.py line:501]:Epoch 8 -                    Total accuracy: 77.45(3538/4568) 
[2026-09-19 14:44:05,051]-[trainutils.py line:461]:Test progress:   0/95 
[2026-09-19 14:44:50,463]-[trainutils.py line:461]:Test progress:  95/95 
[2026-09-19 14:44:50,463]-[trainutils.py line:492]:Epoch 8 -           Audio/Counting accuracy: 87.67(448/511) 
[2026-09-19 14:44:50,464]-[trainutils.py line:492]:Epoch 8 -        Audio/Comparative accuracy: 62.37(184/295) 
[2026-09-19 14:44:50,464]-[trainutils.py line:497]:Epoch 8 -                    Audio accuracy: 78.41(632/806) 
[2026-09-19 14:44:50,464]-[trainutils.py line:492]:Epoch 8 -          Visual/Counting accuracy: 82.33(494/600) 
[2026-09-19 14:44:50,465]-[trainutils.py line:492]:Epoch 8 -          Visual/Location accuracy: 89.72(550/613) 
[2026-09-19 14:44:50,465]-[trainutils.py line:497]:Epoch 8 -                   Visual accuracy: 86.07(1044/1213) 
[2026-09-19 14:44:50,465]-[trainutils.py line:492]:Epoch 8 - Audio-Visual/Existential accuracy: 83.84(415/495) 
[2026-09-19 14:44:50,465]-[trainutils.py line:492]:Epoch 8 -    Audio-Visual/Counting accuracy: 79.46(503/633) 
[2026-09-19 14:44:50,467]-[trainutils.py line:492]:Epoch 8 -    Audio-Visual/Location accuracy: 67.90(313/461) 
[2026-09-19 14:44:50,467]-[trainutils.py line:492]:Epoch 8 - Audio-Visual/Comparative accuracy: 63.93(351/549) 
[2026-09-19 14:44:50,467]-[trainutils.py line:492]:Epoch 8 -    Audio-Visual/Temporal accuracy: 72.99(300/411) 
[2026-09-19 14:44:50,467]-[trainutils.py line:497]:Epoch 8 -             Audio-Visual accuracy: 73.83(1882/2549) 
[2026-09-19 14:44:50,467]-[trainutils.py line:501]:Epoch 8 -                    Total accuracy: 77.89(3558/4568) 
[2026-09-19 14:44:50,542]-[train.py line:151]:best model saved at epoch 8 with acc 77.88966725043784 (ema) 
[2026-09-19 14:44:50,610]-[train.py line:167]:Epoch 8 done with 77.89 and loss 0.53906. 
[2026-09-19 14:44:50,611]-[train.py line:168]:At epoch8 best acc: 77.89. 
[2026-09-19 14:44:50,611]-[train.py line:102]:
-------------- training epoch 9 -------------- 
[2026-09-19 14:44:50,921]-[trainutils.py line:416]:[EST:    6.78m][Process Time:    0.07s]- Epoch: 9 [0000/1330 (  0%)]	Losses: ce_loss-0.6950(0.6950) loss_tacl-0.0001(0.0001) loss_sacl-0.0095(0.0095) loss_event-0.0055(0.0055) loss_evidence-0.0000(0.0000) loss_query_diversity-0.0043(0.0043) loss_position-0.0000(0.0000) total_loss-0.6950(0.6950) 
[2026-09-19 14:45:21,787]-[trainutils.py line:416]:[EST:    6.32m][Process Time:    0.07s]- Epoch: 9 [0100/1330 (  8%)]	Losses: ce_loss-0.3307(0.3191) loss_tacl-0.0001(0.0001) loss_sacl-0.0087(0.0094) loss_event-0.0051(0.0055) loss_evidence-0.0000(0.0000) loss_query_diversity-0.0044(0.0043) loss_position-0.0000(0.0000) total_loss-0.3307(0.3191) 
[2026-09-19 14:45:51,093]-[trainutils.py line:416]:[EST:    5.66m][Process Time:    0.08s]- Epoch: 9 [0200/1330 ( 15%)]	Losses: ce_loss-0.2291(0.3283) loss_tacl-0.0001(0.0001) loss_sacl-0.0099(0.0093) loss_event-0.0055(0.0055) loss_evidence-0.0000(0.0000) loss_query_diversity-0.0043(0.0043) loss_position-0.0000(0.0000) total_loss-0.2291(0.3283) 
[2026-09-19 14:46:21,861]-[trainutils.py line:416]:[EST:    5.20m][Process Time:    0.08s]- Epoch: 9 [0300/1330 ( 23%)]	Losses: ce_loss-0.6202(0.3255) loss_tacl-0.0001(0.0001) loss_sacl-0.0084(0.0093) loss_event-0.0048(0.0054) loss_evidence-0.0000(0.0000) loss_query_diversity-0.0043(0.0043) loss_position-0.0000(0.0000) total_loss-0.6202(0.3255) 
[2026-09-19 14:46:51,535]-[trainutils.py line:416]:[EST:    4.67m][Process Time:    0.08s]- Epoch: 9 [0400/1330 ( 30%)]	Losses: ce_loss-0.3098(0.3291) loss_tacl-0.0001(0.0001) loss_sacl-0.0093(0.0092) loss_event-0.0052(0.0054) loss_evidence-0.0000(0.0000) loss_query_diversity-0.0043(0.0043) loss_position-0.0000(0.0000) total_loss-0.3098(0.3291) 
[2026-09-19 14:47:22,140]-[trainutils.py line:416]:[EST:    4.18m][Process Time:    0.07s]- Epoch: 9 [0500/1330 ( 38%)]	Losses: ce_loss-0.3155(0.3317) loss_tacl-0.0001(0.0001) loss_sacl-0.0093(0.0091) loss_event-0.0049(0.0053) loss_evidence-0.0000(0.0000) loss_query_diversity-0.0043(0.0043) loss_position-0.0000(0.0000) total_loss-0.3155(0.3317) 
[2026-09-19 14:47:52,870]-[trainutils.py line:416]:[EST:    3.68m][Process Time:    0.07s]- Epoch: 9 [0600/1330 ( 45%)]	Losses: ce_loss-0.2605(0.3329) loss_tacl-0.0001(0.0001) loss_sacl-0.0085(0.0090) loss_event-0.0043(0.0053) loss_evidence-0.0000(0.0000) loss_query_diversity-0.0043(0.0043) loss_position-0.0000(0.0000) total_loss-0.2605(0.3329) 
[2026-09-19 14:48:24,408]-[trainutils.py line:416]:[EST:    3.20m][Process Time:    0.07s]- Epoch: 9 [0700/1330 ( 53%)]	Losses: ce_loss-0.5635(0.3330) loss_tacl-0.0001(0.0001) loss_sacl-0.0090(0.0090) loss_event-0.0053(0.0052) loss_evidence-0.0000(0.0000) loss_query_diversity-0.0043(0.0043) loss_position-0.0000(0.0000) total_loss-0.5635(0.3330) 
[2026-09-19 14:48:54,067]-[trainutils.py line:416]:[EST:    2.68m][Process Time:    0.07s]- Epoch: 9 [0800/1330 ( 60%)]	Losses: ce_loss-0.4849(0.3377) loss_tacl-0.0001(0.0001) loss_sacl-0.0084(0.0089) loss_event-0.0044(0.0052) loss_evidence-0.0000(0.0000) loss_query_diversity-0.0043(0.0043) loss_position-0.0000(0.0000) total_loss-0.4849(0.3377) 
[2026-09-19 14:49:27,527]-[trainutils.py line:416]:[EST:    2.20m][Process Time:    0.08s]- Epoch: 9 [0900/1330 ( 68%)]	Losses: ce_loss-0.6110(0.3386) loss_tacl-0.0001(0.0001) loss_sacl-0.0084(0.0088) loss_event-0.0056(0.0052) loss_evidence-0.0019(0.0000) loss_query_diversity-0.0043(0.0043) loss_position-0.0000(0.0000) total_loss-0.6110(0.3386) 
[2026-09-19 14:49:57,255]-[trainutils.py line:416]:[EST:    1.68m][Process Time:    0.07s]- Epoch: 9 [1000/1330 ( 75%)]	Losses: ce_loss-0.3057(0.3422) loss_tacl-0.0001(0.0001) loss_sacl-0.0102(0.0088) loss_event-0.0061(0.0052) loss_evidence-0.0000(0.0000) loss_query_diversity-0.0043(0.0043) loss_position-0.0000(0.0000) total_loss-0.3057(0.3422) 
[2026-09-19 14:50:28,392]-[trainutils.py line:416]:[EST:    1.17m][Process Time:    0.07s]- Epoch: 9 [1100/1330 ( 83%)]	Losses: ce_loss-0.3740(0.3442) loss_tacl-0.0001(0.0001) loss_sacl-0.0096(0.0088) loss_event-0.0045(0.0052) loss_evidence-0.0000(0.0000) loss_query_diversity-0.0044(0.0043) loss_position-0.0000(0.0000) total_loss-0.3740(0.3442) 
[2026-09-19 14:50:59,062]-[trainutils.py line:416]:[EST:    0.66m][Process Time:    0.07s]- Epoch: 9 [1200/1330 ( 90%)]	Losses: ce_loss-0.4406(0.3452) loss_tacl-0.0001(0.0001) loss_sacl-0.0084(0.0088) loss_event-0.0050(0.0052) loss_evidence-0.0005(0.0000) loss_query_diversity-0.0043(0.0043) loss_position-0.0000(0.0000) total_loss-0.4406(0.3452) 
[2026-09-19 14:51:30,266]-[trainutils.py line:416]:[EST:    0.15m][Process Time:    0.08s]- Epoch: 9 [1300/1330 ( 98%)]	Losses: ce_loss-0.2640(0.3457) loss_tacl-0.0001(0.0001) loss_sacl-0.0093(0.0088) loss_event-0.0063(0.0052) loss_evidence-0.0000(0.0000) loss_query_diversity-0.0043(0.0043) loss_position-0.0000(0.0000) total_loss-0.2640(0.3457) 
[2026-09-19 14:51:39,441]-[trainutils.py line:416]:[EST:   -0.01m][Process Time:    0.08s]- Epoch: 9 [1330/1330 (100%)]	Losses: ce_loss-0.1269(0.3464) loss_tacl-0.0001(0.0001) loss_sacl-0.0077(0.0088) loss_event-0.0060(0.0052) loss_evidence-0.0000(0.0000) loss_query_diversity-0.0042(0.0043) loss_position-0.0000(0.0000) total_loss-0.1269(0.3464) 
[2026-09-19 14:51:40,524]-[train.py line:106]:
-------------- validation epoch 9 -------------- 
[2026-09-19 14:51:40,993]-[trainutils.py line:461]:Test progress:   0/95 
[2026-09-19 14:52:26,668]-[trainutils.py line:461]:Test progress:  95/95 
[2026-09-19 14:52:26,669]-[trainutils.py line:492]:Epoch 9 -           Audio/Counting accuracy: 85.91(439/511) 
[2026-09-19 14:52:26,670]-[trainutils.py line:492]:Epoch 9 -        Audio/Comparative accuracy: 61.69(182/295) 
[2026-09-19 14:52:26,670]-[trainutils.py line:497]:Epoch 9 -                    Audio accuracy: 77.05(621/806) 
[2026-09-19 14:52:26,671]-[trainutils.py line:492]:Epoch 9 -          Visual/Counting accuracy: 78.83(473/600) 
[2026-09-19 14:52:26,671]-[trainutils.py line:492]:Epoch 9 -          Visual/Location accuracy: 89.07(546/613) 
[2026-09-19 14:52:26,671]-[trainutils.py line:497]:Epoch 9 -                   Visual accuracy: 84.01(1019/1213) 
[2026-09-19 14:52:26,671]-[trainutils.py line:492]:Epoch 9 - Audio-Visual/Existential accuracy: 83.64(414/495) 
[2026-09-19 14:52:26,671]-[trainutils.py line:492]:Epoch 9 -    Audio-Visual/Counting accuracy: 78.83(499/633) 
[2026-09-19 14:52:26,672]-[trainutils.py line:492]:Epoch 9 -    Audio-Visual/Location accuracy: 67.68(312/461) 
[2026-09-19 14:52:26,672]-[trainutils.py line:492]:Epoch 9 - Audio-Visual/Comparative accuracy: 65.57(360/549) 
[2026-09-19 14:52:26,673]-[trainutils.py line:492]:Epoch 9 -    Audio-Visual/Temporal accuracy: 70.80(291/411) 
[2026-09-19 14:52:26,673]-[trainutils.py line:497]:Epoch 9 -             Audio-Visual accuracy: 73.60(1876/2549) 
[2026-09-19 14:52:26,673]-[trainutils.py line:501]:Epoch 9 -                    Total accuracy: 76.97(3516/4568) 
[2026-09-19 14:52:27,172]-[trainutils.py line:461]:Test progress:   0/95 
[2026-09-19 14:53:11,259]-[trainutils.py line:461]:Test progress:  95/95 
[2026-09-19 14:53:11,259]-[trainutils.py line:492]:Epoch 9 -           Audio/Counting accuracy: 87.87(449/511) 
[2026-09-19 14:53:11,260]-[trainutils.py line:492]:Epoch 9 -        Audio/Comparative accuracy: 63.73(188/295) 
[2026-09-19 14:53:11,260]-[trainutils.py line:497]:Epoch 9 -                    Audio accuracy: 79.03(637/806) 
[2026-09-19 14:53:11,260]-[trainutils.py line:492]:Epoch 9 -          Visual/Counting accuracy: 82.33(494/600) 
[2026-09-19 14:53:11,260]-[trainutils.py line:492]:Epoch 9 -          Visual/Location accuracy: 90.05(552/613) 
[2026-09-19 14:53:11,260]-[trainutils.py line:497]:Epoch 9 -                   Visual accuracy: 86.23(1046/1213) 
[2026-09-19 14:53:11,260]-[trainutils.py line:492]:Epoch 9 - Audio-Visual/Existential accuracy: 84.04(416/495) 
[2026-09-19 14:53:11,262]-[trainutils.py line:492]:Epoch 9 -    Audio-Visual/Counting accuracy: 79.94(506/633) 
[2026-09-19 14:53:11,262]-[trainutils.py line:492]:Epoch 9 -    Audio-Visual/Location accuracy: 67.90(313/461) 
[2026-09-19 14:53:11,262]-[trainutils.py line:492]:Epoch 9 - Audio-Visual/Comparative accuracy: 65.76(361/549) 
[2026-09-19 14:53:11,262]-[trainutils.py line:492]:Epoch 9 -    Audio-Visual/Temporal accuracy: 72.75(299/411) 
[2026-09-19 14:53:11,262]-[trainutils.py line:497]:Epoch 9 -             Audio-Visual accuracy: 74.34(1895/2549) 
[2026-09-19 14:53:11,263]-[trainutils.py line:501]:Epoch 9 -                    Total accuracy: 78.33(3578/4568) 
[2026-09-19 14:53:11,316]-[train.py line:151]:best model saved at epoch 9 with acc 78.3274956217163 (ema) 
[2026-09-19 14:53:11,373]-[train.py line:167]:Epoch 9 done with 78.33 and loss 0.53906. 
[2026-09-19 14:53:11,373]-[train.py line:168]:At epoch9 best acc: 78.33. 
[2026-09-19 14:53:11,373]-[train.py line:102]:
-------------- training epoch 10 -------------- 
[2026-09-19 14:53:11,703]-[trainutils.py line:416]:[EST:    7.25m][Process Time:    0.09s]- Epoch: 10 [0000/1330 (  0%)]	Losses: ce_loss-0.3530(0.3530) loss_tacl-0.0001(0.0001) loss_sacl-0.0083(0.0083) loss_event-0.0045(0.0045) loss_evidence-0.0000(0.0000) loss_query_diversity-0.0043(0.0043) loss_position-0.0000(0.0000) total_loss-0.3530(0.3530) 
[2026-09-19 14:53:41,284]-[trainutils.py line:416]:[EST:    6.07m][Process Time:    0.07s]- Epoch: 10 [0100/1330 (  8%)]	Losses: ce_loss-0.1915(0.2995) loss_tacl-0.0001(0.0001) loss_sacl-0.0100(0.0087) loss_event-0.0048(0.0053) loss_evidence-0.0000(0.0001) loss_query_diversity-0.0043(0.0043) loss_position-0.0000(0.0000) total_loss-0.1915(0.2995) 
[2026-09-19 14:54:11,366]-[trainutils.py line:416]:[EST:    5.62m][Process Time:    0.07s]- Epoch: 10 [0200/1330 ( 15%)]	Losses: ce_loss-0.2459(0.2954) loss_tacl-0.0001(0.0001) loss_sacl-0.0084(0.0088) loss_event-0.0053(0.0054) loss_evidence-0.0000(0.0001) loss_query_diversity-0.0043(0.0043) loss_position-0.0000(0.0000) total_loss-0.2459(0.2954) 
[2026-09-19 14:54:41,047]-[trainutils.py line:416]:[EST:    5.11m][Process Time:    0.07s]- Epoch: 10 [0300/1330 ( 23%)]	Losses: ce_loss-0.1409(0.2964) loss_tacl-0.0001(0.0001) loss_sacl-0.0079(0.0087) loss_event-0.0052(0.0054) loss_evidence-0.0000(0.0000) loss_query_diversity-0.0043(0.0043) loss_position-0.0000(0.0000) total_loss-0.1409(0.2964) 
[2026-09-19 14:55:11,418]-[trainutils.py line:416]:[EST:    4.64m][Process Time:    0.07s]- Epoch: 10 [0400/1330 ( 30%)]	Losses: ce_loss-0.2030(0.2920) loss_tacl-0.0001(0.0001) loss_sacl-0.0076(0.0087) loss_event-0.0051(0.0054) loss_evidence-0.0000(0.0000) loss_query_diversity-0.0043(0.0043) loss_position-0.0000(0.0000) total_loss-0.2030(0.2920) 
[2026-09-19 14:55:40,601]-[trainutils.py line:416]:[EST:    4.12m][Process Time:    0.06s]- Epoch: 10 [0500/1330 ( 38%)]	Losses: ce_loss-0.3563(0.2937) loss_tacl-0.0001(0.0001) loss_sacl-0.0081(0.0086) loss_event-0.0053(0.0054) loss_evidence-0.0000(0.0000) loss_query_diversity-0.0043(0.0043) loss_position-0.0000(0.0000) total_loss-0.3563(0.2937) 
[2026-09-19 14:56:11,743]-[trainutils.py line:416]:[EST:    3.65m][Process Time:    0.07s]- Epoch: 10 [0600/1330 ( 45%)]	Losses: ce_loss-0.1598(0.2945) loss_tacl-0.0001(0.0001) loss_sacl-0.0079(0.0085) loss_event-0.0049(0.0053) loss_evidence-0.0000(0.0000) loss_query_diversity-0.0043(0.0043) loss_position-0.0000(0.0000) total_loss-0.1598(0.2945) 
[2026-09-19 14:56:41,773]-[trainutils.py line:416]:[EST:    3.15m][Process Time:    0.08s]- Epoch: 10 [0700/1330 ( 53%)]	Losses: ce_loss-0.2726(0.2974) loss_tacl-0.0001(0.0001) loss_sacl-0.0097(0.0085) loss_event-0.0061(0.0053) loss_evidence-0.0000(0.0000) loss_query_diversity-0.0043(0.0043) loss_position-0.0000(0.0000) total_loss-0.2726(0.2974) 
[2026-09-19 14:57:12,560]-[trainutils.py line:416]:[EST:    2.65m][Process Time:    0.07s]- Epoch: 10 [0800/1330 ( 60%)]	Losses: ce_loss-0.3458(0.3000) loss_tacl-0.0001(0.0001) loss_sacl-0.0090(0.0085) loss_event-0.0046(0.0053) loss_evidence-0.0000(0.0000) loss_query_diversity-0.0043(0.0043) loss_position-0.0000(0.0000) total_loss-0.3458(0.3000) 
[2026-09-19 14:57:42,914]-[trainutils.py line:416]:[EST:    2.15m][Process Time:    0.07s]- Epoch: 10 [0900/1330 ( 68%)]	Losses: ce_loss-0.2248(0.3010) loss_tacl-0.0001(0.0001) loss_sacl-0.0083(0.0085) loss_event-0.0053(0.0053) loss_evidence-0.0000(0.0000) loss_query_diversity-0.0043(0.0043) loss_position-0.0000(0.0000) total_loss-0.2248(0.3010) 
[2026-09-19 14:58:10,014]-[trainutils.py line:416]:[EST:    1.64m][Process Time:    0.05s]- Epoch: 10 [1000/1330 ( 75%)]	Losses: ce_loss-0.3232(0.3021) loss_tacl-0.0001(0.0001) loss_sacl-0.0096(0.0085) loss_event-0.0064(0.0053) loss_evidence-0.0000(0.0000) loss_query_diversity-0.0043(0.0043) loss_position-0.0000(0.0000) total_loss-0.3232(0.3021) 
[2026-09-19 14:58:32,021]-[trainutils.py line:416]:[EST:    1.11m][Process Time:    0.05s]- Epoch: 10 [1100/1330 ( 83%)]	Losses: ce_loss-0.2495(0.3021) loss_tacl-0.0001(0.0001) loss_sacl-0.0089(0.0085) loss_event-0.0055(0.0053) loss_evidence-0.0000(0.0000) loss_query_diversity-0.0044(0.0043) loss_position-0.0000(0.0000) total_loss-0.2495(0.3021) 
[2026-09-19 14:58:52,961]-[trainutils.py line:416]:[EST:    0.61m][Process Time:    0.05s]- Epoch: 10 [1200/1330 ( 90%)]	Losses: ce_loss-0.3229(0.3028) loss_tacl-0.0001(0.0001) loss_sacl-0.0067(0.0084) loss_event-0.0044(0.0053) loss_evidence-0.0000(0.0000) loss_query_diversity-0.0043(0.0043) loss_position-0.0000(0.0000) total_loss-0.3229(0.3028) 
[2026-09-19 14:59:14,313]-[trainutils.py line:416]:[EST:    0.13m][Process Time:    0.05s]- Epoch: 10 [1300/1330 ( 98%)]	Losses: ce_loss-0.2260(0.3030) loss_tacl-0.0001(0.0001) loss_sacl-0.0075(0.0084) loss_event-0.0045(0.0053) loss_evidence-0.0000(0.0000) loss_query_diversity-0.0043(0.0043) loss_position-0.0000(0.0000) total_loss-0.2260(0.3030) 
[2026-09-19 14:59:20,840]-[trainutils.py line:416]:[EST:   -0.00m][Process Time:    0.05s]- Epoch: 10 [1330/1330 (100%)]	Losses: ce_loss-0.2925(0.3034) loss_tacl-0.0001(0.0001) loss_sacl-0.0097(0.0084) loss_event-0.0054(0.0053) loss_evidence-0.0000(0.0000) loss_query_diversity-0.0043(0.0043) loss_position-0.0000(0.0000) total_loss-0.2925(0.3034) 
[2026-09-19 14:59:21,525]-[train.py line:106]:
-------------- validation epoch 10 -------------- 
[2026-09-19 14:59:21,876]-[trainutils.py line:461]:Test progress:   0/95 
[2026-09-19 14:59:54,956]-[trainutils.py line:461]:Test progress:  95/95 
[2026-09-19 14:59:54,957]-[trainutils.py line:492]:Epoch 10 -           Audio/Counting accuracy: 86.69(443/511) 
[2026-09-19 14:59:54,958]-[trainutils.py line:492]:Epoch 10 -        Audio/Comparative accuracy: 58.98(174/295) 
[2026-09-19 14:59:54,958]-[trainutils.py line:497]:Epoch 10 -                    Audio accuracy: 76.55(617/806) 
[2026-09-19 14:59:54,959]-[trainutils.py line:492]:Epoch 10 -          Visual/Counting accuracy: 81.50(489/600) 
[2026-09-19 14:59:54,959]-[trainutils.py line:492]:Epoch 10 -          Visual/Location accuracy: 89.07(546/613) 
[2026-09-19 14:59:54,959]-[trainutils.py line:497]:Epoch 10 -                   Visual accuracy: 85.33(1035/1213) 
[2026-09-19 14:59:54,960]-[trainutils.py line:492]:Epoch 10 - Audio-Visual/Existential accuracy: 83.23(412/495) 
[2026-09-19 14:59:54,960]-[trainutils.py line:492]:Epoch 10 -    Audio-Visual/Counting accuracy: 77.25(489/633) 
[2026-09-19 14:59:54,960]-[trainutils.py line:492]:Epoch 10 -    Audio-Visual/Location accuracy: 69.20(319/461) 
[2026-09-19 14:59:54,961]-[trainutils.py line:492]:Epoch 10 - Audio-Visual/Comparative accuracy: 63.93(351/549) 
[2026-09-19 14:59:54,961]-[trainutils.py line:492]:Epoch 10 -    Audio-Visual/Temporal accuracy: 71.05(292/411) 
[2026-09-19 14:59:54,961]-[trainutils.py line:497]:Epoch 10 -             Audio-Visual accuracy: 73.09(1863/2549) 
[2026-09-19 14:59:54,961]-[trainutils.py line:501]:Epoch 10 -                    Total accuracy: 76.95(3515/4568) 
[2026-09-19 14:59:55,334]-[trainutils.py line:461]:Test progress:   0/95 
[2026-09-19 15:00:27,818]-[trainutils.py line:461]:Test progress:  95/95 
[2026-09-19 15:00:27,819]-[trainutils.py line:492]:Epoch 10 -           Audio/Counting accuracy: 88.26(451/511) 
[2026-09-19 15:00:27,819]-[trainutils.py line:492]:Epoch 10 -        Audio/Comparative accuracy: 63.39(187/295) 
[2026-09-19 15:00:27,820]-[trainutils.py line:497]:Epoch 10 -                    Audio accuracy: 79.16(638/806) 
[2026-09-19 15:00:27,820]-[trainutils.py line:492]:Epoch 10 -          Visual/Counting accuracy: 83.00(498/600) 
[2026-09-19 15:00:27,820]-[trainutils.py line:492]:Epoch 10 -          Visual/Location accuracy: 89.56(549/613) 
[2026-09-19 15:00:27,820]-[trainutils.py line:497]:Epoch 10 -                   Visual accuracy: 86.31(1047/1213) 
[2026-09-19 15:00:27,820]-[trainutils.py line:492]:Epoch 10 - Audio-Visual/Existential accuracy: 83.84(415/495) 
[2026-09-19 15:00:27,821]-[trainutils.py line:492]:Epoch 10 -    Audio-Visual/Counting accuracy: 80.41(509/633) 
[2026-09-19 15:00:27,821]-[trainutils.py line:492]:Epoch 10 -    Audio-Visual/Location accuracy: 68.11(314/461) 
[2026-09-19 15:00:27,821]-[trainutils.py line:492]:Epoch 10 - Audio-Visual/Comparative accuracy: 65.94(362/549) 
[2026-09-19 15:00:27,821]-[trainutils.py line:492]:Epoch 10 -    Audio-Visual/Temporal accuracy: 71.53(294/411) 
[2026-09-19 15:00:27,821]-[trainutils.py line:497]:Epoch 10 -             Audio-Visual accuracy: 74.30(1894/2549) 
[2026-09-19 15:00:27,821]-[trainutils.py line:501]:Epoch 10 -                    Total accuracy: 78.35(3579/4568) 
[2026-09-19 15:00:27,865]-[train.py line:151]:best model saved at epoch 10 with acc 78.3493870402802 (ema) 
[2026-09-19 15:00:27,922]-[train.py line:167]:Epoch 10 done with 78.35 and loss 0.55859. 
[2026-09-19 15:00:27,922]-[train.py line:168]:At epoch10 best acc: 78.35. 
[2026-09-19 15:00:27,922]-[train.py line:102]:
-------------- training epoch 11 -------------- 
[2026-09-19 15:00:28,138]-[trainutils.py line:416]:[EST:    4.74m][Process Time:    0.05s]- Epoch: 11 [0000/1330 (  0%)]	Losses: ce_loss-0.2548(0.2548) loss_tacl-0.0001(0.0001) loss_sacl-0.0092(0.0092) loss_event-0.0060(0.0060) loss_evidence-0.0000(0.0000) loss_query_diversity-0.0044(0.0044) loss_position-0.0000(0.0000) total_loss-0.2548(0.2548) 
[2026-09-19 15:00:52,480]-[trainutils.py line:416]:[EST:    4.98m][Process Time:    0.06s]- Epoch: 11 [0100/1330 (  8%)]	Losses: ce_loss-0.2296(0.2774) loss_tacl-0.0001(0.0001) loss_sacl-0.0075(0.0083) loss_event-0.0053(0.0055) loss_evidence-0.0000(0.0000) loss_query_diversity-0.0043(0.0043) loss_position-0.0000(0.0000) total_loss-0.2296(0.2774) 
[2026-09-19 15:01:25,204]-[trainutils.py line:416]:[EST:    5.36m][Process Time:    0.07s]- Epoch: 11 [0200/1330 ( 15%)]	Losses: ce_loss-0.3183(0.2663) loss_tacl-0.0001(0.0001) loss_sacl-0.0070(0.0082) loss_event-0.0050(0.0054) loss_evidence-0.0000(0.0000) loss_query_diversity-0.0043(0.0043) loss_position-0.0000(0.0000) total_loss-0.3183(0.2663) 
[2026-09-19 15:01:57,042]-[trainutils.py line:416]:[EST:    5.08m][Process Time:    0.08s]- Epoch: 11 [0300/1330 ( 23%)]	Losses: ce_loss-0.2043(0.2706) loss_tacl-0.0001(0.0001) loss_sacl-0.0078(0.0082) loss_event-0.0050(0.0054) loss_evidence-0.0000(0.0000) loss_query_diversity-0.0044(0.0043) loss_position-0.0000(0.0000) total_loss-0.2043(0.2706) 
[2026-09-19 15:02:28,999]-[trainutils.py line:416]:[EST:    4.67m][Process Time:    0.07s]- Epoch: 11 [0400/1330 ( 30%)]	Losses: ce_loss-0.3190(0.2712) loss_tacl-0.0001(0.0001) loss_sacl-0.0094(0.0081) loss_event-0.0059(0.0054) loss_evidence-0.0000(0.0000) loss_query_diversity-0.0043(0.0043) loss_position-0.0000(0.0000) total_loss-0.3190(0.2712) 
[2026-09-19 15:03:00,659]-[trainutils.py line:416]:[EST:    4.21m][Process Time:    0.08s]- Epoch: 11 [0500/1330 ( 38%)]	Losses: ce_loss-0.4568(0.2664) loss_tacl-0.0001(0.0001) loss_sacl-0.0077(0.0081) loss_event-0.0051(0.0054) loss_evidence-0.0000(0.0000) loss_query_diversity-0.0044(0.0043) loss_position-0.0000(0.0000) total_loss-0.4568(0.2664) 
[2026-09-19 15:03:32,318]-[trainutils.py line:416]:[EST:    3.73m][Process Time:    0.08s]- Epoch: 11 [0600/1330 ( 45%)]	Losses: ce_loss-0.2729(0.2669) loss_tacl-0.0001(0.0001) loss_sacl-0.0074(0.0081) loss_event-0.0051(0.0054) loss_evidence-0.0000(0.0000) loss_query_diversity-0.0043(0.0043) loss_position-0.0000(0.0000) total_loss-0.2729(0.2669) 
[2026-09-19 15:04:04,001]-[trainutils.py line:416]:[EST:    3.23m][Process Time:    0.07s]- Epoch: 11 [0700/1330 ( 53%)]	Losses: ce_loss-0.3557(0.2663) loss_tacl-0.0001(0.0001) loss_sacl-0.0077(0.0081) loss_event-0.0044(0.0054) loss_evidence-0.0000(0.0000) loss_query_diversity-0.0044(0.0043) loss_position-0.0000(0.0000) total_loss-0.3557(0.2663) 
[2026-09-19 15:04:35,639]-[trainutils.py line:416]:[EST:    2.73m][Process Time:    0.07s]- Epoch: 11 [0800/1330 ( 60%)]	Losses: ce_loss-0.3169(0.2656) loss_tacl-0.0001(0.0001) loss_sacl-0.0076(0.0081) loss_event-0.0060(0.0054) loss_evidence-0.0000(0.0000) loss_query_diversity-0.0043(0.0043) loss_position-0.0000(0.0000) total_loss-0.3169(0.2656) 
[2026-09-19 15:05:07,021]-[trainutils.py line:416]:[EST:    2.21m][Process Time:    0.07s]- Epoch: 11 [0900/1330 ( 68%)]	Losses: ce_loss-0.2310(0.2655) loss_tacl-0.0001(0.0001) loss_sacl-0.0078(0.0081) loss_event-0.0056(0.0054) loss_evidence-0.0000(0.0000) loss_query_diversity-0.0043(0.0043) loss_position-0.0000(0.0000) total_loss-0.2310(0.2655) 
[2026-09-19 15:05:38,397]-[trainutils.py line:416]:[EST:    1.70m][Process Time:    0.07s]- Epoch: 11 [1000/1330 ( 75%)]	Losses: ce_loss-0.1610(0.2654) loss_tacl-0.0001(0.0001) loss_sacl-0.0073(0.0080) loss_event-0.0053(0.0054) loss_evidence-0.0000(0.0000) loss_query_diversity-0.0043(0.0043) loss_position-0.0000(0.0000) total_loss-0.1610(0.2654) 
[2026-09-19 15:06:10,060]-[trainutils.py line:416]:[EST:    1.19m][Process Time:    0.07s]- Epoch: 11 [1100/1330 ( 83%)]	Losses: ce_loss-0.1370(0.2642) loss_tacl-0.0001(0.0001) loss_sacl-0.0080(0.0080) loss_event-0.0049(0.0054) loss_evidence-0.0000(0.0000) loss_query_diversity-0.0044(0.0043) loss_position-0.0000(0.0000) total_loss-0.1370(0.2642) 
[2026-09-19 15:06:41,518]-[trainutils.py line:416]:[EST:    0.67m][Process Time:    0.08s]- Epoch: 11 [1200/1330 ( 90%)]	Losses: ce_loss-0.3179(0.2645) loss_tacl-0.0001(0.0001) loss_sacl-0.0077(0.0080) loss_event-0.0048(0.0054) loss_evidence-0.0000(0.0000) loss_query_diversity-0.0043(0.0043) loss_position-0.0000(0.0000) total_loss-0.3179(0.2645) 
[2026-09-19 15:07:12,946]-[trainutils.py line:416]:[EST:    0.15m][Process Time:    0.08s]- Epoch: 11 [1300/1330 ( 98%)]	Losses: ce_loss-0.2821(0.2639) loss_tacl-0.0001(0.0001) loss_sacl-0.0070(0.0080) loss_event-0.0046(0.0054) loss_evidence-0.0000(0.0000) loss_query_diversity-0.0044(0.0043) loss_position-0.0000(0.0000) total_loss-0.2821(0.2639) 
[2026-09-19 15:07:22,294]-[trainutils.py line:416]:[EST:   -0.01m][Process Time:    0.11s]- Epoch: 11 [1330/1330 (100%)]	Losses: ce_loss-0.1132(0.2645) loss_tacl-0.0001(0.0001) loss_sacl-0.0073(0.0080) loss_event-0.0057(0.0054) loss_evidence-0.0000(0.0000) loss_query_diversity-0.0044(0.0043) loss_position-0.0000(0.0000) total_loss-0.1132(0.2645) 
[2026-09-19 15:07:23,762]-[train.py line:106]:
-------------- validation epoch 11 -------------- 
[2026-09-19 15:07:24,280]-[trainutils.py line:461]:Test progress:   0/95 
[2026-09-19 15:08:09,520]-[trainutils.py line:461]:Test progress:  95/95 
[2026-09-19 15:08:09,521]-[trainutils.py line:492]:Epoch 11 -           Audio/Counting accuracy: 86.69(443/511) 
[2026-09-19 15:08:09,522]-[trainutils.py line:492]:Epoch 11 -        Audio/Comparative accuracy: 62.37(184/295) 
[2026-09-19 15:08:09,522]-[trainutils.py line:497]:Epoch 11 -                    Audio accuracy: 77.79(627/806) 
[2026-09-19 15:08:09,523]-[trainutils.py line:492]:Epoch 11 -          Visual/Counting accuracy: 81.17(487/600) 
[2026-09-19 15:08:09,523]-[trainutils.py line:492]:Epoch 11 -          Visual/Location accuracy: 89.23(547/613) 
[2026-09-19 15:08:09,523]-[trainutils.py line:497]:Epoch 11 -                   Visual accuracy: 85.24(1034/1213) 
[2026-09-19 15:08:09,523]-[trainutils.py line:492]:Epoch 11 - Audio-Visual/Existential accuracy: 83.23(412/495) 
[2026-09-19 15:08:09,523]-[trainutils.py line:492]:Epoch 11 -    Audio-Visual/Counting accuracy: 78.99(500/633) 
[2026-09-19 15:08:09,524]-[trainutils.py line:492]:Epoch 11 -    Audio-Visual/Location accuracy: 67.90(313/461) 
[2026-09-19 15:08:09,524]-[trainutils.py line:492]:Epoch 11 - Audio-Visual/Comparative accuracy: 64.85(356/549) 
[2026-09-19 15:08:09,524]-[trainutils.py line:492]:Epoch 11 -    Audio-Visual/Temporal accuracy: 72.26(297/411) 
[2026-09-19 15:08:09,524]-[trainutils.py line:497]:Epoch 11 -             Audio-Visual accuracy: 73.68(1878/2549) 
[2026-09-19 15:08:09,524]-[trainutils.py line:501]:Epoch 11 -                    Total accuracy: 77.47(3539/4568) 
[2026-09-19 15:08:10,060]-[trainutils.py line:461]:Test progress:   0/95 
[2026-09-19 15:08:55,481]-[trainutils.py line:461]:Test progress:  95/95 
[2026-09-19 15:08:55,482]-[trainutils.py line:492]:Epoch 11 -           Audio/Counting accuracy: 87.28(446/511) 
[2026-09-19 15:08:55,482]-[trainutils.py line:492]:Epoch 11 -        Audio/Comparative accuracy: 62.71(185/295) 
[2026-09-19 15:08:55,482]-[trainutils.py line:497]:Epoch 11 -                    Audio accuracy: 78.29(631/806) 
[2026-09-19 15:08:55,483]-[trainutils.py line:492]:Epoch 11 -          Visual/Counting accuracy: 83.67(502/600) 
[2026-09-19 15:08:55,483]-[trainutils.py line:492]:Epoch 11 -          Visual/Location accuracy: 89.72(550/613) 
[2026-09-19 15:08:55,484]-[trainutils.py line:497]:Epoch 11 -                   Visual accuracy: 86.73(1052/1213) 
[2026-09-19 15:08:55,484]-[trainutils.py line:492]:Epoch 11 - Audio-Visual/Existential accuracy: 83.64(414/495) 
[2026-09-19 15:08:55,484]-[trainutils.py line:492]:Epoch 11 -    Audio-Visual/Counting accuracy: 80.25(508/633) 
[2026-09-19 15:08:55,484]-[trainutils.py line:492]:Epoch 11 -    Audio-Visual/Location accuracy: 68.33(315/461) 
[2026-09-19 15:08:55,485]-[trainutils.py line:492]:Epoch 11 - Audio-Visual/Comparative accuracy: 66.12(363/549) 
[2026-09-19 15:08:55,485]-[trainutils.py line:492]:Epoch 11 -    Audio-Visual/Temporal accuracy: 71.53(294/411) 
[2026-09-19 15:08:55,485]-[trainutils.py line:497]:Epoch 11 -             Audio-Visual accuracy: 74.30(1894/2549) 
[2026-09-19 15:08:55,485]-[trainutils.py line:501]:Epoch 11 -                    Total accuracy: 78.31(3577/4568) 
[2026-09-19 15:08:55,491]-[train.py line:167]:Epoch 11 done with 78.31 and loss 0.57031. 
[2026-09-19 15:08:55,491]-[train.py line:168]:At epoch10 best acc: 78.35. 
[2026-09-19 15:08:55,491]-[train.py line:102]:
-------------- training epoch 12 -------------- 
[2026-09-19 15:08:55,820]-[trainutils.py line:416]:[EST:    7.20m][Process Time:    0.08s]- Epoch: 12 [0000/1330 (  0%)]	Losses: ce_loss-0.1948(0.1948) loss_tacl-0.0001(0.0001) loss_sacl-0.0083(0.0083) loss_event-0.0064(0.0064) loss_evidence-0.0000(0.0000) loss_query_diversity-0.0044(0.0044) loss_position-0.0000(0.0000) total_loss-0.1948(0.1948) 
[2026-09-19 15:09:27,228]-[trainutils.py line:416]:[EST:    6.44m][Process Time:    0.08s]- Epoch: 12 [0100/1330 (  8%)]	Losses: ce_loss-0.2059(0.2278) loss_tacl-0.0001(0.0001) loss_sacl-0.0092(0.0079) loss_event-0.0062(0.0056) loss_evidence-0.0000(0.0000) loss_query_diversity-0.0043(0.0043) loss_position-0.0000(0.0000) total_loss-0.2059(0.2278) 
[2026-09-19 15:09:57,546]-[trainutils.py line:416]:[EST:    5.81m][Process Time:    0.07s]- Epoch: 12 [0200/1330 ( 15%)]	Losses: ce_loss-0.1545(0.2226) loss_tacl-0.0001(0.0001) loss_sacl-0.0076(0.0079) loss_event-0.0057(0.0056) loss_evidence-0.0000(0.0000) loss_query_diversity-0.0043(0.0043) loss_position-0.0000(0.0000) total_loss-0.1545(0.2226) 
[2026-09-19 15:10:30,370]-[trainutils.py line:416]:[EST:    5.41m][Process Time:    0.08s]- Epoch: 12 [0300/1330 ( 23%)]	Losses: ce_loss-0.3825(0.2285) loss_tacl-0.0001(0.0001) loss_sacl-0.0083(0.0079) loss_event-0.0063(0.0056) loss_evidence-0.0000(0.0000) loss_query_diversity-0.0044(0.0043) loss_position-0.0000(0.0000) total_loss-0.3825(0.2285) 
[2026-09-19 15:11:01,891]-[trainutils.py line:416]:[EST:    4.88m][Process Time:    0.07s]- Epoch: 12 [0400/1330 ( 30%)]	Losses: ce_loss-0.2054(0.2301) loss_tacl-0.0001(0.0001) loss_sacl-0.0080(0.0079) loss_event-0.0056(0.0056) loss_evidence-0.0000(0.0000) loss_query_diversity-0.0043(0.0043) loss_position-0.0000(0.0000) total_loss-0.2054(0.2301) 
[2026-09-19 15:11:32,953]-[trainutils.py line:416]:[EST:    4.34m][Process Time:    0.07s]- Epoch: 12 [0500/1330 ( 38%)]	Losses: ce_loss-0.2436(0.2280) loss_tacl-0.0001(0.0001) loss_sacl-0.0088(0.0079) loss_event-0.0056(0.0056) loss_evidence-0.0000(0.0000) loss_query_diversity-0.0044(0.0043) loss_position-0.0000(0.0000) total_loss-0.2436(0.2280) 
[2026-09-19 15:12:02,813]-[trainutils.py line:416]:[EST:    3.79m][Process Time:    0.07s]- Epoch: 12 [0600/1330 ( 45%)]	Losses: ce_loss-0.2211(0.2273) loss_tacl-0.0001(0.0001) loss_sacl-0.0073(0.0079) loss_event-0.0050(0.0056) loss_evidence-0.0000(0.0000) loss_query_diversity-0.0044(0.0043) loss_position-0.0000(0.0000) total_loss-0.2211(0.2273) 
[2026-09-19 15:12:33,301]-[trainutils.py line:416]:[EST:    3.26m][Process Time:    0.08s]- Epoch: 12 [0700/1330 ( 53%)]	Losses: ce_loss-0.1306(0.2284) loss_tacl-0.0001(0.0001) loss_sacl-0.0076(0.0079) loss_event-0.0052(0.0056) loss_evidence-0.0000(0.0000) loss_query_diversity-0.0043(0.0043) loss_position-0.0000(0.0000) total_loss-0.1306(0.2284) 
[2026-09-19 15:13:04,428]-[trainutils.py line:416]:[EST:    2.74m][Process Time:    0.06s]- Epoch: 12 [0800/1330 ( 60%)]	Losses: ce_loss-0.1149(0.2272) loss_tacl-0.0001(0.0001) loss_sacl-0.0078(0.0078) loss_event-0.0053(0.0056) loss_evidence-0.0000(0.0000) loss_query_diversity-0.0043(0.0043) loss_position-0.0000(0.0000) total_loss-0.1149(0.2272) 
[2026-09-19 15:13:35,899]-[trainutils.py line:416]:[EST:    2.23m][Process Time:    0.07s]- Epoch: 12 [0900/1330 ( 68%)]	Losses: ce_loss-0.3194(0.2288) loss_tacl-0.0001(0.0001) loss_sacl-0.0069(0.0078) loss_event-0.0049(0.0055) loss_evidence-0.0000(0.0000) loss_query_diversity-0.0043(0.0043) loss_position-0.0000(0.0000) total_loss-0.3194(0.2288) 
[2026-09-19 15:14:07,462]-[trainutils.py line:416]:[EST:    1.71m][Process Time:    0.07s]- Epoch: 12 [1000/1330 ( 75%)]	Losses: ce_loss-0.1517(0.2288) loss_tacl-0.0001(0.0001) loss_sacl-0.0077(0.0078) loss_event-0.0056(0.0055) loss_evidence-0.0000(0.0000) loss_query_diversity-0.0043(0.0043) loss_position-0.0000(0.0000) total_loss-0.1517(0.2288) 
[2026-09-19 15:14:38,767]-[trainutils.py line:416]:[EST:    1.19m][Process Time:    0.07s]- Epoch: 12 [1100/1330 ( 83%)]	Losses: ce_loss-0.2347(0.2280) loss_tacl-0.0001(0.0001) loss_sacl-0.0061(0.0078) loss_event-0.0046(0.0055) loss_evidence-0.0000(0.0000) loss_query_diversity-0.0044(0.0043) loss_position-0.0000(0.0000) total_loss-0.2347(0.2280) 
[2026-09-19 15:15:09,831]-[trainutils.py line:416]:[EST:    0.67m][Process Time:    0.07s]- Epoch: 12 [1200/1330 ( 90%)]	Losses: ce_loss-0.2758(0.2285) loss_tacl-0.0001(0.0001) loss_sacl-0.0074(0.0077) loss_event-0.0053(0.0055) loss_evidence-0.0000(0.0000) loss_query_diversity-0.0043(0.0043) loss_position-0.0000(0.0000) total_loss-0.2758(0.2285) 
[2026-09-19 15:15:41,039]-[trainutils.py line:416]:[EST:    0.15m][Process Time:    0.08s]- Epoch: 12 [1300/1330 ( 98%)]	Losses: ce_loss-0.0782(0.2273) loss_tacl-0.0001(0.0001) loss_sacl-0.0078(0.0077) loss_event-0.0058(0.0055) loss_evidence-0.0000(0.0000) loss_query_diversity-0.0043(0.0043) loss_position-0.0000(0.0000) total_loss-0.0782(0.2273) 
[2026-09-19 15:15:50,158]-[trainutils.py line:416]:[EST:   -0.01m][Process Time:    0.08s]- Epoch: 12 [1330/1330 (100%)]	Losses: ce_loss-0.6322(0.2279) loss_tacl-0.0001(0.0001) loss_sacl-0.0062(0.0077) loss_event-0.0074(0.0055) loss_evidence-0.0000(0.0000) loss_query_diversity-0.0043(0.0043) loss_position-0.0000(0.0000) total_loss-0.6322(0.2279) 
[2026-09-19 15:15:51,247]-[train.py line:106]:
-------------- validation epoch 12 -------------- 
[2026-09-19 15:15:51,682]-[trainutils.py line:461]:Test progress:   0/95 
[2026-09-19 15:16:36,577]-[trainutils.py line:461]:Test progress:  95/95 
[2026-09-19 15:16:36,578]-[trainutils.py line:492]:Epoch 12 -           Audio/Counting accuracy: 85.71(438/511) 
[2026-09-19 15:16:36,578]-[trainutils.py line:492]:Epoch 12 -        Audio/Comparative accuracy: 60.34(178/295) 
[2026-09-19 15:16:36,579]-[trainutils.py line:497]:Epoch 12 -                    Audio accuracy: 76.43(616/806) 
[2026-09-19 15:16:36,579]-[trainutils.py line:492]:Epoch 12 -          Visual/Counting accuracy: 82.00(492/600) 
[2026-09-19 15:16:36,580]-[trainutils.py line:492]:Epoch 12 -          Visual/Location accuracy: 89.40(548/613) 
[2026-09-19 15:16:36,580]-[trainutils.py line:497]:Epoch 12 -                   Visual accuracy: 85.74(1040/1213) 
[2026-09-19 15:16:36,580]-[trainutils.py line:492]:Epoch 12 - Audio-Visual/Existential accuracy: 83.64(414/495) 
[2026-09-19 15:16:36,581]-[trainutils.py line:492]:Epoch 12 -    Audio-Visual/Counting accuracy: 78.83(499/633) 
[2026-09-19 15:16:36,582]-[trainutils.py line:492]:Epoch 12 -    Audio-Visual/Location accuracy: 69.63(321/461) 
[2026-09-19 15:16:36,582]-[trainutils.py line:492]:Epoch 12 - Audio-Visual/Comparative accuracy: 63.02(346/549) 
[2026-09-19 15:16:36,582]-[trainutils.py line:492]:Epoch 12 -    Audio-Visual/Temporal accuracy: 72.99(300/411) 
[2026-09-19 15:16:36,582]-[trainutils.py line:497]:Epoch 12 -             Audio-Visual accuracy: 73.75(1880/2549) 
[2026-09-19 15:16:36,582]-[trainutils.py line:501]:Epoch 12 -                    Total accuracy: 77.41(3536/4568) 
[2026-09-19 15:16:37,096]-[trainutils.py line:461]:Test progress:   0/95 
[2026-09-19 15:17:20,704]-[trainutils.py line:461]:Test progress:  95/95 
[2026-09-19 15:17:20,705]-[trainutils.py line:492]:Epoch 12 -           Audio/Counting accuracy: 86.89(444/511) 
[2026-09-19 15:17:20,705]-[trainutils.py line:492]:Epoch 12 -        Audio/Comparative accuracy: 62.37(184/295) 
[2026-09-19 15:17:20,705]-[trainutils.py line:497]:Epoch 12 -                    Audio accuracy: 77.92(628/806) 
[2026-09-19 15:17:20,705]-[trainutils.py line:492]:Epoch 12 -          Visual/Counting accuracy: 83.33(500/600) 
[2026-09-19 15:17:20,706]-[trainutils.py line:492]:Epoch 12 -          Visual/Location accuracy: 89.56(549/613) 
[2026-09-19 15:17:20,706]-[trainutils.py line:497]:Epoch 12 -                   Visual accuracy: 86.48(1049/1213) 
[2026-09-19 15:17:20,706]-[trainutils.py line:492]:Epoch 12 - Audio-Visual/Existential accuracy: 83.23(412/495) 
[2026-09-19 15:17:20,706]-[trainutils.py line:492]:Epoch 12 -    Audio-Visual/Counting accuracy: 80.25(508/633) 
[2026-09-19 15:17:20,707]-[trainutils.py line:492]:Epoch 12 -    Audio-Visual/Location accuracy: 68.55(316/461) 
[2026-09-19 15:17:20,707]-[trainutils.py line:492]:Epoch 12 - Audio-Visual/Comparative accuracy: 65.21(358/549) 
[2026-09-19 15:17:20,707]-[trainutils.py line:492]:Epoch 12 -    Audio-Visual/Temporal accuracy: 72.51(298/411) 
[2026-09-19 15:17:20,708]-[trainutils.py line:497]:Epoch 12 -             Audio-Visual accuracy: 74.23(1892/2549) 
[2026-09-19 15:17:20,708]-[trainutils.py line:501]:Epoch 12 -                    Total accuracy: 78.13(3569/4568) 
[2026-09-19 15:17:20,715]-[train.py line:167]:Epoch 12 done with 78.13 and loss 0.60547. 
[2026-09-19 15:17:20,715]-[train.py line:168]:At epoch10 best acc: 78.35. 
[2026-09-19 15:17:20,715]-[train.py line:102]:
-------------- training epoch 13 -------------- 
[2026-09-19 15:17:21,024]-[trainutils.py line:416]:[EST:    6.75m][Process Time:    0.07s]- Epoch: 13 [0000/1330 (  0%)]	Losses: ce_loss-0.1927(0.1927) loss_tacl-0.0001(0.0001) loss_sacl-0.0074(0.0074) loss_event-0.0049(0.0049) loss_evidence-0.0000(0.0000) loss_query_diversity-0.0043(0.0043) loss_position-0.0000(0.0000) total_loss-0.1927(0.1927) 
[2026-09-19 15:17:51,849]-[trainutils.py line:416]:[EST:    6.31m][Process Time:    0.06s]- Epoch: 13 [0100/1330 (  8%)]	Losses: ce_loss-0.2460(0.1946) loss_tacl-0.0001(0.0001) loss_sacl-0.0071(0.0077) loss_event-0.0058(0.0056) loss_evidence-0.0000(0.0001) loss_query_diversity-0.0043(0.0043) loss_position-0.0000(0.0000) total_loss-0.2460(0.1946) 
[2026-09-19 15:18:22,292]-[trainutils.py line:416]:[EST:    5.76m][Process Time:    0.07s]- Epoch: 13 [0200/1330 ( 15%)]	Losses: ce_loss-0.1697(0.1886) loss_tacl-0.0001(0.0001) loss_sacl-0.0078(0.0076) loss_event-0.0049(0.0055) loss_evidence-0.0000(0.0001) loss_query_diversity-0.0044(0.0043) loss_position-0.0000(0.0000) total_loss-0.1697(0.1886) 
[2026-09-19 15:18:52,366]-[trainutils.py line:416]:[EST:    5.22m][Process Time:    0.07s]- Epoch: 13 [0300/1330 ( 23%)]	Losses: ce_loss-0.0876(0.1939) loss_tacl-0.0001(0.0001) loss_sacl-0.0082(0.0076) loss_event-0.0067(0.0055) loss_evidence-0.0000(0.0001) loss_query_diversity-0.0043(0.0043) loss_position-0.0000(0.0000) total_loss-0.0876(0.1939) 
[2026-09-19 15:19:22,502]-[trainutils.py line:416]:[EST:    4.70m][Process Time:    0.07s]- Epoch: 13 [0400/1330 ( 30%)]	Losses: ce_loss-0.1228(0.1959) loss_tacl-0.0001(0.0001) loss_sacl-0.0076(0.0076) loss_event-0.0061(0.0055) loss_evidence-0.0000(0.0001) loss_query_diversity-0.0043(0.0043) loss_position-0.0000(0.0000) total_loss-0.1228(0.1959) 
[2026-09-19 15:19:51,969]-[trainutils.py line:416]:[EST:    4.17m][Process Time:    0.07s]- Epoch: 13 [0500/1330 ( 38%)]	Losses: ce_loss-0.3385(0.1988) loss_tacl-0.0001(0.0001) loss_sacl-0.0066(0.0076) loss_event-0.0055(0.0055) loss_evidence-0.0000(0.0000) loss_query_diversity-0.0044(0.0043) loss_position-0.0000(0.0000) total_loss-0.3385(0.1988) 
[2026-09-19 15:20:21,600]-[trainutils.py line:416]:[EST:    3.66m][Process Time:    0.08s]- Epoch: 13 [0600/1330 ( 45%)]	Losses: ce_loss-0.1248(0.1968) loss_tacl-0.0001(0.0001) loss_sacl-0.0080(0.0076) loss_event-0.0062(0.0055) loss_evidence-0.0000(0.0000) loss_query_diversity-0.0043(0.0043) loss_position-0.0000(0.0000) total_loss-0.1248(0.1968) 
[2026-09-19 15:20:53,131]-[trainutils.py line:416]:[EST:    3.18m][Process Time:    0.08s]- Epoch: 13 [0700/1330 ( 53%)]	Losses: ce_loss-0.2137(0.1960) loss_tacl-0.0001(0.0001) loss_sacl-0.0079(0.0076) loss_event-0.0059(0.0055) loss_evidence-0.0000(0.0000) loss_query_diversity-0.0043(0.0043) loss_position-0.0000(0.0000) total_loss-0.2137(0.1960) 
[2026-09-19 15:21:24,539]-[trainutils.py line:416]:[EST:    2.68m][Process Time:    0.07s]- Epoch: 13 [0800/1330 ( 60%)]	Losses: ce_loss-0.1716(0.1962) loss_tacl-0.0001(0.0001) loss_sacl-0.0068(0.0076) loss_event-0.0053(0.0055) loss_evidence-0.0000(0.0000) loss_query_diversity-0.0043(0.0043) loss_position-0.0000(0.0000) total_loss-0.1716(0.1962) 
[2026-09-19 15:21:54,709]-[trainutils.py line:416]:[EST:    2.17m][Process Time:    0.07s]- Epoch: 13 [0900/1330 ( 68%)]	Losses: ce_loss-0.1418(0.1967) loss_tacl-0.0001(0.0001) loss_sacl-0.0064(0.0076) loss_event-0.0041(0.0055) loss_evidence-0.0000(0.0000) loss_query_diversity-0.0043(0.0043) loss_position-0.0000(0.0000) total_loss-0.1418(0.1967) 
[2026-09-19 15:22:25,300]-[trainutils.py line:416]:[EST:    1.67m][Process Time:    0.07s]- Epoch: 13 [1000/1330 ( 75%)]	Losses: ce_loss-0.2584(0.1960) loss_tacl-0.0001(0.0001) loss_sacl-0.0070(0.0076) loss_event-0.0048(0.0055) loss_evidence-0.0000(0.0000) loss_query_diversity-0.0043(0.0043) loss_position-0.0000(0.0000) total_loss-0.2584(0.1960) 
[2026-09-19 15:22:54,442]-[trainutils.py line:416]:[EST:    1.16m][Process Time:    0.07s]- Epoch: 13 [1100/1330 ( 83%)]	Losses: ce_loss-0.1815(0.1955) loss_tacl-0.0001(0.0001) loss_sacl-0.0075(0.0076) loss_event-0.0049(0.0055) loss_evidence-0.0000(0.0000) loss_query_diversity-0.0043(0.0043) loss_position-0.0000(0.0000) total_loss-0.1815(0.1955) 
[2026-09-19 15:23:24,336]-[trainutils.py line:416]:[EST:    0.65m][Process Time:    0.07s]- Epoch: 13 [1200/1330 ( 90%)]	Losses: ce_loss-0.2041(0.1970) loss_tacl-0.0001(0.0001) loss_sacl-0.0080(0.0075) loss_event-0.0058(0.0055) loss_evidence-0.0000(0.0000) loss_query_diversity-0.0044(0.0043) loss_position-0.0000(0.0000) total_loss-0.2041(0.1970) 
[2026-09-19 15:23:54,841]-[trainutils.py line:416]:[EST:    0.15m][Process Time:    0.07s]- Epoch: 13 [1300/1330 ( 98%)]	Losses: ce_loss-0.1515(0.1975) loss_tacl-0.0001(0.0001) loss_sacl-0.0076(0.0075) loss_event-0.0057(0.0055) loss_evidence-0.0000(0.0000) loss_query_diversity-0.0043(0.0043) loss_position-0.0000(0.0000) total_loss-0.1515(0.1975) 
[2026-09-19 15:24:04,052]-[trainutils.py line:416]:[EST:   -0.01m][Process Time:    0.07s]- Epoch: 13 [1330/1330 (100%)]	Losses: ce_loss-0.2679(0.1980) loss_tacl-0.0001(0.0001) loss_sacl-0.0071(0.0075) loss_event-0.0062(0.0055) loss_evidence-0.0000(0.0000) loss_query_diversity-0.0044(0.0043) loss_position-0.0000(0.0000) total_loss-0.2679(0.1980) 
[2026-09-19 15:24:05,096]-[train.py line:106]:
-------------- validation epoch 13 -------------- 
[2026-09-19 15:24:05,547]-[trainutils.py line:461]:Test progress:   0/95 
[2026-09-19 15:24:49,092]-[trainutils.py line:461]:Test progress:  95/95 
[2026-09-19 15:24:49,094]-[trainutils.py line:492]:Epoch 13 -           Audio/Counting accuracy: 86.30(441/511) 
[2026-09-19 15:24:49,094]-[trainutils.py line:492]:Epoch 13 -        Audio/Comparative accuracy: 58.64(173/295) 
[2026-09-19 15:24:49,094]-[trainutils.py line:497]:Epoch 13 -                    Audio accuracy: 76.18(614/806) 
[2026-09-19 15:24:49,094]-[trainutils.py line:492]:Epoch 13 -          Visual/Counting accuracy: 82.83(497/600) 
[2026-09-19 15:24:49,095]-[trainutils.py line:492]:Epoch 13 -          Visual/Location accuracy: 88.25(541/613) 
[2026-09-19 15:24:49,095]-[trainutils.py line:497]:Epoch 13 -                   Visual accuracy: 85.57(1038/1213) 
[2026-09-19 15:24:49,095]-[trainutils.py line:492]:Epoch 13 - Audio-Visual/Existential accuracy: 81.82(405/495) 
[2026-09-19 15:24:49,096]-[trainutils.py line:492]:Epoch 13 -    Audio-Visual/Counting accuracy: 79.15(501/633) 
[2026-09-19 15:24:49,096]-[trainutils.py line:492]:Epoch 13 -    Audio-Visual/Location accuracy: 68.33(315/461) 
[2026-09-19 15:24:49,096]-[trainutils.py line:492]:Epoch 13 - Audio-Visual/Comparative accuracy: 64.48(354/549) 
[2026-09-19 15:24:49,097]-[trainutils.py line:492]:Epoch 13 -    Audio-Visual/Temporal accuracy: 71.78(295/411) 
[2026-09-19 15:24:49,097]-[trainutils.py line:497]:Epoch 13 -             Audio-Visual accuracy: 73.36(1870/2549) 
[2026-09-19 15:24:49,097]-[trainutils.py line:501]:Epoch 13 -                    Total accuracy: 77.10(3522/4568) 
[2026-09-19 15:24:49,581]-[trainutils.py line:461]:Test progress:   0/95 
[2026-09-19 15:25:32,905]-[trainutils.py line:461]:Test progress:  95/95 
[2026-09-19 15:25:32,906]-[trainutils.py line:492]:Epoch 13 -           Audio/Counting accuracy: 87.08(445/511) 
[2026-09-19 15:25:32,906]-[trainutils.py line:492]:Epoch 13 -        Audio/Comparative accuracy: 60.68(179/295) 
[2026-09-19 15:25:32,906]-[trainutils.py line:497]:Epoch 13 -                    Audio accuracy: 77.42(624/806) 
[2026-09-19 15:25:32,907]-[trainutils.py line:492]:Epoch 13 -          Visual/Counting accuracy: 82.50(495/600) 
[2026-09-19 15:25:32,908]-[trainutils.py line:492]:Epoch 13 -          Visual/Location accuracy: 89.72(550/613) 
[2026-09-19 15:25:32,908]-[trainutils.py line:497]:Epoch 13 -                   Visual accuracy: 86.15(1045/1213) 
[2026-09-19 15:25:32,908]-[trainutils.py line:492]:Epoch 13 - Audio-Visual/Existential accuracy: 83.43(413/495) 
[2026-09-19 15:25:32,909]-[trainutils.py line:492]:Epoch 13 -    Audio-Visual/Counting accuracy: 79.94(506/633) 
[2026-09-19 15:25:32,909]-[trainutils.py line:492]:Epoch 13 -    Audio-Visual/Location accuracy: 69.41(320/461) 
[2026-09-19 15:25:32,909]-[trainutils.py line:492]:Epoch 13 - Audio-Visual/Comparative accuracy: 66.48(365/549) 
[2026-09-19 15:25:32,910]-[trainutils.py line:492]:Epoch 13 -    Audio-Visual/Temporal accuracy: 72.26(297/411) 
[2026-09-19 15:25:32,910]-[trainutils.py line:497]:Epoch 13 -             Audio-Visual accuracy: 74.58(1901/2549) 
[2026-09-19 15:25:32,910]-[trainutils.py line:501]:Epoch 13 -                    Total accuracy: 78.15(3570/4568) 
[2026-09-19 15:25:32,916]-[train.py line:167]:Epoch 13 done with 78.15 and loss 0.63672. 
[2026-09-19 15:25:32,916]-[train.py line:168]:At epoch10 best acc: 78.35. 
[2026-09-19 15:25:32,917]-[train.py line:102]:
-------------- training epoch 14 -------------- 
[2026-09-19 15:25:33,213]-[trainutils.py line:416]:[EST:    6.44m][Process Time:    0.07s]- Epoch: 14 [0000/1330 (  0%)]	Losses: ce_loss-0.0977(0.0977) loss_tacl-0.0001(0.0001) loss_sacl-0.0071(0.0071) loss_event-0.0052(0.0052) loss_evidence-0.0000(0.0000) loss_query_diversity-0.0043(0.0043) loss_position-0.0000(0.0000) total_loss-0.0977(0.0977) 
[2026-09-19 15:26:02,552]-[trainutils.py line:416]:[EST:    6.01m][Process Time:    0.08s]- Epoch: 14 [0100/1330 (  8%)]	Losses: ce_loss-0.3273(0.1777) loss_tacl-0.0001(0.0001) loss_sacl-0.0070(0.0074) loss_event-0.0052(0.0055) loss_evidence-0.0000(0.0001) loss_query_diversity-0.0043(0.0043) loss_position-0.0000(0.0000) total_loss-0.3273(0.1777) 
[2026-09-19 15:26:32,831]-[trainutils.py line:416]:[EST:    5.61m][Process Time:    0.07s]- Epoch: 14 [0200/1330 ( 15%)]	Losses: ce_loss-0.2692(0.1837) loss_tacl-0.0001(0.0001) loss_sacl-0.0073(0.0073) loss_event-0.0061(0.0055) loss_evidence-0.0000(0.0000) loss_query_diversity-0.0043(0.0043) loss_position-0.0000(0.0000) total_loss-0.2692(0.1837) 
[2026-09-19 15:27:02,539]-[trainutils.py line:416]:[EST:    5.11m][Process Time:    0.07s]- Epoch: 14 [0300/1330 ( 23%)]	Losses: ce_loss-0.2334(0.1817) loss_tacl-0.0001(0.0001) loss_sacl-0.0071(0.0073) loss_event-0.0051(0.0054) loss_evidence-0.0000(0.0000) loss_query_diversity-0.0043(0.0043) loss_position-0.0000(0.0000) total_loss-0.2334(0.1817) 
[2026-09-19 15:27:32,217]-[trainutils.py line:416]:[EST:    4.61m][Process Time:    0.06s]- Epoch: 14 [0400/1330 ( 30%)]	Losses: ce_loss-0.1442(0.1806) loss_tacl-0.0001(0.0001) loss_sacl-0.0076(0.0073) loss_event-0.0051(0.0054) loss_evidence-0.0000(0.0000) loss_query_diversity-0.0044(0.0043) loss_position-0.0000(0.0000) total_loss-0.1442(0.1806) 
[2026-09-19 15:28:01,066]-[trainutils.py line:416]:[EST:    4.09m][Process Time:    0.07s]- Epoch: 14 [0500/1330 ( 38%)]	Losses: ce_loss-0.1339(0.1766) loss_tacl-0.0001(0.0001) loss_sacl-0.0069(0.0074) loss_event-0.0046(0.0054) loss_evidence-0.0000(0.0000) loss_query_diversity-0.0044(0.0043) loss_position-0.0000(0.0000) total_loss-0.1339(0.1766) 
[2026-09-19 15:28:30,805]-[trainutils.py line:416]:[EST:    3.60m][Process Time:    0.07s]- Epoch: 14 [0600/1330 ( 45%)]	Losses: ce_loss-0.1051(0.1741) loss_tacl-0.0001(0.0001) loss_sacl-0.0075(0.0073) loss_event-0.0048(0.0054) loss_evidence-0.0000(0.0000) loss_query_diversity-0.0044(0.0043) loss_position-0.0000(0.0000) total_loss-0.1051(0.1741) 
[2026-09-19 15:29:00,518]-[trainutils.py line:416]:[EST:    3.10m][Process Time:    0.07s]- Epoch: 14 [0700/1330 ( 53%)]	Losses: ce_loss-0.1216(0.1732) loss_tacl-0.0001(0.0001) loss_sacl-0.0079(0.0073) loss_event-0.0052(0.0054) loss_evidence-0.0000(0.0000) loss_query_diversity-0.0044(0.0043) loss_position-0.0000(0.0000) total_loss-0.1216(0.1732) 
[2026-09-19 15:29:30,294]-[trainutils.py line:416]:[EST:    2.61m][Process Time:    0.07s]- Epoch: 14 [0800/1330 ( 60%)]	Losses: ce_loss-0.2407(0.1731) loss_tacl-0.0001(0.0001) loss_sacl-0.0075(0.0074) loss_event-0.0060(0.0054) loss_evidence-0.0000(0.0000) loss_query_diversity-0.0043(0.0043) loss_position-0.0000(0.0000) total_loss-0.2407(0.1731) 
[2026-09-19 15:30:00,335]-[trainutils.py line:416]:[EST:    2.12m][Process Time:    0.08s]- Epoch: 14 [0900/1330 ( 68%)]	Losses: ce_loss-0.1575(0.1756) loss_tacl-0.0001(0.0001) loss_sacl-0.0080(0.0074) loss_event-0.0057(0.0055) loss_evidence-0.0000(0.0000) loss_query_diversity-0.0043(0.0043) loss_position-0.0000(0.0000) total_loss-0.1575(0.1756) 
[2026-09-19 15:30:29,466]-[trainutils.py line:416]:[EST:    1.62m][Process Time:    0.07s]- Epoch: 14 [1000/1330 ( 75%)]	Losses: ce_loss-0.3516(0.1755) loss_tacl-0.0001(0.0001) loss_sacl-0.0072(0.0074) loss_event-0.0051(0.0055) loss_evidence-0.0013(0.0000) loss_query_diversity-0.0043(0.0043) loss_position-0.0000(0.0000) total_loss-0.3516(0.1755) 
[2026-09-19 15:30:58,913]-[trainutils.py line:416]:[EST:    1.13m][Process Time:    0.07s]- Epoch: 14 [1100/1330 ( 83%)]	Losses: ce_loss-0.1303(0.1762) loss_tacl-0.0001(0.0001) loss_sacl-0.0071(0.0074) loss_event-0.0046(0.0055) loss_evidence-0.0000(0.0000) loss_query_diversity-0.0043(0.0043) loss_position-0.0000(0.0000) total_loss-0.1303(0.1762) 
[2026-09-19 15:31:29,153]-[trainutils.py line:416]:[EST:    0.64m][Process Time:    0.07s]- Epoch: 14 [1200/1330 ( 90%)]	Losses: ce_loss-0.0799(0.1762) loss_tacl-0.0001(0.0001) loss_sacl-0.0079(0.0074) loss_event-0.0053(0.0055) loss_evidence-0.0000(0.0000) loss_query_diversity-0.0043(0.0043) loss_position-0.0000(0.0000) total_loss-0.0799(0.1762) 
[2026-09-19 15:32:01,119]-[trainutils.py line:416]:[EST:    0.14m][Process Time:    0.07s]- Epoch: 14 [1300/1330 ( 98%)]	Losses: ce_loss-0.2394(0.1772) loss_tacl-0.0001(0.0001) loss_sacl-0.0074(0.0074) loss_event-0.0052(0.0055) loss_evidence-0.0000(0.0000) loss_query_diversity-0.0043(0.0043) loss_position-0.0000(0.0000) total_loss-0.2394(0.1772) 
[2026-09-19 15:32:10,316]-[trainutils.py line:416]:[EST:   -0.00m][Process Time:    0.07s]- Epoch: 14 [1330/1330 (100%)]	Losses: ce_loss-0.1900(0.1769) loss_tacl-0.0001(0.0001) loss_sacl-0.0087(0.0074) loss_event-0.0068(0.0055) loss_evidence-0.0000(0.0000) loss_query_diversity-0.0044(0.0043) loss_position-0.0000(0.0000) total_loss-0.1900(0.1769) 
[2026-09-19 15:32:11,432]-[train.py line:106]:
-------------- validation epoch 14 -------------- 
[2026-09-19 15:32:11,856]-[trainutils.py line:461]:Test progress:   0/95 
[2026-09-19 15:32:55,724]-[trainutils.py line:461]:Test progress:  95/95 
[2026-09-19 15:32:55,725]-[trainutils.py line:492]:Epoch 14 -           Audio/Counting accuracy: 85.91(439/511) 
[2026-09-19 15:32:55,725]-[trainutils.py line:492]:Epoch 14 -        Audio/Comparative accuracy: 58.31(172/295) 
[2026-09-19 15:32:55,725]-[trainutils.py line:497]:Epoch 14 -                    Audio accuracy: 75.81(611/806) 
[2026-09-19 15:32:55,726]-[trainutils.py line:492]:Epoch 14 -          Visual/Counting accuracy: 82.17(493/600) 
[2026-09-19 15:32:55,726]-[trainutils.py line:492]:Epoch 14 -          Visual/Location accuracy: 89.40(548/613) 
[2026-09-19 15:32:55,726]-[trainutils.py line:497]:Epoch 14 -                   Visual accuracy: 85.82(1041/1213) 
[2026-09-19 15:32:55,726]-[trainutils.py line:492]:Epoch 14 - Audio-Visual/Existential accuracy: 83.03(411/495) 
[2026-09-19 15:32:55,726]-[trainutils.py line:492]:Epoch 14 -    Audio-Visual/Counting accuracy: 79.15(501/633) 
[2026-09-19 15:32:55,726]-[trainutils.py line:492]:Epoch 14 -    Audio-Visual/Location accuracy: 68.98(318/461) 
[2026-09-19 15:32:55,726]-[trainutils.py line:492]:Epoch 14 - Audio-Visual/Comparative accuracy: 64.66(355/549) 
[2026-09-19 15:32:55,726]-[trainutils.py line:492]:Epoch 14 -    Audio-Visual/Temporal accuracy: 71.05(292/411) 
[2026-09-19 15:32:55,728]-[trainutils.py line:497]:Epoch 14 -             Audio-Visual accuracy: 73.64(1877/2549) 
[2026-09-19 15:32:55,728]-[trainutils.py line:501]:Epoch 14 -                    Total accuracy: 77.25(3529/4568) 
[2026-09-19 15:32:56,222]-[trainutils.py line:461]:Test progress:   0/95 
[2026-09-19 15:33:38,584]-[trainutils.py line:461]:Test progress:  95/95 
[2026-09-19 15:33:38,585]-[trainutils.py line:492]:Epoch 14 -           Audio/Counting accuracy: 86.69(443/511) 
[2026-09-19 15:33:38,585]-[trainutils.py line:492]:Epoch 14 -        Audio/Comparative accuracy: 61.36(181/295) 
[2026-09-19 15:33:38,585]-[trainutils.py line:497]:Epoch 14 -                    Audio accuracy: 77.42(624/806) 
[2026-09-19 15:33:38,585]-[trainutils.py line:492]:Epoch 14 -          Visual/Counting accuracy: 82.33(494/600) 
[2026-09-19 15:33:38,586]-[trainutils.py line:492]:Epoch 14 -          Visual/Location accuracy: 89.56(549/613) 
[2026-09-19 15:33:38,586]-[trainutils.py line:497]:Epoch 14 -                   Visual accuracy: 85.99(1043/1213) 
[2026-09-19 15:33:38,586]-[trainutils.py line:492]:Epoch 14 - Audio-Visual/Existential accuracy: 83.64(414/495) 
[2026-09-19 15:33:38,587]-[trainutils.py line:492]:Epoch 14 -    Audio-Visual/Counting accuracy: 80.25(508/633) 
[2026-09-19 15:33:38,587]-[trainutils.py line:492]:Epoch 14 -    Audio-Visual/Location accuracy: 69.63(321/461) 
[2026-09-19 15:33:38,587]-[trainutils.py line:492]:Epoch 14 - Audio-Visual/Comparative accuracy: 65.94(362/549) 
[2026-09-19 15:33:38,587]-[trainutils.py line:492]:Epoch 14 -    Audio-Visual/Temporal accuracy: 71.78(295/411) 
[2026-09-19 15:33:38,587]-[trainutils.py line:497]:Epoch 14 -             Audio-Visual accuracy: 74.54(1900/2549) 
[2026-09-19 15:33:38,588]-[trainutils.py line:501]:Epoch 14 -                    Total accuracy: 78.09(3567/4568) 
[2026-09-19 15:33:38,593]-[train.py line:167]:Epoch 14 done with 78.09 and loss 0.67188. 
[2026-09-19 15:33:38,593]-[train.py line:168]:At epoch10 best acc: 78.35. 
[2026-09-19 15:33:38,593]-[train.py line:102]:
-------------- training epoch 15 -------------- 
[2026-09-19 15:33:38,881]-[trainutils.py line:416]:[EST:    6.36m][Process Time:    0.07s]- Epoch: 15 [0000/1330 (  0%)]	Losses: ce_loss-0.1628(0.1628) loss_tacl-0.0001(0.0001) loss_sacl-0.0077(0.0077) loss_event-0.0063(0.0063) loss_evidence-0.0000(0.0000) loss_query_diversity-0.0043(0.0043) loss_position-0.0000(0.0000) total_loss-0.1628(0.1628) 
[2026-09-19 15:34:07,867]-[trainutils.py line:416]:[EST:    5.94m][Process Time:    0.08s]- Epoch: 15 [0100/1330 (  8%)]	Losses: ce_loss-0.1691(0.1624) loss_tacl-0.0001(0.0001) loss_sacl-0.0071(0.0073) loss_event-0.0048(0.0056) loss_evidence-0.0000(0.0000) loss_query_diversity-0.0043(0.0043) loss_position-0.0000(0.0000) total_loss-0.1691(0.1624) 
[2026-09-19 15:34:37,950]-[trainutils.py line:416]:[EST:    5.56m][Process Time:    0.07s]- Epoch: 15 [0200/1330 ( 15%)]	Losses: ce_loss-0.1027(0.1595) loss_tacl-0.0001(0.0001) loss_sacl-0.0078(0.0073) loss_event-0.0056(0.0055) loss_evidence-0.0000(0.0000) loss_query_diversity-0.0043(0.0043) loss_position-0.0000(0.0000) total_loss-0.1027(0.1595) 
[2026-09-19 15:35:08,022]-[trainutils.py line:416]:[EST:    5.10m][Process Time:    0.07s]- Epoch: 15 [0300/1330 ( 23%)]	Losses: ce_loss-0.0419(0.1597) loss_tacl-0.0001(0.0001) loss_sacl-0.0079(0.0073) loss_event-0.0057(0.0055) loss_evidence-0.0000(0.0000) loss_query_diversity-0.0043(0.0043) loss_position-0.0000(0.0000) total_loss-0.0419(0.1597) 
[2026-09-19 15:35:37,324]-[trainutils.py line:416]:[EST:    4.58m][Process Time:    0.06s]- Epoch: 15 [0400/1330 ( 30%)]	Losses: ce_loss-0.1516(0.1602) loss_tacl-0.0001(0.0001) loss_sacl-0.0084(0.0073) loss_event-0.0059(0.0055) loss_evidence-0.0000(0.0000) loss_query_diversity-0.0044(0.0043) loss_position-0.0000(0.0000) total_loss-0.1516(0.1602) 
[2026-09-19 15:36:06,522]-[trainutils.py line:416]:[EST:    4.08m][Process Time:    0.07s]- Epoch: 15 [0500/1330 ( 38%)]	Losses: ce_loss-0.1344(0.1606) loss_tacl-0.0001(0.0001) loss_sacl-0.0075(0.0074) loss_event-0.0055(0.0055) loss_evidence-0.0000(0.0000) loss_query_diversity-0.0044(0.0043) loss_position-0.0000(0.0000) total_loss-0.1344(0.1606) 
[2026-09-19 15:36:37,343]-[trainutils.py line:416]:[EST:    3.61m][Process Time:    0.07s]- Epoch: 15 [0600/1330 ( 45%)]	Losses: ce_loss-0.1138(0.1614) loss_tacl-0.0001(0.0001) loss_sacl-0.0073(0.0074) loss_event-0.0052(0.0055) loss_evidence-0.0000(0.0000) loss_query_diversity-0.0043(0.0043) loss_position-0.0000(0.0000) total_loss-0.1138(0.1614) 
[2026-09-19 15:37:07,251]-[trainutils.py line:416]:[EST:    3.12m][Process Time:    0.07s]- Epoch: 15 [0700/1330 ( 53%)]	Losses: ce_loss-0.2602(0.1617) loss_tacl-0.0001(0.0001) loss_sacl-0.0076(0.0074) loss_event-0.0056(0.0055) loss_evidence-0.0000(0.0000) loss_query_diversity-0.0044(0.0043) loss_position-0.0000(0.0000) total_loss-0.2602(0.1617) 
[2026-09-19 15:37:37,838]-[trainutils.py line:416]:[EST:    2.63m][Process Time:    0.07s]- Epoch: 15 [0800/1330 ( 60%)]	Losses: ce_loss-0.0746(0.1629) loss_tacl-0.0001(0.0001) loss_sacl-0.0078(0.0074) loss_event-0.0060(0.0055) loss_evidence-0.0000(0.0000) loss_query_diversity-0.0044(0.0043) loss_position-0.0000(0.0000) total_loss-0.0746(0.1629) 
[2026-09-19 15:38:07,361]-[trainutils.py line:416]:[EST:    2.13m][Process Time:    0.07s]- Epoch: 15 [0900/1330 ( 68%)]	Losses: ce_loss-0.2024(0.1617) loss_tacl-0.0001(0.0001) loss_sacl-0.0064(0.0074) loss_event-0.0054(0.0055) loss_evidence-0.0000(0.0000) loss_query_diversity-0.0043(0.0043) loss_position-0.0000(0.0000) total_loss-0.2024(0.1617) 
[2026-09-19 15:38:37,541]-[trainutils.py line:416]:[EST:    1.64m][Process Time:    0.08s]- Epoch: 15 [1000/1330 ( 75%)]	Losses: ce_loss-0.0904(0.1630) loss_tacl-0.0001(0.0001) loss_sacl-0.0074(0.0074) loss_event-0.0068(0.0055) loss_evidence-0.0000(0.0000) loss_query_diversity-0.0043(0.0043) loss_position-0.0000(0.0000) total_loss-0.0904(0.1630) 
[2026-09-19 15:39:07,646]-[trainutils.py line:416]:[EST:    1.14m][Process Time:    0.07s]- Epoch: 15 [1100/1330 ( 83%)]	Losses: ce_loss-0.0744(0.1635) loss_tacl-0.0001(0.0001) loss_sacl-0.0071(0.0073) loss_event-0.0053(0.0055) loss_evidence-0.0000(0.0000) loss_query_diversity-0.0044(0.0043) loss_position-0.0000(0.0000) total_loss-0.0744(0.1635) 
[2026-09-19 15:39:37,118]-[trainutils.py line:416]:[EST:    0.64m][Process Time:    0.07s]- Epoch: 15 [1200/1330 ( 90%)]	Losses: ce_loss-0.1179(0.1627) loss_tacl-0.0001(0.0001) loss_sacl-0.0073(0.0073) loss_event-0.0054(0.0055) loss_evidence-0.0000(0.0000) loss_query_diversity-0.0043(0.0043) loss_position-0.0000(0.0000) total_loss-0.1179(0.1627) 
[2026-09-19 15:40:04,472]-[trainutils.py line:416]:[EST:    0.14m][Process Time:    0.06s]- Epoch: 15 [1300/1330 ( 98%)]	Losses: ce_loss-0.1532(0.1626) loss_tacl-0.0001(0.0001) loss_sacl-0.0069(0.0073) loss_event-0.0057(0.0055) loss_evidence-0.0000(0.0000) loss_query_diversity-0.0044(0.0043) loss_position-0.0000(0.0000) total_loss-0.1532(0.1626) 
[2026-09-19 15:40:11,241]-[trainutils.py line:416]:[EST:   -0.00m][Process Time:    0.05s]- Epoch: 15 [1330/1330 (100%)]	Losses: ce_loss-0.3784(0.1625) loss_tacl-0.0001(0.0001) loss_sacl-0.0064(0.0073) loss_event-0.0053(0.0055) loss_evidence-0.0000(0.0000) loss_query_diversity-0.0042(0.0043) loss_position-0.0000(0.0000) total_loss-0.3784(0.1625) 
[2026-09-19 15:40:11,883]-[train.py line:106]:
-------------- validation epoch 15 -------------- 
[2026-09-19 15:40:12,211]-[trainutils.py line:461]:Test progress:   0/95 
[2026-09-19 15:40:45,601]-[trainutils.py line:461]:Test progress:  95/95 
[2026-09-19 15:40:45,601]-[trainutils.py line:492]:Epoch 15 -           Audio/Counting accuracy: 86.30(441/511) 
[2026-09-19 15:40:45,601]-[trainutils.py line:492]:Epoch 15 -        Audio/Comparative accuracy: 58.31(172/295) 
[2026-09-19 15:40:45,601]-[trainutils.py line:497]:Epoch 15 -                    Audio accuracy: 76.05(613/806) 
[2026-09-19 15:40:45,601]-[trainutils.py line:492]:Epoch 15 -          Visual/Counting accuracy: 82.83(497/600) 
[2026-09-19 15:40:45,602]-[trainutils.py line:492]:Epoch 15 -          Visual/Location accuracy: 89.23(547/613) 
[2026-09-19 15:40:45,602]-[trainutils.py line:497]:Epoch 15 -                   Visual accuracy: 86.07(1044/1213) 
[2026-09-19 15:40:45,602]-[trainutils.py line:492]:Epoch 15 - Audio-Visual/Existential accuracy: 82.42(408/495) 
[2026-09-19 15:40:45,602]-[trainutils.py line:492]:Epoch 15 -    Audio-Visual/Counting accuracy: 79.30(502/633) 
[2026-09-19 15:40:45,602]-[trainutils.py line:492]:Epoch 15 -    Audio-Visual/Location accuracy: 70.07(323/461) 
[2026-09-19 15:40:45,602]-[trainutils.py line:492]:Epoch 15 - Audio-Visual/Comparative accuracy: 64.48(354/549) 
[2026-09-19 15:40:45,602]-[trainutils.py line:492]:Epoch 15 -    Audio-Visual/Temporal accuracy: 70.56(290/411) 
[2026-09-19 15:40:45,602]-[trainutils.py line:497]:Epoch 15 -             Audio-Visual accuracy: 73.64(1877/2549) 
[2026-09-19 15:40:45,602]-[trainutils.py line:501]:Epoch 15 -                    Total accuracy: 77.36(3534/4568) 
[2026-09-19 15:40:46,008]-[trainutils.py line:461]:Test progress:   0/95 
[2026-09-19 15:41:30,433]-[trainutils.py line:461]:Test progress:  95/95 
[2026-09-19 15:41:30,434]-[trainutils.py line:492]:Epoch 15 -           Audio/Counting accuracy: 86.89(444/511) 
[2026-09-19 15:41:30,435]-[trainutils.py line:492]:Epoch 15 -        Audio/Comparative accuracy: 60.00(177/295) 
[2026-09-19 15:41:30,435]-[trainutils.py line:497]:Epoch 15 -                    Audio accuracy: 77.05(621/806) 
[2026-09-19 15:41:30,436]-[trainutils.py line:492]:Epoch 15 -          Visual/Counting accuracy: 82.00(492/600) 
[2026-09-19 15:41:30,436]-[trainutils.py line:492]:Epoch 15 -          Visual/Location accuracy: 89.40(548/613) 
[2026-09-19 15:41:30,436]-[trainutils.py line:497]:Epoch 15 -                   Visual accuracy: 85.74(1040/1213) 
[2026-09-19 15:41:30,436]-[trainutils.py line:492]:Epoch 15 - Audio-Visual/Existential accuracy: 83.64(414/495) 
[2026-09-19 15:41:30,437]-[trainutils.py line:492]:Epoch 15 -    Audio-Visual/Counting accuracy: 79.78(505/633) 
[2026-09-19 15:41:30,437]-[trainutils.py line:492]:Epoch 15 -    Audio-Visual/Location accuracy: 69.63(321/461) 
[2026-09-19 15:41:30,438]-[trainutils.py line:492]:Epoch 15 - Audio-Visual/Comparative accuracy: 65.57(360/549) 
[2026-09-19 15:41:30,438]-[trainutils.py line:492]:Epoch 15 -    Audio-Visual/Temporal accuracy: 71.53(294/411) 
[2026-09-19 15:41:30,439]-[trainutils.py line:497]:Epoch 15 -             Audio-Visual accuracy: 74.30(1894/2549) 
[2026-09-19 15:41:30,439]-[trainutils.py line:501]:Epoch 15 -                    Total accuracy: 77.82(3555/4568) 
[2026-09-19 15:41:30,447]-[train.py line:167]:Epoch 15 done with 77.82 and loss 0.70703. 
[2026-09-19 15:41:30,447]-[train.py line:168]:At epoch10 best acc: 78.35. 
{
  "overall": 78.3493870402802,
  "audio": 79.15632754342431,
  "visual": 86.3149216817807,
  "audio_visual": 74.30364848960376,
  "av_temporal": 71.53284671532846,
  "position_ratio": 0.05105445711478513,
  "max_query_share": 0.3287990419340383,
  "eligible_for_test": false,
  "checkpoint": "D:\\model\\qast_ehr_ablation_without_scm_seed713\\2026-09-19-13-43-55_seed713\\best.pt",
  "config": "D:\\AVQA_experiment\\QA-TIGER2\\QA-TIGER\\reproduce_qast_recent2025_v3_77_24\\experiments\\qast_ehr\\ablations\\configs\\without_scm_seed713.py",
  "sha256": "be9695ae4557a6cc5e607dc84550b2b6764be741cccfe0e57a83ab37a55054cb",
  "counts": {
    "overall": {
      "correct": 3579,
      "total": 4568
    },
    "Audio": {
      "correct": 638,
      "total": 806
    },
    "Visual": {
      "correct": 1047,
      "total": 1213
    },
    "Audio-Visual": {
      "correct": 1894,
      "total": 2549
    },
    "av_temporal": {
      "correct": 294,
      "total": 411
    }
  }
}
AUDIT PASSED
disabled: enable_adaptive_position
Code snapshot saved as D:\model\qast_ehr_ablation_without_adaptive_position_seed713\2026-09-19-15-43-05_seed713\code_snapshot.zip
[2026-09-19 15:43:05,536]-[utils.py line:217]:
-------------- config -------------- 
[2026-09-19 15:43:05,536]-[utils.py line:218]:{
    "standard_protocol": true,
    "run_test_after_training": false,
    "amp": true,
    "gradient_accumulation_steps": 2,
    "distill_logits": null,
    "type": "question_aware",
    "seed": 713,
    "epochs": 15,
    "num_labels": 42,
    "log_interval": 100,
    "output_dir": "D:/model/qast_ehr_ablation_without_adaptive_position_seed713",
    "pretrained_weight": "fixed_features_only",
    "weight": "",
    "data": {
        "root": "D:/AVQA_experiment/QA-TIGER2/QA-TIGER/reproduce_qast_recent2025_v3_77_24",
        "img_size": 336,
        "batch_size": 24,
        "eval_batch_size": 48,
        "num_workers": 0,
        "frame_sample_rate": 1,
        "audios_dir": "D:/data/musicavqa/audio",
        "frames_dir": "D:/data/frames-1fps",
        "train_annot": "D:/AVQA_experiment/QA-TIGER2/QA-TIGER/reproduce_qast_recent2025_v3_77_24/data/annots/music_avqa/music_avqa_train.json",
        "valid_annot": "D:/AVQA_experiment/QA-TIGER2/QA-TIGER/reproduce_qast_recent2025_v3_77_24/data/annots/music_avqa/music_avqa_val.json",
        "test_annot": "D:/AVQA_experiment/QA-TIGER2/QA-TIGER/reproduce_qast_recent2025_v3_77_24/data/annots/music_avqa/music_avqa_test.json",
        "test_annots": null,
        "ans_quelen": "D:/AVQA_experiment/QA-TIGER2/QA-TIGER/reproduce_qast_recent2025_v3_77_24/data/annots/music_avqa/answer2idx.json",
        "audio_feat": "D:/data/musicavqa/vggish",
        "quest_feat": "D:/data/musicavqa/qst_ViT-L14@336px",
        "prompt_feat": "D:/data/musicavqa/qaPrompt_ViT-L14@336px",
        "patch_feat": "D:/data/musicavqa/visual_tome14_60",
        "video_feat": "D:/data/musicavqa/frames_vit"
    },
    "hyper_params": {
        "gpus": "0",
        "model_type": "QAST-EHR-2025",
        "model": {
            "topK": 10,
            "num_experts": 1,
            "audio_dim": 128,
            "video_dim": 768,
            "patch_dim": 1024,
            "question_dim": 768,
            "d_model": 512,
            "num_labels": 42,
            "num_heads": 8,
            "num_temporal_queries": 10,
            "event_scales": [
                3,
                7,
                15
            ],
            "keep_patches": 4,
            "lambda_tacl": 0.035,
            "lambda_sacl": 0.035,
            "lambda_event": 0.03,
            "lambda_evidence": 0.06,
            "lambda_diversity": 0.005,
            "lambda_position": 0.02,
            "aux_warmup_epochs": 3,
            "position_min_strength": 0.05,
            "position_max_strength": 0.1,
            "position_init_strength": 0.07,
            "evidence_margin": 0.2,
            "dropout": 0.1,
            "enable_cmg": true,
            "enable_scm": true,
            "enable_adaptive_position": false,
            "enable_patch_grounder": true
        },
        "optim": {
            "name": "AdamW",
            "lr": 0.0001,
            "new_lr": null,
            "encoder_lr": null,
            "min_lr": 1e-06,
            "weight_decay": 0.0002,
            "betas": [
                0.9,
                0.999
            ],
            "grad_clip": 1.0
        },
        "sched": {
            "name": "cosine",
            "mode": "max",
            "gamma": 0.1,
            "step_size": 6,
            "factor": 0.5,
            "patience": 3,
            "verbose": true,
            "warmup_epochs": 1
        },
        "ema": {
            "enabled": true,
            "decay": 0.999
        }
    },
    "mode": "train",
    "debug": false,
    "output_path": "",
    "cur_rank": 0
} 
[2026-09-19 15:43:05,536]-[utils.py line:219]:
-------------- environment -------------- 
[2026-09-19 15:43:05,536]-[utils.py line:220]:OS version:   
[2026-09-19 15:43:05,537]-[utils.py line:221]:Kernel version: Windows-10-10.0.26200-SP0 
[2026-09-19 15:43:05,537]-[utils.py line:222]:Python version: 3.10.20 
[2026-09-19 15:43:05,537]-[utils.py line:223]:torch version: 2.11.0+cu128 
[2026-09-19 15:43:05,537]-[utils.py line:224]:cuda version: 12.8 
[2026-09-19 15:43:05,539]-[utils.py line:225]:cuDNN version: 91900 
[2026-09-19 15:43:05,540]-[utils.py line:226]:gpu device count: 1 
[2026-09-19 15:43:05,540]-[utils.py line:231]:gpu device 0: NVIDIA GeForce RTX 5070 Laptop GPU - 8.0GB 
[2026-09-19 15:43:05,722]-[train.py line:62]:Standard protocol audit passed: train=31927, val=4568, test=9129; no split overlap; no test-derived distillation. 
[2026-09-19 15:43:09,350]-[utils.py line:204]:
-------------- parameter info -------------- 
[2026-09-19 15:43:09,350]-[utils.py line:205]:num total params: 14970936 
[2026-09-19 15:43:09,350]-[utils.py line:206]:num tunable params: 14970936 
[2026-09-19 15:43:09,350]-[utils.py line:207]:tunable param ratio: 100.00% 
[2026-09-19 15:43:09,350]-[utils.py line:208]:tunable params: 
[2026-09-19 15:43:09,350]-[utils.py line:209]:[
    "module.audio_projection.weight",
    "module.audio_projection.bias",
    "module.video_projection.weight",
    "module.video_projection.bias",
    "module.patch_projection.weight",
    "module.patch_projection.bias",
    "module.question_projection.weight",
    "module.question_projection.bias",
    "module.prompt_projection.weight",
    "module.prompt_projection.bias",
    "module.evidence_router.norms.0.weight",
    "module.evidence_router.norms.0.bias",
    "module.evidence_router.norms.1.weight",
    "module.evidence_router.norms.1.bias",
    "module.evidence_router.norms.2.weight",
    "module.evidence_router.norms.2.bias",
    "module.evidence_router.norms.3.weight",
    "module.evidence_router.norms.3.bias",
    "module.evidence_router.projections.0.weight",
    "module.evidence_router.projections.0.bias",
    "module.evidence_router.projections.1.weight",
    "module.evidence_router.projections.1.bias",
    "module.evidence_router.projections.2.weight",
    "module.evidence_router.projections.2.bias",
    "module.evidence_router.projections.3.weight",
    "module.evidence_router.projections.3.bias",
    "module.evidence_router.question_gate.0.weight",
    "module.evidence_router.question_gate.0.bias",
    "module.evidence_router.question_gate.1.weight",
    "module.evidence_router.question_gate.1.bias",
    "module.evidence_router.question_gate.3.weight",
    "module.evidence_router.question_gate.3.bias",
    "module.evidence_router.refine.0.weight",
    "module.evidence_router.refine.0.bias",
    "module.evidence_router.refine.1.weight",
    "module.evidence_router.refine.1.bias",
    "module.evidence_router.refine.4.weight",
    "module.evidence_router.refine.4.bias",
    "module.patch_grounder.patch_key.weight",
    "module.patch_grounder.patch_key.bias",
    "module.patch_grounder.audio_query.weight",
    "module.patch_grounder.audio_query.bias",
    "module.patch_grounder.question_query.weight",
    "module.patch_grounder.question_query.bias",
    "module.patch_grounder.value.weight",
    "module.patch_grounder.value.bias",
    "module.patch_grounder.score_gate.0.weight",
    "module.patch_grounder.score_gate.0.bias",
    "module.patch_grounder.score_gate.1.weight",
    "module.patch_grounder.score_gate.1.bias",
    "module.patch_grounder.output.0.weight",
    "module.patch_grounder.output.0.bias",
    "module.patch_grounder.output.2.weight",
    "module.patch_grounder.output.2.bias",
    "module.evidence_norm.weight",
    "module.evidence_norm.bias",
    "module.event_memory.branches.0.0.weight",
    "module.event_memory.branches.0.0.bias",
    "module.event_memory.branches.0.2.weight",
    "module.event_memory.branches.0.2.bias",
    "module.event_memory.branches.1.0.weight",
    "module.event_memory.branches.1.0.bias",
    "module.event_memory.branches.1.2.weight",
    "module.event_memory.branches.1.2.bias",
    "module.event_memory.branches.2.0.weight",
    "module.event_memory.branches.2.0.bias",
    "module.event_memory.branches.2.2.weight",
    "module.event_memory.branches.2.2.bias",
    "module.event_memory.question_queries.0.weight",
    "module.event_memory.question_queries.0.bias",
    "module.event_memory.question_queries.1.weight",
    "module.event_memory.question_queries.1.bias",
    "module.event_memory.question_queries.2.weight",
    "module.event_memory.question_queries.2.bias",
    "module.event_memory.scale_gate.0.weight",
    "module.event_memory.scale_gate.0.bias",
    "module.event_memory.scale_gate.1.weight",
    "module.event_memory.scale_gate.1.bias",
    "module.event_memory.output_norm.weight",
    "module.event_memory.output_norm.bias",
    "module.cmg.in_proj_weight",
    "module.cmg.in_proj_bias",
    "module.cmg.out_proj.weight",
    "module.cmg.out_proj.bias",
    "module.cmg_norm.weight",
    "module.cmg_norm.bias",
    "module.temporal_reader.query_tokens",
    "module.temporal_reader.condition.0.weight",
    "module.temporal_reader.condition.0.bias",
    "module.temporal_reader.condition.1.weight",
    "module.temporal_reader.condition.1.bias",
    "module.temporal_reader.attention.in_proj_weight",
    "module.temporal_reader.attention.in_proj_bias",
    "module.temporal_reader.attention.out_proj.weight",
    "module.temporal_reader.attention.out_proj.bias",
    "module.temporal_reader.norm.weight",
    "module.temporal_reader.norm.bias",
    "module.temporal_reader.ffn.0.weight",
    "module.temporal_reader.ffn.0.bias",
    "module.temporal_reader.ffn.3.weight",
    "module.temporal_reader.ffn.3.bias",
    "module.semantic_context.layers.0.self_attn.in_proj_weight",
    "module.semantic_context.layers.0.self_attn.in_proj_bias",
    "module.semantic_context.layers.0.self_attn.out_proj.weight",
    "module.semantic_context.layers.0.self_attn.out_proj.bias",
    "module.semantic_context.layers.0.linear1.weight",
    "module.semantic_context.layers.0.linear1.bias",
    "module.semantic_context.layers.0.linear2.weight",
    "module.semantic_context.layers.0.linear2.bias",
    "module.semantic_context.layers.0.norm1.weight",
    "module.semantic_context.layers.0.norm1.bias",
    "module.semantic_context.layers.0.norm2.weight",
    "module.semantic_context.layers.0.norm2.bias",
    "module.fusion_gate.0.weight",
    "module.fusion_gate.0.bias",
    "module.fusion_gate.1.weight",
    "module.fusion_gate.1.bias",
    "module.fusion_gate.3.weight",
    "module.fusion_gate.3.bias",
    "module.fusion_refine.0.weight",
    "module.fusion_refine.0.bias",
    "module.fusion_refine.1.weight",
    "module.fusion_refine.1.bias",
    "module.fusion_refine.4.weight",
    "module.fusion_refine.4.bias",
    "module.fusion_refine.5.weight",
    "module.fusion_refine.5.bias",
    "module.answer_head.weight",
    "module.answer_head.bias"
] 
[2026-09-19 15:43:09,352]-[trainutils.py line:220]:
-------------- optimizer info -------------- 
[2026-09-19 15:43:09,352]-[trainutils.py line:221]:Learning rate: 0.0001 
[2026-09-19 15:43:09,352]-[trainutils.py line:222]:Betas: (0.9, 0.999) 
[2026-09-19 15:43:09,352]-[trainutils.py line:223]:Eps: 1e-08 
[2026-09-19 15:43:09,352]-[trainutils.py line:224]:Weight decay: 0.0002 
[2026-09-19 15:43:09,384]-[train.py line:102]:
-------------- training epoch 1 -------------- 
[2026-09-19 15:43:11,041]-[trainutils.py line:416]:[EST:   36.60m][Process Time:    1.36s]- Epoch: 1 [0000/1330 (  0%)]	Losses: ce_loss-3.9333(3.9333) loss_tacl-0.0000(0.0000) loss_sacl-0.0111(0.0111) loss_event-0.0209(0.0209) loss_evidence-0.0115(0.0115) loss_query_diversity-0.0044(0.0044) loss_position--0.0000(0.0000) total_loss-3.9333(3.9333) 
[2026-09-19 15:43:46,167]-[trainutils.py line:416]:[EST:    7.46m][Process Time:    0.06s]- Epoch: 1 [0100/1330 (  8%)]	Losses: ce_loss-3.5922(3.6489) loss_tacl-0.0000(0.0000) loss_sacl-0.0112(0.0111) loss_event-0.0174(0.0190) loss_evidence-0.0130(0.0122) loss_query_diversity-0.0044(0.0044) loss_position-0.0000(0.0000) total_loss-3.5922(3.6489) 
[2026-09-19 15:44:19,245]-[trainutils.py line:416]:[EST:    6.54m][Process Time:    0.06s]- Epoch: 1 [0200/1330 ( 15%)]	Losses: ce_loss-2.9708(3.4209) loss_tacl-0.0000(0.0000) loss_sacl-0.0114(0.0112) loss_event-0.0146(0.0176) loss_evidence-0.0117(0.0120) loss_query_diversity-0.0044(0.0044) loss_position-0.0000(0.0000) total_loss-2.9708(3.4209) 
[2026-09-19 15:44:52,756]-[trainutils.py line:416]:[EST:    5.89m][Process Time:    0.07s]- Epoch: 1 [0300/1330 ( 23%)]	Losses: ce_loss-2.5876(3.2447) loss_tacl-0.0000(0.0000) loss_sacl-0.0113(0.0112) loss_event-0.0135(0.0164) loss_evidence-0.0024(0.0121) loss_query_diversity-0.0044(0.0044) loss_position-0.0000(0.0000) total_loss-2.5876(3.2447) 
[2026-09-19 15:45:25,654]-[trainutils.py line:416]:[EST:    5.26m][Process Time:    0.07s]- Epoch: 1 [0400/1330 ( 30%)]	Losses: ce_loss-2.6496(3.1065) loss_tacl-0.0000(0.0000) loss_sacl-0.0112(0.0112) loss_event-0.0125(0.0154) loss_evidence-0.0067(0.0099) loss_query_diversity-0.0044(0.0044) loss_position-0.0000(0.0000) total_loss-2.6496(3.1065) 
[2026-09-19 15:45:59,619]-[trainutils.py line:416]:[EST:    4.69m][Process Time:    0.07s]- Epoch: 1 [0500/1330 ( 38%)]	Losses: ce_loss-2.5717(3.0039) loss_tacl-0.0000(0.0000) loss_sacl-0.0113(0.0112) loss_event-0.0124(0.0147) loss_evidence-0.0068(0.0080) loss_query_diversity-0.0044(0.0044) loss_position-0.0000(0.0000) total_loss-2.5717(3.0039) 
[2026-09-19 15:46:32,626]-[trainutils.py line:416]:[EST:    4.11m][Process Time:    0.06s]- Epoch: 1 [0600/1330 ( 45%)]	Losses: ce_loss-2.8296(2.9255) loss_tacl-0.0000(0.0000) loss_sacl-0.0112(0.0112) loss_event-0.0107(0.0141) loss_evidence-0.0096(0.0067) loss_query_diversity-0.0044(0.0044) loss_position-0.0000(0.0000) total_loss-2.8296(2.9255) 
[2026-09-19 15:47:06,180]-[trainutils.py line:416]:[EST:    3.54m][Process Time:    0.06s]- Epoch: 1 [0700/1330 ( 53%)]	Losses: ce_loss-2.4838(2.8593) loss_tacl-0.0000(0.0000) loss_sacl-0.0112(0.0112) loss_event-0.0113(0.0136) loss_evidence-0.0058(0.0057) loss_query_diversity-0.0044(0.0044) loss_position-0.0000(0.0000) total_loss-2.4838(2.8593) 
[2026-09-19 15:47:40,180]-[trainutils.py line:416]:[EST:    2.98m][Process Time:    0.07s]- Epoch: 1 [0800/1330 ( 60%)]	Losses: ce_loss-2.6185(2.8032) loss_tacl-0.0000(0.0000) loss_sacl-0.0112(0.0112) loss_event-0.0092(0.0132) loss_evidence-0.0067(0.0050) loss_query_diversity-0.0044(0.0044) loss_position-0.0000(0.0000) total_loss-2.6185(2.8032) 
[2026-09-19 15:48:13,378]-[trainutils.py line:416]:[EST:    2.41m][Process Time:    0.07s]- Epoch: 1 [0900/1330 ( 68%)]	Losses: ce_loss-2.0668(2.7441) loss_tacl-0.0000(0.0000) loss_sacl-0.0113(0.0112) loss_event-0.0099(0.0128) loss_evidence-0.0031(0.0044) loss_query_diversity-0.0044(0.0044) loss_position-0.0000(0.0000) total_loss-2.0668(2.7441) 
[2026-09-19 15:48:47,227]-[trainutils.py line:416]:[EST:    1.85m][Process Time:    0.07s]- Epoch: 1 [1000/1330 ( 75%)]	Losses: ce_loss-2.3313(2.6975) loss_tacl-0.0000(0.0000) loss_sacl-0.0112(0.0112) loss_event-0.0092(0.0125) loss_evidence-0.0052(0.0040) loss_query_diversity-0.0044(0.0044) loss_position-0.0000(0.0000) total_loss-2.3313(2.6975) 
[2026-09-19 15:49:20,952]-[trainutils.py line:416]:[EST:    1.29m][Process Time:    0.06s]- Epoch: 1 [1100/1330 ( 83%)]	Losses: ce_loss-2.2556(2.6526) loss_tacl-0.0000(0.0000) loss_sacl-0.0112(0.0112) loss_event-0.0097(0.0122) loss_evidence-0.0031(0.0036) loss_query_diversity-0.0044(0.0044) loss_position-0.0000(0.0000) total_loss-2.2556(2.6526) 
[2026-09-19 15:49:55,513]-[trainutils.py line:416]:[EST:    0.73m][Process Time:    0.06s]- Epoch: 1 [1200/1330 ( 90%)]	Losses: ce_loss-1.8569(2.6090) loss_tacl-0.0000(0.0000) loss_sacl-0.0112(0.0112) loss_event-0.0090(0.0120) loss_evidence-0.0016(0.0033) loss_query_diversity-0.0044(0.0044) loss_position-0.0000(0.0000) total_loss-1.8569(2.6090) 
[2026-09-19 15:50:30,071]-[trainutils.py line:416]:[EST:    0.16m][Process Time:    0.06s]- Epoch: 1 [1300/1330 ( 98%)]	Losses: ce_loss-2.7414(2.5645) loss_tacl-0.0000(0.0000) loss_sacl-0.0112(0.0112) loss_event-0.0104(0.0118) loss_evidence-0.0095(0.0031) loss_query_diversity-0.0044(0.0044) loss_position-0.0000(0.0000) total_loss-2.7414(2.5645) 
[2026-09-19 15:50:40,577]-[trainutils.py line:416]:[EST:   -0.01m][Process Time:    0.11s]- Epoch: 1 [1330/1330 (100%)]	Losses: ce_loss-1.3388(2.5520) loss_tacl-0.0000(0.0000) loss_sacl-0.0114(0.0112) loss_event-0.0099(0.0117) loss_evidence-0.0000(0.0030) loss_query_diversity-0.0044(0.0044) loss_position-0.0000(0.0000) total_loss-1.3388(2.5520) 
[2026-09-19 15:50:41,810]-[train.py line:106]:
-------------- validation epoch 1 -------------- 
[2026-09-19 15:50:42,485]-[trainutils.py line:461]:Test progress:   0/95 
[2026-09-19 15:51:33,812]-[trainutils.py line:461]:Test progress:  95/95 
[2026-09-19 15:51:33,813]-[trainutils.py line:492]:Epoch 1 -           Audio/Counting accuracy: 65.56(335/511) 
[2026-09-19 15:51:33,813]-[trainutils.py line:492]:Epoch 1 -        Audio/Comparative accuracy: 47.80(141/295) 
[2026-09-19 15:51:33,813]-[trainutils.py line:497]:Epoch 1 -                    Audio accuracy: 59.06(476/806) 
[2026-09-19 15:51:33,813]-[trainutils.py line:492]:Epoch 1 -          Visual/Counting accuracy: 55.67(334/600) 
[2026-09-19 15:51:33,815]-[trainutils.py line:492]:Epoch 1 -          Visual/Location accuracy: 16.80(103/613) 
[2026-09-19 15:51:33,815]-[trainutils.py line:497]:Epoch 1 -                   Visual accuracy: 36.03(437/1213) 
[2026-09-19 15:51:33,816]-[trainutils.py line:492]:Epoch 1 - Audio-Visual/Existential accuracy: 78.79(390/495) 
[2026-09-19 15:51:33,817]-[trainutils.py line:492]:Epoch 1 -    Audio-Visual/Counting accuracy: 42.18(267/633) 
[2026-09-19 15:51:33,818]-[trainutils.py line:492]:Epoch 1 -    Audio-Visual/Location accuracy: 22.13(102/461) 
[2026-09-19 15:51:33,818]-[trainutils.py line:492]:Epoch 1 - Audio-Visual/Comparative accuracy: 56.47(310/549) 
[2026-09-19 15:51:33,819]-[trainutils.py line:492]:Epoch 1 -    Audio-Visual/Temporal accuracy: 0.00(0/411) 
[2026-09-19 15:51:33,819]-[trainutils.py line:497]:Epoch 1 -             Audio-Visual accuracy: 41.94(1069/2549) 
[2026-09-19 15:51:33,819]-[trainutils.py line:501]:Epoch 1 -                    Total accuracy: 43.39(1982/4568) 
[2026-09-19 15:51:33,862]-[train.py line:151]:best model saved at epoch 1 with acc 43.38879159369527 (raw) 
[2026-09-19 15:51:33,942]-[train.py line:167]:Epoch 1 done with 43.39 and loss 1.93750. 
[2026-09-19 15:51:33,944]-[train.py line:168]:At epoch1 best acc: 43.39. 
[2026-09-19 15:51:33,944]-[train.py line:102]:
-------------- training epoch 2 -------------- 
[2026-09-19 15:51:34,304]-[trainutils.py line:416]:[EST:    7.93m][Process Time:    0.07s]- Epoch: 2 [0000/1330 (  0%)]	Losses: ce_loss-2.3527(2.3527) loss_tacl-0.0001(0.0001) loss_sacl-0.0224(0.0224) loss_event-0.0089(0.0089) loss_evidence-0.0051(0.0051) loss_query_diversity-0.0044(0.0044) loss_position-0.0000(0.0000) total_loss-2.3527(2.3527) 
[2026-09-19 15:52:08,347]-[trainutils.py line:416]:[EST:    6.98m][Process Time:    0.07s]- Epoch: 2 [0100/1330 (  8%)]	Losses: ce_loss-1.0151(1.5636) loss_tacl-0.0001(0.0001) loss_sacl-0.0216(0.0216) loss_event-0.0106(0.0097) loss_evidence-0.0002(0.0014) loss_query_diversity-0.0044(0.0044) loss_position-0.0000(0.0000) total_loss-1.0151(1.5636) 
[2026-09-19 15:52:41,718]-[trainutils.py line:416]:[EST:    6.34m][Process Time:    0.06s]- Epoch: 2 [0200/1330 ( 15%)]	Losses: ce_loss-0.8215(1.3165) loss_tacl-0.0001(0.0001) loss_sacl-0.0189(0.0208) loss_event-0.0065(0.0090) loss_evidence-0.0000(0.0009) loss_query_diversity-0.0044(0.0044) loss_position-0.0000(0.0000) total_loss-0.8215(1.3165) 
[2026-09-19 15:53:16,290]-[trainutils.py line:416]:[EST:    5.83m][Process Time:    0.07s]- Epoch: 2 [0300/1330 ( 23%)]	Losses: ce_loss-0.9760(1.2008) loss_tacl-0.0001(0.0001) loss_sacl-0.0172(0.0200) loss_event-0.0058(0.0081) loss_evidence-0.0019(0.0010) loss_query_diversity-0.0044(0.0044) loss_position-0.0000(0.0000) total_loss-0.9760(1.2008) 
[2026-09-19 15:53:50,163]-[trainutils.py line:416]:[EST:    5.26m][Process Time:    0.08s]- Epoch: 2 [0400/1330 ( 30%)]	Losses: ce_loss-0.9385(1.1321) loss_tacl-0.0001(0.0001) loss_sacl-0.0170(0.0192) loss_event-0.0056(0.0075) loss_evidence-0.0028(0.0011) loss_query_diversity-0.0044(0.0044) loss_position--0.0000(0.0000) total_loss-0.9385(1.1321) 
[2026-09-19 15:54:23,182]-[trainutils.py line:416]:[EST:    4.67m][Process Time:    0.07s]- Epoch: 2 [0500/1330 ( 38%)]	Losses: ce_loss-0.9482(1.0902) loss_tacl-0.0001(0.0001) loss_sacl-0.0161(0.0187) loss_event-0.0063(0.0072) loss_evidence-0.0024(0.0011) loss_query_diversity-0.0044(0.0044) loss_position-0.0000(0.0000) total_loss-0.9482(1.0902) 
[2026-09-19 15:54:51,356]-[trainutils.py line:416]:[EST:    3.99m][Process Time:    0.05s]- Epoch: 2 [0600/1330 ( 45%)]	Losses: ce_loss-0.8492(1.0589) loss_tacl-0.0001(0.0001) loss_sacl-0.0147(0.0182) loss_event-0.0039(0.0068) loss_evidence-0.0000(0.0012) loss_query_diversity-0.0044(0.0044) loss_position-0.0000(0.0000) total_loss-0.8492(1.0589) 
[2026-09-19 15:55:17,638]-[trainutils.py line:416]:[EST:    3.35m][Process Time:    0.05s]- Epoch: 2 [0700/1330 ( 53%)]	Losses: ce_loss-1.0097(1.0269) loss_tacl-0.0001(0.0001) loss_sacl-0.0154(0.0176) loss_event-0.0059(0.0066) loss_evidence-0.0003(0.0012) loss_query_diversity-0.0043(0.0044) loss_position--0.0000(0.0000) total_loss-1.0097(1.0269) 
[2026-09-19 15:55:49,185]-[trainutils.py line:416]:[EST:    2.81m][Process Time:    0.06s]- Epoch: 2 [0800/1330 ( 60%)]	Losses: ce_loss-1.0189(1.0020) loss_tacl-0.0001(0.0001) loss_sacl-0.0135(0.0172) loss_event-0.0048(0.0064) loss_evidence-0.0000(0.0012) loss_query_diversity-0.0044(0.0044) loss_position-0.0000(0.0000) total_loss-1.0189(1.0020) 
[2026-09-19 15:56:19,849]-[trainutils.py line:416]:[EST:    2.27m][Process Time:    0.06s]- Epoch: 2 [0900/1330 ( 68%)]	Losses: ce_loss-0.7834(0.9797) loss_tacl-0.0001(0.0001) loss_sacl-0.0134(0.0168) loss_event-0.0046(0.0061) loss_evidence-0.0028(0.0011) loss_query_diversity-0.0044(0.0044) loss_position-0.0000(0.0000) total_loss-0.7834(0.9797) 
[2026-09-19 15:56:52,073]-[trainutils.py line:416]:[EST:    1.74m][Process Time:    0.06s]- Epoch: 2 [1000/1330 ( 75%)]	Losses: ce_loss-1.6087(0.9590) loss_tacl-0.0001(0.0001) loss_sacl-0.0135(0.0164) loss_event-0.0042(0.0060) loss_evidence-0.0025(0.0011) loss_query_diversity-0.0044(0.0044) loss_position-0.0000(0.0000) total_loss-1.6087(0.9590) 
[2026-09-19 15:57:24,107]-[trainutils.py line:416]:[EST:    1.21m][Process Time:    0.07s]- Epoch: 2 [1100/1330 ( 83%)]	Losses: ce_loss-0.8971(0.9444) loss_tacl-0.0001(0.0001) loss_sacl-0.0130(0.0160) loss_event-0.0043(0.0058) loss_evidence-0.0000(0.0010) loss_query_diversity-0.0044(0.0044) loss_position-0.0000(0.0000) total_loss-0.8971(0.9444) 
[2026-09-19 15:57:55,085]-[trainutils.py line:416]:[EST:    0.68m][Process Time:    0.06s]- Epoch: 2 [1200/1330 ( 90%)]	Losses: ce_loss-0.7377(0.9307) loss_tacl-0.0001(0.0001) loss_sacl-0.0126(0.0157) loss_event-0.0046(0.0057) loss_evidence-0.0000(0.0009) loss_query_diversity-0.0044(0.0044) loss_position-0.0000(0.0000) total_loss-0.7377(0.9307) 
[2026-09-19 15:58:26,545]-[trainutils.py line:416]:[EST:    0.15m][Process Time:    0.06s]- Epoch: 2 [1300/1330 ( 98%)]	Losses: ce_loss-0.8804(0.9173) loss_tacl-0.0001(0.0001) loss_sacl-0.0142(0.0155) loss_event-0.0059(0.0056) loss_evidence-0.0013(0.0009) loss_query_diversity-0.0043(0.0044) loss_position-0.0000(0.0000) total_loss-0.8804(0.9173) 
[2026-09-19 15:58:35,586]-[trainutils.py line:416]:[EST:   -0.01m][Process Time:    0.07s]- Epoch: 2 [1330/1330 (100%)]	Losses: ce_loss-0.7514(0.9145) loss_tacl-0.0001(0.0001) loss_sacl-0.0118(0.0154) loss_event-0.0035(0.0056) loss_evidence-0.0013(0.0009) loss_query_diversity-0.0044(0.0044) loss_position-0.0000(0.0000) total_loss-0.7514(0.9145) 
[2026-09-19 15:58:36,596]-[train.py line:106]:
-------------- validation epoch 2 -------------- 
[2026-09-19 15:58:37,101]-[trainutils.py line:461]:Test progress:   0/95 
[2026-09-19 15:59:25,277]-[trainutils.py line:461]:Test progress:  95/95 
[2026-09-19 15:59:25,278]-[trainutils.py line:492]:Epoch 2 -           Audio/Counting accuracy: 75.93(388/511) 
[2026-09-19 15:59:25,278]-[trainutils.py line:492]:Epoch 2 -        Audio/Comparative accuracy: 62.37(184/295) 
[2026-09-19 15:59:25,278]-[trainutils.py line:497]:Epoch 2 -                    Audio accuracy: 70.97(572/806) 
[2026-09-19 15:59:25,278]-[trainutils.py line:492]:Epoch 2 -          Visual/Counting accuracy: 68.67(412/600) 
[2026-09-19 15:59:25,278]-[trainutils.py line:492]:Epoch 2 -          Visual/Location accuracy: 83.20(510/613) 
[2026-09-19 15:59:25,278]-[trainutils.py line:497]:Epoch 2 -                   Visual accuracy: 76.01(922/1213) 
[2026-09-19 15:59:25,280]-[trainutils.py line:492]:Epoch 2 - Audio-Visual/Existential accuracy: 81.62(404/495) 
[2026-09-19 15:59:25,280]-[trainutils.py line:492]:Epoch 2 -    Audio-Visual/Counting accuracy: 69.83(442/633) 
[2026-09-19 15:59:25,280]-[trainutils.py line:492]:Epoch 2 -    Audio-Visual/Location accuracy: 59.44(274/461) 
[2026-09-19 15:59:25,281]-[trainutils.py line:492]:Epoch 2 - Audio-Visual/Comparative accuracy: 60.29(331/549) 
[2026-09-19 15:59:25,281]-[trainutils.py line:492]:Epoch 2 -    Audio-Visual/Temporal accuracy: 68.37(281/411) 
[2026-09-19 15:59:25,281]-[trainutils.py line:497]:Epoch 2 -             Audio-Visual accuracy: 67.95(1732/2549) 
[2026-09-19 15:59:25,281]-[trainutils.py line:501]:Epoch 2 -                    Total accuracy: 70.62(3226/4568) 
[2026-09-19 15:59:25,815]-[trainutils.py line:461]:Test progress:   0/95 
[2026-09-19 16:00:12,082]-[trainutils.py line:461]:Test progress:  95/95 
[2026-09-19 16:00:12,082]-[trainutils.py line:492]:Epoch 2 -           Audio/Counting accuracy: 73.78(377/511) 
[2026-09-19 16:00:12,083]-[trainutils.py line:492]:Epoch 2 -        Audio/Comparative accuracy: 54.92(162/295) 
[2026-09-19 16:00:12,083]-[trainutils.py line:497]:Epoch 2 -                    Audio accuracy: 66.87(539/806) 
[2026-09-19 16:00:12,084]-[trainutils.py line:492]:Epoch 2 -          Visual/Counting accuracy: 66.33(398/600) 
[2026-09-19 16:00:12,084]-[trainutils.py line:492]:Epoch 2 -          Visual/Location accuracy: 76.35(468/613) 
[2026-09-19 16:00:12,084]-[trainutils.py line:497]:Epoch 2 -                   Visual accuracy: 71.39(866/1213) 
[2026-09-19 16:00:12,084]-[trainutils.py line:492]:Epoch 2 - Audio-Visual/Existential accuracy: 80.81(400/495) 
[2026-09-19 16:00:12,085]-[trainutils.py line:492]:Epoch 2 -    Audio-Visual/Counting accuracy: 65.40(414/633) 
[2026-09-19 16:00:12,085]-[trainutils.py line:492]:Epoch 2 -    Audio-Visual/Location accuracy: 58.35(269/461) 
[2026-09-19 16:00:12,085]-[trainutils.py line:492]:Epoch 2 - Audio-Visual/Comparative accuracy: 55.19(303/549) 
[2026-09-19 16:00:12,086]-[trainutils.py line:492]:Epoch 2 -    Audio-Visual/Temporal accuracy: 67.40(277/411) 
[2026-09-19 16:00:12,086]-[trainutils.py line:497]:Epoch 2 -             Audio-Visual accuracy: 65.24(1663/2549) 
[2026-09-19 16:00:12,086]-[trainutils.py line:501]:Epoch 2 -                    Total accuracy: 67.16(3068/4568) 
[2026-09-19 16:00:12,132]-[train.py line:151]:best model saved at epoch 2 with acc 70.6217162872154 (raw) 
[2026-09-19 16:00:12,200]-[train.py line:167]:Epoch 2 done with 70.62 and loss 0.69141. 
[2026-09-19 16:00:12,200]-[train.py line:168]:At epoch2 best acc: 70.62. 
[2026-09-19 16:00:12,201]-[train.py line:102]:
-------------- training epoch 3 -------------- 
[2026-09-19 16:00:12,518]-[trainutils.py line:416]:[EST:    6.97m][Process Time:    0.07s]- Epoch: 3 [0000/1330 (  0%)]	Losses: ce_loss-0.7801(0.7801) loss_tacl-0.0001(0.0001) loss_sacl-0.0184(0.0184) loss_event-0.0047(0.0047) loss_evidence-0.0013(0.0013) loss_query_diversity-0.0044(0.0044) loss_position--0.0000(0.0000) total_loss-0.7801(0.7801) 
[2026-09-19 16:00:43,308]-[trainutils.py line:416]:[EST:    6.31m][Process Time:    0.07s]- Epoch: 3 [0100/1330 (  8%)]	Losses: ce_loss-0.8336(0.6952) loss_tacl-0.0001(0.0001) loss_sacl-0.0184(0.0179) loss_event-0.0050(0.0044) loss_evidence-0.0000(0.0009) loss_query_diversity-0.0043(0.0044) loss_position-0.0000(0.0000) total_loss-0.8336(0.6952) 
[2026-09-19 16:01:14,362]-[trainutils.py line:416]:[EST:    5.82m][Process Time:    0.07s]- Epoch: 3 [0200/1330 ( 15%)]	Losses: ce_loss-0.5395(0.7002) loss_tacl-0.0001(0.0001) loss_sacl-0.0202(0.0181) loss_event-0.0053(0.0045) loss_evidence-0.0003(0.0008) loss_query_diversity-0.0043(0.0043) loss_position--0.0000(0.0000) total_loss-0.5395(0.7002) 
[2026-09-19 16:01:45,508]-[trainutils.py line:416]:[EST:    5.32m][Process Time:    0.06s]- Epoch: 3 [0300/1330 ( 23%)]	Losses: ce_loss-0.4888(0.7076) loss_tacl-0.0001(0.0001) loss_sacl-0.0183(0.0182) loss_event-0.0049(0.0045) loss_evidence-0.0000(0.0009) loss_query_diversity-0.0043(0.0043) loss_position-0.0000(0.0000) total_loss-0.4888(0.7076) 
[2026-09-19 16:02:16,190]-[trainutils.py line:416]:[EST:    4.79m][Process Time:    0.06s]- Epoch: 3 [0400/1330 ( 30%)]	Losses: ce_loss-0.7813(0.7037) loss_tacl-0.0001(0.0001) loss_sacl-0.0154(0.0181) loss_event-0.0041(0.0045) loss_evidence-0.0007(0.0008) loss_query_diversity-0.0044(0.0043) loss_position--0.0000(0.0000) total_loss-0.7813(0.7037) 
[2026-09-19 16:02:47,532]-[trainutils.py line:416]:[EST:    4.28m][Process Time:    0.07s]- Epoch: 3 [0500/1330 ( 38%)]	Losses: ce_loss-0.5241(0.7087) loss_tacl-0.0001(0.0001) loss_sacl-0.0185(0.0179) loss_event-0.0059(0.0045) loss_evidence-0.0000(0.0008) loss_query_diversity-0.0043(0.0043) loss_position--0.0000(0.0000) total_loss-0.5241(0.7087) 
[2026-09-19 16:03:19,849]-[trainutils.py line:416]:[EST:    3.79m][Process Time:    0.06s]- Epoch: 3 [0600/1330 ( 45%)]	Losses: ce_loss-0.6163(0.7093) loss_tacl-0.0001(0.0001) loss_sacl-0.0168(0.0177) loss_event-0.0042(0.0046) loss_evidence-0.0000(0.0009) loss_query_diversity-0.0044(0.0043) loss_position--0.0000(0.0000) total_loss-0.6163(0.7093) 
[2026-09-19 16:03:52,650]-[trainutils.py line:416]:[EST:    3.30m][Process Time:    0.06s]- Epoch: 3 [0700/1330 ( 53%)]	Losses: ce_loss-0.5936(0.7074) loss_tacl-0.0001(0.0001) loss_sacl-0.0166(0.0176) loss_event-0.0041(0.0046) loss_evidence-0.0016(0.0008) loss_query_diversity-0.0044(0.0043) loss_position--0.0000(0.0000) total_loss-0.5936(0.7074) 
[2026-09-19 16:04:25,067]-[trainutils.py line:416]:[EST:    2.78m][Process Time:    0.07s]- Epoch: 3 [0800/1330 ( 60%)]	Losses: ce_loss-0.6527(0.7044) loss_tacl-0.0001(0.0001) loss_sacl-0.0171(0.0174) loss_event-0.0046(0.0046) loss_evidence-0.0000(0.0007) loss_query_diversity-0.0043(0.0043) loss_position--0.0000(0.0000) total_loss-0.6527(0.7044) 
[2026-09-19 16:04:56,902]-[trainutils.py line:416]:[EST:    2.26m][Process Time:    0.06s]- Epoch: 3 [0900/1330 ( 68%)]	Losses: ce_loss-0.8437(0.7039) loss_tacl-0.0001(0.0001) loss_sacl-0.0154(0.0173) loss_event-0.0043(0.0045) loss_evidence-0.0000(0.0007) loss_query_diversity-0.0043(0.0043) loss_position--0.0000(0.0000) total_loss-0.8437(0.7039) 
[2026-09-19 16:05:28,402]-[trainutils.py line:416]:[EST:    1.73m][Process Time:    0.06s]- Epoch: 3 [1000/1330 ( 75%)]	Losses: ce_loss-0.8763(0.6988) loss_tacl-0.0001(0.0001) loss_sacl-0.0162(0.0172) loss_event-0.0044(0.0045) loss_evidence-0.0033(0.0007) loss_query_diversity-0.0043(0.0043) loss_position--0.0000(0.0000) total_loss-0.8763(0.6988) 
[2026-09-19 16:05:59,898]-[trainutils.py line:416]:[EST:    1.21m][Process Time:    0.06s]- Epoch: 3 [1100/1330 ( 83%)]	Losses: ce_loss-0.5395(0.6967) loss_tacl-0.0001(0.0001) loss_sacl-0.0144(0.0171) loss_event-0.0042(0.0045) loss_evidence-0.0016(0.0006) loss_query_diversity-0.0044(0.0043) loss_position--0.0000(0.0000) total_loss-0.5395(0.6967) 
[2026-09-19 16:06:31,007]-[trainutils.py line:416]:[EST:    0.68m][Process Time:    0.06s]- Epoch: 3 [1200/1330 ( 90%)]	Losses: ce_loss-0.5867(0.6939) loss_tacl-0.0001(0.0001) loss_sacl-0.0196(0.0170) loss_event-0.0041(0.0045) loss_evidence-0.0013(0.0006) loss_query_diversity-0.0043(0.0043) loss_position--0.0000(0.0000) total_loss-0.5867(0.6939) 
[2026-09-19 16:07:02,712]-[trainutils.py line:416]:[EST:    0.15m][Process Time:    0.06s]- Epoch: 3 [1300/1330 ( 98%)]	Losses: ce_loss-0.4827(0.6914) loss_tacl-0.0001(0.0001) loss_sacl-0.0152(0.0170) loss_event-0.0040(0.0044) loss_evidence-0.0000(0.0006) loss_query_diversity-0.0044(0.0043) loss_position--0.0000(0.0000) total_loss-0.4827(0.6914) 
[2026-09-19 16:07:12,011]-[trainutils.py line:416]:[EST:   -0.01m][Process Time:    0.07s]- Epoch: 3 [1330/1330 (100%)]	Losses: ce_loss-0.7894(0.6901) loss_tacl-0.0001(0.0001) loss_sacl-0.0168(0.0170) loss_event-0.0041(0.0044) loss_evidence-0.0000(0.0006) loss_query_diversity-0.0043(0.0043) loss_position--0.0000(0.0000) total_loss-0.7894(0.6901) 
[2026-09-19 16:07:13,054]-[train.py line:106]:
-------------- validation epoch 3 -------------- 
[2026-09-19 16:07:13,528]-[trainutils.py line:461]:Test progress:   0/95 
[2026-09-19 16:08:01,466]-[trainutils.py line:461]:Test progress:  95/95 
[2026-09-19 16:08:01,466]-[trainutils.py line:492]:Epoch 3 -           Audio/Counting accuracy: 83.17(425/511) 
[2026-09-19 16:08:01,467]-[trainutils.py line:492]:Epoch 3 -        Audio/Comparative accuracy: 56.95(168/295) 
[2026-09-19 16:08:01,467]-[trainutils.py line:497]:Epoch 3 -                    Audio accuracy: 73.57(593/806) 
[2026-09-19 16:08:01,467]-[trainutils.py line:492]:Epoch 3 -          Visual/Counting accuracy: 76.00(456/600) 
[2026-09-19 16:08:01,468]-[trainutils.py line:492]:Epoch 3 -          Visual/Location accuracy: 82.71(507/613) 
[2026-09-19 16:08:01,468]-[trainutils.py line:497]:Epoch 3 -                   Visual accuracy: 79.39(963/1213) 
[2026-09-19 16:08:01,468]-[trainutils.py line:492]:Epoch 3 - Audio-Visual/Existential accuracy: 83.03(411/495) 
[2026-09-19 16:08:01,469]-[trainutils.py line:492]:Epoch 3 -    Audio-Visual/Counting accuracy: 70.93(449/633) 
[2026-09-19 16:08:01,470]-[trainutils.py line:492]:Epoch 3 -    Audio-Visual/Location accuracy: 65.94(304/461) 
[2026-09-19 16:08:01,470]-[trainutils.py line:492]:Epoch 3 - Audio-Visual/Comparative accuracy: 56.47(310/549) 
[2026-09-19 16:08:01,471]-[trainutils.py line:492]:Epoch 3 -    Audio-Visual/Temporal accuracy: 71.53(294/411) 
[2026-09-19 16:08:01,471]-[trainutils.py line:497]:Epoch 3 -             Audio-Visual accuracy: 69.36(1768/2549) 
[2026-09-19 16:08:01,471]-[trainutils.py line:501]:Epoch 3 -                    Total accuracy: 72.77(3324/4568) 
[2026-09-19 16:08:02,016]-[trainutils.py line:461]:Test progress:   0/95 
[2026-09-19 16:08:48,421]-[trainutils.py line:461]:Test progress:  95/95 
[2026-09-19 16:08:48,422]-[trainutils.py line:492]:Epoch 3 -           Audio/Counting accuracy: 77.50(396/511) 
[2026-09-19 16:08:48,422]-[trainutils.py line:492]:Epoch 3 -        Audio/Comparative accuracy: 59.66(176/295) 
[2026-09-19 16:08:48,423]-[trainutils.py line:497]:Epoch 3 -                    Audio accuracy: 70.97(572/806) 
[2026-09-19 16:08:48,423]-[trainutils.py line:492]:Epoch 3 -          Visual/Counting accuracy: 69.17(415/600) 
[2026-09-19 16:08:48,423]-[trainutils.py line:492]:Epoch 3 -          Visual/Location accuracy: 84.18(516/613) 
[2026-09-19 16:08:48,423]-[trainutils.py line:497]:Epoch 3 -                   Visual accuracy: 76.75(931/1213) 
[2026-09-19 16:08:48,424]-[trainutils.py line:492]:Epoch 3 - Audio-Visual/Existential accuracy: 82.63(409/495) 
[2026-09-19 16:08:48,425]-[trainutils.py line:492]:Epoch 3 -    Audio-Visual/Counting accuracy: 67.77(429/633) 
[2026-09-19 16:08:48,425]-[trainutils.py line:492]:Epoch 3 -    Audio-Visual/Location accuracy: 65.51(302/461) 
[2026-09-19 16:08:48,425]-[trainutils.py line:492]:Epoch 3 - Audio-Visual/Comparative accuracy: 60.84(334/549) 
[2026-09-19 16:08:48,425]-[trainutils.py line:492]:Epoch 3 -    Audio-Visual/Temporal accuracy: 73.48(302/411) 
[2026-09-19 16:08:48,426]-[trainutils.py line:497]:Epoch 3 -             Audio-Visual accuracy: 69.67(1776/2549) 
[2026-09-19 16:08:48,426]-[trainutils.py line:501]:Epoch 3 -                    Total accuracy: 71.78(3279/4568) 
[2026-09-19 16:08:48,465]-[train.py line:151]:best model saved at epoch 3 with acc 72.76707530647985 (raw) 
[2026-09-19 16:08:48,528]-[train.py line:167]:Epoch 3 done with 72.77 and loss 0.63672. 
[2026-09-19 16:08:48,528]-[train.py line:168]:At epoch3 best acc: 72.77. 
[2026-09-19 16:08:48,528]-[train.py line:102]:
-------------- training epoch 4 -------------- 
[2026-09-19 16:08:48,830]-[trainutils.py line:416]:[EST:    6.65m][Process Time:    0.06s]- Epoch: 4 [0000/1330 (  0%)]	Losses: ce_loss-0.5095(0.5095) loss_tacl-0.0001(0.0001) loss_sacl-0.0163(0.0163) loss_event-0.0035(0.0035) loss_evidence-0.0000(0.0000) loss_query_diversity-0.0043(0.0043) loss_position--0.0000(0.0000) total_loss-0.5095(0.5095) 
[2026-09-19 16:09:20,452]-[trainutils.py line:416]:[EST:    6.47m][Process Time:    0.07s]- Epoch: 4 [0100/1330 (  8%)]	Losses: ce_loss-0.5663(0.5995) loss_tacl-0.0001(0.0001) loss_sacl-0.0178(0.0170) loss_event-0.0053(0.0043) loss_evidence-0.0000(0.0004) loss_query_diversity-0.0043(0.0043) loss_position--0.0000(0.0000) total_loss-0.5663(0.5995) 
[2026-09-19 16:09:51,087]-[trainutils.py line:416]:[EST:    5.86m][Process Time:    0.05s]- Epoch: 4 [0200/1330 ( 15%)]	Losses: ce_loss-0.5509(0.6009) loss_tacl-0.0001(0.0001) loss_sacl-0.0164(0.0168) loss_event-0.0047(0.0044) loss_evidence-0.0000(0.0005) loss_query_diversity-0.0043(0.0043) loss_position--0.0000(0.0000) total_loss-0.5509(0.6009) 
[2026-09-19 16:10:17,736]-[trainutils.py line:416]:[EST:    5.08m][Process Time:    0.05s]- Epoch: 4 [0300/1330 ( 23%)]	Losses: ce_loss-0.6195(0.6036) loss_tacl-0.0001(0.0001) loss_sacl-0.0145(0.0166) loss_event-0.0038(0.0043) loss_evidence-0.0007(0.0005) loss_query_diversity-0.0043(0.0043) loss_position--0.0000(0.0000) total_loss-0.6195(0.6036) 
[2026-09-19 16:10:46,355]-[trainutils.py line:416]:[EST:    4.55m][Process Time:    0.07s]- Epoch: 4 [0400/1330 ( 30%)]	Losses: ce_loss-0.8635(0.6039) loss_tacl-0.0001(0.0001) loss_sacl-0.0153(0.0163) loss_event-0.0046(0.0043) loss_evidence-0.0007(0.0006) loss_query_diversity-0.0043(0.0043) loss_position--0.0000(0.0000) total_loss-0.8635(0.6039) 
[2026-09-19 16:11:17,406]-[trainutils.py line:416]:[EST:    4.11m][Process Time:    0.06s]- Epoch: 4 [0500/1330 ( 38%)]	Losses: ce_loss-0.6156(0.6036) loss_tacl-0.0001(0.0001) loss_sacl-0.0157(0.0162) loss_event-0.0047(0.0044) loss_evidence-0.0000(0.0005) loss_query_diversity-0.0043(0.0043) loss_position--0.0000(0.0000) total_loss-0.6156(0.6036) 
[2026-09-19 16:11:48,854]-[trainutils.py line:416]:[EST:    3.65m][Process Time:    0.07s]- Epoch: 4 [0600/1330 ( 45%)]	Losses: ce_loss-0.4778(0.6008) loss_tacl-0.0001(0.0001) loss_sacl-0.0162(0.0161) loss_event-0.0038(0.0044) loss_evidence-0.0000(0.0005) loss_query_diversity-0.0043(0.0043) loss_position--0.0000(0.0000) total_loss-0.4778(0.6008) 
[2026-09-19 16:12:20,835]-[trainutils.py line:416]:[EST:    3.17m][Process Time:    0.08s]- Epoch: 4 [0700/1330 ( 53%)]	Losses: ce_loss-0.9067(0.6018) loss_tacl-0.0001(0.0001) loss_sacl-0.0164(0.0161) loss_event-0.0045(0.0044) loss_evidence-0.0000(0.0005) loss_query_diversity-0.0044(0.0043) loss_position--0.0000(0.0000) total_loss-0.9067(0.6018) 
[2026-09-19 16:12:52,990]-[trainutils.py line:416]:[EST:    2.69m][Process Time:    0.07s]- Epoch: 4 [0800/1330 ( 60%)]	Losses: ce_loss-0.9311(0.6073) loss_tacl-0.0001(0.0001) loss_sacl-0.0159(0.0161) loss_event-0.0051(0.0044) loss_evidence-0.0001(0.0005) loss_query_diversity-0.0043(0.0043) loss_position--0.0000(0.0000) total_loss-0.9311(0.6073) 
[2026-09-19 16:13:24,723]-[trainutils.py line:416]:[EST:    2.19m][Process Time:    0.07s]- Epoch: 4 [0900/1330 ( 68%)]	Losses: ce_loss-0.5813(0.6093) loss_tacl-0.0001(0.0001) loss_sacl-0.0161(0.0160) loss_event-0.0037(0.0044) loss_evidence-0.0009(0.0005) loss_query_diversity-0.0043(0.0043) loss_position--0.0000(0.0000) total_loss-0.5813(0.6093) 
[2026-09-19 16:13:56,995]-[trainutils.py line:416]:[EST:    1.69m][Process Time:    0.07s]- Epoch: 4 [1000/1330 ( 75%)]	Losses: ce_loss-0.6475(0.6093) loss_tacl-0.0001(0.0001) loss_sacl-0.0148(0.0159) loss_event-0.0042(0.0044) loss_evidence-0.0000(0.0005) loss_query_diversity-0.0043(0.0043) loss_position--0.0000(0.0000) total_loss-0.6475(0.6093) 
[2026-09-19 16:14:30,296]-[trainutils.py line:416]:[EST:    1.18m][Process Time:    0.08s]- Epoch: 4 [1100/1330 ( 83%)]	Losses: ce_loss-0.7916(0.6071) loss_tacl-0.0001(0.0001) loss_sacl-0.0140(0.0157) loss_event-0.0039(0.0043) loss_evidence-0.0005(0.0004) loss_query_diversity-0.0043(0.0043) loss_position--0.0000(0.0000) total_loss-0.7916(0.6071) 
[2026-09-19 16:15:02,912]-[trainutils.py line:416]:[EST:    0.67m][Process Time:    0.07s]- Epoch: 4 [1200/1330 ( 90%)]	Losses: ce_loss-0.6143(0.6078) loss_tacl-0.0001(0.0001) loss_sacl-0.0130(0.0157) loss_event-0.0035(0.0043) loss_evidence-0.0002(0.0004) loss_query_diversity-0.0044(0.0043) loss_position--0.0000(0.0000) total_loss-0.6143(0.6078) 
[2026-09-19 16:15:35,536]-[trainutils.py line:416]:[EST:    0.15m][Process Time:    0.08s]- Epoch: 4 [1300/1330 ( 98%)]	Losses: ce_loss-0.3132(0.6100) loss_tacl-0.0001(0.0001) loss_sacl-0.0140(0.0156) loss_event-0.0035(0.0043) loss_evidence-0.0001(0.0004) loss_query_diversity-0.0043(0.0043) loss_position--0.0000(0.0000) total_loss-0.3132(0.6100) 
[2026-09-19 16:15:45,037]-[trainutils.py line:416]:[EST:   -0.01m][Process Time:    0.07s]- Epoch: 4 [1330/1330 (100%)]	Losses: ce_loss-0.3206(0.6090) loss_tacl-0.0001(0.0001) loss_sacl-0.0158(0.0156) loss_event-0.0039(0.0043) loss_evidence-0.0000(0.0004) loss_query_diversity-0.0044(0.0043) loss_position--0.0000(0.0000) total_loss-0.3206(0.6090) 
[2026-09-19 16:15:46,050]-[train.py line:106]:
-------------- validation epoch 4 -------------- 
[2026-09-19 16:15:46,529]-[trainutils.py line:461]:Test progress:   0/95 
[2026-09-19 16:16:34,492]-[trainutils.py line:461]:Test progress:  95/95 
[2026-09-19 16:16:34,493]-[trainutils.py line:492]:Epoch 4 -           Audio/Counting accuracy: 85.91(439/511) 
[2026-09-19 16:16:34,493]-[trainutils.py line:492]:Epoch 4 -        Audio/Comparative accuracy: 59.66(176/295) 
[2026-09-19 16:16:34,494]-[trainutils.py line:497]:Epoch 4 -                    Audio accuracy: 76.30(615/806) 
[2026-09-19 16:16:34,494]-[trainutils.py line:492]:Epoch 4 -          Visual/Counting accuracy: 78.33(470/600) 
[2026-09-19 16:16:34,494]-[trainutils.py line:492]:Epoch 4 -          Visual/Location accuracy: 84.18(516/613) 
[2026-09-19 16:16:34,494]-[trainutils.py line:497]:Epoch 4 -                   Visual accuracy: 81.29(986/1213) 
[2026-09-19 16:16:34,494]-[trainutils.py line:492]:Epoch 4 - Audio-Visual/Existential accuracy: 84.85(420/495) 
[2026-09-19 16:16:34,495]-[trainutils.py line:492]:Epoch 4 -    Audio-Visual/Counting accuracy: 73.46(465/633) 
[2026-09-19 16:16:34,495]-[trainutils.py line:492]:Epoch 4 -    Audio-Visual/Location accuracy: 64.21(296/461) 
[2026-09-19 16:16:34,495]-[trainutils.py line:492]:Epoch 4 - Audio-Visual/Comparative accuracy: 60.47(332/549) 
[2026-09-19 16:16:34,495]-[trainutils.py line:492]:Epoch 4 -    Audio-Visual/Temporal accuracy: 70.56(290/411) 
[2026-09-19 16:16:34,497]-[trainutils.py line:497]:Epoch 4 -             Audio-Visual accuracy: 70.73(1803/2549) 
[2026-09-19 16:16:34,497]-[trainutils.py line:501]:Epoch 4 -                    Total accuracy: 74.52(3404/4568) 
[2026-09-19 16:16:35,046]-[trainutils.py line:461]:Test progress:   0/95 
[2026-09-19 16:17:23,619]-[trainutils.py line:461]:Test progress:  95/95 
[2026-09-19 16:17:23,619]-[trainutils.py line:492]:Epoch 4 -           Audio/Counting accuracy: 82.97(424/511) 
[2026-09-19 16:17:23,620]-[trainutils.py line:492]:Epoch 4 -        Audio/Comparative accuracy: 60.34(178/295) 
[2026-09-19 16:17:23,621]-[trainutils.py line:497]:Epoch 4 -                    Audio accuracy: 74.69(602/806) 
[2026-09-19 16:17:23,622]-[trainutils.py line:492]:Epoch 4 -          Visual/Counting accuracy: 75.33(452/600) 
[2026-09-19 16:17:23,622]-[trainutils.py line:492]:Epoch 4 -          Visual/Location accuracy: 84.83(520/613) 
[2026-09-19 16:17:23,622]-[trainutils.py line:497]:Epoch 4 -                   Visual accuracy: 80.13(972/1213) 
[2026-09-19 16:17:23,623]-[trainutils.py line:492]:Epoch 4 - Audio-Visual/Existential accuracy: 83.64(414/495) 
[2026-09-19 16:17:23,623]-[trainutils.py line:492]:Epoch 4 -    Audio-Visual/Counting accuracy: 72.83(461/633) 
[2026-09-19 16:17:23,623]-[trainutils.py line:492]:Epoch 4 -    Audio-Visual/Location accuracy: 66.81(308/461) 
[2026-09-19 16:17:23,624]-[trainutils.py line:492]:Epoch 4 - Audio-Visual/Comparative accuracy: 62.84(345/549) 
[2026-09-19 16:17:23,624]-[trainutils.py line:492]:Epoch 4 -    Audio-Visual/Temporal accuracy: 74.70(307/411) 
[2026-09-19 16:17:23,624]-[trainutils.py line:497]:Epoch 4 -             Audio-Visual accuracy: 71.99(1835/2549) 
[2026-09-19 16:17:23,624]-[trainutils.py line:501]:Epoch 4 -                    Total accuracy: 74.63(3409/4568) 
[2026-09-19 16:17:23,679]-[train.py line:151]:best model saved at epoch 4 with acc 74.62784588441332 (ema) 
[2026-09-19 16:17:23,747]-[train.py line:167]:Epoch 4 done with 74.63 and loss 0.59766. 
[2026-09-19 16:17:23,747]-[train.py line:168]:At epoch4 best acc: 74.63. 
[2026-09-19 16:17:23,747]-[train.py line:102]:
-------------- training epoch 5 -------------- 
[2026-09-19 16:17:24,072]-[trainutils.py line:416]:[EST:    7.18m][Process Time:    0.07s]- Epoch: 5 [0000/1330 (  0%)]	Losses: ce_loss-0.3084(0.3084) loss_tacl-0.0001(0.0001) loss_sacl-0.0158(0.0158) loss_event-0.0039(0.0039) loss_evidence-0.0000(0.0000) loss_query_diversity-0.0043(0.0043) loss_position--0.0000(0.0000) total_loss-0.3084(0.3084) 
[2026-09-19 16:17:56,957]-[trainutils.py line:416]:[EST:    6.73m][Process Time:    0.07s]- Epoch: 5 [0100/1330 (  8%)]	Losses: ce_loss-0.5220(0.5016) loss_tacl-0.0001(0.0001) loss_sacl-0.0120(0.0149) loss_event-0.0031(0.0041) loss_evidence-0.0000(0.0004) loss_query_diversity-0.0043(0.0043) loss_position--0.0000(0.0000) total_loss-0.5220(0.5016) 
[2026-09-19 16:18:29,780]-[trainutils.py line:416]:[EST:    6.18m][Process Time:    0.07s]- Epoch: 5 [0200/1330 ( 15%)]	Losses: ce_loss-0.5730(0.5183) loss_tacl-0.0001(0.0001) loss_sacl-0.0159(0.0151) loss_event-0.0042(0.0043) loss_evidence-0.0008(0.0004) loss_query_diversity-0.0043(0.0043) loss_position--0.0000(0.0000) total_loss-0.5730(0.5183) 
[2026-09-19 16:18:54,955]-[trainutils.py line:416]:[EST:    5.20m][Process Time:    0.04s]- Epoch: 5 [0300/1330 ( 23%)]	Losses: ce_loss-0.5836(0.5315) loss_tacl-0.0001(0.0001) loss_sacl-0.0143(0.0150) loss_event-0.0041(0.0043) loss_evidence-0.0016(0.0004) loss_query_diversity-0.0043(0.0043) loss_position--0.0000(0.0000) total_loss-0.5836(0.5315) 
[2026-09-19 16:19:16,053]-[trainutils.py line:416]:[EST:    4.34m][Process Time:    0.06s]- Epoch: 5 [0400/1330 ( 30%)]	Losses: ce_loss-0.5340(0.5301) loss_tacl-0.0001(0.0001) loss_sacl-0.0147(0.0150) loss_event-0.0039(0.0043) loss_evidence-0.0000(0.0004) loss_query_diversity-0.0043(0.0043) loss_position--0.0000(0.0000) total_loss-0.5340(0.5301) 
[2026-09-19 16:19:38,363]-[trainutils.py line:416]:[EST:    3.71m][Process Time:    0.05s]- Epoch: 5 [0500/1330 ( 38%)]	Losses: ce_loss-0.9022(0.5337) loss_tacl-0.0001(0.0001) loss_sacl-0.0142(0.0149) loss_event-0.0047(0.0043) loss_evidence-0.0024(0.0004) loss_query_diversity-0.0043(0.0043) loss_position--0.0000(0.0000) total_loss-0.9022(0.5337) 
[2026-09-19 16:20:05,064]-[trainutils.py line:416]:[EST:    3.26m][Process Time:    0.06s]- Epoch: 5 [0600/1330 ( 45%)]	Losses: ce_loss-0.6408(0.5399) loss_tacl-0.0001(0.0001) loss_sacl-0.0143(0.0148) loss_event-0.0040(0.0044) loss_evidence-0.0000(0.0004) loss_query_diversity-0.0043(0.0043) loss_position--0.0000(0.0000) total_loss-0.6408(0.5399) 
[2026-09-19 16:20:34,806]-[trainutils.py line:416]:[EST:    2.86m][Process Time:    0.06s]- Epoch: 5 [0700/1330 ( 53%)]	Losses: ce_loss-0.3948(0.5415) loss_tacl-0.0001(0.0001) loss_sacl-0.0147(0.0147) loss_event-0.0044(0.0044) loss_evidence-0.0000(0.0004) loss_query_diversity-0.0043(0.0043) loss_position--0.0000(0.0000) total_loss-0.3948(0.5415) 
[2026-09-19 16:21:06,368]-[trainutils.py line:416]:[EST:    2.45m][Process Time:    0.06s]- Epoch: 5 [0800/1330 ( 60%)]	Losses: ce_loss-0.7227(0.5427) loss_tacl-0.0001(0.0001) loss_sacl-0.0134(0.0147) loss_event-0.0047(0.0044) loss_evidence-0.0011(0.0004) loss_query_diversity-0.0043(0.0043) loss_position--0.0000(0.0000) total_loss-0.7227(0.5427) 
[2026-09-19 16:21:38,741]-[trainutils.py line:416]:[EST:    2.02m][Process Time:    0.08s]- Epoch: 5 [0900/1330 ( 68%)]	Losses: ce_loss-0.5036(0.5424) loss_tacl-0.0001(0.0001) loss_sacl-0.0145(0.0147) loss_event-0.0041(0.0044) loss_evidence-0.0069(0.0004) loss_query_diversity-0.0043(0.0043) loss_position--0.0000(0.0000) total_loss-0.5036(0.5424) 
[2026-09-19 16:22:10,945]-[trainutils.py line:416]:[EST:    1.57m][Process Time:    0.06s]- Epoch: 5 [1000/1330 ( 75%)]	Losses: ce_loss-0.5945(0.5438) loss_tacl-0.0001(0.0001) loss_sacl-0.0141(0.0146) loss_event-0.0047(0.0044) loss_evidence-0.0008(0.0004) loss_query_diversity-0.0043(0.0043) loss_position--0.0000(0.0000) total_loss-0.5945(0.5438) 
[2026-09-19 16:22:43,162]-[trainutils.py line:416]:[EST:    1.11m][Process Time:    0.07s]- Epoch: 5 [1100/1330 ( 83%)]	Losses: ce_loss-0.8904(0.5457) loss_tacl-0.0001(0.0001) loss_sacl-0.0150(0.0146) loss_event-0.0049(0.0044) loss_evidence-0.0022(0.0004) loss_query_diversity-0.0043(0.0043) loss_position--0.0000(0.0000) total_loss-0.8904(0.5457) 
[2026-09-19 16:23:15,190]-[trainutils.py line:416]:[EST:    0.63m][Process Time:    0.06s]- Epoch: 5 [1200/1330 ( 90%)]	Losses: ce_loss-0.5401(0.5468) loss_tacl-0.0001(0.0001) loss_sacl-0.0147(0.0146) loss_event-0.0050(0.0044) loss_evidence-0.0000(0.0004) loss_query_diversity-0.0043(0.0043) loss_position--0.0000(0.0000) total_loss-0.5401(0.5468) 
[2026-09-19 16:23:46,526]-[trainutils.py line:416]:[EST:    0.14m][Process Time:    0.07s]- Epoch: 5 [1300/1330 ( 98%)]	Losses: ce_loss-0.6837(0.5471) loss_tacl-0.0001(0.0001) loss_sacl-0.0146(0.0146) loss_event-0.0035(0.0044) loss_evidence-0.0006(0.0004) loss_query_diversity-0.0043(0.0043) loss_position--0.0000(0.0000) total_loss-0.6837(0.5471) 
[2026-09-19 16:23:55,955]-[trainutils.py line:416]:[EST:   -0.00m][Process Time:    0.11s]- Epoch: 5 [1330/1330 (100%)]	Losses: ce_loss-0.8832(0.5478) loss_tacl-0.0001(0.0001) loss_sacl-0.0122(0.0146) loss_event-0.0026(0.0044) loss_evidence-0.0000(0.0004) loss_query_diversity-0.0043(0.0043) loss_position--0.0000(0.0000) total_loss-0.8832(0.5478) 
[2026-09-19 16:23:58,534]-[train.py line:106]:
-------------- validation epoch 5 -------------- 
[2026-09-19 16:23:59,245]-[trainutils.py line:461]:Test progress:   0/95 
[2026-09-19 16:24:47,190]-[trainutils.py line:461]:Test progress:  95/95 
[2026-09-19 16:24:47,193]-[trainutils.py line:492]:Epoch 5 -           Audio/Counting accuracy: 85.32(436/511) 
[2026-09-19 16:24:47,193]-[trainutils.py line:492]:Epoch 5 -        Audio/Comparative accuracy: 59.66(176/295) 
[2026-09-19 16:24:47,194]-[trainutils.py line:497]:Epoch 5 -                    Audio accuracy: 75.93(612/806) 
[2026-09-19 16:24:47,194]-[trainutils.py line:492]:Epoch 5 -          Visual/Counting accuracy: 76.83(461/600) 
[2026-09-19 16:24:47,194]-[trainutils.py line:492]:Epoch 5 -          Visual/Location accuracy: 85.81(526/613) 
[2026-09-19 16:24:47,194]-[trainutils.py line:497]:Epoch 5 -                   Visual accuracy: 81.37(987/1213) 
[2026-09-19 16:24:47,195]-[trainutils.py line:492]:Epoch 5 - Audio-Visual/Existential accuracy: 83.64(414/495) 
[2026-09-19 16:24:47,195]-[trainutils.py line:492]:Epoch 5 -    Audio-Visual/Counting accuracy: 75.04(475/633) 
[2026-09-19 16:24:47,195]-[trainutils.py line:492]:Epoch 5 -    Audio-Visual/Location accuracy: 63.77(294/461) 
[2026-09-19 16:24:47,195]-[trainutils.py line:492]:Epoch 5 - Audio-Visual/Comparative accuracy: 60.66(333/549) 
[2026-09-19 16:24:47,196]-[trainutils.py line:492]:Epoch 5 -    Audio-Visual/Temporal accuracy: 68.37(281/411) 
[2026-09-19 16:24:47,196]-[trainutils.py line:497]:Epoch 5 -             Audio-Visual accuracy: 70.50(1797/2549) 
[2026-09-19 16:24:47,196]-[trainutils.py line:501]:Epoch 5 -                    Total accuracy: 74.34(3396/4568) 
[2026-09-19 16:24:47,715]-[trainutils.py line:461]:Test progress:   0/95 
[2026-09-19 16:25:37,896]-[trainutils.py line:461]:Test progress:  95/95 
[2026-09-19 16:25:37,897]-[trainutils.py line:492]:Epoch 5 -           Audio/Counting accuracy: 85.32(436/511) 
[2026-09-19 16:25:37,897]-[trainutils.py line:492]:Epoch 5 -        Audio/Comparative accuracy: 61.69(182/295) 
[2026-09-19 16:25:37,897]-[trainutils.py line:497]:Epoch 5 -                    Audio accuracy: 76.67(618/806) 
[2026-09-19 16:25:37,898]-[trainutils.py line:492]:Epoch 5 -          Visual/Counting accuracy: 79.00(474/600) 
[2026-09-19 16:25:37,898]-[trainutils.py line:492]:Epoch 5 -          Visual/Location accuracy: 85.48(524/613) 
[2026-09-19 16:25:37,898]-[trainutils.py line:497]:Epoch 5 -                   Visual accuracy: 82.28(998/1213) 
[2026-09-19 16:25:37,900]-[trainutils.py line:492]:Epoch 5 - Audio-Visual/Existential accuracy: 83.84(415/495) 
[2026-09-19 16:25:37,900]-[trainutils.py line:492]:Epoch 5 -    Audio-Visual/Counting accuracy: 74.88(474/633) 
[2026-09-19 16:25:37,900]-[trainutils.py line:492]:Epoch 5 -    Audio-Visual/Location accuracy: 67.03(309/461) 
[2026-09-19 16:25:37,900]-[trainutils.py line:492]:Epoch 5 - Audio-Visual/Comparative accuracy: 63.21(347/549) 
[2026-09-19 16:25:37,900]-[trainutils.py line:492]:Epoch 5 -    Audio-Visual/Temporal accuracy: 74.45(306/411) 
[2026-09-19 16:25:37,900]-[trainutils.py line:497]:Epoch 5 -             Audio-Visual accuracy: 72.62(1851/2549) 
[2026-09-19 16:25:37,900]-[trainutils.py line:501]:Epoch 5 -                    Total accuracy: 75.90(3467/4568) 
[2026-09-19 16:25:38,008]-[train.py line:151]:best model saved at epoch 5 with acc 75.89754816112084 (ema) 
[2026-09-19 16:25:38,126]-[train.py line:167]:Epoch 5 done with 75.90 and loss 0.57031. 
[2026-09-19 16:25:38,126]-[train.py line:168]:At epoch5 best acc: 75.90. 
[2026-09-19 16:25:38,127]-[train.py line:102]:
-------------- training epoch 6 -------------- 
[2026-09-19 16:25:38,451]-[trainutils.py line:416]:[EST:    7.06m][Process Time:    0.07s]- Epoch: 6 [0000/1330 (  0%)]	Losses: ce_loss-0.5323(0.5323) loss_tacl-0.0001(0.0001) loss_sacl-0.0133(0.0133) loss_event-0.0044(0.0044) loss_evidence-0.0000(0.0000) loss_query_diversity-0.0043(0.0043) loss_position--0.0000(0.0000) total_loss-0.5323(0.5323) 
[2026-09-19 16:26:11,073]-[trainutils.py line:416]:[EST:    6.68m][Process Time:    0.07s]- Epoch: 6 [0100/1330 (  8%)]	Losses: ce_loss-0.5602(0.5244) loss_tacl-0.0001(0.0001) loss_sacl-0.0137(0.0146) loss_event-0.0039(0.0044) loss_evidence-0.0000(0.0003) loss_query_diversity-0.0043(0.0043) loss_position--0.0000(0.0000) total_loss-0.5602(0.5244) 
[2026-09-19 16:26:43,547]-[trainutils.py line:416]:[EST:    6.12m][Process Time:    0.07s]- Epoch: 6 [0200/1330 ( 15%)]	Losses: ce_loss-0.4444(0.5022) loss_tacl-0.0001(0.0001) loss_sacl-0.0135(0.0145) loss_event-0.0043(0.0043) loss_evidence-0.0019(0.0003) loss_query_diversity-0.0043(0.0043) loss_position--0.0000(0.0000) total_loss-0.4444(0.5022) 
[2026-09-19 16:27:15,328]-[trainutils.py line:416]:[EST:    5.54m][Process Time:    0.06s]- Epoch: 6 [0300/1330 ( 23%)]	Losses: ce_loss-0.3274(0.4903) loss_tacl-0.0001(0.0001) loss_sacl-0.0165(0.0145) loss_event-0.0058(0.0044) loss_evidence-0.0000(0.0003) loss_query_diversity-0.0043(0.0043) loss_position--0.0000(0.0000) total_loss-0.3274(0.4903) 
[2026-09-19 16:27:49,802]-[trainutils.py line:416]:[EST:    5.08m][Process Time:    0.06s]- Epoch: 6 [0400/1330 ( 30%)]	Losses: ce_loss-0.3907(0.4896) loss_tacl-0.0001(0.0001) loss_sacl-0.0127(0.0144) loss_event-0.0041(0.0044) loss_evidence-0.0000(0.0003) loss_query_diversity-0.0043(0.0043) loss_position--0.0000(0.0000) total_loss-0.3907(0.4896) 
[2026-09-19 16:28:21,961]-[trainutils.py line:416]:[EST:    4.52m][Process Time:    0.07s]- Epoch: 6 [0500/1330 ( 38%)]	Losses: ce_loss-0.8993(0.4893) loss_tacl-0.0001(0.0001) loss_sacl-0.0123(0.0144) loss_event-0.0036(0.0044) loss_evidence-0.0039(0.0003) loss_query_diversity-0.0043(0.0043) loss_position--0.0000(0.0000) total_loss-0.8993(0.4893) 
[2026-09-19 16:28:52,631]-[trainutils.py line:416]:[EST:    3.93m][Process Time:    0.06s]- Epoch: 6 [0600/1330 ( 45%)]	Losses: ce_loss-0.3639(0.4883) loss_tacl-0.0001(0.0001) loss_sacl-0.0141(0.0143) loss_event-0.0051(0.0044) loss_evidence-0.0002(0.0003) loss_query_diversity-0.0043(0.0043) loss_position--0.0000(0.0000) total_loss-0.3639(0.4883) 
[2026-09-19 16:29:23,018]-[trainutils.py line:416]:[EST:    3.36m][Process Time:    0.07s]- Epoch: 6 [0700/1330 ( 53%)]	Losses: ce_loss-0.7405(0.4879) loss_tacl-0.0001(0.0001) loss_sacl-0.0158(0.0142) loss_event-0.0054(0.0044) loss_evidence-0.0005(0.0003) loss_query_diversity-0.0043(0.0043) loss_position--0.0000(0.0000) total_loss-0.7405(0.4879) 
[2026-09-19 16:29:53,972]-[trainutils.py line:416]:[EST:    2.82m][Process Time:    0.06s]- Epoch: 6 [0800/1330 ( 60%)]	Losses: ce_loss-0.7504(0.4904) loss_tacl-0.0001(0.0001) loss_sacl-0.0139(0.0143) loss_event-0.0045(0.0044) loss_evidence-0.0000(0.0003) loss_query_diversity-0.0043(0.0043) loss_position--0.0000(0.0000) total_loss-0.7504(0.4904) 
[2026-09-19 16:30:25,394]-[trainutils.py line:416]:[EST:    2.28m][Process Time:    0.06s]- Epoch: 6 [0900/1330 ( 68%)]	Losses: ce_loss-0.3559(0.4900) loss_tacl-0.0001(0.0001) loss_sacl-0.0150(0.0143) loss_event-0.0049(0.0045) loss_evidence-0.0000(0.0003) loss_query_diversity-0.0043(0.0043) loss_position--0.0000(0.0000) total_loss-0.3559(0.4900) 
[2026-09-19 16:30:56,363]-[trainutils.py line:416]:[EST:    1.74m][Process Time:    0.07s]- Epoch: 6 [1000/1330 ( 75%)]	Losses: ce_loss-0.7446(0.4901) loss_tacl-0.0001(0.0001) loss_sacl-0.0142(0.0142) loss_event-0.0042(0.0045) loss_evidence-0.0000(0.0003) loss_query_diversity-0.0043(0.0043) loss_position--0.0000(0.0000) total_loss-0.7446(0.4901) 
[2026-09-19 16:31:28,448]-[trainutils.py line:416]:[EST:    1.21m][Process Time:    0.06s]- Epoch: 6 [1100/1330 ( 83%)]	Losses: ce_loss-0.3854(0.4927) loss_tacl-0.0001(0.0001) loss_sacl-0.0120(0.0141) loss_event-0.0032(0.0045) loss_evidence-0.0000(0.0003) loss_query_diversity-0.0044(0.0043) loss_position--0.0000(0.0000) total_loss-0.3854(0.4927) 
[2026-09-19 16:31:59,358]-[trainutils.py line:416]:[EST:    0.68m][Process Time:    0.06s]- Epoch: 6 [1200/1330 ( 90%)]	Losses: ce_loss-0.4233(0.4940) loss_tacl-0.0001(0.0001) loss_sacl-0.0117(0.0141) loss_event-0.0038(0.0044) loss_evidence-0.0003(0.0003) loss_query_diversity-0.0043(0.0043) loss_position--0.0000(0.0000) total_loss-0.4233(0.4940) 
[2026-09-19 16:32:29,586]-[trainutils.py line:416]:[EST:    0.15m][Process Time:    0.06s]- Epoch: 6 [1300/1330 ( 98%)]	Losses: ce_loss-0.7899(0.4961) loss_tacl-0.0001(0.0001) loss_sacl-0.0134(0.0141) loss_event-0.0042(0.0044) loss_evidence-0.0007(0.0003) loss_query_diversity-0.0043(0.0043) loss_position--0.0000(0.0000) total_loss-0.7899(0.4961) 
[2026-09-19 16:32:38,319]-[trainutils.py line:416]:[EST:   -0.01m][Process Time:    0.07s]- Epoch: 6 [1330/1330 (100%)]	Losses: ce_loss-0.5881(0.4968) loss_tacl-0.0001(0.0001) loss_sacl-0.0104(0.0140) loss_event-0.0026(0.0044) loss_evidence-0.0000(0.0003) loss_query_diversity-0.0044(0.0043) loss_position--0.0000(0.0000) total_loss-0.5881(0.4968) 
[2026-09-19 16:32:39,308]-[train.py line:106]:
-------------- validation epoch 6 -------------- 
[2026-09-19 16:32:39,735]-[trainutils.py line:461]:Test progress:   0/95 
[2026-09-19 16:33:26,702]-[trainutils.py line:461]:Test progress:  95/95 
[2026-09-19 16:33:26,703]-[trainutils.py line:492]:Epoch 6 -           Audio/Counting accuracy: 85.13(435/511) 
[2026-09-19 16:33:26,703]-[trainutils.py line:492]:Epoch 6 -        Audio/Comparative accuracy: 57.63(170/295) 
[2026-09-19 16:33:26,703]-[trainutils.py line:497]:Epoch 6 -                    Audio accuracy: 75.06(605/806) 
[2026-09-19 16:33:26,703]-[trainutils.py line:492]:Epoch 6 -          Visual/Counting accuracy: 79.33(476/600) 
[2026-09-19 16:33:26,703]-[trainutils.py line:492]:Epoch 6 -          Visual/Location accuracy: 86.30(529/613) 
[2026-09-19 16:33:26,703]-[trainutils.py line:497]:Epoch 6 -                   Visual accuracy: 82.85(1005/1213) 
[2026-09-19 16:33:26,705]-[trainutils.py line:492]:Epoch 6 - Audio-Visual/Existential accuracy: 84.44(418/495) 
[2026-09-19 16:33:26,705]-[trainutils.py line:492]:Epoch 6 -    Audio-Visual/Counting accuracy: 77.73(492/633) 
[2026-09-19 16:33:26,706]-[trainutils.py line:492]:Epoch 6 -    Audio-Visual/Location accuracy: 66.38(306/461) 
[2026-09-19 16:33:26,706]-[trainutils.py line:492]:Epoch 6 - Audio-Visual/Comparative accuracy: 59.02(324/549) 
[2026-09-19 16:33:26,706]-[trainutils.py line:492]:Epoch 6 -    Audio-Visual/Temporal accuracy: 71.29(293/411) 
[2026-09-19 16:33:26,706]-[trainutils.py line:497]:Epoch 6 -             Audio-Visual accuracy: 71.91(1833/2549) 
[2026-09-19 16:33:26,706]-[trainutils.py line:501]:Epoch 6 -                    Total accuracy: 75.37(3443/4568) 
[2026-09-19 16:33:27,211]-[trainutils.py line:461]:Test progress:   0/95 
[2026-09-19 16:34:13,486]-[trainutils.py line:461]:Test progress:  95/95 
[2026-09-19 16:34:13,487]-[trainutils.py line:492]:Epoch 6 -           Audio/Counting accuracy: 86.11(440/511) 
[2026-09-19 16:34:13,487]-[trainutils.py line:492]:Epoch 6 -        Audio/Comparative accuracy: 62.71(185/295) 
[2026-09-19 16:34:13,487]-[trainutils.py line:497]:Epoch 6 -                    Audio accuracy: 77.54(625/806) 
[2026-09-19 16:34:13,488]-[trainutils.py line:492]:Epoch 6 -          Visual/Counting accuracy: 80.83(485/600) 
[2026-09-19 16:34:13,488]-[trainutils.py line:492]:Epoch 6 -          Visual/Location accuracy: 86.95(533/613) 
[2026-09-19 16:34:13,488]-[trainutils.py line:497]:Epoch 6 -                   Visual accuracy: 83.92(1018/1213) 
[2026-09-19 16:34:13,489]-[trainutils.py line:492]:Epoch 6 - Audio-Visual/Existential accuracy: 83.84(415/495) 
[2026-09-19 16:34:13,489]-[trainutils.py line:492]:Epoch 6 -    Audio-Visual/Counting accuracy: 76.78(486/633) 
[2026-09-19 16:34:13,489]-[trainutils.py line:492]:Epoch 6 -    Audio-Visual/Location accuracy: 67.46(311/461) 
[2026-09-19 16:34:13,489]-[trainutils.py line:492]:Epoch 6 - Audio-Visual/Comparative accuracy: 63.02(346/549) 
[2026-09-19 16:34:13,489]-[trainutils.py line:492]:Epoch 6 -    Audio-Visual/Temporal accuracy: 74.94(308/411) 
[2026-09-19 16:34:13,491]-[trainutils.py line:497]:Epoch 6 -             Audio-Visual accuracy: 73.21(1866/2549) 
[2026-09-19 16:34:13,491]-[trainutils.py line:501]:Epoch 6 -                    Total accuracy: 76.82(3509/4568) 
[2026-09-19 16:34:13,587]-[train.py line:151]:best model saved at epoch 6 with acc 76.81698774080562 (ema) 
[2026-09-19 16:34:13,649]-[train.py line:167]:Epoch 6 done with 76.82 and loss 0.54297. 
[2026-09-19 16:34:13,649]-[train.py line:168]:At epoch6 best acc: 76.82. 
[2026-09-19 16:34:13,649]-[train.py line:102]:
-------------- training epoch 7 -------------- 
[2026-09-19 16:34:13,978]-[trainutils.py line:416]:[EST:    7.21m][Process Time:    0.07s]- Epoch: 7 [0000/1330 (  0%)]	Losses: ce_loss-0.4592(0.4592) loss_tacl-0.0001(0.0001) loss_sacl-0.0126(0.0126) loss_event-0.0036(0.0036) loss_evidence-0.0000(0.0000) loss_query_diversity-0.0043(0.0043) loss_position--0.0000(0.0000) total_loss-0.4592(0.4592) 
[2026-09-19 16:34:45,605]-[trainutils.py line:416]:[EST:    6.48m][Process Time:    0.06s]- Epoch: 7 [0100/1330 (  8%)]	Losses: ce_loss-0.4052(0.4434) loss_tacl-0.0001(0.0001) loss_sacl-0.0136(0.0134) loss_event-0.0047(0.0045) loss_evidence-0.0000(0.0002) loss_query_diversity-0.0043(0.0043) loss_position--0.0000(0.0000) total_loss-0.4052(0.4434) 
[2026-09-19 16:35:17,702]-[trainutils.py line:416]:[EST:    6.00m][Process Time:    0.06s]- Epoch: 7 [0200/1330 ( 15%)]	Losses: ce_loss-0.3946(0.4518) loss_tacl-0.0001(0.0001) loss_sacl-0.0125(0.0136) loss_event-0.0047(0.0046) loss_evidence-0.0005(0.0002) loss_query_diversity-0.0043(0.0043) loss_position--0.0000(0.0000) total_loss-0.3946(0.4518) 
[2026-09-19 16:35:50,850]-[trainutils.py line:416]:[EST:    5.54m][Process Time:    0.07s]- Epoch: 7 [0300/1330 ( 23%)]	Losses: ce_loss-0.3844(0.4464) loss_tacl-0.0001(0.0001) loss_sacl-0.0140(0.0137) loss_event-0.0047(0.0046) loss_evidence-0.0000(0.0002) loss_query_diversity-0.0043(0.0043) loss_position--0.0000(0.0000) total_loss-0.3844(0.4464) 
[2026-09-19 16:36:22,758]-[trainutils.py line:416]:[EST:    4.98m][Process Time:    0.07s]- Epoch: 7 [0400/1330 ( 30%)]	Losses: ce_loss-0.4809(0.4502) loss_tacl-0.0001(0.0001) loss_sacl-0.0126(0.0136) loss_event-0.0047(0.0046) loss_evidence-0.0000(0.0002) loss_query_diversity-0.0043(0.0043) loss_position--0.0000(0.0000) total_loss-0.4809(0.4502) 
[2026-09-19 16:36:52,692]-[trainutils.py line:416]:[EST:    4.39m][Process Time:    0.06s]- Epoch: 7 [0500/1330 ( 38%)]	Losses: ce_loss-0.4405(0.4481) loss_tacl-0.0001(0.0001) loss_sacl-0.0155(0.0135) loss_event-0.0042(0.0046) loss_evidence-0.0016(0.0002) loss_query_diversity-0.0043(0.0043) loss_position--0.0000(0.0000) total_loss-0.4405(0.4481) 
[2026-09-19 16:37:23,104]-[trainutils.py line:416]:[EST:    3.83m][Process Time:    0.06s]- Epoch: 7 [0600/1330 ( 45%)]	Losses: ce_loss-0.3258(0.4478) loss_tacl-0.0001(0.0001) loss_sacl-0.0118(0.0135) loss_event-0.0040(0.0047) loss_evidence-0.0000(0.0002) loss_query_diversity-0.0043(0.0043) loss_position--0.0000(0.0000) total_loss-0.3258(0.4478) 
[2026-09-19 16:37:54,064]-[trainutils.py line:416]:[EST:    3.30m][Process Time:    0.06s]- Epoch: 7 [0700/1330 ( 53%)]	Losses: ce_loss-0.3958(0.4467) loss_tacl-0.0001(0.0001) loss_sacl-0.0126(0.0135) loss_event-0.0037(0.0046) loss_evidence-0.0000(0.0003) loss_query_diversity-0.0043(0.0043) loss_position--0.0000(0.0000) total_loss-0.3958(0.4467) 
[2026-09-19 16:38:25,515]-[trainutils.py line:416]:[EST:    2.77m][Process Time:    0.06s]- Epoch: 7 [0800/1330 ( 60%)]	Losses: ce_loss-0.3184(0.4473) loss_tacl-0.0001(0.0001) loss_sacl-0.0136(0.0135) loss_event-0.0044(0.0047) loss_evidence-0.0000(0.0003) loss_query_diversity-0.0043(0.0043) loss_position--0.0000(0.0000) total_loss-0.3184(0.4473) 
[2026-09-19 16:38:54,196]-[trainutils.py line:416]:[EST:    2.23m][Process Time:    0.06s]- Epoch: 7 [0900/1330 ( 68%)]	Losses: ce_loss-0.4870(0.4506) loss_tacl-0.0001(0.0001) loss_sacl-0.0130(0.0135) loss_event-0.0052(0.0047) loss_evidence-0.0004(0.0003) loss_query_diversity-0.0043(0.0043) loss_position--0.0000(0.0000) total_loss-0.4870(0.4506) 
[2026-09-19 16:39:24,571]-[trainutils.py line:416]:[EST:    1.70m][Process Time:    0.07s]- Epoch: 7 [1000/1330 ( 75%)]	Losses: ce_loss-0.3476(0.4500) loss_tacl-0.0001(0.0001) loss_sacl-0.0141(0.0134) loss_event-0.0045(0.0047) loss_evidence-0.0000(0.0003) loss_query_diversity-0.0043(0.0043) loss_position--0.0000(0.0000) total_loss-0.3476(0.4500) 
[2026-09-19 16:39:56,174]-[trainutils.py line:416]:[EST:    1.19m][Process Time:    0.06s]- Epoch: 7 [1100/1330 ( 83%)]	Losses: ce_loss-0.2709(0.4479) loss_tacl-0.0001(0.0001) loss_sacl-0.0134(0.0135) loss_event-0.0055(0.0047) loss_evidence-0.0000(0.0003) loss_query_diversity-0.0043(0.0043) loss_position--0.0000(0.0000) total_loss-0.2709(0.4479) 
[2026-09-19 16:40:27,138]-[trainutils.py line:416]:[EST:    0.67m][Process Time:    0.07s]- Epoch: 7 [1200/1330 ( 90%)]	Losses: ce_loss-0.5059(0.4471) loss_tacl-0.0001(0.0001) loss_sacl-0.0142(0.0134) loss_event-0.0056(0.0047) loss_evidence-0.0007(0.0003) loss_query_diversity-0.0043(0.0043) loss_position--0.0000(0.0000) total_loss-0.5059(0.4471) 
[2026-09-19 16:40:57,365]-[trainutils.py line:416]:[EST:    0.15m][Process Time:    0.07s]- Epoch: 7 [1300/1330 ( 98%)]	Losses: ce_loss-0.3721(0.4473) loss_tacl-0.0001(0.0001) loss_sacl-0.0138(0.0134) loss_event-0.0055(0.0047) loss_evidence-0.0000(0.0003) loss_query_diversity-0.0043(0.0043) loss_position--0.0000(0.0000) total_loss-0.3721(0.4473) 
[2026-09-19 16:41:06,386]-[trainutils.py line:416]:[EST:   -0.01m][Process Time:    0.07s]- Epoch: 7 [1330/1330 (100%)]	Losses: ce_loss-0.2792(0.4475) loss_tacl-0.0001(0.0001) loss_sacl-0.0122(0.0134) loss_event-0.0067(0.0047) loss_evidence-0.0000(0.0003) loss_query_diversity-0.0043(0.0043) loss_position--0.0000(0.0000) total_loss-0.2792(0.4475) 
[2026-09-19 16:41:07,406]-[train.py line:106]:
-------------- validation epoch 7 -------------- 
[2026-09-19 16:41:07,873]-[trainutils.py line:461]:Test progress:   0/95 
[2026-09-19 16:41:52,924]-[trainutils.py line:461]:Test progress:  95/95 
[2026-09-19 16:41:52,926]-[trainutils.py line:492]:Epoch 7 -           Audio/Counting accuracy: 84.74(433/511) 
[2026-09-19 16:41:52,926]-[trainutils.py line:492]:Epoch 7 -        Audio/Comparative accuracy: 62.03(183/295) 
[2026-09-19 16:41:52,928]-[trainutils.py line:497]:Epoch 7 -                    Audio accuracy: 76.43(616/806) 
[2026-09-19 16:41:52,929]-[trainutils.py line:492]:Epoch 7 -          Visual/Counting accuracy: 81.00(486/600) 
[2026-09-19 16:41:52,929]-[trainutils.py line:492]:Epoch 7 -          Visual/Location accuracy: 85.81(526/613) 
[2026-09-19 16:41:52,929]-[trainutils.py line:497]:Epoch 7 -                   Visual accuracy: 83.43(1012/1213) 
[2026-09-19 16:41:52,929]-[trainutils.py line:492]:Epoch 7 - Audio-Visual/Existential accuracy: 83.84(415/495) 
[2026-09-19 16:41:52,931]-[trainutils.py line:492]:Epoch 7 -    Audio-Visual/Counting accuracy: 79.62(504/633) 
[2026-09-19 16:41:52,931]-[trainutils.py line:492]:Epoch 7 -    Audio-Visual/Location accuracy: 68.55(316/461) 
[2026-09-19 16:41:52,932]-[trainutils.py line:492]:Epoch 7 - Audio-Visual/Comparative accuracy: 61.02(335/549) 
[2026-09-19 16:41:52,932]-[trainutils.py line:492]:Epoch 7 -    Audio-Visual/Temporal accuracy: 74.70(307/411) 
[2026-09-19 16:41:52,932]-[trainutils.py line:497]:Epoch 7 -             Audio-Visual accuracy: 73.64(1877/2549) 
[2026-09-19 16:41:52,932]-[trainutils.py line:501]:Epoch 7 -                    Total accuracy: 76.73(3505/4568) 
[2026-09-19 16:41:53,450]-[trainutils.py line:461]:Test progress:   0/95 
[2026-09-19 16:42:39,379]-[trainutils.py line:461]:Test progress:  95/95 
[2026-09-19 16:42:39,380]-[trainutils.py line:492]:Epoch 7 -           Audio/Counting accuracy: 87.08(445/511) 
[2026-09-19 16:42:39,380]-[trainutils.py line:492]:Epoch 7 -        Audio/Comparative accuracy: 63.05(186/295) 
[2026-09-19 16:42:39,381]-[trainutils.py line:497]:Epoch 7 -                    Audio accuracy: 78.29(631/806) 
[2026-09-19 16:42:39,381]-[trainutils.py line:492]:Epoch 7 -          Visual/Counting accuracy: 83.50(501/600) 
[2026-09-19 16:42:39,381]-[trainutils.py line:492]:Epoch 7 -          Visual/Location accuracy: 87.60(537/613) 
[2026-09-19 16:42:39,383]-[trainutils.py line:497]:Epoch 7 -                   Visual accuracy: 85.57(1038/1213) 
[2026-09-19 16:42:39,383]-[trainutils.py line:492]:Epoch 7 - Audio-Visual/Existential accuracy: 84.24(417/495) 
[2026-09-19 16:42:39,383]-[trainutils.py line:492]:Epoch 7 -    Audio-Visual/Counting accuracy: 79.94(506/633) 
[2026-09-19 16:42:39,384]-[trainutils.py line:492]:Epoch 7 -    Audio-Visual/Location accuracy: 67.68(312/461) 
[2026-09-19 16:42:39,384]-[trainutils.py line:492]:Epoch 7 - Audio-Visual/Comparative accuracy: 62.84(345/549) 
[2026-09-19 16:42:39,384]-[trainutils.py line:492]:Epoch 7 -    Audio-Visual/Temporal accuracy: 71.78(295/411) 
[2026-09-19 16:42:39,384]-[trainutils.py line:497]:Epoch 7 -             Audio-Visual accuracy: 73.56(1875/2549) 
[2026-09-19 16:42:39,384]-[trainutils.py line:501]:Epoch 7 -                    Total accuracy: 77.58(3544/4568) 
[2026-09-19 16:42:39,442]-[train.py line:151]:best model saved at epoch 7 with acc 77.5831873905429 (ema) 
[2026-09-19 16:42:39,504]-[train.py line:167]:Epoch 7 done with 77.58 and loss 0.53125. 
[2026-09-19 16:42:39,504]-[train.py line:168]:At epoch7 best acc: 77.58. 
[2026-09-19 16:42:39,505]-[train.py line:102]:
-------------- training epoch 8 -------------- 
[2026-09-19 16:42:39,822]-[trainutils.py line:416]:[EST:    6.93m][Process Time:    0.06s]- Epoch: 8 [0000/1330 (  0%)]	Losses: ce_loss-0.3716(0.3716) loss_tacl-0.0001(0.0001) loss_sacl-0.0134(0.0134) loss_event-0.0055(0.0055) loss_evidence-0.0000(0.0000) loss_query_diversity-0.0043(0.0043) loss_position--0.0000(0.0000) total_loss-0.3716(0.3716) 
[2026-09-19 16:43:10,280]-[trainutils.py line:416]:[EST:    6.24m][Process Time:    0.07s]- Epoch: 8 [0100/1330 (  8%)]	Losses: ce_loss-0.2977(0.3796) loss_tacl-0.0001(0.0001) loss_sacl-0.0156(0.0134) loss_event-0.0048(0.0050) loss_evidence-0.0009(0.0001) loss_query_diversity-0.0043(0.0043) loss_position--0.0000(0.0000) total_loss-0.2977(0.3796) 
[2026-09-19 16:43:41,401]-[trainutils.py line:416]:[EST:    5.79m][Process Time:    0.07s]- Epoch: 8 [0200/1330 ( 15%)]	Losses: ce_loss-0.4503(0.3774) loss_tacl-0.0001(0.0001) loss_sacl-0.0119(0.0132) loss_event-0.0043(0.0048) loss_evidence-0.0000(0.0001) loss_query_diversity-0.0043(0.0043) loss_position--0.0000(0.0000) total_loss-0.4503(0.3774) 
[2026-09-19 16:44:11,674]-[trainutils.py line:416]:[EST:    5.25m][Process Time:    0.06s]- Epoch: 8 [0300/1330 ( 23%)]	Losses: ce_loss-0.2740(0.3878) loss_tacl-0.0001(0.0001) loss_sacl-0.0116(0.0130) loss_event-0.0039(0.0047) loss_evidence-0.0000(0.0001) loss_query_diversity-0.0043(0.0043) loss_position--0.0000(0.0000) total_loss-0.2740(0.3878) 
[2026-09-19 16:44:40,773]-[trainutils.py line:416]:[EST:    4.68m][Process Time:    0.06s]- Epoch: 8 [0400/1330 ( 30%)]	Losses: ce_loss-0.2945(0.3916) loss_tacl-0.0001(0.0001) loss_sacl-0.0137(0.0130) loss_event-0.0056(0.0047) loss_evidence-0.0000(0.0001) loss_query_diversity-0.0043(0.0043) loss_position--0.0000(0.0000) total_loss-0.2945(0.3916) 
[2026-09-19 16:45:06,417]-[trainutils.py line:416]:[EST:    4.05m][Process Time:    0.04s]- Epoch: 8 [0500/1330 ( 38%)]	Losses: ce_loss-0.3023(0.3963) loss_tacl-0.0001(0.0001) loss_sacl-0.0135(0.0130) loss_event-0.0045(0.0047) loss_evidence-0.0009(0.0002) loss_query_diversity-0.0043(0.0043) loss_position--0.0000(0.0000) total_loss-0.3023(0.3963) 
[2026-09-19 16:45:27,269]-[trainutils.py line:416]:[EST:    3.39m][Process Time:    0.04s]- Epoch: 8 [0600/1330 ( 45%)]	Losses: ce_loss-0.3375(0.4006) loss_tacl-0.0001(0.0001) loss_sacl-0.0147(0.0130) loss_event-0.0057(0.0048) loss_evidence-0.0000(0.0002) loss_query_diversity-0.0043(0.0043) loss_position--0.0000(0.0000) total_loss-0.3375(0.4006) 
[2026-09-19 16:45:48,395]-[trainutils.py line:416]:[EST:    2.82m][Process Time:    0.05s]- Epoch: 8 [0700/1330 ( 53%)]	Losses: ce_loss-0.4861(0.3993) loss_tacl-0.0001(0.0001) loss_sacl-0.0124(0.0130) loss_event-0.0054(0.0048) loss_evidence-0.0013(0.0002) loss_query_diversity-0.0043(0.0043) loss_position--0.0000(0.0000) total_loss-0.4861(0.3993) 
[2026-09-19 16:46:11,053]-[trainutils.py line:416]:[EST:    2.33m][Process Time:    0.05s]- Epoch: 8 [0800/1330 ( 60%)]	Losses: ce_loss-0.2275(0.3983) loss_tacl-0.0001(0.0001) loss_sacl-0.0135(0.0130) loss_event-0.0050(0.0049) loss_evidence-0.0005(0.0002) loss_query_diversity-0.0043(0.0043) loss_position--0.0000(0.0000) total_loss-0.2275(0.3983) 
[2026-09-19 16:46:33,628]-[trainutils.py line:416]:[EST:    1.86m][Process Time:    0.05s]- Epoch: 8 [0900/1330 ( 68%)]	Losses: ce_loss-0.2964(0.3964) loss_tacl-0.0001(0.0001) loss_sacl-0.0151(0.0130) loss_event-0.0060(0.0049) loss_evidence-0.0004(0.0002) loss_query_diversity-0.0043(0.0043) loss_position--0.0000(0.0000) total_loss-0.2964(0.3964) 
[2026-09-19 16:46:56,141]-[trainutils.py line:416]:[EST:    1.41m][Process Time:    0.06s]- Epoch: 8 [1000/1330 ( 75%)]	Losses: ce_loss-0.3055(0.3999) loss_tacl-0.0001(0.0001) loss_sacl-0.0124(0.0130) loss_event-0.0056(0.0049) loss_evidence-0.0000(0.0002) loss_query_diversity-0.0043(0.0043) loss_position--0.0000(0.0000) total_loss-0.3055(0.3999) 
[2026-09-19 16:47:18,899]-[trainutils.py line:416]:[EST:    0.97m][Process Time:    0.05s]- Epoch: 8 [1100/1330 ( 83%)]	Losses: ce_loss-0.3615(0.4000) loss_tacl-0.0001(0.0001) loss_sacl-0.0143(0.0130) loss_event-0.0050(0.0049) loss_evidence-0.0000(0.0002) loss_query_diversity-0.0043(0.0043) loss_position--0.0000(0.0000) total_loss-0.3615(0.4000) 
[2026-09-19 16:47:41,003]-[trainutils.py line:416]:[EST:    0.54m][Process Time:    0.05s]- Epoch: 8 [1200/1330 ( 90%)]	Losses: ce_loss-0.5531(0.4010) loss_tacl-0.0001(0.0001) loss_sacl-0.0130(0.0130) loss_event-0.0055(0.0049) loss_evidence-0.0000(0.0002) loss_query_diversity-0.0043(0.0043) loss_position--0.0000(0.0000) total_loss-0.5531(0.4010) 
[2026-09-19 16:48:03,445]-[trainutils.py line:416]:[EST:    0.12m][Process Time:    0.05s]- Epoch: 8 [1300/1330 ( 98%)]	Losses: ce_loss-0.4491(0.4015) loss_tacl-0.0001(0.0001) loss_sacl-0.0144(0.0130) loss_event-0.0063(0.0049) loss_evidence-0.0008(0.0002) loss_query_diversity-0.0043(0.0043) loss_position--0.0000(0.0000) total_loss-0.4491(0.4015) 
[2026-09-19 16:48:10,062]-[trainutils.py line:416]:[EST:   -0.00m][Process Time:    0.05s]- Epoch: 8 [1330/1330 (100%)]	Losses: ce_loss-0.1742(0.4029) loss_tacl-0.0001(0.0001) loss_sacl-0.0154(0.0130) loss_event-0.0069(0.0049) loss_evidence-0.0000(0.0002) loss_query_diversity-0.0044(0.0043) loss_position--0.0000(0.0000) total_loss-0.1742(0.4029) 
[2026-09-19 16:48:10,692]-[train.py line:106]:
-------------- validation epoch 8 -------------- 
[2026-09-19 16:48:11,012]-[trainutils.py line:461]:Test progress:   0/95 
[2026-09-19 16:48:44,646]-[trainutils.py line:461]:Test progress:  95/95 
[2026-09-19 16:48:44,646]-[trainutils.py line:492]:Epoch 8 -           Audio/Counting accuracy: 84.93(434/511) 
[2026-09-19 16:48:44,646]-[trainutils.py line:492]:Epoch 8 -        Audio/Comparative accuracy: 64.75(191/295) 
[2026-09-19 16:48:44,647]-[trainutils.py line:497]:Epoch 8 -                    Audio accuracy: 77.54(625/806) 
[2026-09-19 16:48:44,647]-[trainutils.py line:492]:Epoch 8 -          Visual/Counting accuracy: 80.17(481/600) 
[2026-09-19 16:48:44,647]-[trainutils.py line:492]:Epoch 8 -          Visual/Location accuracy: 86.13(528/613) 
[2026-09-19 16:48:44,647]-[trainutils.py line:497]:Epoch 8 -                   Visual accuracy: 83.18(1009/1213) 
[2026-09-19 16:48:44,647]-[trainutils.py line:492]:Epoch 8 - Audio-Visual/Existential accuracy: 85.66(424/495) 
[2026-09-19 16:48:44,647]-[trainutils.py line:492]:Epoch 8 -    Audio-Visual/Counting accuracy: 78.67(498/633) 
[2026-09-19 16:48:44,648]-[trainutils.py line:492]:Epoch 8 -    Audio-Visual/Location accuracy: 68.33(315/461) 
[2026-09-19 16:48:44,648]-[trainutils.py line:492]:Epoch 8 - Audio-Visual/Comparative accuracy: 63.39(348/549) 
[2026-09-19 16:48:44,648]-[trainutils.py line:492]:Epoch 8 -    Audio-Visual/Temporal accuracy: 72.51(298/411) 
[2026-09-19 16:48:44,648]-[trainutils.py line:497]:Epoch 8 -             Audio-Visual accuracy: 73.87(1883/2549) 
[2026-09-19 16:48:44,649]-[trainutils.py line:501]:Epoch 8 -                    Total accuracy: 76.99(3517/4568) 
[2026-09-19 16:48:45,022]-[trainutils.py line:461]:Test progress:   0/95 
[2026-09-19 16:49:18,323]-[trainutils.py line:461]:Test progress:  95/95 
[2026-09-19 16:49:18,323]-[trainutils.py line:492]:Epoch 8 -           Audio/Counting accuracy: 86.50(442/511) 
[2026-09-19 16:49:18,323]-[trainutils.py line:492]:Epoch 8 -        Audio/Comparative accuracy: 63.05(186/295) 
[2026-09-19 16:49:18,323]-[trainutils.py line:497]:Epoch 8 -                    Audio accuracy: 77.92(628/806) 
[2026-09-19 16:49:18,324]-[trainutils.py line:492]:Epoch 8 -          Visual/Counting accuracy: 83.83(503/600) 
[2026-09-19 16:49:18,324]-[trainutils.py line:492]:Epoch 8 -          Visual/Location accuracy: 88.09(540/613) 
[2026-09-19 16:49:18,324]-[trainutils.py line:497]:Epoch 8 -                   Visual accuracy: 85.99(1043/1213) 
[2026-09-19 16:49:18,324]-[trainutils.py line:492]:Epoch 8 - Audio-Visual/Existential accuracy: 84.85(420/495) 
[2026-09-19 16:49:18,325]-[trainutils.py line:492]:Epoch 8 -    Audio-Visual/Counting accuracy: 81.83(518/633) 
[2026-09-19 16:49:18,325]-[trainutils.py line:492]:Epoch 8 -    Audio-Visual/Location accuracy: 67.03(309/461) 
[2026-09-19 16:49:18,325]-[trainutils.py line:492]:Epoch 8 - Audio-Visual/Comparative accuracy: 62.30(342/549) 
[2026-09-19 16:49:18,325]-[trainutils.py line:492]:Epoch 8 -    Audio-Visual/Temporal accuracy: 71.29(293/411) 
[2026-09-19 16:49:18,325]-[trainutils.py line:497]:Epoch 8 -             Audio-Visual accuracy: 73.83(1882/2549) 
[2026-09-19 16:49:18,325]-[trainutils.py line:501]:Epoch 8 -                    Total accuracy: 77.78(3553/4568) 
[2026-09-19 16:49:18,367]-[train.py line:151]:best model saved at epoch 8 with acc 77.78021015761821 (ema) 
[2026-09-19 16:49:18,416]-[train.py line:167]:Epoch 8 done with 77.78 and loss 0.53906. 
[2026-09-19 16:49:18,416]-[train.py line:168]:At epoch8 best acc: 77.78. 
[2026-09-19 16:49:18,416]-[train.py line:102]:
-------------- training epoch 9 -------------- 
[2026-09-19 16:49:18,638]-[trainutils.py line:416]:[EST:    4.87m][Process Time:    0.04s]- Epoch: 9 [0000/1330 (  0%)]	Losses: ce_loss-0.4388(0.4388) loss_tacl-0.0001(0.0001) loss_sacl-0.0129(0.0129) loss_event-0.0055(0.0055) loss_evidence-0.0000(0.0000) loss_query_diversity-0.0043(0.0043) loss_position--0.0000(0.0000) total_loss-0.4388(0.4388) 
[2026-09-19 16:49:40,933]-[trainutils.py line:416]:[EST:    4.57m][Process Time:    0.06s]- Epoch: 9 [0100/1330 (  8%)]	Losses: ce_loss-0.3245(0.3488) loss_tacl-0.0001(0.0001) loss_sacl-0.0123(0.0128) loss_event-0.0047(0.0049) loss_evidence-0.0002(0.0001) loss_query_diversity-0.0043(0.0043) loss_position--0.0000(0.0000) total_loss-0.3245(0.3488) 
[2026-09-19 16:50:03,397]-[trainutils.py line:416]:[EST:    4.21m][Process Time:    0.05s]- Epoch: 9 [0200/1330 ( 15%)]	Losses: ce_loss-0.4653(0.3643) loss_tacl-0.0001(0.0001) loss_sacl-0.0120(0.0129) loss_event-0.0050(0.0049) loss_evidence-0.0000(0.0001) loss_query_diversity-0.0043(0.0043) loss_position--0.0000(0.0000) total_loss-0.4653(0.3643) 
[2026-09-19 16:50:25,509]-[trainutils.py line:416]:[EST:    3.82m][Process Time:    0.05s]- Epoch: 9 [0300/1330 ( 23%)]	Losses: ce_loss-0.4168(0.3629) loss_tacl-0.0001(0.0001) loss_sacl-0.0135(0.0129) loss_event-0.0059(0.0050) loss_evidence-0.0000(0.0001) loss_query_diversity-0.0043(0.0043) loss_position--0.0000(0.0000) total_loss-0.4168(0.3629) 
[2026-09-19 16:50:47,765]-[trainutils.py line:416]:[EST:    3.45m][Process Time:    0.05s]- Epoch: 9 [0400/1330 ( 30%)]	Losses: ce_loss-0.4775(0.3577) loss_tacl-0.0001(0.0001) loss_sacl-0.0130(0.0127) loss_event-0.0048(0.0049) loss_evidence-0.0002(0.0001) loss_query_diversity-0.0043(0.0043) loss_position--0.0000(0.0000) total_loss-0.4775(0.3577) 
[2026-09-19 16:51:10,008]-[trainutils.py line:416]:[EST:    3.08m][Process Time:    0.05s]- Epoch: 9 [0500/1330 ( 38%)]	Losses: ce_loss-0.3848(0.3609) loss_tacl-0.0001(0.0001) loss_sacl-0.0128(0.0126) loss_event-0.0044(0.0049) loss_evidence-0.0000(0.0002) loss_query_diversity-0.0043(0.0043) loss_position--0.0000(0.0000) total_loss-0.3848(0.3609) 
[2026-09-19 16:51:32,365]-[trainutils.py line:416]:[EST:    2.71m][Process Time:    0.05s]- Epoch: 9 [0600/1330 ( 45%)]	Losses: ce_loss-0.3633(0.3602) loss_tacl-0.0001(0.0001) loss_sacl-0.0119(0.0125) loss_event-0.0047(0.0049) loss_evidence-0.0000(0.0001) loss_query_diversity-0.0043(0.0043) loss_position--0.0000(0.0000) total_loss-0.3633(0.3602) 
[2026-09-19 16:51:54,651]-[trainutils.py line:416]:[EST:    2.34m][Process Time:    0.05s]- Epoch: 9 [0700/1330 ( 53%)]	Losses: ce_loss-0.3507(0.3572) loss_tacl-0.0001(0.0001) loss_sacl-0.0115(0.0125) loss_event-0.0048(0.0049) loss_evidence-0.0000(0.0002) loss_query_diversity-0.0043(0.0043) loss_position--0.0000(0.0000) total_loss-0.3507(0.3572) 
[2026-09-19 16:52:17,063]-[trainutils.py line:416]:[EST:    1.97m][Process Time:    0.05s]- Epoch: 9 [0800/1330 ( 60%)]	Losses: ce_loss-0.4096(0.3585) loss_tacl-0.0001(0.0001) loss_sacl-0.0132(0.0125) loss_event-0.0042(0.0049) loss_evidence-0.0000(0.0002) loss_query_diversity-0.0043(0.0043) loss_position--0.0000(0.0000) total_loss-0.4096(0.3585) 
[2026-09-19 16:52:39,451]-[trainutils.py line:416]:[EST:    1.60m][Process Time:    0.05s]- Epoch: 9 [0900/1330 ( 68%)]	Losses: ce_loss-0.3224(0.3587) loss_tacl-0.0001(0.0001) loss_sacl-0.0137(0.0125) loss_event-0.0052(0.0049) loss_evidence-0.0000(0.0002) loss_query_diversity-0.0043(0.0043) loss_position--0.0000(0.0000) total_loss-0.3224(0.3587) 
[2026-09-19 16:53:01,900]-[trainutils.py line:416]:[EST:    1.22m][Process Time:    0.05s]- Epoch: 9 [1000/1330 ( 75%)]	Losses: ce_loss-0.2425(0.3604) loss_tacl-0.0001(0.0001) loss_sacl-0.0137(0.0126) loss_event-0.0053(0.0050) loss_evidence-0.0000(0.0002) loss_query_diversity-0.0043(0.0043) loss_position--0.0000(0.0000) total_loss-0.2425(0.3604) 
[2026-09-19 16:53:24,103]-[trainutils.py line:416]:[EST:    0.85m][Process Time:    0.05s]- Epoch: 9 [1100/1330 ( 83%)]	Losses: ce_loss-0.3328(0.3618) loss_tacl-0.0001(0.0001) loss_sacl-0.0117(0.0126) loss_event-0.0046(0.0050) loss_evidence-0.0000(0.0002) loss_query_diversity-0.0043(0.0043) loss_position--0.0000(0.0000) total_loss-0.3328(0.3618) 
[2026-09-19 16:53:46,568]-[trainutils.py line:416]:[EST:    0.48m][Process Time:    0.05s]- Epoch: 9 [1200/1330 ( 90%)]	Losses: ce_loss-0.3356(0.3614) loss_tacl-0.0001(0.0001) loss_sacl-0.0125(0.0125) loss_event-0.0043(0.0050) loss_evidence-0.0000(0.0002) loss_query_diversity-0.0043(0.0043) loss_position--0.0000(0.0000) total_loss-0.3356(0.3614) 
[2026-09-19 16:54:09,002]-[trainutils.py line:416]:[EST:    0.11m][Process Time:    0.05s]- Epoch: 9 [1300/1330 ( 98%)]	Losses: ce_loss-0.7594(0.3620) loss_tacl-0.0001(0.0001) loss_sacl-0.0108(0.0125) loss_event-0.0046(0.0050) loss_evidence-0.0002(0.0002) loss_query_diversity-0.0043(0.0043) loss_position--0.0000(0.0000) total_loss-0.7594(0.3620) 
[2026-09-19 16:54:15,586]-[trainutils.py line:416]:[EST:   -0.00m][Process Time:    0.05s]- Epoch: 9 [1330/1330 (100%)]	Losses: ce_loss-0.3606(0.3626) loss_tacl-0.0001(0.0001) loss_sacl-0.0119(0.0125) loss_event-0.0055(0.0050) loss_evidence-0.0000(0.0002) loss_query_diversity-0.0043(0.0043) loss_position--0.0000(0.0000) total_loss-0.3606(0.3626) 
[2026-09-19 16:54:16,193]-[train.py line:106]:
-------------- validation epoch 9 -------------- 
[2026-09-19 16:54:16,532]-[trainutils.py line:461]:Test progress:   0/95 
[2026-09-19 16:54:50,053]-[trainutils.py line:461]:Test progress:  95/95 
[2026-09-19 16:54:50,054]-[trainutils.py line:492]:Epoch 9 -           Audio/Counting accuracy: 85.32(436/511) 
[2026-09-19 16:54:50,054]-[trainutils.py line:492]:Epoch 9 -        Audio/Comparative accuracy: 61.69(182/295) 
[2026-09-19 16:54:50,054]-[trainutils.py line:497]:Epoch 9 -                    Audio accuracy: 76.67(618/806) 
[2026-09-19 16:54:50,054]-[trainutils.py line:492]:Epoch 9 -          Visual/Counting accuracy: 81.83(491/600) 
[2026-09-19 16:54:50,055]-[trainutils.py line:492]:Epoch 9 -          Visual/Location accuracy: 86.62(531/613) 
[2026-09-19 16:54:50,055]-[trainutils.py line:497]:Epoch 9 -                   Visual accuracy: 84.25(1022/1213) 
[2026-09-19 16:54:50,055]-[trainutils.py line:492]:Epoch 9 - Audio-Visual/Existential accuracy: 83.23(412/495) 
[2026-09-19 16:54:50,055]-[trainutils.py line:492]:Epoch 9 -    Audio-Visual/Counting accuracy: 78.36(496/633) 
[2026-09-19 16:54:50,055]-[trainutils.py line:492]:Epoch 9 -    Audio-Visual/Location accuracy: 67.03(309/461) 
[2026-09-19 16:54:50,055]-[trainutils.py line:492]:Epoch 9 - Audio-Visual/Comparative accuracy: 62.11(341/549) 
[2026-09-19 16:54:50,055]-[trainutils.py line:492]:Epoch 9 -    Audio-Visual/Temporal accuracy: 70.07(288/411) 
[2026-09-19 16:54:50,055]-[trainutils.py line:497]:Epoch 9 -             Audio-Visual accuracy: 72.42(1846/2549) 
[2026-09-19 16:54:50,055]-[trainutils.py line:501]:Epoch 9 -                    Total accuracy: 76.31(3486/4568) 
[2026-09-19 16:54:50,432]-[trainutils.py line:461]:Test progress:   0/95 
[2026-09-19 16:55:23,907]-[trainutils.py line:461]:Test progress:  95/95 
[2026-09-19 16:55:23,907]-[trainutils.py line:492]:Epoch 9 -           Audio/Counting accuracy: 86.69(443/511) 
[2026-09-19 16:55:23,908]-[trainutils.py line:492]:Epoch 9 -        Audio/Comparative accuracy: 62.71(185/295) 
[2026-09-19 16:55:23,908]-[trainutils.py line:497]:Epoch 9 -                    Audio accuracy: 77.92(628/806) 
[2026-09-19 16:55:23,908]-[trainutils.py line:492]:Epoch 9 -          Visual/Counting accuracy: 83.50(501/600) 
[2026-09-19 16:55:23,909]-[trainutils.py line:492]:Epoch 9 -          Visual/Location accuracy: 87.60(537/613) 
[2026-09-19 16:55:23,909]-[trainutils.py line:497]:Epoch 9 -                   Visual accuracy: 85.57(1038/1213) 
[2026-09-19 16:55:23,909]-[trainutils.py line:492]:Epoch 9 - Audio-Visual/Existential accuracy: 84.65(419/495) 
[2026-09-19 16:55:23,909]-[trainutils.py line:492]:Epoch 9 -    Audio-Visual/Counting accuracy: 81.04(513/633) 
[2026-09-19 16:55:23,909]-[trainutils.py line:492]:Epoch 9 -    Audio-Visual/Location accuracy: 67.25(310/461) 
[2026-09-19 16:55:23,910]-[trainutils.py line:492]:Epoch 9 - Audio-Visual/Comparative accuracy: 63.02(346/549) 
[2026-09-19 16:55:23,910]-[trainutils.py line:492]:Epoch 9 -    Audio-Visual/Temporal accuracy: 71.78(295/411) 
[2026-09-19 16:55:23,910]-[trainutils.py line:497]:Epoch 9 -             Audio-Visual accuracy: 73.87(1883/2549) 
[2026-09-19 16:55:23,910]-[trainutils.py line:501]:Epoch 9 -                    Total accuracy: 77.69(3549/4568) 
[2026-09-19 16:55:23,914]-[train.py line:167]:Epoch 9 done with 77.69 and loss 0.55469. 
[2026-09-19 16:55:23,915]-[train.py line:168]:At epoch8 best acc: 77.78. 
[2026-09-19 16:55:23,915]-[train.py line:102]:
-------------- training epoch 10 -------------- 
[2026-09-19 16:55:24,124]-[trainutils.py line:416]:[EST:    4.61m][Process Time:    0.04s]- Epoch: 10 [0000/1330 (  0%)]	Losses: ce_loss-0.2767(0.2767) loss_tacl-0.0001(0.0001) loss_sacl-0.0135(0.0135) loss_event-0.0050(0.0050) loss_evidence-0.0003(0.0003) loss_query_diversity-0.0043(0.0043) loss_position--0.0000(0.0000) total_loss-0.2767(0.2767) 
[2026-09-19 16:55:46,347]-[trainutils.py line:416]:[EST:    4.55m][Process Time:    0.04s]- Epoch: 10 [0100/1330 (  8%)]	Losses: ce_loss-0.3506(0.3118) loss_tacl-0.0001(0.0001) loss_sacl-0.0115(0.0126) loss_event-0.0050(0.0053) loss_evidence-0.0000(0.0000) loss_query_diversity-0.0043(0.0043) loss_position--0.0000(0.0000) total_loss-0.3506(0.3118) 
[2026-09-19 16:56:08,897]-[trainutils.py line:416]:[EST:    4.21m][Process Time:    0.05s]- Epoch: 10 [0200/1330 ( 15%)]	Losses: ce_loss-0.2995(0.3191) loss_tacl-0.0001(0.0001) loss_sacl-0.0135(0.0124) loss_event-0.0046(0.0052) loss_evidence-0.0004(0.0001) loss_query_diversity-0.0043(0.0043) loss_position--0.0000(0.0000) total_loss-0.2995(0.3191) 
[2026-09-19 16:56:31,132]-[trainutils.py line:416]:[EST:    3.83m][Process Time:    0.05s]- Epoch: 10 [0300/1330 ( 23%)]	Losses: ce_loss-0.7021(0.3167) loss_tacl-0.0001(0.0001) loss_sacl-0.0114(0.0124) loss_event-0.0051(0.0052) loss_evidence-0.0010(0.0001) loss_query_diversity-0.0043(0.0043) loss_position--0.0000(0.0000) total_loss-0.7021(0.3167) 
[2026-09-19 16:56:53,061]-[trainutils.py line:416]:[EST:    3.44m][Process Time:    0.04s]- Epoch: 10 [0400/1330 ( 30%)]	Losses: ce_loss-0.2826(0.3183) loss_tacl-0.0001(0.0001) loss_sacl-0.0133(0.0123) loss_event-0.0052(0.0052) loss_evidence-0.0000(0.0001) loss_query_diversity-0.0043(0.0043) loss_position--0.0000(0.0000) total_loss-0.2826(0.3183) 
[2026-09-19 16:57:15,630]-[trainutils.py line:416]:[EST:    3.08m][Process Time:    0.05s]- Epoch: 10 [0500/1330 ( 38%)]	Losses: ce_loss-0.3127(0.3202) loss_tacl-0.0001(0.0001) loss_sacl-0.0127(0.0122) loss_event-0.0059(0.0052) loss_evidence-0.0000(0.0001) loss_query_diversity-0.0043(0.0043) loss_position--0.0000(0.0000) total_loss-0.3127(0.3202) 
[2026-09-19 16:57:38,398]-[trainutils.py line:416]:[EST:    2.72m][Process Time:    0.05s]- Epoch: 10 [0600/1330 ( 45%)]	Losses: ce_loss-0.1743(0.3167) loss_tacl-0.0001(0.0001) loss_sacl-0.0129(0.0122) loss_event-0.0064(0.0052) loss_evidence-0.0000(0.0001) loss_query_diversity-0.0043(0.0043) loss_position--0.0000(0.0000) total_loss-0.1743(0.3167) 
[2026-09-19 16:58:00,847]-[trainutils.py line:416]:[EST:    2.35m][Process Time:    0.05s]- Epoch: 10 [0700/1330 ( 53%)]	Losses: ce_loss-0.3505(0.3180) loss_tacl-0.0001(0.0001) loss_sacl-0.0121(0.0122) loss_event-0.0044(0.0052) loss_evidence-0.0000(0.0001) loss_query_diversity-0.0043(0.0043) loss_position--0.0000(0.0000) total_loss-0.3505(0.3180) 
[2026-09-19 16:58:22,864]-[trainutils.py line:416]:[EST:    1.97m][Process Time:    0.05s]- Epoch: 10 [0800/1330 ( 60%)]	Losses: ce_loss-0.3452(0.3186) loss_tacl-0.0001(0.0001) loss_sacl-0.0135(0.0122) loss_event-0.0049(0.0052) loss_evidence-0.0000(0.0001) loss_query_diversity-0.0043(0.0043) loss_position--0.0000(0.0000) total_loss-0.3452(0.3186) 
[2026-09-19 16:58:45,184]-[trainutils.py line:416]:[EST:    1.60m][Process Time:    0.05s]- Epoch: 10 [0900/1330 ( 68%)]	Losses: ce_loss-0.3549(0.3205) loss_tacl-0.0001(0.0001) loss_sacl-0.0120(0.0122) loss_event-0.0044(0.0052) loss_evidence-0.0000(0.0001) loss_query_diversity-0.0043(0.0043) loss_position--0.0000(0.0000) total_loss-0.3549(0.3205) 
[2026-09-19 16:59:07,486]-[trainutils.py line:416]:[EST:    1.22m][Process Time:    0.05s]- Epoch: 10 [1000/1330 ( 75%)]	Losses: ce_loss-0.4467(0.3200) loss_tacl-0.0001(0.0001) loss_sacl-0.0100(0.0121) loss_event-0.0043(0.0052) loss_evidence-0.0000(0.0001) loss_query_diversity-0.0043(0.0043) loss_position--0.0000(0.0000) total_loss-0.4467(0.3200) 
[2026-09-19 16:59:29,644]-[trainutils.py line:416]:[EST:    0.85m][Process Time:    0.05s]- Epoch: 10 [1100/1330 ( 83%)]	Losses: ce_loss-0.3775(0.3208) loss_tacl-0.0001(0.0001) loss_sacl-0.0109(0.0121) loss_event-0.0049(0.0052) loss_evidence-0.0000(0.0001) loss_query_diversity-0.0043(0.0043) loss_position--0.0000(0.0000) total_loss-0.3775(0.3208) 
[2026-09-19 16:59:51,606]-[trainutils.py line:416]:[EST:    0.48m][Process Time:    0.05s]- Epoch: 10 [1200/1330 ( 90%)]	Losses: ce_loss-0.2790(0.3211) loss_tacl-0.0001(0.0001) loss_sacl-0.0129(0.0121) loss_event-0.0064(0.0052) loss_evidence-0.0000(0.0001) loss_query_diversity-0.0043(0.0043) loss_position--0.0000(0.0000) total_loss-0.2790(0.3211) 
[2026-09-19 17:00:14,077]-[trainutils.py line:416]:[EST:    0.11m][Process Time:    0.05s]- Epoch: 10 [1300/1330 ( 98%)]	Losses: ce_loss-0.2706(0.3219) loss_tacl-0.0001(0.0001) loss_sacl-0.0123(0.0121) loss_event-0.0053(0.0052) loss_evidence-0.0000(0.0001) loss_query_diversity-0.0043(0.0043) loss_position--0.0000(0.0000) total_loss-0.2706(0.3219) 
[2026-09-19 17:00:20,714]-[trainutils.py line:416]:[EST:   -0.00m][Process Time:    0.05s]- Epoch: 10 [1330/1330 (100%)]	Losses: ce_loss-0.2620(0.3228) loss_tacl-0.0001(0.0001) loss_sacl-0.0119(0.0121) loss_event-0.0065(0.0052) loss_evidence-0.0000(0.0001) loss_query_diversity-0.0043(0.0043) loss_position--0.0000(0.0000) total_loss-0.2620(0.3228) 
[2026-09-19 17:00:21,315]-[train.py line:106]:
-------------- validation epoch 10 -------------- 
[2026-09-19 17:00:21,659]-[trainutils.py line:461]:Test progress:   0/95 
[2026-09-19 17:00:55,155]-[trainutils.py line:461]:Test progress:  95/95 
[2026-09-19 17:00:55,155]-[trainutils.py line:492]:Epoch 10 -           Audio/Counting accuracy: 84.54(432/511) 
[2026-09-19 17:00:55,155]-[trainutils.py line:492]:Epoch 10 -        Audio/Comparative accuracy: 61.69(182/295) 
[2026-09-19 17:00:55,156]-[trainutils.py line:497]:Epoch 10 -                    Audio accuracy: 76.18(614/806) 
[2026-09-19 17:00:55,156]-[trainutils.py line:492]:Epoch 10 -          Visual/Counting accuracy: 83.50(501/600) 
[2026-09-19 17:00:55,157]-[trainutils.py line:492]:Epoch 10 -          Visual/Location accuracy: 86.95(533/613) 
[2026-09-19 17:00:55,157]-[trainutils.py line:497]:Epoch 10 -                   Visual accuracy: 85.24(1034/1213) 
[2026-09-19 17:00:55,157]-[trainutils.py line:492]:Epoch 10 - Audio-Visual/Existential accuracy: 83.23(412/495) 
[2026-09-19 17:00:55,157]-[trainutils.py line:492]:Epoch 10 -    Audio-Visual/Counting accuracy: 77.73(492/633) 
[2026-09-19 17:00:55,157]-[trainutils.py line:492]:Epoch 10 -    Audio-Visual/Location accuracy: 67.25(310/461) 
[2026-09-19 17:00:55,158]-[trainutils.py line:492]:Epoch 10 - Audio-Visual/Comparative accuracy: 61.57(338/549) 
[2026-09-19 17:00:55,158]-[trainutils.py line:492]:Epoch 10 -    Audio-Visual/Temporal accuracy: 72.02(296/411) 
[2026-09-19 17:00:55,158]-[trainutils.py line:497]:Epoch 10 -             Audio-Visual accuracy: 72.50(1848/2549) 
[2026-09-19 17:00:55,158]-[trainutils.py line:501]:Epoch 10 -                    Total accuracy: 76.53(3496/4568) 
[2026-09-19 17:00:55,514]-[trainutils.py line:461]:Test progress:   0/95 
[2026-09-19 17:01:28,608]-[trainutils.py line:461]:Test progress:  95/95 
[2026-09-19 17:01:28,608]-[trainutils.py line:492]:Epoch 10 -           Audio/Counting accuracy: 86.30(441/511) 
[2026-09-19 17:01:28,608]-[trainutils.py line:492]:Epoch 10 -        Audio/Comparative accuracy: 62.71(185/295) 
[2026-09-19 17:01:28,610]-[trainutils.py line:497]:Epoch 10 -                    Audio accuracy: 77.67(626/806) 
[2026-09-19 17:01:28,610]-[trainutils.py line:492]:Epoch 10 -          Visual/Counting accuracy: 84.00(504/600) 
[2026-09-19 17:01:28,610]-[trainutils.py line:492]:Epoch 10 -          Visual/Location accuracy: 87.28(535/613) 
[2026-09-19 17:01:28,610]-[trainutils.py line:497]:Epoch 10 -                   Visual accuracy: 85.66(1039/1213) 
[2026-09-19 17:01:28,610]-[trainutils.py line:492]:Epoch 10 - Audio-Visual/Existential accuracy: 84.85(420/495) 
[2026-09-19 17:01:28,610]-[trainutils.py line:492]:Epoch 10 -    Audio-Visual/Counting accuracy: 80.88(512/633) 
[2026-09-19 17:01:28,611]-[trainutils.py line:492]:Epoch 10 -    Audio-Visual/Location accuracy: 66.59(307/461) 
[2026-09-19 17:01:28,611]-[trainutils.py line:492]:Epoch 10 - Audio-Visual/Comparative accuracy: 63.21(347/549) 
[2026-09-19 17:01:28,611]-[trainutils.py line:492]:Epoch 10 -    Audio-Visual/Temporal accuracy: 72.02(296/411) 
[2026-09-19 17:01:28,611]-[trainutils.py line:497]:Epoch 10 -             Audio-Visual accuracy: 73.83(1882/2549) 
[2026-09-19 17:01:28,612]-[trainutils.py line:501]:Epoch 10 -                    Total accuracy: 77.65(3547/4568) 
[2026-09-19 17:01:28,615]-[train.py line:167]:Epoch 10 done with 77.65 and loss 0.58203. 
[2026-09-19 17:01:28,616]-[train.py line:168]:At epoch8 best acc: 77.78. 
[2026-09-19 17:01:28,616]-[train.py line:102]:
-------------- training epoch 11 -------------- 
[2026-09-19 17:01:28,841]-[trainutils.py line:416]:[EST:    4.94m][Process Time:    0.05s]- Epoch: 11 [0000/1330 (  0%)]	Losses: ce_loss-0.3087(0.3087) loss_tacl-0.0001(0.0001) loss_sacl-0.0099(0.0099) loss_event-0.0048(0.0048) loss_evidence-0.0000(0.0000) loss_query_diversity-0.0043(0.0043) loss_position--0.0000(0.0000) total_loss-0.3087(0.3087) 
[2026-09-19 17:01:51,816]-[trainutils.py line:416]:[EST:    4.70m][Process Time:    0.05s]- Epoch: 11 [0100/1330 (  8%)]	Losses: ce_loss-0.2103(0.2816) loss_tacl-0.0001(0.0001) loss_sacl-0.0117(0.0118) loss_event-0.0051(0.0052) loss_evidence-0.0000(0.0002) loss_query_diversity-0.0043(0.0043) loss_position--0.0000(0.0000) total_loss-0.2103(0.2816) 
[2026-09-19 17:02:14,485]-[trainutils.py line:416]:[EST:    4.29m][Process Time:    0.05s]- Epoch: 11 [0200/1330 ( 15%)]	Losses: ce_loss-0.1826(0.2722) loss_tacl-0.0001(0.0001) loss_sacl-0.0113(0.0119) loss_event-0.0052(0.0053) loss_evidence-0.0000(0.0001) loss_query_diversity-0.0043(0.0043) loss_position--0.0000(0.0000) total_loss-0.1826(0.2722) 
[2026-09-19 17:02:36,936]-[trainutils.py line:416]:[EST:    3.89m][Process Time:    0.05s]- Epoch: 11 [0300/1330 ( 23%)]	Losses: ce_loss-0.2904(0.2793) loss_tacl-0.0001(0.0001) loss_sacl-0.0122(0.0120) loss_event-0.0051(0.0054) loss_evidence-0.0000(0.0001) loss_query_diversity-0.0043(0.0043) loss_position--0.0000(0.0000) total_loss-0.2904(0.2793) 
[2026-09-19 17:02:59,798]-[trainutils.py line:416]:[EST:    3.52m][Process Time:    0.04s]- Epoch: 11 [0400/1330 ( 30%)]	Losses: ce_loss-0.4711(0.2838) loss_tacl-0.0001(0.0001) loss_sacl-0.0098(0.0119) loss_event-0.0050(0.0053) loss_evidence-0.0000(0.0001) loss_query_diversity-0.0043(0.0043) loss_position--0.0000(0.0000) total_loss-0.4711(0.2838) 
[2026-09-19 17:03:22,108]-[trainutils.py line:416]:[EST:    3.13m][Process Time:    0.05s]- Epoch: 11 [0500/1330 ( 38%)]	Losses: ce_loss-0.2772(0.2846) loss_tacl-0.0001(0.0001) loss_sacl-0.0107(0.0119) loss_event-0.0047(0.0053) loss_evidence-0.0000(0.0001) loss_query_diversity-0.0043(0.0043) loss_position--0.0000(0.0000) total_loss-0.2772(0.2846) 
[2026-09-19 17:03:44,778]-[trainutils.py line:416]:[EST:    2.75m][Process Time:    0.05s]- Epoch: 11 [0600/1330 ( 45%)]	Losses: ce_loss-0.2010(0.2843) loss_tacl-0.0001(0.0001) loss_sacl-0.0122(0.0119) loss_event-0.0055(0.0053) loss_evidence-0.0000(0.0001) loss_query_diversity-0.0043(0.0043) loss_position--0.0000(0.0000) total_loss-0.2010(0.2843) 
[2026-09-19 17:04:12,192]-[trainutils.py line:416]:[EST:    2.45m][Process Time:    0.06s]- Epoch: 11 [0700/1330 ( 53%)]	Losses: ce_loss-0.3445(0.2848) loss_tacl-0.0001(0.0001) loss_sacl-0.0101(0.0119) loss_event-0.0045(0.0053) loss_evidence-0.0013(0.0001) loss_query_diversity-0.0043(0.0043) loss_position--0.0000(0.0000) total_loss-0.3445(0.2848) 
[2026-09-19 17:04:38,645]-[trainutils.py line:416]:[EST:    2.09m][Process Time:    0.07s]- Epoch: 11 [0800/1330 ( 60%)]	Losses: ce_loss-0.1704(0.2839) loss_tacl-0.0001(0.0001) loss_sacl-0.0121(0.0118) loss_event-0.0056(0.0053) loss_evidence-0.0000(0.0001) loss_query_diversity-0.0043(0.0043) loss_position--0.0000(0.0000) total_loss-0.1704(0.2839) 
[2026-09-19 17:05:09,849]-[trainutils.py line:416]:[EST:    1.76m][Process Time:    0.07s]- Epoch: 11 [0900/1330 ( 68%)]	Losses: ce_loss-0.3180(0.2829) loss_tacl-0.0001(0.0001) loss_sacl-0.0107(0.0118) loss_event-0.0055(0.0053) loss_evidence-0.0000(0.0001) loss_query_diversity-0.0043(0.0043) loss_position--0.0000(0.0000) total_loss-0.3180(0.2829) 
[2026-09-19 17:05:41,498]-[trainutils.py line:416]:[EST:    1.39m][Process Time:    0.07s]- Epoch: 11 [1000/1330 ( 75%)]	Losses: ce_loss-0.3109(0.2853) loss_tacl-0.0001(0.0001) loss_sacl-0.0107(0.0117) loss_event-0.0045(0.0053) loss_evidence-0.0000(0.0001) loss_query_diversity-0.0043(0.0043) loss_position--0.0000(0.0000) total_loss-0.3109(0.2853) 
[2026-09-19 17:06:14,656]-[trainutils.py line:416]:[EST:    0.99m][Process Time:    0.07s]- Epoch: 11 [1100/1330 ( 83%)]	Losses: ce_loss-0.6657(0.2848) loss_tacl-0.0001(0.0001) loss_sacl-0.0116(0.0117) loss_event-0.0054(0.0052) loss_evidence-0.0000(0.0001) loss_query_diversity-0.0043(0.0043) loss_position--0.0000(0.0000) total_loss-0.6657(0.2848) 
[2026-09-19 17:06:47,100]-[trainutils.py line:416]:[EST:    0.57m][Process Time:    0.07s]- Epoch: 11 [1200/1330 ( 90%)]	Losses: ce_loss-0.2301(0.2870) loss_tacl-0.0001(0.0001) loss_sacl-0.0107(0.0116) loss_event-0.0043(0.0052) loss_evidence-0.0000(0.0001) loss_query_diversity-0.0043(0.0043) loss_position--0.0000(0.0000) total_loss-0.2301(0.2870) 
[2026-09-19 17:07:19,613]-[trainutils.py line:416]:[EST:    0.13m][Process Time:    0.07s]- Epoch: 11 [1300/1330 ( 98%)]	Losses: ce_loss-0.2993(0.2874) loss_tacl-0.0001(0.0001) loss_sacl-0.0108(0.0116) loss_event-0.0054(0.0053) loss_evidence-0.0000(0.0001) loss_query_diversity-0.0043(0.0043) loss_position--0.0000(0.0000) total_loss-0.2993(0.2874) 
[2026-09-19 17:07:29,424]-[trainutils.py line:416]:[EST:   -0.00m][Process Time:    0.10s]- Epoch: 11 [1330/1330 (100%)]	Losses: ce_loss-0.2156(0.2878) loss_tacl-0.0001(0.0001) loss_sacl-0.0109(0.0116) loss_event-0.0050(0.0053) loss_evidence-0.0000(0.0001) loss_query_diversity-0.0043(0.0043) loss_position--0.0000(0.0000) total_loss-0.2156(0.2878) 
[2026-09-19 17:07:33,082]-[train.py line:106]:
-------------- validation epoch 11 -------------- 
[2026-09-19 17:07:33,739]-[trainutils.py line:461]:Test progress:   0/95 
[2026-09-19 17:08:21,763]-[trainutils.py line:461]:Test progress:  95/95 
[2026-09-19 17:08:21,765]-[trainutils.py line:492]:Epoch 11 -           Audio/Counting accuracy: 84.74(433/511) 
[2026-09-19 17:08:21,766]-[trainutils.py line:492]:Epoch 11 -        Audio/Comparative accuracy: 60.34(178/295) 
[2026-09-19 17:08:21,766]-[trainutils.py line:497]:Epoch 11 -                    Audio accuracy: 75.81(611/806) 
[2026-09-19 17:08:21,768]-[trainutils.py line:492]:Epoch 11 -          Visual/Counting accuracy: 84.83(509/600) 
[2026-09-19 17:08:21,768]-[trainutils.py line:492]:Epoch 11 -          Visual/Location accuracy: 88.25(541/613) 
[2026-09-19 17:08:21,768]-[trainutils.py line:497]:Epoch 11 -                   Visual accuracy: 86.56(1050/1213) 
[2026-09-19 17:08:21,768]-[trainutils.py line:492]:Epoch 11 - Audio-Visual/Existential accuracy: 82.63(409/495) 
[2026-09-19 17:08:21,769]-[trainutils.py line:492]:Epoch 11 -    Audio-Visual/Counting accuracy: 78.52(497/633) 
[2026-09-19 17:08:21,769]-[trainutils.py line:492]:Epoch 11 -    Audio-Visual/Location accuracy: 67.90(313/461) 
[2026-09-19 17:08:21,769]-[trainutils.py line:492]:Epoch 11 - Audio-Visual/Comparative accuracy: 61.93(340/549) 
[2026-09-19 17:08:21,769]-[trainutils.py line:492]:Epoch 11 -    Audio-Visual/Temporal accuracy: 72.75(299/411) 
[2026-09-19 17:08:21,769]-[trainutils.py line:497]:Epoch 11 -             Audio-Visual accuracy: 72.89(1858/2549) 
[2026-09-19 17:08:21,769]-[trainutils.py line:501]:Epoch 11 -                    Total accuracy: 77.04(3519/4568) 
[2026-09-19 17:08:22,321]-[trainutils.py line:461]:Test progress:   0/95 
[2026-09-19 17:09:11,855]-[trainutils.py line:461]:Test progress:  95/95 
[2026-09-19 17:09:11,857]-[trainutils.py line:492]:Epoch 11 -           Audio/Counting accuracy: 85.32(436/511) 
[2026-09-19 17:09:11,857]-[trainutils.py line:492]:Epoch 11 -        Audio/Comparative accuracy: 62.71(185/295) 
[2026-09-19 17:09:11,857]-[trainutils.py line:497]:Epoch 11 -                    Audio accuracy: 77.05(621/806) 
[2026-09-19 17:09:11,857]-[trainutils.py line:492]:Epoch 11 -          Visual/Counting accuracy: 84.00(504/600) 
[2026-09-19 17:09:11,857]-[trainutils.py line:492]:Epoch 11 -          Visual/Location accuracy: 87.28(535/613) 
[2026-09-19 17:09:11,858]-[trainutils.py line:497]:Epoch 11 -                   Visual accuracy: 85.66(1039/1213) 
[2026-09-19 17:09:11,858]-[trainutils.py line:492]:Epoch 11 - Audio-Visual/Existential accuracy: 83.64(414/495) 
[2026-09-19 17:09:11,858]-[trainutils.py line:492]:Epoch 11 -    Audio-Visual/Counting accuracy: 80.09(507/633) 
[2026-09-19 17:09:11,858]-[trainutils.py line:492]:Epoch 11 -    Audio-Visual/Location accuracy: 66.81(308/461) 
[2026-09-19 17:09:11,858]-[trainutils.py line:492]:Epoch 11 - Audio-Visual/Comparative accuracy: 62.48(343/549) 
[2026-09-19 17:09:11,858]-[trainutils.py line:492]:Epoch 11 -    Audio-Visual/Temporal accuracy: 71.53(294/411) 
[2026-09-19 17:09:11,858]-[trainutils.py line:497]:Epoch 11 -             Audio-Visual accuracy: 73.21(1866/2549) 
[2026-09-19 17:09:11,859]-[trainutils.py line:501]:Epoch 11 -                    Total accuracy: 77.19(3526/4568) 
[2026-09-19 17:09:11,868]-[train.py line:167]:Epoch 11 done with 77.19 and loss 0.60547. 
[2026-09-19 17:09:11,868]-[train.py line:168]:At epoch8 best acc: 77.78. 
[2026-09-19 17:09:11,868]-[train.py line:102]:
-------------- training epoch 12 -------------- 
[2026-09-19 17:09:12,191]-[trainutils.py line:416]:[EST:    7.08m][Process Time:    0.07s]- Epoch: 12 [0000/1330 (  0%)]	Losses: ce_loss-0.2975(0.2975) loss_tacl-0.0001(0.0001) loss_sacl-0.0113(0.0113) loss_event-0.0048(0.0048) loss_evidence-0.0000(0.0000) loss_query_diversity-0.0043(0.0043) loss_position--0.0000(0.0000) total_loss-0.2975(0.2975) 
[2026-09-19 17:09:44,678]-[trainutils.py line:416]:[EST:    6.65m][Process Time:    0.08s]- Epoch: 12 [0100/1330 (  8%)]	Losses: ce_loss-0.5198(0.2561) loss_tacl-0.0001(0.0001) loss_sacl-0.0110(0.0114) loss_event-0.0047(0.0054) loss_evidence-0.0001(0.0001) loss_query_diversity-0.0043(0.0043) loss_position--0.0000(0.0000) total_loss-0.5198(0.2561) 
[2026-09-19 17:10:18,552]-[trainutils.py line:416]:[EST:    6.24m][Process Time:    0.07s]- Epoch: 12 [0200/1330 ( 15%)]	Losses: ce_loss-0.3162(0.2499) loss_tacl-0.0001(0.0001) loss_sacl-0.0122(0.0113) loss_event-0.0048(0.0054) loss_evidence-0.0000(0.0001) loss_query_diversity-0.0043(0.0043) loss_position--0.0000(0.0000) total_loss-0.3162(0.2499) 
[2026-09-19 17:10:49,472]-[trainutils.py line:416]:[EST:    5.56m][Process Time:    0.07s]- Epoch: 12 [0300/1330 ( 23%)]	Losses: ce_loss-0.2324(0.2478) loss_tacl-0.0001(0.0001) loss_sacl-0.0121(0.0113) loss_event-0.0059(0.0054) loss_evidence-0.0000(0.0001) loss_query_diversity-0.0043(0.0043) loss_position--0.0000(0.0000) total_loss-0.2324(0.2478) 
[2026-09-19 17:11:20,711]-[trainutils.py line:416]:[EST:    4.97m][Process Time:    0.07s]- Epoch: 12 [0400/1330 ( 30%)]	Losses: ce_loss-0.2518(0.2508) loss_tacl-0.0001(0.0001) loss_sacl-0.0120(0.0113) loss_event-0.0047(0.0053) loss_evidence-0.0000(0.0001) loss_query_diversity-0.0043(0.0043) loss_position--0.0000(0.0000) total_loss-0.2518(0.2508) 
[2026-09-19 17:11:51,605]-[trainutils.py line:416]:[EST:    4.41m][Process Time:    0.07s]- Epoch: 12 [0500/1330 ( 38%)]	Losses: ce_loss-0.5353(0.2526) loss_tacl-0.0001(0.0001) loss_sacl-0.0109(0.0113) loss_event-0.0053(0.0053) loss_evidence-0.0000(0.0001) loss_query_diversity-0.0043(0.0043) loss_position--0.0000(0.0000) total_loss-0.5353(0.2526) 
[2026-09-19 17:12:23,432]-[trainutils.py line:416]:[EST:    3.87m][Process Time:    0.07s]- Epoch: 12 [0600/1330 ( 45%)]	Losses: ce_loss-0.2963(0.2508) loss_tacl-0.0001(0.0001) loss_sacl-0.0113(0.0113) loss_event-0.0055(0.0053) loss_evidence-0.0000(0.0001) loss_query_diversity-0.0043(0.0043) loss_position--0.0000(0.0000) total_loss-0.2963(0.2508) 
[2026-09-19 17:12:55,421]-[trainutils.py line:416]:[EST:    3.34m][Process Time:    0.06s]- Epoch: 12 [0700/1330 ( 53%)]	Losses: ce_loss-0.2104(0.2501) loss_tacl-0.0001(0.0001) loss_sacl-0.0121(0.0113) loss_event-0.0053(0.0053) loss_evidence-0.0000(0.0001) loss_query_diversity-0.0043(0.0043) loss_position--0.0000(0.0000) total_loss-0.2104(0.2501) 
[2026-09-19 17:13:26,968]-[trainutils.py line:416]:[EST:    2.81m][Process Time:    0.07s]- Epoch: 12 [0800/1330 ( 60%)]	Losses: ce_loss-0.1635(0.2509) loss_tacl-0.0001(0.0001) loss_sacl-0.0122(0.0113) loss_event-0.0058(0.0053) loss_evidence-0.0000(0.0001) loss_query_diversity-0.0043(0.0043) loss_position--0.0000(0.0000) total_loss-0.1635(0.2509) 
[2026-09-19 17:13:57,466]-[trainutils.py line:416]:[EST:    2.27m][Process Time:    0.07s]- Epoch: 12 [0900/1330 ( 68%)]	Losses: ce_loss-0.2155(0.2526) loss_tacl-0.0001(0.0001) loss_sacl-0.0098(0.0113) loss_event-0.0048(0.0053) loss_evidence-0.0000(0.0001) loss_query_diversity-0.0043(0.0043) loss_position--0.0000(0.0000) total_loss-0.2155(0.2526) 
[2026-09-19 17:14:28,800]-[trainutils.py line:416]:[EST:    1.74m][Process Time:    0.07s]- Epoch: 12 [1000/1330 ( 75%)]	Losses: ce_loss-0.4625(0.2534) loss_tacl-0.0001(0.0001) loss_sacl-0.0102(0.0112) loss_event-0.0052(0.0053) loss_evidence-0.0000(0.0001) loss_query_diversity-0.0043(0.0043) loss_position--0.0000(0.0000) total_loss-0.4625(0.2534) 
[2026-09-19 17:14:59,978]-[trainutils.py line:416]:[EST:    1.21m][Process Time:    0.07s]- Epoch: 12 [1100/1330 ( 83%)]	Losses: ce_loss-0.3758(0.2559) loss_tacl-0.0001(0.0001) loss_sacl-0.0098(0.0112) loss_event-0.0049(0.0053) loss_evidence-0.0000(0.0001) loss_query_diversity-0.0043(0.0043) loss_position--0.0000(0.0000) total_loss-0.3758(0.2559) 
[2026-09-19 17:15:31,855]-[trainutils.py line:416]:[EST:    0.68m][Process Time:    0.07s]- Epoch: 12 [1200/1330 ( 90%)]	Losses: ce_loss-0.1575(0.2565) loss_tacl-0.0001(0.0001) loss_sacl-0.0107(0.0112) loss_event-0.0053(0.0053) loss_evidence-0.0000(0.0001) loss_query_diversity-0.0043(0.0043) loss_position--0.0000(0.0000) total_loss-0.1575(0.2565) 
[2026-09-19 17:16:03,293]-[trainutils.py line:416]:[EST:    0.15m][Process Time:    0.07s]- Epoch: 12 [1300/1330 ( 98%)]	Losses: ce_loss-0.1029(0.2562) loss_tacl-0.0001(0.0001) loss_sacl-0.0097(0.0112) loss_event-0.0056(0.0053) loss_evidence-0.0000(0.0001) loss_query_diversity-0.0043(0.0043) loss_position--0.0000(0.0000) total_loss-0.1029(0.2562) 
[2026-09-19 17:16:12,501]-[trainutils.py line:416]:[EST:   -0.01m][Process Time:    0.08s]- Epoch: 12 [1330/1330 (100%)]	Losses: ce_loss-0.1198(0.2562) loss_tacl-0.0001(0.0001) loss_sacl-0.0117(0.0112) loss_event-0.0078(0.0053) loss_evidence-0.0000(0.0001) loss_query_diversity-0.0043(0.0043) loss_position--0.0000(0.0000) total_loss-0.1198(0.2562) 
[2026-09-19 17:16:13,608]-[train.py line:106]:
-------------- validation epoch 12 -------------- 
[2026-09-19 17:16:14,060]-[trainutils.py line:461]:Test progress:   0/95 
[2026-09-19 17:16:59,687]-[trainutils.py line:461]:Test progress:  95/95 
[2026-09-19 17:16:59,687]-[trainutils.py line:492]:Epoch 12 -           Audio/Counting accuracy: 84.74(433/511) 
[2026-09-19 17:16:59,690]-[trainutils.py line:492]:Epoch 12 -        Audio/Comparative accuracy: 59.66(176/295) 
[2026-09-19 17:16:59,690]-[trainutils.py line:497]:Epoch 12 -                    Audio accuracy: 75.56(609/806) 
[2026-09-19 17:16:59,690]-[trainutils.py line:492]:Epoch 12 -          Visual/Counting accuracy: 83.50(501/600) 
[2026-09-19 17:16:59,690]-[trainutils.py line:492]:Epoch 12 -          Visual/Location accuracy: 88.25(541/613) 
[2026-09-19 17:16:59,690]-[trainutils.py line:497]:Epoch 12 -                   Visual accuracy: 85.90(1042/1213) 
[2026-09-19 17:16:59,691]-[trainutils.py line:492]:Epoch 12 - Audio-Visual/Existential accuracy: 83.03(411/495) 
[2026-09-19 17:16:59,691]-[trainutils.py line:492]:Epoch 12 -    Audio-Visual/Counting accuracy: 78.36(496/633) 
[2026-09-19 17:16:59,691]-[trainutils.py line:492]:Epoch 12 -    Audio-Visual/Location accuracy: 68.76(317/461) 
[2026-09-19 17:16:59,691]-[trainutils.py line:492]:Epoch 12 - Audio-Visual/Comparative accuracy: 62.66(344/549) 
[2026-09-19 17:16:59,692]-[trainutils.py line:492]:Epoch 12 -    Audio-Visual/Temporal accuracy: 71.29(293/411) 
[2026-09-19 17:16:59,692]-[trainutils.py line:497]:Epoch 12 -             Audio-Visual accuracy: 73.01(1861/2549) 
[2026-09-19 17:16:59,692]-[trainutils.py line:501]:Epoch 12 -                    Total accuracy: 76.88(3512/4568) 
[2026-09-19 17:17:00,199]-[trainutils.py line:461]:Test progress:   0/95 
[2026-09-19 17:17:45,459]-[trainutils.py line:461]:Test progress:  95/95 
[2026-09-19 17:17:45,460]-[trainutils.py line:492]:Epoch 12 -           Audio/Counting accuracy: 84.54(432/511) 
[2026-09-19 17:17:45,460]-[trainutils.py line:492]:Epoch 12 -        Audio/Comparative accuracy: 60.34(178/295) 
[2026-09-19 17:17:45,460]-[trainutils.py line:497]:Epoch 12 -                    Audio accuracy: 75.68(610/806) 
[2026-09-19 17:17:45,461]-[trainutils.py line:492]:Epoch 12 -          Visual/Counting accuracy: 84.17(505/600) 
[2026-09-19 17:17:45,462]-[trainutils.py line:492]:Epoch 12 -          Visual/Location accuracy: 87.77(538/613) 
[2026-09-19 17:17:45,462]-[trainutils.py line:497]:Epoch 12 -                   Visual accuracy: 85.99(1043/1213) 
[2026-09-19 17:17:45,462]-[trainutils.py line:492]:Epoch 12 - Audio-Visual/Existential accuracy: 83.64(414/495) 
[2026-09-19 17:17:45,462]-[trainutils.py line:492]:Epoch 12 -    Audio-Visual/Counting accuracy: 79.94(506/633) 
[2026-09-19 17:17:45,462]-[trainutils.py line:492]:Epoch 12 -    Audio-Visual/Location accuracy: 66.81(308/461) 
[2026-09-19 17:17:45,463]-[trainutils.py line:492]:Epoch 12 - Audio-Visual/Comparative accuracy: 62.66(344/549) 
[2026-09-19 17:17:45,463]-[trainutils.py line:492]:Epoch 12 -    Audio-Visual/Temporal accuracy: 71.53(294/411) 
[2026-09-19 17:17:45,463]-[trainutils.py line:497]:Epoch 12 -             Audio-Visual accuracy: 73.21(1866/2549) 
[2026-09-19 17:17:45,463]-[trainutils.py line:501]:Epoch 12 -                    Total accuracy: 77.04(3519/4568) 
[2026-09-19 17:17:45,470]-[train.py line:167]:Epoch 12 done with 77.04 and loss 0.62891. 
[2026-09-19 17:17:45,470]-[train.py line:168]:At epoch8 best acc: 77.78. 
[2026-09-19 17:17:45,470]-[train.py line:102]:
-------------- training epoch 13 -------------- 
[2026-09-19 17:17:45,792]-[trainutils.py line:416]:[EST:    6.99m][Process Time:    0.07s]- Epoch: 13 [0000/1330 (  0%)]	Losses: ce_loss-0.1701(0.1701) loss_tacl-0.0001(0.0001) loss_sacl-0.0112(0.0112) loss_event-0.0063(0.0063) loss_evidence-0.0000(0.0000) loss_query_diversity-0.0043(0.0043) loss_position--0.0000(0.0000) total_loss-0.1701(0.1701) 
[2026-09-19 17:18:16,762]-[trainutils.py line:416]:[EST:    6.35m][Process Time:    0.06s]- Epoch: 13 [0100/1330 (  8%)]	Losses: ce_loss-0.1579(0.2412) loss_tacl-0.0001(0.0001) loss_sacl-0.0119(0.0109) loss_event-0.0056(0.0054) loss_evidence-0.0000(0.0001) loss_query_diversity-0.0043(0.0043) loss_position--0.0000(0.0000) total_loss-0.1579(0.2412) 
[2026-09-19 17:18:47,036]-[trainutils.py line:416]:[EST:    5.76m][Process Time:    0.08s]- Epoch: 13 [0200/1330 ( 15%)]	Losses: ce_loss-0.1961(0.2360) loss_tacl-0.0001(0.0001) loss_sacl-0.0114(0.0109) loss_event-0.0057(0.0053) loss_evidence-0.0000(0.0001) loss_query_diversity-0.0043(0.0043) loss_position--0.0000(0.0000) total_loss-0.1961(0.2360) 
[2026-09-19 17:19:18,849]-[trainutils.py line:416]:[EST:    5.32m][Process Time:    0.07s]- Epoch: 13 [0300/1330 ( 23%)]	Losses: ce_loss-0.2340(0.2290) loss_tacl-0.0001(0.0001) loss_sacl-0.0101(0.0109) loss_event-0.0053(0.0053) loss_evidence-0.0000(0.0001) loss_query_diversity-0.0043(0.0043) loss_position--0.0000(0.0000) total_loss-0.2340(0.2290) 
[2026-09-19 17:19:49,259]-[trainutils.py line:416]:[EST:    4.78m][Process Time:    0.06s]- Epoch: 13 [0400/1330 ( 30%)]	Losses: ce_loss-0.2716(0.2308) loss_tacl-0.0001(0.0001) loss_sacl-0.0102(0.0109) loss_event-0.0051(0.0053) loss_evidence-0.0000(0.0001) loss_query_diversity-0.0043(0.0043) loss_position--0.0000(0.0000) total_loss-0.2716(0.2308) 
[2026-09-19 17:20:20,285]-[trainutils.py line:416]:[EST:    4.27m][Process Time:    0.07s]- Epoch: 13 [0500/1330 ( 38%)]	Losses: ce_loss-0.1839(0.2292) loss_tacl-0.0001(0.0001) loss_sacl-0.0104(0.0109) loss_event-0.0058(0.0053) loss_evidence-0.0000(0.0001) loss_query_diversity-0.0043(0.0043) loss_position--0.0000(0.0000) total_loss-0.1839(0.2292) 
[2026-09-19 17:20:51,678]-[trainutils.py line:416]:[EST:    3.76m][Process Time:    0.06s]- Epoch: 13 [0600/1330 ( 45%)]	Losses: ce_loss-0.1042(0.2296) loss_tacl-0.0001(0.0001) loss_sacl-0.0099(0.0109) loss_event-0.0054(0.0053) loss_evidence-0.0000(0.0001) loss_query_diversity-0.0043(0.0043) loss_position--0.0000(0.0000) total_loss-0.1042(0.2296) 
[2026-09-19 17:21:22,417]-[trainutils.py line:416]:[EST:    3.24m][Process Time:    0.06s]- Epoch: 13 [0700/1330 ( 53%)]	Losses: ce_loss-0.3687(0.2296) loss_tacl-0.0001(0.0001) loss_sacl-0.0117(0.0109) loss_event-0.0052(0.0053) loss_evidence-0.0002(0.0001) loss_query_diversity-0.0043(0.0043) loss_position--0.0000(0.0000) total_loss-0.3687(0.2296) 
[2026-09-19 17:21:52,812]-[trainutils.py line:416]:[EST:    2.72m][Process Time:    0.07s]- Epoch: 13 [0800/1330 ( 60%)]	Losses: ce_loss-0.1564(0.2296) loss_tacl-0.0001(0.0001) loss_sacl-0.0123(0.0109) loss_event-0.0060(0.0053) loss_evidence-0.0000(0.0001) loss_query_diversity-0.0043(0.0043) loss_position--0.0000(0.0000) total_loss-0.1564(0.2296) 
[2026-09-19 17:22:23,128]-[trainutils.py line:416]:[EST:    2.20m][Process Time:    0.07s]- Epoch: 13 [0900/1330 ( 68%)]	Losses: ce_loss-0.3270(0.2315) loss_tacl-0.0001(0.0001) loss_sacl-0.0096(0.0109) loss_event-0.0059(0.0053) loss_evidence-0.0000(0.0001) loss_query_diversity-0.0043(0.0043) loss_position--0.0000(0.0000) total_loss-0.3270(0.2315) 
[2026-09-19 17:22:53,906]-[trainutils.py line:416]:[EST:    1.69m][Process Time:    0.07s]- Epoch: 13 [1000/1330 ( 75%)]	Losses: ce_loss-0.1124(0.2287) loss_tacl-0.0001(0.0001) loss_sacl-0.0111(0.0109) loss_event-0.0054(0.0053) loss_evidence-0.0000(0.0001) loss_query_diversity-0.0043(0.0043) loss_position--0.0000(0.0000) total_loss-0.1124(0.2287) 
[2026-09-19 17:23:24,331]-[trainutils.py line:416]:[EST:    1.17m][Process Time:    0.07s]- Epoch: 13 [1100/1330 ( 83%)]	Losses: ce_loss-0.0994(0.2299) loss_tacl-0.0001(0.0001) loss_sacl-0.0111(0.0109) loss_event-0.0046(0.0054) loss_evidence-0.0000(0.0001) loss_query_diversity-0.0043(0.0043) loss_position--0.0000(0.0000) total_loss-0.0994(0.2299) 
[2026-09-19 17:23:55,136]-[trainutils.py line:416]:[EST:    0.66m][Process Time:    0.07s]- Epoch: 13 [1200/1330 ( 90%)]	Losses: ce_loss-0.1930(0.2302) loss_tacl-0.0001(0.0001) loss_sacl-0.0114(0.0109) loss_event-0.0056(0.0054) loss_evidence-0.0000(0.0001) loss_query_diversity-0.0043(0.0043) loss_position--0.0000(0.0000) total_loss-0.1930(0.2302) 
[2026-09-19 17:24:26,473]-[trainutils.py line:416]:[EST:    0.15m][Process Time:    0.07s]- Epoch: 13 [1300/1330 ( 98%)]	Losses: ce_loss-0.1890(0.2308) loss_tacl-0.0001(0.0001) loss_sacl-0.0102(0.0109) loss_event-0.0053(0.0054) loss_evidence-0.0000(0.0001) loss_query_diversity-0.0043(0.0043) loss_position--0.0000(0.0000) total_loss-0.1890(0.2308) 
[2026-09-19 17:24:35,244]-[trainutils.py line:416]:[EST:   -0.01m][Process Time:    0.07s]- Epoch: 13 [1330/1330 (100%)]	Losses: ce_loss-0.4290(0.2310) loss_tacl-0.0001(0.0001) loss_sacl-0.0094(0.0109) loss_event-0.0032(0.0054) loss_evidence-0.0000(0.0001) loss_query_diversity-0.0043(0.0043) loss_position--0.0000(0.0000) total_loss-0.4290(0.2310) 
[2026-09-19 17:24:36,262]-[train.py line:106]:
-------------- validation epoch 13 -------------- 
[2026-09-19 17:24:36,672]-[trainutils.py line:461]:Test progress:   0/95 
[2026-09-19 17:25:20,407]-[trainutils.py line:461]:Test progress:  95/95 
[2026-09-19 17:25:20,407]-[trainutils.py line:492]:Epoch 13 -           Audio/Counting accuracy: 84.34(431/511) 
[2026-09-19 17:25:20,407]-[trainutils.py line:492]:Epoch 13 -        Audio/Comparative accuracy: 61.02(180/295) 
[2026-09-19 17:25:20,407]-[trainutils.py line:497]:Epoch 13 -                    Audio accuracy: 75.81(611/806) 
[2026-09-19 17:25:20,408]-[trainutils.py line:492]:Epoch 13 -          Visual/Counting accuracy: 84.33(506/600) 
[2026-09-19 17:25:20,408]-[trainutils.py line:492]:Epoch 13 -          Visual/Location accuracy: 88.42(542/613) 
[2026-09-19 17:25:20,408]-[trainutils.py line:497]:Epoch 13 -                   Visual accuracy: 86.40(1048/1213) 
[2026-09-19 17:25:20,408]-[trainutils.py line:492]:Epoch 13 - Audio-Visual/Existential accuracy: 82.22(407/495) 
[2026-09-19 17:25:20,408]-[trainutils.py line:492]:Epoch 13 -    Audio-Visual/Counting accuracy: 80.09(507/633) 
[2026-09-19 17:25:20,408]-[trainutils.py line:492]:Epoch 13 -    Audio-Visual/Location accuracy: 68.11(314/461) 
[2026-09-19 17:25:20,410]-[trainutils.py line:492]:Epoch 13 - Audio-Visual/Comparative accuracy: 62.11(341/549) 
[2026-09-19 17:25:20,410]-[trainutils.py line:492]:Epoch 13 -    Audio-Visual/Temporal accuracy: 71.53(294/411) 
[2026-09-19 17:25:20,411]-[trainutils.py line:497]:Epoch 13 -             Audio-Visual accuracy: 73.09(1863/2549) 
[2026-09-19 17:25:20,411]-[trainutils.py line:501]:Epoch 13 -                    Total accuracy: 77.10(3522/4568) 
[2026-09-19 17:25:20,906]-[trainutils.py line:461]:Test progress:   0/95 
[2026-09-19 17:26:06,093]-[trainutils.py line:461]:Test progress:  95/95 
[2026-09-19 17:26:06,094]-[trainutils.py line:492]:Epoch 13 -           Audio/Counting accuracy: 84.34(431/511) 
[2026-09-19 17:26:06,095]-[trainutils.py line:492]:Epoch 13 -        Audio/Comparative accuracy: 61.69(182/295) 
[2026-09-19 17:26:06,095]-[trainutils.py line:497]:Epoch 13 -                    Audio accuracy: 76.05(613/806) 
[2026-09-19 17:26:06,095]-[trainutils.py line:492]:Epoch 13 -          Visual/Counting accuracy: 84.50(507/600) 
[2026-09-19 17:26:06,096]-[trainutils.py line:492]:Epoch 13 -          Visual/Location accuracy: 88.58(543/613) 
[2026-09-19 17:26:06,096]-[trainutils.py line:497]:Epoch 13 -                   Visual accuracy: 86.56(1050/1213) 
[2026-09-19 17:26:06,096]-[trainutils.py line:492]:Epoch 13 - Audio-Visual/Existential accuracy: 82.83(410/495) 
[2026-09-19 17:26:06,097]-[trainutils.py line:492]:Epoch 13 -    Audio-Visual/Counting accuracy: 79.62(504/633) 
[2026-09-19 17:26:06,097]-[trainutils.py line:492]:Epoch 13 -    Audio-Visual/Location accuracy: 68.33(315/461) 
[2026-09-19 17:26:06,097]-[trainutils.py line:492]:Epoch 13 - Audio-Visual/Comparative accuracy: 64.12(352/549) 
[2026-09-19 17:26:06,098]-[trainutils.py line:492]:Epoch 13 -    Audio-Visual/Temporal accuracy: 71.53(294/411) 
[2026-09-19 17:26:06,098]-[trainutils.py line:497]:Epoch 13 -             Audio-Visual accuracy: 73.56(1875/2549) 
[2026-09-19 17:26:06,098]-[trainutils.py line:501]:Epoch 13 -                    Total accuracy: 77.45(3538/4568) 
[2026-09-19 17:26:06,104]-[train.py line:167]:Epoch 13 done with 77.45 and loss 0.66797. 
[2026-09-19 17:26:06,104]-[train.py line:168]:At epoch8 best acc: 77.78. 
[2026-09-19 17:26:06,105]-[train.py line:102]:
-------------- training epoch 14 -------------- 
[2026-09-19 17:26:06,402]-[trainutils.py line:416]:[EST:    6.55m][Process Time:    0.07s]- Epoch: 14 [0000/1330 (  0%)]	Losses: ce_loss-0.2207(0.2207) loss_tacl-0.0001(0.0001) loss_sacl-0.0097(0.0097) loss_event-0.0052(0.0052) loss_evidence-0.0000(0.0000) loss_query_diversity-0.0043(0.0043) loss_position--0.0000(0.0000) total_loss-0.2207(0.2207) 
[2026-09-19 17:26:37,372]-[trainutils.py line:416]:[EST:    6.34m][Process Time:    0.07s]- Epoch: 14 [0100/1330 (  8%)]	Losses: ce_loss-0.3032(0.2174) loss_tacl-0.0001(0.0001) loss_sacl-0.0108(0.0108) loss_event-0.0055(0.0053) loss_evidence-0.0000(0.0001) loss_query_diversity-0.0043(0.0043) loss_position--0.0000(0.0000) total_loss-0.3032(0.2174) 
[2026-09-19 17:27:08,719]-[trainutils.py line:416]:[EST:    5.86m][Process Time:    0.07s]- Epoch: 14 [0200/1330 ( 15%)]	Losses: ce_loss-0.2023(0.2172) loss_tacl-0.0001(0.0001) loss_sacl-0.0110(0.0107) loss_event-0.0054(0.0053) loss_evidence-0.0009(0.0001) loss_query_diversity-0.0043(0.0043) loss_position--0.0000(0.0000) total_loss-0.2023(0.2172) 
[2026-09-19 17:27:39,815]-[trainutils.py line:416]:[EST:    5.34m][Process Time:    0.07s]- Epoch: 14 [0300/1330 ( 23%)]	Losses: ce_loss-0.2498(0.2188) loss_tacl-0.0001(0.0001) loss_sacl-0.0098(0.0108) loss_event-0.0051(0.0053) loss_evidence-0.0000(0.0001) loss_query_diversity-0.0043(0.0043) loss_position--0.0000(0.0000) total_loss-0.2498(0.2188) 
[2026-09-19 17:28:10,700]-[trainutils.py line:416]:[EST:    4.81m][Process Time:    0.06s]- Epoch: 14 [0400/1330 ( 30%)]	Losses: ce_loss-0.1762(0.2129) loss_tacl-0.0001(0.0001) loss_sacl-0.0112(0.0108) loss_event-0.0053(0.0053) loss_evidence-0.0000(0.0001) loss_query_diversity-0.0043(0.0043) loss_position--0.0000(0.0000) total_loss-0.1762(0.2129) 
[2026-09-19 17:28:41,668]-[trainutils.py line:416]:[EST:    4.29m][Process Time:    0.07s]- Epoch: 14 [0500/1330 ( 38%)]	Losses: ce_loss-0.2930(0.2134) loss_tacl-0.0001(0.0001) loss_sacl-0.0092(0.0107) loss_event-0.0049(0.0053) loss_evidence-0.0000(0.0001) loss_query_diversity-0.0043(0.0043) loss_position--0.0000(0.0000) total_loss-0.2930(0.2134) 
[2026-09-19 17:29:12,200]-[trainutils.py line:416]:[EST:    3.76m][Process Time:    0.06s]- Epoch: 14 [0600/1330 ( 45%)]	Losses: ce_loss-0.2576(0.2138) loss_tacl-0.0001(0.0001) loss_sacl-0.0098(0.0107) loss_event-0.0057(0.0053) loss_evidence-0.0000(0.0001) loss_query_diversity-0.0043(0.0043) loss_position--0.0000(0.0000) total_loss-0.2576(0.2138) 
[2026-09-19 17:29:43,588]-[trainutils.py line:416]:[EST:    3.25m][Process Time:    0.07s]- Epoch: 14 [0700/1330 ( 53%)]	Losses: ce_loss-0.1494(0.2112) loss_tacl-0.0001(0.0001) loss_sacl-0.0104(0.0107) loss_event-0.0052(0.0053) loss_evidence-0.0000(0.0001) loss_query_diversity-0.0043(0.0043) loss_position--0.0000(0.0000) total_loss-0.1494(0.2112) 
[2026-09-19 17:30:14,784]-[trainutils.py line:416]:[EST:    2.74m][Process Time:    0.07s]- Epoch: 14 [0800/1330 ( 60%)]	Losses: ce_loss-0.2076(0.2114) loss_tacl-0.0001(0.0001) loss_sacl-0.0106(0.0107) loss_event-0.0057(0.0053) loss_evidence-0.0000(0.0001) loss_query_diversity-0.0043(0.0043) loss_position--0.0000(0.0000) total_loss-0.2076(0.2114) 
[2026-09-19 17:30:45,524]-[trainutils.py line:416]:[EST:    2.22m][Process Time:    0.07s]- Epoch: 14 [0900/1330 ( 68%)]	Losses: ce_loss-0.1833(0.2117) loss_tacl-0.0001(0.0001) loss_sacl-0.0112(0.0107) loss_event-0.0055(0.0053) loss_evidence-0.0000(0.0001) loss_query_diversity-0.0043(0.0043) loss_position--0.0000(0.0000) total_loss-0.1833(0.2117) 
[2026-09-19 17:31:15,897]-[trainutils.py line:416]:[EST:    1.70m][Process Time:    0.07s]- Epoch: 14 [1000/1330 ( 75%)]	Losses: ce_loss-0.2619(0.2117) loss_tacl-0.0001(0.0001) loss_sacl-0.0094(0.0106) loss_event-0.0050(0.0053) loss_evidence-0.0003(0.0001) loss_query_diversity-0.0043(0.0043) loss_position--0.0000(0.0000) total_loss-0.2619(0.2117) 
[2026-09-19 17:31:46,178]-[trainutils.py line:416]:[EST:    1.18m][Process Time:    0.07s]- Epoch: 14 [1100/1330 ( 83%)]	Losses: ce_loss-0.1814(0.2118) loss_tacl-0.0001(0.0001) loss_sacl-0.0113(0.0106) loss_event-0.0052(0.0053) loss_evidence-0.0005(0.0001) loss_query_diversity-0.0043(0.0043) loss_position--0.0000(0.0000) total_loss-0.1814(0.2118) 
[2026-09-19 17:32:16,713]-[trainutils.py line:416]:[EST:    0.66m][Process Time:    0.07s]- Epoch: 14 [1200/1330 ( 90%)]	Losses: ce_loss-0.1226(0.2104) loss_tacl-0.0001(0.0001) loss_sacl-0.0116(0.0106) loss_event-0.0062(0.0053) loss_evidence-0.0000(0.0001) loss_query_diversity-0.0043(0.0043) loss_position--0.0000(0.0000) total_loss-0.1226(0.2104) 
[2026-09-19 17:32:47,236]-[trainutils.py line:416]:[EST:    0.15m][Process Time:    0.06s]- Epoch: 14 [1300/1330 ( 98%)]	Losses: ce_loss-0.3297(0.2104) loss_tacl-0.0001(0.0001) loss_sacl-0.0103(0.0106) loss_event-0.0045(0.0053) loss_evidence-0.0000(0.0001) loss_query_diversity-0.0043(0.0043) loss_position--0.0000(0.0000) total_loss-0.3297(0.2104) 
[2026-09-19 17:32:55,816]-[trainutils.py line:416]:[EST:   -0.01m][Process Time:    0.06s]- Epoch: 14 [1330/1330 (100%)]	Losses: ce_loss-0.4014(0.2104) loss_tacl-0.0001(0.0001) loss_sacl-0.0102(0.0106) loss_event-0.0050(0.0053) loss_evidence-0.0000(0.0001) loss_query_diversity-0.0043(0.0043) loss_position--0.0000(0.0000) total_loss-0.4014(0.2104) 
[2026-09-19 17:32:56,772]-[train.py line:106]:
-------------- validation epoch 14 -------------- 
[2026-09-19 17:32:57,190]-[trainutils.py line:461]:Test progress:   0/95 
[2026-09-19 17:33:41,326]-[trainutils.py line:461]:Test progress:  95/95 
[2026-09-19 17:33:41,328]-[trainutils.py line:492]:Epoch 14 -           Audio/Counting accuracy: 84.34(431/511) 
[2026-09-19 17:33:41,328]-[trainutils.py line:492]:Epoch 14 -        Audio/Comparative accuracy: 61.02(180/295) 
[2026-09-19 17:33:41,328]-[trainutils.py line:497]:Epoch 14 -                    Audio accuracy: 75.81(611/806) 
[2026-09-19 17:33:41,329]-[trainutils.py line:492]:Epoch 14 -          Visual/Counting accuracy: 83.83(503/600) 
[2026-09-19 17:33:41,329]-[trainutils.py line:492]:Epoch 14 -          Visual/Location accuracy: 88.74(544/613) 
[2026-09-19 17:33:41,329]-[trainutils.py line:497]:Epoch 14 -                   Visual accuracy: 86.31(1047/1213) 
[2026-09-19 17:33:41,329]-[trainutils.py line:492]:Epoch 14 - Audio-Visual/Existential accuracy: 82.22(407/495) 
[2026-09-19 17:33:41,330]-[trainutils.py line:492]:Epoch 14 -    Audio-Visual/Counting accuracy: 77.73(492/633) 
[2026-09-19 17:33:41,330]-[trainutils.py line:492]:Epoch 14 -    Audio-Visual/Location accuracy: 68.55(316/461) 
[2026-09-19 17:33:41,330]-[trainutils.py line:492]:Epoch 14 - Audio-Visual/Comparative accuracy: 63.39(348/549) 
[2026-09-19 17:33:41,330]-[trainutils.py line:492]:Epoch 14 -    Audio-Visual/Temporal accuracy: 70.80(291/411) 
[2026-09-19 17:33:41,331]-[trainutils.py line:497]:Epoch 14 -             Audio-Visual accuracy: 72.73(1854/2549) 
[2026-09-19 17:33:41,331]-[trainutils.py line:501]:Epoch 14 -                    Total accuracy: 76.88(3512/4568) 
[2026-09-19 17:33:41,803]-[trainutils.py line:461]:Test progress:   0/95 
[2026-09-19 17:34:25,449]-[trainutils.py line:461]:Test progress:  95/95 
[2026-09-19 17:34:25,450]-[trainutils.py line:492]:Epoch 14 -           Audio/Counting accuracy: 84.15(430/511) 
[2026-09-19 17:34:25,450]-[trainutils.py line:492]:Epoch 14 -        Audio/Comparative accuracy: 61.02(180/295) 
[2026-09-19 17:34:25,450]-[trainutils.py line:497]:Epoch 14 -                    Audio accuracy: 75.68(610/806) 
[2026-09-19 17:34:25,450]-[trainutils.py line:492]:Epoch 14 -          Visual/Counting accuracy: 84.50(507/600) 
[2026-09-19 17:34:25,450]-[trainutils.py line:492]:Epoch 14 -          Visual/Location accuracy: 88.58(543/613) 
[2026-09-19 17:34:25,450]-[trainutils.py line:497]:Epoch 14 -                   Visual accuracy: 86.56(1050/1213) 
[2026-09-19 17:34:25,451]-[trainutils.py line:492]:Epoch 14 - Audio-Visual/Existential accuracy: 82.42(408/495) 
[2026-09-19 17:34:25,451]-[trainutils.py line:492]:Epoch 14 -    Audio-Visual/Counting accuracy: 79.46(503/633) 
[2026-09-19 17:34:25,451]-[trainutils.py line:492]:Epoch 14 -    Audio-Visual/Location accuracy: 68.11(314/461) 
[2026-09-19 17:34:25,451]-[trainutils.py line:492]:Epoch 14 - Audio-Visual/Comparative accuracy: 64.85(356/549) 
[2026-09-19 17:34:25,451]-[trainutils.py line:492]:Epoch 14 -    Audio-Visual/Temporal accuracy: 72.26(297/411) 
[2026-09-19 17:34:25,453]-[trainutils.py line:497]:Epoch 14 -             Audio-Visual accuracy: 73.68(1878/2549) 
[2026-09-19 17:34:25,453]-[trainutils.py line:501]:Epoch 14 -                    Total accuracy: 77.45(3538/4568) 
[2026-09-19 17:34:25,457]-[train.py line:167]:Epoch 14 done with 77.45 and loss 0.69141. 
[2026-09-19 17:34:25,457]-[train.py line:168]:At epoch8 best acc: 77.78. 
[2026-09-19 17:34:25,457]-[train.py line:102]:
-------------- training epoch 15 -------------- 
[2026-09-19 17:34:25,750]-[trainutils.py line:416]:[EST:    6.43m][Process Time:    0.07s]- Epoch: 15 [0000/1330 (  0%)]	Losses: ce_loss-0.0837(0.0837) loss_tacl-0.0001(0.0001) loss_sacl-0.0123(0.0123) loss_event-0.0058(0.0058) loss_evidence-0.0008(0.0008) loss_query_diversity-0.0043(0.0043) loss_position--0.0000(0.0000) total_loss-0.0837(0.0837) 
[2026-09-19 17:34:54,548]-[trainutils.py line:416]:[EST:    5.90m][Process Time:    0.06s]- Epoch: 15 [0100/1330 (  8%)]	Losses: ce_loss-0.1489(0.1918) loss_tacl-0.0001(0.0001) loss_sacl-0.0100(0.0106) loss_event-0.0051(0.0053) loss_evidence-0.0000(0.0001) loss_query_diversity-0.0043(0.0043) loss_position--0.0000(0.0000) total_loss-0.1489(0.1918) 
[2026-09-19 17:35:24,773]-[trainutils.py line:416]:[EST:    5.55m][Process Time:    0.07s]- Epoch: 15 [0200/1330 ( 15%)]	Losses: ce_loss-0.2694(0.1984) loss_tacl-0.0001(0.0001) loss_sacl-0.0103(0.0106) loss_event-0.0049(0.0053) loss_evidence-0.0000(0.0001) loss_query_diversity-0.0043(0.0043) loss_position--0.0000(0.0000) total_loss-0.2694(0.1984) 
[2026-09-19 17:35:54,306]-[trainutils.py line:416]:[EST:    5.06m][Process Time:    0.07s]- Epoch: 15 [0300/1330 ( 23%)]	Losses: ce_loss-0.1680(0.1960) loss_tacl-0.0001(0.0001) loss_sacl-0.0097(0.0106) loss_event-0.0049(0.0053) loss_evidence-0.0000(0.0001) loss_query_diversity-0.0043(0.0043) loss_position--0.0000(0.0000) total_loss-0.1680(0.1960) 
[2026-09-19 17:36:24,307]-[trainutils.py line:416]:[EST:    4.59m][Process Time:    0.06s]- Epoch: 15 [0400/1330 ( 30%)]	Losses: ce_loss-0.1984(0.1978) loss_tacl-0.0001(0.0001) loss_sacl-0.0099(0.0106) loss_event-0.0049(0.0053) loss_evidence-0.0000(0.0001) loss_query_diversity-0.0043(0.0043) loss_position--0.0000(0.0000) total_loss-0.1984(0.1978) 
[2026-09-19 17:36:54,119]-[trainutils.py line:416]:[EST:    4.10m][Process Time:    0.07s]- Epoch: 15 [0500/1330 ( 38%)]	Losses: ce_loss-0.2921(0.1985) loss_tacl-0.0001(0.0001) loss_sacl-0.0113(0.0106) loss_event-0.0056(0.0053) loss_evidence-0.0000(0.0001) loss_query_diversity-0.0043(0.0043) loss_position--0.0000(0.0000) total_loss-0.2921(0.1985) 
[2026-09-19 17:37:23,792]-[trainutils.py line:416]:[EST:    3.61m][Process Time:    0.07s]- Epoch: 15 [0600/1330 ( 45%)]	Losses: ce_loss-0.1959(0.1973) loss_tacl-0.0001(0.0001) loss_sacl-0.0103(0.0106) loss_event-0.0054(0.0053) loss_evidence-0.0000(0.0001) loss_query_diversity-0.0043(0.0043) loss_position--0.0000(0.0000) total_loss-0.1959(0.1973) 
[2026-09-19 17:37:53,407]-[trainutils.py line:416]:[EST:    3.11m][Process Time:    0.07s]- Epoch: 15 [0700/1330 ( 53%)]	Losses: ce_loss-0.2830(0.1971) loss_tacl-0.0001(0.0001) loss_sacl-0.0090(0.0106) loss_event-0.0046(0.0054) loss_evidence-0.0000(0.0001) loss_query_diversity-0.0043(0.0043) loss_position--0.0000(0.0000) total_loss-0.2830(0.1971) 
[2026-09-19 17:38:23,152]-[trainutils.py line:416]:[EST:    2.62m][Process Time:    0.06s]- Epoch: 15 [0800/1330 ( 60%)]	Losses: ce_loss-0.2348(0.1966) loss_tacl-0.0001(0.0001) loss_sacl-0.0095(0.0106) loss_event-0.0047(0.0054) loss_evidence-0.0000(0.0001) loss_query_diversity-0.0043(0.0043) loss_position--0.0000(0.0000) total_loss-0.2348(0.1966) 
[2026-09-19 17:38:52,778]-[trainutils.py line:416]:[EST:    2.12m][Process Time:    0.06s]- Epoch: 15 [0900/1330 ( 68%)]	Losses: ce_loss-0.1826(0.1967) loss_tacl-0.0001(0.0001) loss_sacl-0.0110(0.0106) loss_event-0.0051(0.0054) loss_evidence-0.0000(0.0001) loss_query_diversity-0.0043(0.0043) loss_position--0.0000(0.0000) total_loss-0.1826(0.1967) 
[2026-09-19 17:39:22,782]-[trainutils.py line:416]:[EST:    1.63m][Process Time:    0.07s]- Epoch: 15 [1000/1330 ( 75%)]	Losses: ce_loss-0.1890(0.1984) loss_tacl-0.0001(0.0001) loss_sacl-0.0104(0.0106) loss_event-0.0050(0.0054) loss_evidence-0.0000(0.0001) loss_query_diversity-0.0043(0.0043) loss_position--0.0000(0.0000) total_loss-0.1890(0.1984) 
[2026-09-19 17:39:52,875]-[trainutils.py line:416]:[EST:    1.14m][Process Time:    0.06s]- Epoch: 15 [1100/1330 ( 83%)]	Losses: ce_loss-0.3484(0.1986) loss_tacl-0.0001(0.0001) loss_sacl-0.0090(0.0106) loss_event-0.0050(0.0054) loss_evidence-0.0005(0.0001) loss_query_diversity-0.0043(0.0043) loss_position--0.0000(0.0000) total_loss-0.3484(0.1986) 
[2026-09-19 17:40:23,103]-[trainutils.py line:416]:[EST:    0.64m][Process Time:    0.06s]- Epoch: 15 [1200/1330 ( 90%)]	Losses: ce_loss-0.2450(0.1989) loss_tacl-0.0001(0.0001) loss_sacl-0.0110(0.0106) loss_event-0.0047(0.0054) loss_evidence-0.0000(0.0001) loss_query_diversity-0.0043(0.0043) loss_position--0.0000(0.0000) total_loss-0.2450(0.1989) 
[2026-09-19 17:40:53,691]-[trainutils.py line:416]:[EST:    0.14m][Process Time:    0.07s]- Epoch: 15 [1300/1330 ( 98%)]	Losses: ce_loss-0.2698(0.1994) loss_tacl-0.0001(0.0001) loss_sacl-0.0114(0.0106) loss_event-0.0060(0.0054) loss_evidence-0.0000(0.0001) loss_query_diversity-0.0043(0.0043) loss_position--0.0000(0.0000) total_loss-0.2698(0.1994) 
[2026-09-19 17:41:02,859]-[trainutils.py line:416]:[EST:   -0.00m][Process Time:    0.07s]- Epoch: 15 [1330/1330 (100%)]	Losses: ce_loss-0.4445(0.1997) loss_tacl-0.0001(0.0001) loss_sacl-0.0107(0.0106) loss_event-0.0063(0.0054) loss_evidence-0.0000(0.0001) loss_query_diversity-0.0044(0.0043) loss_position--0.0000(0.0000) total_loss-0.4445(0.1997) 
[2026-09-19 17:41:03,839]-[train.py line:106]:
-------------- validation epoch 15 -------------- 
[2026-09-19 17:41:04,272]-[trainutils.py line:461]:Test progress:   0/95 
[2026-09-19 17:41:49,892]-[trainutils.py line:461]:Test progress:  95/95 
[2026-09-19 17:41:49,892]-[trainutils.py line:492]:Epoch 15 -           Audio/Counting accuracy: 84.54(432/511) 
[2026-09-19 17:41:49,892]-[trainutils.py line:492]:Epoch 15 -        Audio/Comparative accuracy: 60.34(178/295) 
[2026-09-19 17:41:49,892]-[trainutils.py line:497]:Epoch 15 -                    Audio accuracy: 75.68(610/806) 
[2026-09-19 17:41:49,892]-[trainutils.py line:492]:Epoch 15 -          Visual/Counting accuracy: 83.67(502/600) 
[2026-09-19 17:41:49,893]-[trainutils.py line:492]:Epoch 15 -          Visual/Location accuracy: 88.58(543/613) 
[2026-09-19 17:41:49,893]-[trainutils.py line:497]:Epoch 15 -                   Visual accuracy: 86.15(1045/1213) 
[2026-09-19 17:41:49,893]-[trainutils.py line:492]:Epoch 15 - Audio-Visual/Existential accuracy: 81.01(401/495) 
[2026-09-19 17:41:49,893]-[trainutils.py line:492]:Epoch 15 -    Audio-Visual/Counting accuracy: 78.20(495/633) 
[2026-09-19 17:41:49,893]-[trainutils.py line:492]:Epoch 15 -    Audio-Visual/Location accuracy: 67.03(309/461) 
[2026-09-19 17:41:49,893]-[trainutils.py line:492]:Epoch 15 - Audio-Visual/Comparative accuracy: 64.48(354/549) 
[2026-09-19 17:41:49,894]-[trainutils.py line:492]:Epoch 15 -    Audio-Visual/Temporal accuracy: 71.53(294/411) 
[2026-09-19 17:41:49,894]-[trainutils.py line:497]:Epoch 15 -             Audio-Visual accuracy: 72.70(1853/2549) 
[2026-09-19 17:41:49,894]-[trainutils.py line:501]:Epoch 15 -                    Total accuracy: 76.80(3508/4568) 
[2026-09-19 17:41:50,249]-[trainutils.py line:461]:Test progress:   0/95 
[2026-09-19 17:42:23,533]-[trainutils.py line:461]:Test progress:  95/95 
[2026-09-19 17:42:23,534]-[trainutils.py line:492]:Epoch 15 -           Audio/Counting accuracy: 84.54(432/511) 
[2026-09-19 17:42:23,534]-[trainutils.py line:492]:Epoch 15 -        Audio/Comparative accuracy: 60.34(178/295) 
[2026-09-19 17:42:23,534]-[trainutils.py line:497]:Epoch 15 -                    Audio accuracy: 75.68(610/806) 
[2026-09-19 17:42:23,534]-[trainutils.py line:492]:Epoch 15 -          Visual/Counting accuracy: 84.17(505/600) 
[2026-09-19 17:42:23,534]-[trainutils.py line:492]:Epoch 15 -          Visual/Location accuracy: 88.58(543/613) 
[2026-09-19 17:42:23,535]-[trainutils.py line:497]:Epoch 15 -                   Visual accuracy: 86.40(1048/1213) 
[2026-09-19 17:42:23,535]-[trainutils.py line:492]:Epoch 15 - Audio-Visual/Existential accuracy: 82.22(407/495) 
[2026-09-19 17:42:23,535]-[trainutils.py line:492]:Epoch 15 -    Audio-Visual/Counting accuracy: 78.99(500/633) 
[2026-09-19 17:42:23,535]-[trainutils.py line:492]:Epoch 15 -    Audio-Visual/Location accuracy: 68.55(316/461) 
[2026-09-19 17:42:23,535]-[trainutils.py line:492]:Epoch 15 - Audio-Visual/Comparative accuracy: 64.85(356/549) 
[2026-09-19 17:42:23,536]-[trainutils.py line:492]:Epoch 15 -    Audio-Visual/Temporal accuracy: 71.78(295/411) 
[2026-09-19 17:42:23,536]-[trainutils.py line:497]:Epoch 15 -             Audio-Visual accuracy: 73.52(1874/2549) 
[2026-09-19 17:42:23,536]-[trainutils.py line:501]:Epoch 15 -                    Total accuracy: 77.32(3532/4568) 
[2026-09-19 17:42:23,541]-[train.py line:167]:Epoch 15 done with 77.32 and loss 0.71484. 
[2026-09-19 17:42:23,541]-[train.py line:168]:At epoch8 best acc: 77.78. 
{
  "overall": 77.78021015761821,
  "audio": 77.91563275434243,
  "visual": 85.98516075845012,
  "audio_visual": 73.8328756375049,
  "av_temporal": 71.28953771289538,
  "position_ratio": 0.0,
  "max_query_share": 0.1563358062692962,
  "eligible_for_test": false,
  "checkpoint": "D:\\model\\qast_ehr_ablation_without_adaptive_position_seed713\\2026-09-19-15-43-05_seed713\\best.pt",
  "config": "D:\\AVQA_experiment\\QA-TIGER2\\QA-TIGER\\reproduce_qast_recent2025_v3_77_24\\experiments\\qast_ehr\\ablations\\configs\\without_adaptive_position_seed713.py",
  "sha256": "05188080ce49a329a4c9e8cf5ef3a284f91dfd5b080cc3a34fc24eba45d32ab0",
  "counts": {
    "overall": {
      "correct": 3553,
      "total": 4568
    },
    "Audio": {
      "correct": 628,
      "total": 806
    },
    "Visual": {
      "correct": 1043,
      "total": 1213
    },
    "Audio-Visual": {
      "correct": 1882,
      "total": 2549
    },
    "av_temporal": {
      "correct": 293,
      "total": 411
    }
  }
}
AUDIT PASSED
disabled: enable_patch_grounder
Code snapshot saved as D:\model\qast_ehr_ablation_without_patch_grounder_seed713\2026-09-19-17-43-24_seed713\code_snapshot.zip
[2026-09-19 17:43:24,365]-[utils.py line:217]:
-------------- config -------------- 
[2026-09-19 17:43:24,365]-[utils.py line:218]:{
    "standard_protocol": true,
    "run_test_after_training": false,
    "amp": true,
    "gradient_accumulation_steps": 2,
    "distill_logits": null,
    "type": "question_aware",
    "seed": 713,
    "epochs": 15,
    "num_labels": 42,
    "log_interval": 100,
    "output_dir": "D:/model/qast_ehr_ablation_without_patch_grounder_seed713",
    "pretrained_weight": "fixed_features_only",
    "weight": "",
    "data": {
        "root": "D:/AVQA_experiment/QA-TIGER2/QA-TIGER/reproduce_qast_recent2025_v3_77_24",
        "img_size": 336,
        "batch_size": 24,
        "eval_batch_size": 48,
        "num_workers": 0,
        "frame_sample_rate": 1,
        "audios_dir": "D:/data/musicavqa/audio",
        "frames_dir": "D:/data/frames-1fps",
        "train_annot": "D:/AVQA_experiment/QA-TIGER2/QA-TIGER/reproduce_qast_recent2025_v3_77_24/data/annots/music_avqa/music_avqa_train.json",
        "valid_annot": "D:/AVQA_experiment/QA-TIGER2/QA-TIGER/reproduce_qast_recent2025_v3_77_24/data/annots/music_avqa/music_avqa_val.json",
        "test_annot": "D:/AVQA_experiment/QA-TIGER2/QA-TIGER/reproduce_qast_recent2025_v3_77_24/data/annots/music_avqa/music_avqa_test.json",
        "test_annots": null,
        "ans_quelen": "D:/AVQA_experiment/QA-TIGER2/QA-TIGER/reproduce_qast_recent2025_v3_77_24/data/annots/music_avqa/answer2idx.json",
        "audio_feat": "D:/data/musicavqa/vggish",
        "quest_feat": "D:/data/musicavqa/qst_ViT-L14@336px",
        "prompt_feat": "D:/data/musicavqa/qaPrompt_ViT-L14@336px",
        "patch_feat": "D:/data/musicavqa/visual_tome14_60",
        "video_feat": "D:/data/musicavqa/frames_vit"
    },
    "hyper_params": {
        "gpus": "0",
        "model_type": "QAST-EHR-2025",
        "model": {
            "topK": 10,
            "num_experts": 1,
            "audio_dim": 128,
            "video_dim": 768,
            "patch_dim": 1024,
            "question_dim": 768,
            "d_model": 512,
            "num_labels": 42,
            "num_heads": 8,
            "num_temporal_queries": 10,
            "event_scales": [
                3,
                7,
                15
            ],
            "keep_patches": 4,
            "lambda_tacl": 0.035,
            "lambda_sacl": 0.035,
            "lambda_event": 0.03,
            "lambda_evidence": 0.06,
            "lambda_diversity": 0.005,
            "lambda_position": 0.02,
            "aux_warmup_epochs": 3,
            "position_min_strength": 0.05,
            "position_max_strength": 0.1,
            "position_init_strength": 0.07,
            "evidence_margin": 0.2,
            "dropout": 0.1,
            "enable_cmg": true,
            "enable_scm": true,
            "enable_adaptive_position": true,
            "enable_patch_grounder": false
        },
        "optim": {
            "name": "AdamW",
            "lr": 0.0001,
            "new_lr": null,
            "encoder_lr": null,
            "min_lr": 1e-06,
            "weight_decay": 0.0002,
            "betas": [
                0.9,
                0.999
            ],
            "grad_clip": 1.0
        },
        "sched": {
            "name": "cosine",
            "mode": "max",
            "gamma": 0.1,
            "step_size": 6,
            "factor": 0.5,
            "patience": 3,
            "verbose": true,
            "warmup_epochs": 1
        },
        "ema": {
            "enabled": true,
            "decay": 0.999
        }
    },
    "mode": "train",
    "debug": false,
    "output_path": "",
    "cur_rank": 0
} 
[2026-09-19 17:43:24,365]-[utils.py line:219]:
-------------- environment -------------- 
[2026-09-19 17:43:24,365]-[utils.py line:220]:OS version:   
[2026-09-19 17:43:24,365]-[utils.py line:221]:Kernel version: Windows-10-10.0.26200-SP0 
[2026-09-19 17:43:24,366]-[utils.py line:222]:Python version: 3.10.20 
[2026-09-19 17:43:24,366]-[utils.py line:223]:torch version: 2.11.0+cu128 
[2026-09-19 17:43:24,366]-[utils.py line:224]:cuda version: 12.8 
[2026-09-19 17:43:24,368]-[utils.py line:225]:cuDNN version: 91900 
[2026-09-19 17:43:24,368]-[utils.py line:226]:gpu device count: 1 
[2026-09-19 17:43:24,368]-[utils.py line:231]:gpu device 0: NVIDIA GeForce RTX 5070 Laptop GPU - 8.0GB 
[2026-09-19 17:43:24,485]-[train.py line:62]:Standard protocol audit passed: train=31927, val=4568, test=9129; no split overlap; no test-derived distillation. 
[2026-09-19 17:43:27,688]-[utils.py line:204]:
-------------- parameter info -------------- 
[2026-09-19 17:43:27,688]-[utils.py line:205]:num total params: 16549944 
[2026-09-19 17:43:27,688]-[utils.py line:206]:num tunable params: 16549944 
[2026-09-19 17:43:27,688]-[utils.py line:207]:tunable param ratio: 100.00% 
[2026-09-19 17:43:27,688]-[utils.py line:208]:tunable params: 
[2026-09-19 17:43:27,689]-[utils.py line:209]:[
    "module.audio_projection.weight",
    "module.audio_projection.bias",
    "module.video_projection.weight",
    "module.video_projection.bias",
    "module.patch_projection.weight",
    "module.patch_projection.bias",
    "module.question_projection.weight",
    "module.question_projection.bias",
    "module.prompt_projection.weight",
    "module.prompt_projection.bias",
    "module.evidence_router.norms.0.weight",
    "module.evidence_router.norms.0.bias",
    "module.evidence_router.norms.1.weight",
    "module.evidence_router.norms.1.bias",
    "module.evidence_router.norms.2.weight",
    "module.evidence_router.norms.2.bias",
    "module.evidence_router.norms.3.weight",
    "module.evidence_router.norms.3.bias",
    "module.evidence_router.projections.0.weight",
    "module.evidence_router.projections.0.bias",
    "module.evidence_router.projections.1.weight",
    "module.evidence_router.projections.1.bias",
    "module.evidence_router.projections.2.weight",
    "module.evidence_router.projections.2.bias",
    "module.evidence_router.projections.3.weight",
    "module.evidence_router.projections.3.bias",
    "module.evidence_router.question_gate.0.weight",
    "module.evidence_router.question_gate.0.bias",
    "module.evidence_router.question_gate.1.weight",
    "module.evidence_router.question_gate.1.bias",
    "module.evidence_router.question_gate.3.weight",
    "module.evidence_router.question_gate.3.bias",
    "module.evidence_router.refine.0.weight",
    "module.evidence_router.refine.0.bias",
    "module.evidence_router.refine.1.weight",
    "module.evidence_router.refine.1.bias",
    "module.evidence_router.refine.4.weight",
    "module.evidence_router.refine.4.bias",
    "module.evidence_norm.weight",
    "module.evidence_norm.bias",
    "module.event_memory.branches.0.0.weight",
    "module.event_memory.branches.0.0.bias",
    "module.event_memory.branches.0.2.weight",
    "module.event_memory.branches.0.2.bias",
    "module.event_memory.branches.1.0.weight",
    "module.event_memory.branches.1.0.bias",
    "module.event_memory.branches.1.2.weight",
    "module.event_memory.branches.1.2.bias",
    "module.event_memory.branches.2.0.weight",
    "module.event_memory.branches.2.0.bias",
    "module.event_memory.branches.2.2.weight",
    "module.event_memory.branches.2.2.bias",
    "module.event_memory.question_queries.0.weight",
    "module.event_memory.question_queries.0.bias",
    "module.event_memory.question_queries.1.weight",
    "module.event_memory.question_queries.1.bias",
    "module.event_memory.question_queries.2.weight",
    "module.event_memory.question_queries.2.bias",
    "module.event_memory.scale_gate.0.weight",
    "module.event_memory.scale_gate.0.bias",
    "module.event_memory.scale_gate.1.weight",
    "module.event_memory.scale_gate.1.bias",
    "module.event_memory.output_norm.weight",
    "module.event_memory.output_norm.bias",
    "module.adaptive_position.strength_bias",
    "module.adaptive_position.strength_gate.0.weight",
    "module.adaptive_position.strength_gate.0.bias",
    "module.adaptive_position.strength_gate.1.weight",
    "module.adaptive_position.strength_gate.1.bias",
    "module.adaptive_position.audio_projection.weight",
    "module.adaptive_position.audio_projection.bias",
    "module.adaptive_position.motion_projection.weight",
    "module.adaptive_position.motion_projection.bias",
    "module.adaptive_position.question_projection.weight",
    "module.adaptive_position.question_projection.bias",
    "module.adaptive_position.relation_projection.weight",
    "module.adaptive_position.relation_projection.bias",
    "module.adaptive_position.phi.0.weight",
    "module.adaptive_position.phi.0.bias",
    "module.adaptive_position.phi.2.weight",
    "module.adaptive_position.phi.2.bias",
    "module.adaptive_position.phi.3.weight",
    "module.adaptive_position.phi.3.bias",
    "module.adaptive_position.time_gate.weight",
    "module.adaptive_position.time_gate.bias",
    "module.cmg.in_proj_weight",
    "module.cmg.in_proj_bias",
    "module.cmg.out_proj.weight",
    "module.cmg.out_proj.bias",
    "module.cmg_norm.weight",
    "module.cmg_norm.bias",
    "module.temporal_reader.query_tokens",
    "module.temporal_reader.condition.0.weight",
    "module.temporal_reader.condition.0.bias",
    "module.temporal_reader.condition.1.weight",
    "module.temporal_reader.condition.1.bias",
    "module.temporal_reader.attention.in_proj_weight",
    "module.temporal_reader.attention.in_proj_bias",
    "module.temporal_reader.attention.out_proj.weight",
    "module.temporal_reader.attention.out_proj.bias",
    "module.temporal_reader.norm.weight",
    "module.temporal_reader.norm.bias",
    "module.temporal_reader.ffn.0.weight",
    "module.temporal_reader.ffn.0.bias",
    "module.temporal_reader.ffn.3.weight",
    "module.temporal_reader.ffn.3.bias",
    "module.semantic_context.layers.0.self_attn.in_proj_weight",
    "module.semantic_context.layers.0.self_attn.in_proj_bias",
    "module.semantic_context.layers.0.self_attn.out_proj.weight",
    "module.semantic_context.layers.0.self_attn.out_proj.bias",
    "module.semantic_context.layers.0.linear1.weight",
    "module.semantic_context.layers.0.linear1.bias",
    "module.semantic_context.layers.0.linear2.weight",
    "module.semantic_context.layers.0.linear2.bias",
    "module.semantic_context.layers.0.norm1.weight",
    "module.semantic_context.layers.0.norm1.bias",
    "module.semantic_context.layers.0.norm2.weight",
    "module.semantic_context.layers.0.norm2.bias",
    "module.fusion_gate.0.weight",
    "module.fusion_gate.0.bias",
    "module.fusion_gate.1.weight",
    "module.fusion_gate.1.bias",
    "module.fusion_gate.3.weight",
    "module.fusion_gate.3.bias",
    "module.fusion_refine.0.weight",
    "module.fusion_refine.0.bias",
    "module.fusion_refine.1.weight",
    "module.fusion_refine.1.bias",
    "module.fusion_refine.4.weight",
    "module.fusion_refine.4.bias",
    "module.fusion_refine.5.weight",
    "module.fusion_refine.5.bias",
    "module.answer_head.weight",
    "module.answer_head.bias"
] 
[2026-09-19 17:43:27,689]-[trainutils.py line:220]:
-------------- optimizer info -------------- 
[2026-09-19 17:43:27,689]-[trainutils.py line:221]:Learning rate: 0.0001 
[2026-09-19 17:43:27,690]-[trainutils.py line:222]:Betas: (0.9, 0.999) 
[2026-09-19 17:43:27,690]-[trainutils.py line:223]:Eps: 1e-08 
[2026-09-19 17:43:27,690]-[trainutils.py line:224]:Weight decay: 0.0002 
[2026-09-19 17:43:27,708]-[train.py line:102]:
-------------- training epoch 1 -------------- 
[2026-09-19 17:43:28,767]-[trainutils.py line:416]:[EST:   23.44m][Process Time:    0.87s]- Epoch: 1 [0000/1330 (  0%)]	Losses: ce_loss-4.1279(4.1279) loss_tacl-0.0000(0.0000) loss_sacl-0.0112(0.0112) loss_event-0.0098(0.0098) loss_evidence-0.0126(0.0126) loss_query_diversity-0.0044(0.0044) loss_position-0.0000(0.0000) total_loss-4.1279(4.1279) 
[2026-09-19 17:43:50,565]-[trainutils.py line:416]:[EST:    4.64m][Process Time:    0.04s]- Epoch: 1 [0100/1330 (  8%)]	Losses: ce_loss-3.4165(3.6699) loss_tacl-0.0000(0.0000) loss_sacl-0.0113(0.0112) loss_event-0.0108(0.0107) loss_evidence-0.0104(0.0110) loss_query_diversity-0.0044(0.0044) loss_position-0.0000(0.0000) total_loss-3.4165(3.6699) 
[2026-09-19 17:44:12,736]-[trainutils.py line:416]:[EST:    4.22m][Process Time:    0.04s]- Epoch: 1 [0200/1330 ( 15%)]	Losses: ce_loss-2.8530(3.4720) loss_tacl-0.0000(0.0000) loss_sacl-0.0112(0.0112) loss_event-0.0100(0.0106) loss_evidence-0.0058(0.0103) loss_query_diversity-0.0044(0.0044) loss_position-0.0000(0.0000) total_loss-2.8530(3.4720) 
[2026-09-19 17:44:34,729]-[trainutils.py line:416]:[EST:    3.82m][Process Time:    0.05s]- Epoch: 1 [0300/1330 ( 23%)]	Losses: ce_loss-3.1369(3.2886) loss_tacl-0.0000(0.0000) loss_sacl-0.0111(0.0112) loss_event-0.0101(0.0104) loss_evidence-0.0071(0.0090) loss_query_diversity-0.0044(0.0044) loss_position-0.0000(0.0000) total_loss-3.1369(3.2886) 
[2026-09-19 17:44:56,065]-[trainutils.py line:416]:[EST:    3.41m][Process Time:    0.05s]- Epoch: 1 [0400/1330 ( 30%)]	Losses: ce_loss-3.1369(3.1568) loss_tacl-0.0000(0.0000) loss_sacl-0.0112(0.0112) loss_event-0.0097(0.0103) loss_evidence-0.0139(0.0079) loss_query_diversity-0.0044(0.0044) loss_position-0.0000(0.0000) total_loss-3.1369(3.1568) 
[2026-09-19 17:45:17,366]-[trainutils.py line:416]:[EST:    3.02m][Process Time:    0.05s]- Epoch: 1 [0500/1330 ( 38%)]	Losses: ce_loss-2.3954(3.0537) loss_tacl-0.0000(0.0000) loss_sacl-0.0113(0.0112) loss_event-0.0090(0.0101) loss_evidence-0.0084(0.0068) loss_query_diversity-0.0044(0.0044) loss_position-0.0000(0.0000) total_loss-2.3954(3.0537) 
[2026-09-19 17:45:38,575]-[trainutils.py line:416]:[EST:    2.65m][Process Time:    0.04s]- Epoch: 1 [0600/1330 ( 45%)]	Losses: ce_loss-2.6695(2.9631) loss_tacl-0.0000(0.0000) loss_sacl-0.0112(0.0112) loss_event-0.0089(0.0099) loss_evidence-0.0090(0.0061) loss_query_diversity-0.0044(0.0044) loss_position-0.0000(0.0000) total_loss-2.6695(2.9631) 
[2026-09-19 17:45:59,865]-[trainutils.py line:416]:[EST:    2.28m][Process Time:    0.05s]- Epoch: 1 [0700/1330 ( 53%)]	Losses: ce_loss-2.6911(2.8894) loss_tacl-0.0000(0.0000) loss_sacl-0.0111(0.0112) loss_event-0.0083(0.0098) loss_evidence-0.0065(0.0055) loss_query_diversity-0.0044(0.0044) loss_position-0.0000(0.0000) total_loss-2.6911(2.8894) 
[2026-09-19 17:46:21,056]-[trainutils.py line:416]:[EST:    1.91m][Process Time:    0.05s]- Epoch: 1 [0800/1330 ( 60%)]	Losses: ce_loss-2.5739(2.8219) loss_tacl-0.0000(0.0000) loss_sacl-0.0111(0.0112) loss_event-0.0087(0.0097) loss_evidence-0.0055(0.0049) loss_query_diversity-0.0044(0.0044) loss_position-0.0000(0.0000) total_loss-2.5739(2.8219) 
[2026-09-19 17:46:42,489]-[trainutils.py line:416]:[EST:    1.55m][Process Time:    0.04s]- Epoch: 1 [0900/1330 ( 68%)]	Losses: ce_loss-2.2509(2.7653) loss_tacl-0.0000(0.0000) loss_sacl-0.0112(0.0112) loss_event-0.0091(0.0096) loss_evidence-0.0021(0.0044) loss_query_diversity-0.0044(0.0044) loss_position-0.0000(0.0000) total_loss-2.2509(2.7653) 
[2026-09-19 17:47:03,879]-[trainutils.py line:416]:[EST:    1.18m][Process Time:    0.05s]- Epoch: 1 [1000/1330 ( 75%)]	Losses: ce_loss-2.3219(2.7120) loss_tacl-0.0000(0.0000) loss_sacl-0.0112(0.0112) loss_event-0.0081(0.0095) loss_evidence-0.0033(0.0040) loss_query_diversity-0.0044(0.0044) loss_position-0.0000(0.0000) total_loss-2.3219(2.7120) 
[2026-09-19 17:47:25,059]-[trainutils.py line:416]:[EST:    0.82m][Process Time:    0.05s]- Epoch: 1 [1100/1330 ( 83%)]	Losses: ce_loss-1.9836(2.6615) loss_tacl-0.0000(0.0000) loss_sacl-0.0113(0.0112) loss_event-0.0081(0.0094) loss_evidence-0.0014(0.0036) loss_query_diversity-0.0044(0.0044) loss_position-0.0000(0.0000) total_loss-1.9836(2.6615) 
[2026-09-19 17:47:46,265]-[trainutils.py line:416]:[EST:    0.46m][Process Time:    0.04s]- Epoch: 1 [1200/1330 ( 90%)]	Losses: ce_loss-1.9858(2.6187) loss_tacl-0.0000(0.0000) loss_sacl-0.0112(0.0112) loss_event-0.0092(0.0093) loss_evidence-0.0033(0.0033) loss_query_diversity-0.0044(0.0044) loss_position-0.0000(0.0000) total_loss-1.9858(2.6187) 
[2026-09-19 17:48:07,469]-[trainutils.py line:416]:[EST:    0.10m][Process Time:    0.05s]- Epoch: 1 [1300/1330 ( 98%)]	Losses: ce_loss-1.6694(2.5763) loss_tacl-0.0000(0.0000) loss_sacl-0.0112(0.0112) loss_event-0.0083(0.0092) loss_evidence-0.0049(0.0031) loss_query_diversity-0.0044(0.0044) loss_position-0.0000(0.0000) total_loss-1.6694(2.5763) 
[2026-09-19 17:48:13,750]-[trainutils.py line:416]:[EST:   -0.00m][Process Time:    0.07s]- Epoch: 1 [1330/1330 (100%)]	Losses: ce_loss-2.1126(2.5649) loss_tacl-0.0000(0.0000) loss_sacl-0.0111(0.0112) loss_event-0.0082(0.0092) loss_evidence-0.0018(0.0030) loss_query_diversity-0.0044(0.0044) loss_position-0.0000(0.0000) total_loss-2.1126(2.5649) 
[2026-09-19 17:48:14,363]-[train.py line:106]:
-------------- validation epoch 1 -------------- 
[2026-09-19 17:48:14,768]-[trainutils.py line:461]:Test progress:   0/95 
[2026-09-19 17:48:47,308]-[trainutils.py line:461]:Test progress:  95/95 
[2026-09-19 17:48:47,309]-[trainutils.py line:492]:Epoch 1 -           Audio/Counting accuracy: 66.54(340/511) 
[2026-09-19 17:48:47,309]-[trainutils.py line:492]:Epoch 1 -        Audio/Comparative accuracy: 48.81(144/295) 
[2026-09-19 17:48:47,309]-[trainutils.py line:497]:Epoch 1 -                    Audio accuracy: 60.05(484/806) 
[2026-09-19 17:48:47,309]-[trainutils.py line:492]:Epoch 1 -          Visual/Counting accuracy: 52.67(316/600) 
[2026-09-19 17:48:47,309]-[trainutils.py line:492]:Epoch 1 -          Visual/Location accuracy: 12.23(75/613) 
[2026-09-19 17:48:47,311]-[trainutils.py line:497]:Epoch 1 -                   Visual accuracy: 32.23(391/1213) 
[2026-09-19 17:48:47,311]-[trainutils.py line:492]:Epoch 1 - Audio-Visual/Existential accuracy: 78.99(391/495) 
[2026-09-19 17:48:47,312]-[trainutils.py line:492]:Epoch 1 -    Audio-Visual/Counting accuracy: 44.08(279/633) 
[2026-09-19 17:48:47,312]-[trainutils.py line:492]:Epoch 1 -    Audio-Visual/Location accuracy: 18.66(86/461) 
[2026-09-19 17:48:47,312]-[trainutils.py line:492]:Epoch 1 - Audio-Visual/Comparative accuracy: 59.02(324/549) 
[2026-09-19 17:48:47,312]-[trainutils.py line:492]:Epoch 1 -    Audio-Visual/Temporal accuracy: 0.00(0/411) 
[2026-09-19 17:48:47,312]-[trainutils.py line:497]:Epoch 1 -             Audio-Visual accuracy: 42.37(1080/2549) 
[2026-09-19 17:48:47,312]-[trainutils.py line:501]:Epoch 1 -                    Total accuracy: 42.80(1955/4568) 
[2026-09-19 17:48:47,341]-[train.py line:151]:best model saved at epoch 1 with acc 42.79772329246935 (raw) 
[2026-09-19 17:48:47,405]-[train.py line:167]:Epoch 1 done with 42.80 and loss 1.94531. 
[2026-09-19 17:48:47,405]-[train.py line:168]:At epoch1 best acc: 42.80. 
[2026-09-19 17:48:47,405]-[train.py line:102]:
-------------- training epoch 2 -------------- 
[2026-09-19 17:48:47,623]-[trainutils.py line:416]:[EST:    4.79m][Process Time:    0.05s]- Epoch: 2 [0000/1330 (  0%)]	Losses: ce_loss-1.8734(1.8734) loss_tacl-0.0001(0.0001) loss_sacl-0.0225(0.0225) loss_event-0.0084(0.0084) loss_evidence-0.0030(0.0030) loss_query_diversity-0.0044(0.0044) loss_position-0.0000(0.0000) total_loss-1.8734(1.8734) 
[2026-09-19 17:49:08,956]-[trainutils.py line:416]:[EST:    4.37m][Process Time:    0.05s]- Epoch: 2 [0100/1330 (  8%)]	Losses: ce_loss-1.1558(1.4941) loss_tacl-0.0001(0.0001) loss_sacl-0.0211(0.0218) loss_event-0.0068(0.0073) loss_evidence-0.0000(0.0012) loss_query_diversity-0.0044(0.0044) loss_position-0.0000(0.0000) total_loss-1.1558(1.4941) 
[2026-09-19 17:49:30,689]-[trainutils.py line:416]:[EST:    4.05m][Process Time:    0.04s]- Epoch: 2 [0200/1330 ( 15%)]	Losses: ce_loss-1.0593(1.2678) loss_tacl-0.0001(0.0001) loss_sacl-0.0198(0.0210) loss_event-0.0066(0.0073) loss_evidence-0.0000(0.0008) loss_query_diversity-0.0044(0.0044) loss_position-0.0000(0.0000) total_loss-1.0593(1.2678) 
[2026-09-19 17:49:52,162]-[trainutils.py line:416]:[EST:    3.69m][Process Time:    0.05s]- Epoch: 2 [0300/1330 ( 23%)]	Losses: ce_loss-0.9494(1.1817) loss_tacl-0.0001(0.0001) loss_sacl-0.0180(0.0202) loss_event-0.0066(0.0071) loss_evidence-0.0000(0.0006) loss_query_diversity-0.0044(0.0044) loss_position-0.0000(0.0000) total_loss-0.9494(1.1817) 
[2026-09-19 17:50:13,328]-[trainutils.py line:416]:[EST:    3.32m][Process Time:    0.05s]- Epoch: 2 [0400/1330 ( 30%)]	Losses: ce_loss-0.8159(1.1209) loss_tacl-0.0001(0.0001) loss_sacl-0.0172(0.0195) loss_event-0.0056(0.0070) loss_evidence-0.0000(0.0006) loss_query_diversity-0.0044(0.0044) loss_position-0.0000(0.0000) total_loss-0.8159(1.1209) 
[2026-09-19 17:50:34,723]-[trainutils.py line:416]:[EST:    2.96m][Process Time:    0.04s]- Epoch: 2 [0500/1330 ( 38%)]	Losses: ce_loss-1.3278(1.0741) loss_tacl-0.0001(0.0001) loss_sacl-0.0161(0.0190) loss_event-0.0057(0.0068) loss_evidence-0.0000(0.0005) loss_query_diversity-0.0044(0.0044) loss_position-0.0000(0.0000) total_loss-1.3278(1.0741) 
[2026-09-19 17:50:56,040]-[trainutils.py line:416]:[EST:    2.60m][Process Time:    0.05s]- Epoch: 2 [0600/1330 ( 45%)]	Losses: ce_loss-1.3383(1.0497) loss_tacl-0.0001(0.0001) loss_sacl-0.0158(0.0185) loss_event-0.0059(0.0066) loss_evidence-0.0016(0.0005) loss_query_diversity-0.0044(0.0044) loss_position-0.0000(0.0000) total_loss-1.3383(1.0497) 
[2026-09-19 17:51:17,516]-[trainutils.py line:416]:[EST:    2.24m][Process Time:    0.04s]- Epoch: 2 [0700/1330 ( 53%)]	Losses: ce_loss-0.8032(1.0260) loss_tacl-0.0001(0.0001) loss_sacl-0.0156(0.0181) loss_event-0.0060(0.0064) loss_evidence-0.0000(0.0004) loss_query_diversity-0.0044(0.0044) loss_position-0.0000(0.0000) total_loss-0.8032(1.0260) 
[2026-09-19 17:51:38,866]-[trainutils.py line:416]:[EST:    1.89m][Process Time:    0.05s]- Epoch: 2 [0800/1330 ( 60%)]	Losses: ce_loss-0.7611(0.9997) loss_tacl-0.0001(0.0001) loss_sacl-0.0159(0.0177) loss_event-0.0042(0.0063) loss_evidence-0.0000(0.0004) loss_query_diversity-0.0044(0.0044) loss_position-0.0000(0.0000) total_loss-0.7611(0.9997) 
[2026-09-19 17:52:00,115]-[trainutils.py line:416]:[EST:    1.53m][Process Time:    0.05s]- Epoch: 2 [0900/1330 ( 68%)]	Losses: ce_loss-0.9646(0.9827) loss_tacl-0.0001(0.0001) loss_sacl-0.0143(0.0174) loss_event-0.0044(0.0062) loss_evidence-0.0000(0.0004) loss_query_diversity-0.0044(0.0044) loss_position-0.0000(0.0000) total_loss-0.9646(0.9827) 
[2026-09-19 17:52:21,499]-[trainutils.py line:416]:[EST:    1.17m][Process Time:    0.05s]- Epoch: 2 [1000/1330 ( 75%)]	Losses: ce_loss-0.6760(0.9636) loss_tacl-0.0001(0.0001) loss_sacl-0.0142(0.0171) loss_event-0.0041(0.0061) loss_evidence-0.0000(0.0004) loss_query_diversity-0.0044(0.0044) loss_position-0.0000(0.0000) total_loss-0.6760(0.9636) 
[2026-09-19 17:52:42,664]-[trainutils.py line:416]:[EST:    0.82m][Process Time:    0.05s]- Epoch: 2 [1100/1330 ( 83%)]	Losses: ce_loss-0.5862(0.9475) loss_tacl-0.0001(0.0001) loss_sacl-0.0142(0.0169) loss_event-0.0051(0.0060) loss_evidence-0.0000(0.0004) loss_query_diversity-0.0044(0.0044) loss_position-0.0000(0.0000) total_loss-0.5862(0.9475) 
[2026-09-19 17:53:04,819]-[trainutils.py line:416]:[EST:    0.46m][Process Time:    0.04s]- Epoch: 2 [1200/1330 ( 90%)]	Losses: ce_loss-0.6507(0.9317) loss_tacl-0.0001(0.0001) loss_sacl-0.0141(0.0166) loss_event-0.0036(0.0059) loss_evidence-0.0003(0.0004) loss_query_diversity-0.0044(0.0044) loss_position-0.0000(0.0000) total_loss-0.6507(0.9317) 
[2026-09-19 17:53:26,205]-[trainutils.py line:416]:[EST:    0.10m][Process Time:    0.05s]- Epoch: 2 [1300/1330 ( 98%)]	Losses: ce_loss-0.9144(0.9208) loss_tacl-0.0001(0.0001) loss_sacl-0.0140(0.0164) loss_event-0.0045(0.0058) loss_evidence-0.0000(0.0004) loss_query_diversity-0.0044(0.0044) loss_position-0.0000(0.0000) total_loss-0.9144(0.9208) 
[2026-09-19 17:53:32,650]-[trainutils.py line:416]:[EST:   -0.00m][Process Time:    0.05s]- Epoch: 2 [1330/1330 (100%)]	Losses: ce_loss-0.6105(0.9172) loss_tacl-0.0001(0.0001) loss_sacl-0.0123(0.0163) loss_event-0.0072(0.0058) loss_evidence-0.0000(0.0003) loss_query_diversity-0.0044(0.0044) loss_position-0.0000(0.0000) total_loss-0.6105(0.9172) 
[2026-09-19 17:53:33,256]-[train.py line:106]:
-------------- validation epoch 2 -------------- 
[2026-09-19 17:53:33,595]-[trainutils.py line:461]:Test progress:   0/95 
[2026-09-19 17:54:05,750]-[trainutils.py line:461]:Test progress:  95/95 
[2026-09-19 17:54:05,751]-[trainutils.py line:492]:Epoch 2 -           Audio/Counting accuracy: 76.91(393/511) 
[2026-09-19 17:54:05,751]-[trainutils.py line:492]:Epoch 2 -        Audio/Comparative accuracy: 54.58(161/295) 
[2026-09-19 17:54:05,751]-[trainutils.py line:497]:Epoch 2 -                    Audio accuracy: 68.73(554/806) 
[2026-09-19 17:54:05,752]-[trainutils.py line:492]:Epoch 2 -          Visual/Counting accuracy: 71.67(430/600) 
[2026-09-19 17:54:05,752]-[trainutils.py line:492]:Epoch 2 -          Visual/Location accuracy: 81.89(502/613) 
[2026-09-19 17:54:05,752]-[trainutils.py line:497]:Epoch 2 -                   Visual accuracy: 76.83(932/1213) 
[2026-09-19 17:54:05,752]-[trainutils.py line:492]:Epoch 2 - Audio-Visual/Existential accuracy: 82.63(409/495) 
[2026-09-19 17:54:05,752]-[trainutils.py line:492]:Epoch 2 -    Audio-Visual/Counting accuracy: 66.35(420/633) 
[2026-09-19 17:54:05,753]-[trainutils.py line:492]:Epoch 2 -    Audio-Visual/Location accuracy: 61.82(285/461) 
[2026-09-19 17:54:05,753]-[trainutils.py line:492]:Epoch 2 - Audio-Visual/Comparative accuracy: 58.65(322/549) 
[2026-09-19 17:54:05,753]-[trainutils.py line:492]:Epoch 2 -    Audio-Visual/Temporal accuracy: 67.40(277/411) 
[2026-09-19 17:54:05,753]-[trainutils.py line:497]:Epoch 2 -             Audio-Visual accuracy: 67.20(1713/2549) 
[2026-09-19 17:54:05,753]-[trainutils.py line:501]:Epoch 2 -                    Total accuracy: 70.03(3199/4568) 
[2026-09-19 17:54:06,113]-[trainutils.py line:461]:Test progress:   0/95 
[2026-09-19 17:54:37,945]-[trainutils.py line:461]:Test progress:  95/95 
[2026-09-19 17:54:37,946]-[trainutils.py line:492]:Epoch 2 -           Audio/Counting accuracy: 75.15(384/511) 
[2026-09-19 17:54:37,946]-[trainutils.py line:492]:Epoch 2 -        Audio/Comparative accuracy: 59.32(175/295) 
[2026-09-19 17:54:37,946]-[trainutils.py line:497]:Epoch 2 -                    Audio accuracy: 69.35(559/806) 
[2026-09-19 17:54:37,946]-[trainutils.py line:492]:Epoch 2 -          Visual/Counting accuracy: 67.17(403/600) 
[2026-09-19 17:54:37,946]-[trainutils.py line:492]:Epoch 2 -          Visual/Location accuracy: 79.12(485/613) 
[2026-09-19 17:54:37,948]-[trainutils.py line:497]:Epoch 2 -                   Visual accuracy: 73.21(888/1213) 
[2026-09-19 17:54:37,948]-[trainutils.py line:492]:Epoch 2 - Audio-Visual/Existential accuracy: 79.80(395/495) 
[2026-09-19 17:54:37,948]-[trainutils.py line:492]:Epoch 2 -    Audio-Visual/Counting accuracy: 65.09(412/633) 
[2026-09-19 17:54:37,948]-[trainutils.py line:492]:Epoch 2 -    Audio-Visual/Location accuracy: 58.79(271/461) 
[2026-09-19 17:54:37,948]-[trainutils.py line:492]:Epoch 2 - Audio-Visual/Comparative accuracy: 56.65(311/549) 
[2026-09-19 17:54:37,949]-[trainutils.py line:492]:Epoch 2 -    Audio-Visual/Temporal accuracy: 68.61(282/411) 
[2026-09-19 17:54:37,949]-[trainutils.py line:497]:Epoch 2 -             Audio-Visual accuracy: 65.56(1671/2549) 
[2026-09-19 17:54:37,949]-[trainutils.py line:501]:Epoch 2 -                    Total accuracy: 68.26(3118/4568) 
[2026-09-19 17:54:37,981]-[train.py line:151]:best model saved at epoch 2 with acc 70.03064798598949 (raw) 
[2026-09-19 17:54:38,030]-[train.py line:167]:Epoch 2 done with 70.03 and loss 0.70312. 
[2026-09-19 17:54:38,030]-[train.py line:168]:At epoch2 best acc: 70.03. 
[2026-09-19 17:54:38,030]-[train.py line:102]:
-------------- training epoch 3 -------------- 
[2026-09-19 17:54:38,243]-[trainutils.py line:416]:[EST:    4.67m][Process Time:    0.04s]- Epoch: 3 [0000/1330 (  0%)]	Losses: ce_loss-0.9596(0.9596) loss_tacl-0.0001(0.0001) loss_sacl-0.0204(0.0204) loss_event-0.0048(0.0048) loss_evidence-0.0000(0.0000) loss_query_diversity-0.0044(0.0044) loss_position-0.0000(0.0000) total_loss-0.9596(0.9596) 
[2026-09-19 17:54:59,574]-[trainutils.py line:416]:[EST:    4.37m][Process Time:    0.05s]- Epoch: 3 [0100/1330 (  8%)]	Losses: ce_loss-0.9386(0.7167) loss_tacl-0.0001(0.0001) loss_sacl-0.0198(0.0203) loss_event-0.0050(0.0049) loss_evidence-0.0000(0.0004) loss_query_diversity-0.0044(0.0044) loss_position-0.0000(0.0000) total_loss-0.9386(0.7167) 
[2026-09-19 17:55:21,111]-[trainutils.py line:416]:[EST:    4.03m][Process Time:    0.05s]- Epoch: 3 [0200/1330 ( 15%)]	Losses: ce_loss-0.6882(0.6989) loss_tacl-0.0001(0.0001) loss_sacl-0.0205(0.0198) loss_event-0.0041(0.0048) loss_evidence-0.0005(0.0004) loss_query_diversity-0.0044(0.0044) loss_position-0.0000(0.0000) total_loss-0.6882(0.6989) 
[2026-09-19 17:55:42,253]-[trainutils.py line:416]:[EST:    3.66m][Process Time:    0.05s]- Epoch: 3 [0300/1330 ( 23%)]	Losses: ce_loss-0.5815(0.6888) loss_tacl-0.0001(0.0001) loss_sacl-0.0185(0.0196) loss_event-0.0064(0.0047) loss_evidence-0.0024(0.0004) loss_query_diversity-0.0044(0.0044) loss_position-0.0000(0.0000) total_loss-0.5815(0.6888) 
[2026-09-19 17:56:03,327]-[trainutils.py line:416]:[EST:    3.29m][Process Time:    0.04s]- Epoch: 3 [0400/1330 ( 30%)]	Losses: ce_loss-0.8062(0.6945) loss_tacl-0.0001(0.0001) loss_sacl-0.0194(0.0194) loss_event-0.0044(0.0048) loss_evidence-0.0005(0.0004) loss_query_diversity-0.0044(0.0044) loss_position-0.0000(0.0000) total_loss-0.8062(0.6945) 
[2026-09-19 17:56:24,371]-[trainutils.py line:416]:[EST:    2.93m][Process Time:    0.05s]- Epoch: 3 [0500/1330 ( 38%)]	Losses: ce_loss-0.3704(0.6957) loss_tacl-0.0001(0.0001) loss_sacl-0.0179(0.0192) loss_event-0.0041(0.0047) loss_evidence-0.0000(0.0004) loss_query_diversity-0.0043(0.0044) loss_position-0.0000(0.0000) total_loss-0.3704(0.6957) 
[2026-09-19 17:56:45,390]-[trainutils.py line:416]:[EST:    2.57m][Process Time:    0.05s]- Epoch: 3 [0600/1330 ( 45%)]	Losses: ce_loss-0.6293(0.6916) loss_tacl-0.0001(0.0001) loss_sacl-0.0179(0.0190) loss_event-0.0045(0.0047) loss_evidence-0.0000(0.0004) loss_query_diversity-0.0043(0.0044) loss_position-0.0000(0.0000) total_loss-0.6293(0.6916) 
[2026-09-19 17:57:06,294]-[trainutils.py line:416]:[EST:    2.22m][Process Time:    0.05s]- Epoch: 3 [0700/1330 ( 53%)]	Losses: ce_loss-0.8692(0.6962) loss_tacl-0.0001(0.0001) loss_sacl-0.0164(0.0189) loss_event-0.0047(0.0047) loss_evidence-0.0000(0.0004) loss_query_diversity-0.0044(0.0044) loss_position-0.0000(0.0000) total_loss-0.8692(0.6962) 
[2026-09-19 17:57:27,386]-[trainutils.py line:416]:[EST:    1.86m][Process Time:    0.05s]- Epoch: 3 [0800/1330 ( 60%)]	Losses: ce_loss-0.5905(0.6949) loss_tacl-0.0001(0.0001) loss_sacl-0.0175(0.0187) loss_event-0.0045(0.0047) loss_evidence-0.0000(0.0004) loss_query_diversity-0.0044(0.0044) loss_position-0.0000(0.0000) total_loss-0.5905(0.6949) 
[2026-09-19 17:57:48,231]-[trainutils.py line:416]:[EST:    1.51m][Process Time:    0.05s]- Epoch: 3 [0900/1330 ( 68%)]	Losses: ce_loss-0.6028(0.6961) loss_tacl-0.0001(0.0001) loss_sacl-0.0181(0.0186) loss_event-0.0042(0.0047) loss_evidence-0.0000(0.0004) loss_query_diversity-0.0044(0.0044) loss_position-0.0000(0.0000) total_loss-0.6028(0.6961) 
[2026-09-19 17:58:09,119]-[trainutils.py line:416]:[EST:    1.16m][Process Time:    0.05s]- Epoch: 3 [1000/1330 ( 75%)]	Losses: ce_loss-0.6279(0.6953) loss_tacl-0.0001(0.0001) loss_sacl-0.0160(0.0184) loss_event-0.0069(0.0047) loss_evidence-0.0007(0.0004) loss_query_diversity-0.0043(0.0044) loss_position-0.0000(0.0000) total_loss-0.6279(0.6953) 
[2026-09-19 17:58:30,197]-[trainutils.py line:416]:[EST:    0.80m][Process Time:    0.04s]- Epoch: 3 [1100/1330 ( 83%)]	Losses: ce_loss-0.5862(0.6913) loss_tacl-0.0001(0.0001) loss_sacl-0.0187(0.0183) loss_event-0.0049(0.0047) loss_evidence-0.0000(0.0004) loss_query_diversity-0.0044(0.0044) loss_position-0.0000(0.0000) total_loss-0.5862(0.6913) 
[2026-09-19 17:58:51,087]-[trainutils.py line:416]:[EST:    0.45m][Process Time:    0.04s]- Epoch: 3 [1200/1330 ( 90%)]	Losses: ce_loss-0.8593(0.6900) loss_tacl-0.0001(0.0001) loss_sacl-0.0167(0.0182) loss_event-0.0049(0.0047) loss_evidence-0.0010(0.0004) loss_query_diversity-0.0043(0.0044) loss_position-0.0000(0.0000) total_loss-0.8593(0.6900) 
[2026-09-19 17:59:12,135]-[trainutils.py line:416]:[EST:    0.10m][Process Time:    0.05s]- Epoch: 3 [1300/1330 ( 98%)]	Losses: ce_loss-0.3241(0.6868) loss_tacl-0.0001(0.0001) loss_sacl-0.0174(0.0181) loss_event-0.0049(0.0047) loss_evidence-0.0000(0.0004) loss_query_diversity-0.0043(0.0044) loss_position-0.0000(0.0000) total_loss-0.3241(0.6868) 
[2026-09-19 17:59:18,311]-[trainutils.py line:416]:[EST:   -0.00m][Process Time:    0.05s]- Epoch: 3 [1330/1330 (100%)]	Losses: ce_loss-0.3689(0.6855) loss_tacl-0.0001(0.0001) loss_sacl-0.0141(0.0181) loss_event-0.0036(0.0046) loss_evidence-0.0000(0.0004) loss_query_diversity-0.0043(0.0044) loss_position-0.0000(0.0000) total_loss-0.3689(0.6855) 
[2026-09-19 17:59:18,899]-[train.py line:106]:
-------------- validation epoch 3 -------------- 
[2026-09-19 17:59:19,221]-[trainutils.py line:461]:Test progress:   0/95 
[2026-09-19 17:59:50,795]-[trainutils.py line:461]:Test progress:  95/95 
[2026-09-19 17:59:50,796]-[trainutils.py line:492]:Epoch 3 -           Audio/Counting accuracy: 84.93(434/511) 
[2026-09-19 17:59:50,796]-[trainutils.py line:492]:Epoch 3 -        Audio/Comparative accuracy: 51.19(151/295) 
[2026-09-19 17:59:50,796]-[trainutils.py line:497]:Epoch 3 -                    Audio accuracy: 72.58(585/806) 
[2026-09-19 17:59:50,797]-[trainutils.py line:492]:Epoch 3 -          Visual/Counting accuracy: 75.50(453/600) 
[2026-09-19 17:59:50,797]-[trainutils.py line:492]:Epoch 3 -          Visual/Location accuracy: 83.52(512/613) 
[2026-09-19 17:59:50,797]-[trainutils.py line:497]:Epoch 3 -                   Visual accuracy: 79.55(965/1213) 
[2026-09-19 17:59:50,797]-[trainutils.py line:492]:Epoch 3 - Audio-Visual/Existential accuracy: 80.20(397/495) 
[2026-09-19 17:59:50,797]-[trainutils.py line:492]:Epoch 3 -    Audio-Visual/Counting accuracy: 71.41(452/633) 
[2026-09-19 17:59:50,798]-[trainutils.py line:492]:Epoch 3 -    Audio-Visual/Location accuracy: 62.69(289/461) 
[2026-09-19 17:59:50,798]-[trainutils.py line:492]:Epoch 3 - Audio-Visual/Comparative accuracy: 52.64(289/549) 
[2026-09-19 17:59:50,798]-[trainutils.py line:492]:Epoch 3 -    Audio-Visual/Temporal accuracy: 71.05(292/411) 
[2026-09-19 17:59:50,798]-[trainutils.py line:497]:Epoch 3 -             Audio-Visual accuracy: 67.44(1719/2549) 
[2026-09-19 17:59:50,798]-[trainutils.py line:501]:Epoch 3 -                    Total accuracy: 71.56(3269/4568) 
[2026-09-19 17:59:51,159]-[trainutils.py line:461]:Test progress:   0/95 
[2026-09-19 18:00:22,373]-[trainutils.py line:461]:Test progress:  95/95 
[2026-09-19 18:00:22,374]-[trainutils.py line:492]:Epoch 3 -           Audio/Counting accuracy: 79.06(404/511) 
[2026-09-19 18:00:22,374]-[trainutils.py line:492]:Epoch 3 -        Audio/Comparative accuracy: 58.64(173/295) 
[2026-09-19 18:00:22,374]-[trainutils.py line:497]:Epoch 3 -                    Audio accuracy: 71.59(577/806) 
[2026-09-19 18:00:22,375]-[trainutils.py line:492]:Epoch 3 -          Visual/Counting accuracy: 72.33(434/600) 
[2026-09-19 18:00:22,375]-[trainutils.py line:492]:Epoch 3 -          Visual/Location accuracy: 83.36(511/613) 
[2026-09-19 18:00:22,375]-[trainutils.py line:497]:Epoch 3 -                   Visual accuracy: 77.91(945/1213) 
[2026-09-19 18:00:22,375]-[trainutils.py line:492]:Epoch 3 - Audio-Visual/Existential accuracy: 83.03(411/495) 
[2026-09-19 18:00:22,375]-[trainutils.py line:492]:Epoch 3 -    Audio-Visual/Counting accuracy: 69.04(437/633) 
[2026-09-19 18:00:22,376]-[trainutils.py line:492]:Epoch 3 -    Audio-Visual/Location accuracy: 65.08(300/461) 
[2026-09-19 18:00:22,376]-[trainutils.py line:492]:Epoch 3 - Audio-Visual/Comparative accuracy: 59.93(329/549) 
[2026-09-19 18:00:22,376]-[trainutils.py line:492]:Epoch 3 -    Audio-Visual/Temporal accuracy: 73.24(301/411) 
[2026-09-19 18:00:22,376]-[trainutils.py line:497]:Epoch 3 -             Audio-Visual accuracy: 69.75(1778/2549) 
[2026-09-19 18:00:22,376]-[trainutils.py line:501]:Epoch 3 -                    Total accuracy: 72.24(3300/4568) 
[2026-09-19 18:00:22,412]-[train.py line:151]:best model saved at epoch 3 with acc 72.24168126094571 (ema) 
[2026-09-19 18:00:22,459]-[train.py line:167]:Epoch 3 done with 72.24 and loss 0.65234. 
[2026-09-19 18:00:22,460]-[train.py line:168]:At epoch3 best acc: 72.24. 
[2026-09-19 18:00:22,460]-[train.py line:102]:
-------------- training epoch 4 -------------- 
[2026-09-19 18:00:22,679]-[trainutils.py line:416]:[EST:    4.82m][Process Time:    0.04s]- Epoch: 4 [0000/1330 (  0%)]	Losses: ce_loss-0.8185(0.8185) loss_tacl-0.0001(0.0001) loss_sacl-0.0168(0.0168) loss_event-0.0047(0.0047) loss_evidence-0.0000(0.0000) loss_query_diversity-0.0044(0.0044) loss_position-0.0000(0.0000) total_loss-0.8185(0.8185) 
[2026-09-19 18:00:43,581]-[trainutils.py line:416]:[EST:    4.28m][Process Time:    0.05s]- Epoch: 4 [0100/1330 (  8%)]	Losses: ce_loss-0.6618(0.5943) loss_tacl-0.0001(0.0001) loss_sacl-0.0158(0.0169) loss_event-0.0045(0.0048) loss_evidence-0.0003(0.0003) loss_query_diversity-0.0043(0.0043) loss_position-0.0000(0.0000) total_loss-0.6618(0.5943) 
[2026-09-19 18:01:04,555]-[trainutils.py line:416]:[EST:    3.94m][Process Time:    0.04s]- Epoch: 4 [0200/1330 ( 15%)]	Losses: ce_loss-0.4214(0.6020) loss_tacl-0.0001(0.0001) loss_sacl-0.0159(0.0168) loss_event-0.0054(0.0048) loss_evidence-0.0000(0.0004) loss_query_diversity-0.0044(0.0043) loss_position-0.0000(0.0000) total_loss-0.4214(0.6020) 
[2026-09-19 18:01:25,664]-[trainutils.py line:416]:[EST:    3.60m][Process Time:    0.05s]- Epoch: 4 [0300/1330 ( 23%)]	Losses: ce_loss-0.5563(0.5931) loss_tacl-0.0001(0.0001) loss_sacl-0.0172(0.0168) loss_event-0.0043(0.0048) loss_evidence-0.0000(0.0005) loss_query_diversity-0.0043(0.0044) loss_position-0.0000(0.0000) total_loss-0.5563(0.5931) 
[2026-09-19 18:01:46,929]-[trainutils.py line:416]:[EST:    3.26m][Process Time:    0.05s]- Epoch: 4 [0400/1330 ( 30%)]	Losses: ce_loss-0.6044(0.5995) loss_tacl-0.0001(0.0001) loss_sacl-0.0168(0.0167) loss_event-0.0046(0.0048) loss_evidence-0.0017(0.0004) loss_query_diversity-0.0043(0.0044) loss_position-0.0000(0.0000) total_loss-0.6044(0.5995) 
[2026-09-19 18:02:08,075]-[trainutils.py line:416]:[EST:    2.91m][Process Time:    0.05s]- Epoch: 4 [0500/1330 ( 38%)]	Losses: ce_loss-0.5035(0.6003) loss_tacl-0.0001(0.0001) loss_sacl-0.0168(0.0166) loss_event-0.0038(0.0048) loss_evidence-0.0008(0.0004) loss_query_diversity-0.0044(0.0044) loss_position-0.0000(0.0000) total_loss-0.5035(0.6003) 
[2026-09-19 18:02:28,995]-[trainutils.py line:416]:[EST:    2.56m][Process Time:    0.05s]- Epoch: 4 [0600/1330 ( 45%)]	Losses: ce_loss-0.4287(0.5994) loss_tacl-0.0001(0.0001) loss_sacl-0.0149(0.0165) loss_event-0.0044(0.0048) loss_evidence-0.0000(0.0003) loss_query_diversity-0.0044(0.0044) loss_position-0.0000(0.0000) total_loss-0.4287(0.5994) 
[2026-09-19 18:02:49,971]-[trainutils.py line:416]:[EST:    2.21m][Process Time:    0.05s]- Epoch: 4 [0700/1330 ( 53%)]	Losses: ce_loss-0.6342(0.5990) loss_tacl-0.0001(0.0001) loss_sacl-0.0171(0.0165) loss_event-0.0045(0.0048) loss_evidence-0.0000(0.0004) loss_query_diversity-0.0043(0.0044) loss_position-0.0000(0.0000) total_loss-0.6342(0.5990) 
[2026-09-19 18:03:10,833]-[trainutils.py line:416]:[EST:    1.85m][Process Time:    0.04s]- Epoch: 4 [0800/1330 ( 60%)]	Losses: ce_loss-0.5402(0.6000) loss_tacl-0.0001(0.0001) loss_sacl-0.0166(0.0164) loss_event-0.0051(0.0048) loss_evidence-0.0000(0.0003) loss_query_diversity-0.0044(0.0044) loss_position-0.0000(0.0000) total_loss-0.5402(0.6000) 
[2026-09-19 18:03:31,576]-[trainutils.py line:416]:[EST:    1.50m][Process Time:    0.04s]- Epoch: 4 [0900/1330 ( 68%)]	Losses: ce_loss-0.6236(0.5988) loss_tacl-0.0001(0.0001) loss_sacl-0.0158(0.0164) loss_event-0.0039(0.0048) loss_evidence-0.0016(0.0003) loss_query_diversity-0.0044(0.0044) loss_position-0.0000(0.0000) total_loss-0.6236(0.5988) 
[2026-09-19 18:03:52,569]-[trainutils.py line:416]:[EST:    1.15m][Process Time:    0.05s]- Epoch: 4 [1000/1330 ( 75%)]	Losses: ce_loss-0.5052(0.6004) loss_tacl-0.0001(0.0001) loss_sacl-0.0158(0.0164) loss_event-0.0048(0.0048) loss_evidence-0.0000(0.0003) loss_query_diversity-0.0043(0.0044) loss_position-0.0000(0.0000) total_loss-0.5052(0.6004) 
[2026-09-19 18:04:13,465]-[trainutils.py line:416]:[EST:    0.80m][Process Time:    0.05s]- Epoch: 4 [1100/1330 ( 83%)]	Losses: ce_loss-0.6772(0.6019) loss_tacl-0.0001(0.0001) loss_sacl-0.0147(0.0163) loss_event-0.0049(0.0048) loss_evidence-0.0008(0.0003) loss_query_diversity-0.0043(0.0044) loss_position-0.0000(0.0000) total_loss-0.6772(0.6019) 
[2026-09-19 18:04:34,452]-[trainutils.py line:416]:[EST:    0.45m][Process Time:    0.04s]- Epoch: 4 [1200/1330 ( 90%)]	Losses: ce_loss-0.7738(0.6022) loss_tacl-0.0001(0.0001) loss_sacl-0.0153(0.0162) loss_event-0.0044(0.0048) loss_evidence-0.0003(0.0003) loss_query_diversity-0.0043(0.0043) loss_position-0.0000(0.0000) total_loss-0.7738(0.6022) 
[2026-09-19 18:04:55,363]-[trainutils.py line:416]:[EST:    0.10m][Process Time:    0.04s]- Epoch: 4 [1300/1330 ( 98%)]	Losses: ce_loss-0.7446(0.6021) loss_tacl-0.0001(0.0001) loss_sacl-0.0158(0.0162) loss_event-0.0041(0.0048) loss_evidence-0.0006(0.0003) loss_query_diversity-0.0043(0.0043) loss_position-0.0000(0.0000) total_loss-0.7446(0.6021) 
[2026-09-19 18:05:01,571]-[trainutils.py line:416]:[EST:   -0.00m][Process Time:    0.05s]- Epoch: 4 [1330/1330 (100%)]	Losses: ce_loss-0.1183(0.6018) loss_tacl-0.0001(0.0001) loss_sacl-0.0134(0.0162) loss_event-0.0071(0.0048) loss_evidence-0.0000(0.0003) loss_query_diversity-0.0044(0.0043) loss_position-0.0000(0.0000) total_loss-0.1183(0.6018) 
[2026-09-19 18:05:02,143]-[train.py line:106]:
-------------- validation epoch 4 -------------- 
[2026-09-19 18:05:02,466]-[trainutils.py line:461]:Test progress:   0/95 
[2026-09-19 18:05:34,185]-[trainutils.py line:461]:Test progress:  95/95 
[2026-09-19 18:05:34,185]-[trainutils.py line:492]:Epoch 4 -           Audio/Counting accuracy: 86.30(441/511) 
[2026-09-19 18:05:34,185]-[trainutils.py line:492]:Epoch 4 -        Audio/Comparative accuracy: 62.71(185/295) 
[2026-09-19 18:05:34,185]-[trainutils.py line:497]:Epoch 4 -                    Audio accuracy: 77.67(626/806) 
[2026-09-19 18:05:34,186]-[trainutils.py line:492]:Epoch 4 -          Visual/Counting accuracy: 78.83(473/600) 
[2026-09-19 18:05:34,186]-[trainutils.py line:492]:Epoch 4 -          Visual/Location accuracy: 84.34(517/613) 
[2026-09-19 18:05:34,186]-[trainutils.py line:497]:Epoch 4 -                   Visual accuracy: 81.62(990/1213) 
[2026-09-19 18:05:34,186]-[trainutils.py line:492]:Epoch 4 - Audio-Visual/Existential accuracy: 82.83(410/495) 
[2026-09-19 18:05:34,187]-[trainutils.py line:492]:Epoch 4 -    Audio-Visual/Counting accuracy: 76.30(483/633) 
[2026-09-19 18:05:34,187]-[trainutils.py line:492]:Epoch 4 -    Audio-Visual/Location accuracy: 61.39(283/461) 
[2026-09-19 18:05:34,187]-[trainutils.py line:492]:Epoch 4 - Audio-Visual/Comparative accuracy: 60.47(332/549) 
[2026-09-19 18:05:34,187]-[trainutils.py line:492]:Epoch 4 -    Audio-Visual/Temporal accuracy: 70.56(290/411) 
[2026-09-19 18:05:34,187]-[trainutils.py line:497]:Epoch 4 -             Audio-Visual accuracy: 70.54(1798/2549) 
[2026-09-19 18:05:34,188]-[trainutils.py line:501]:Epoch 4 -                    Total accuracy: 74.74(3414/4568) 
[2026-09-19 18:05:34,531]-[trainutils.py line:461]:Test progress:   0/95 
[2026-09-19 18:06:05,825]-[trainutils.py line:461]:Test progress:  95/95 
[2026-09-19 18:06:05,825]-[trainutils.py line:492]:Epoch 4 -           Audio/Counting accuracy: 83.76(428/511) 
[2026-09-19 18:06:05,826]-[trainutils.py line:492]:Epoch 4 -        Audio/Comparative accuracy: 60.34(178/295) 
[2026-09-19 18:06:05,826]-[trainutils.py line:497]:Epoch 4 -                    Audio accuracy: 75.19(606/806) 
[2026-09-19 18:06:05,826]-[trainutils.py line:492]:Epoch 4 -          Visual/Counting accuracy: 78.50(471/600) 
[2026-09-19 18:06:05,826]-[trainutils.py line:492]:Epoch 4 -          Visual/Location accuracy: 85.48(524/613) 
[2026-09-19 18:06:05,826]-[trainutils.py line:497]:Epoch 4 -                   Visual accuracy: 82.03(995/1213) 
[2026-09-19 18:06:05,827]-[trainutils.py line:492]:Epoch 4 - Audio-Visual/Existential accuracy: 83.84(415/495) 
[2026-09-19 18:06:05,827]-[trainutils.py line:492]:Epoch 4 -    Audio-Visual/Counting accuracy: 72.20(457/633) 
[2026-09-19 18:06:05,827]-[trainutils.py line:492]:Epoch 4 -    Audio-Visual/Location accuracy: 65.29(301/461) 
[2026-09-19 18:06:05,827]-[trainutils.py line:492]:Epoch 4 - Audio-Visual/Comparative accuracy: 59.93(329/549) 
[2026-09-19 18:06:05,828]-[trainutils.py line:492]:Epoch 4 -    Audio-Visual/Temporal accuracy: 72.99(300/411) 
[2026-09-19 18:06:05,828]-[trainutils.py line:497]:Epoch 4 -             Audio-Visual accuracy: 70.69(1802/2549) 
[2026-09-19 18:06:05,828]-[trainutils.py line:501]:Epoch 4 -                    Total accuracy: 74.50(3403/4568) 
[2026-09-19 18:06:05,862]-[train.py line:151]:best model saved at epoch 4 with acc 74.73730297723293 (raw) 
[2026-09-19 18:06:05,911]-[train.py line:167]:Epoch 4 done with 74.74 and loss 0.60938. 
[2026-09-19 18:06:05,911]-[train.py line:168]:At epoch4 best acc: 74.74. 
[2026-09-19 18:06:05,911]-[train.py line:102]:
-------------- training epoch 5 -------------- 
[2026-09-19 18:06:06,123]-[trainutils.py line:416]:[EST:    4.68m][Process Time:    0.04s]- Epoch: 5 [0000/1330 (  0%)]	Losses: ce_loss-0.4476(0.4476) loss_tacl-0.0001(0.0001) loss_sacl-0.0149(0.0149) loss_event-0.0051(0.0051) loss_evidence-0.0000(0.0000) loss_query_diversity-0.0043(0.0043) loss_position-0.0000(0.0000) total_loss-0.4476(0.4476) 
[2026-09-19 18:06:27,239]-[trainutils.py line:416]:[EST:    4.33m][Process Time:    0.04s]- Epoch: 5 [0100/1330 (  8%)]	Losses: ce_loss-0.5357(0.5205) loss_tacl-0.0001(0.0001) loss_sacl-0.0159(0.0151) loss_event-0.0044(0.0048) loss_evidence-0.0000(0.0003) loss_query_diversity-0.0044(0.0043) loss_position-0.0000(0.0000) total_loss-0.5357(0.5205) 
[2026-09-19 18:06:48,118]-[trainutils.py line:416]:[EST:    3.95m][Process Time:    0.04s]- Epoch: 5 [0200/1330 ( 15%)]	Losses: ce_loss-0.3334(0.5293) loss_tacl-0.0001(0.0001) loss_sacl-0.0162(0.0152) loss_event-0.0053(0.0049) loss_evidence-0.0000(0.0003) loss_query_diversity-0.0043(0.0043) loss_position-0.0000(0.0000) total_loss-0.3334(0.5293) 
[2026-09-19 18:07:09,059]-[trainutils.py line:416]:[EST:    3.60m][Process Time:    0.04s]- Epoch: 5 [0300/1330 ( 23%)]	Losses: ce_loss-0.5266(0.5335) loss_tacl-0.0001(0.0001) loss_sacl-0.0161(0.0153) loss_event-0.0044(0.0050) loss_evidence-0.0000(0.0003) loss_query_diversity-0.0043(0.0043) loss_position-0.0000(0.0000) total_loss-0.5266(0.5335) 
[2026-09-19 18:07:29,828]-[trainutils.py line:416]:[EST:    3.24m][Process Time:    0.04s]- Epoch: 5 [0400/1330 ( 30%)]	Losses: ce_loss-0.4445(0.5331) loss_tacl-0.0001(0.0001) loss_sacl-0.0150(0.0152) loss_event-0.0048(0.0050) loss_evidence-0.0000(0.0003) loss_query_diversity-0.0043(0.0043) loss_position-0.0000(0.0000) total_loss-0.4445(0.5331) 
[2026-09-19 18:07:50,678]-[trainutils.py line:416]:[EST:    2.89m][Process Time:    0.05s]- Epoch: 5 [0500/1330 ( 38%)]	Losses: ce_loss-0.5144(0.5300) loss_tacl-0.0001(0.0001) loss_sacl-0.0149(0.0152) loss_event-0.0044(0.0050) loss_evidence-0.0002(0.0003) loss_query_diversity-0.0043(0.0043) loss_position-0.0000(0.0000) total_loss-0.5144(0.5300) 
[2026-09-19 18:08:11,687]-[trainutils.py line:416]:[EST:    2.54m][Process Time:    0.04s]- Epoch: 5 [0600/1330 ( 45%)]	Losses: ce_loss-0.6291(0.5326) loss_tacl-0.0001(0.0001) loss_sacl-0.0147(0.0152) loss_event-0.0044(0.0050) loss_evidence-0.0000(0.0003) loss_query_diversity-0.0043(0.0043) loss_position-0.0000(0.0000) total_loss-0.6291(0.5326) 
[2026-09-19 18:08:32,463]-[trainutils.py line:416]:[EST:    2.19m][Process Time:    0.05s]- Epoch: 5 [0700/1330 ( 53%)]	Losses: ce_loss-0.9788(0.5332) loss_tacl-0.0001(0.0001) loss_sacl-0.0159(0.0151) loss_event-0.0044(0.0050) loss_evidence-0.0000(0.0003) loss_query_diversity-0.0043(0.0043) loss_position-0.0000(0.0000) total_loss-0.9788(0.5332) 
[2026-09-19 18:08:53,414]-[trainutils.py line:416]:[EST:    1.84m][Process Time:    0.05s]- Epoch: 5 [0800/1330 ( 60%)]	Losses: ce_loss-0.3720(0.5346) loss_tacl-0.0001(0.0001) loss_sacl-0.0161(0.0152) loss_event-0.0045(0.0050) loss_evidence-0.0000(0.0002) loss_query_diversity-0.0043(0.0043) loss_position-0.0000(0.0000) total_loss-0.3720(0.5346) 
[2026-09-19 18:09:14,249]-[trainutils.py line:416]:[EST:    1.49m][Process Time:    0.04s]- Epoch: 5 [0900/1330 ( 68%)]	Losses: ce_loss-0.4067(0.5329) loss_tacl-0.0001(0.0001) loss_sacl-0.0151(0.0151) loss_event-0.0050(0.0050) loss_evidence-0.0000(0.0002) loss_query_diversity-0.0044(0.0043) loss_position-0.0000(0.0000) total_loss-0.4067(0.5329) 
[2026-09-19 18:09:35,162]-[trainutils.py line:416]:[EST:    1.15m][Process Time:    0.05s]- Epoch: 5 [1000/1330 ( 75%)]	Losses: ce_loss-0.3420(0.5345) loss_tacl-0.0001(0.0001) loss_sacl-0.0141(0.0151) loss_event-0.0047(0.0050) loss_evidence-0.0000(0.0002) loss_query_diversity-0.0043(0.0043) loss_position-0.0000(0.0000) total_loss-0.3420(0.5345) 
[2026-09-19 18:09:56,245]-[trainutils.py line:416]:[EST:    0.80m][Process Time:    0.05s]- Epoch: 5 [1100/1330 ( 83%)]	Losses: ce_loss-0.7598(0.5352) loss_tacl-0.0001(0.0001) loss_sacl-0.0153(0.0150) loss_event-0.0055(0.0050) loss_evidence-0.0000(0.0002) loss_query_diversity-0.0043(0.0043) loss_position-0.0000(0.0000) total_loss-0.7598(0.5352) 
[2026-09-19 18:10:17,150]-[trainutils.py line:416]:[EST:    0.45m][Process Time:    0.04s]- Epoch: 5 [1200/1330 ( 90%)]	Losses: ce_loss-0.4457(0.5347) loss_tacl-0.0001(0.0001) loss_sacl-0.0156(0.0150) loss_event-0.0051(0.0051) loss_evidence-0.0000(0.0002) loss_query_diversity-0.0043(0.0043) loss_position-0.0000(0.0000) total_loss-0.4457(0.5347) 
[2026-09-19 18:10:37,975]-[trainutils.py line:416]:[EST:    0.10m][Process Time:    0.05s]- Epoch: 5 [1300/1330 ( 98%)]	Losses: ce_loss-0.4337(0.5347) loss_tacl-0.0001(0.0001) loss_sacl-0.0139(0.0150) loss_event-0.0051(0.0051) loss_evidence-0.0000(0.0002) loss_query_diversity-0.0043(0.0043) loss_position-0.0000(0.0000) total_loss-0.4337(0.5347) 
[2026-09-19 18:10:44,224]-[trainutils.py line:416]:[EST:   -0.00m][Process Time:    0.05s]- Epoch: 5 [1330/1330 (100%)]	Losses: ce_loss-0.5897(0.5352) loss_tacl-0.0001(0.0001) loss_sacl-0.0165(0.0150) loss_event-0.0072(0.0051) loss_evidence-0.0000(0.0002) loss_query_diversity-0.0043(0.0043) loss_position-0.0000(0.0000) total_loss-0.5897(0.5352) 
[2026-09-19 18:10:44,819]-[train.py line:106]:
-------------- validation epoch 5 -------------- 
[2026-09-19 18:10:45,132]-[trainutils.py line:461]:Test progress:   0/95 
[2026-09-19 18:11:16,700]-[trainutils.py line:461]:Test progress:  95/95 
[2026-09-19 18:11:16,701]-[trainutils.py line:492]:Epoch 5 -           Audio/Counting accuracy: 86.11(440/511) 
[2026-09-19 18:11:16,701]-[trainutils.py line:492]:Epoch 5 -        Audio/Comparative accuracy: 60.00(177/295) 
[2026-09-19 18:11:16,701]-[trainutils.py line:497]:Epoch 5 -                    Audio accuracy: 76.55(617/806) 
[2026-09-19 18:11:16,701]-[trainutils.py line:492]:Epoch 5 -          Visual/Counting accuracy: 81.67(490/600) 
[2026-09-19 18:11:16,702]-[trainutils.py line:492]:Epoch 5 -          Visual/Location accuracy: 82.87(508/613) 
[2026-09-19 18:11:16,702]-[trainutils.py line:497]:Epoch 5 -                   Visual accuracy: 82.28(998/1213) 
[2026-09-19 18:11:16,702]-[trainutils.py line:492]:Epoch 5 - Audio-Visual/Existential accuracy: 82.42(408/495) 
[2026-09-19 18:11:16,703]-[trainutils.py line:492]:Epoch 5 -    Audio-Visual/Counting accuracy: 76.78(486/633) 
[2026-09-19 18:11:16,703]-[trainutils.py line:492]:Epoch 5 -    Audio-Visual/Location accuracy: 65.08(300/461) 
[2026-09-19 18:11:16,703]-[trainutils.py line:492]:Epoch 5 - Audio-Visual/Comparative accuracy: 61.02(335/549) 
[2026-09-19 18:11:16,703]-[trainutils.py line:492]:Epoch 5 -    Audio-Visual/Temporal accuracy: 68.37(281/411) 
[2026-09-19 18:11:16,703]-[trainutils.py line:497]:Epoch 5 -             Audio-Visual accuracy: 71.01(1810/2549) 
[2026-09-19 18:11:16,704]-[trainutils.py line:501]:Epoch 5 -                    Total accuracy: 74.98(3425/4568) 
[2026-09-19 18:11:17,057]-[trainutils.py line:461]:Test progress:   0/95 
[2026-09-19 18:11:48,182]-[trainutils.py line:461]:Test progress:  95/95 
[2026-09-19 18:11:48,183]-[trainutils.py line:492]:Epoch 5 -           Audio/Counting accuracy: 87.08(445/511) 
[2026-09-19 18:11:48,183]-[trainutils.py line:492]:Epoch 5 -        Audio/Comparative accuracy: 62.03(183/295) 
[2026-09-19 18:11:48,183]-[trainutils.py line:497]:Epoch 5 -                    Audio accuracy: 77.92(628/806) 
[2026-09-19 18:11:48,183]-[trainutils.py line:492]:Epoch 5 -          Visual/Counting accuracy: 81.83(491/600) 
[2026-09-19 18:11:48,183]-[trainutils.py line:492]:Epoch 5 -          Visual/Location accuracy: 86.46(530/613) 
[2026-09-19 18:11:48,183]-[trainutils.py line:497]:Epoch 5 -                   Visual accuracy: 84.17(1021/1213) 
[2026-09-19 18:11:48,184]-[trainutils.py line:492]:Epoch 5 - Audio-Visual/Existential accuracy: 83.64(414/495) 
[2026-09-19 18:11:48,184]-[trainutils.py line:492]:Epoch 5 -    Audio-Visual/Counting accuracy: 75.20(476/633) 
[2026-09-19 18:11:48,184]-[trainutils.py line:492]:Epoch 5 -    Audio-Visual/Location accuracy: 67.25(310/461) 
[2026-09-19 18:11:48,184]-[trainutils.py line:492]:Epoch 5 - Audio-Visual/Comparative accuracy: 60.66(333/549) 
[2026-09-19 18:11:48,184]-[trainutils.py line:492]:Epoch 5 -    Audio-Visual/Temporal accuracy: 72.51(298/411) 
[2026-09-19 18:11:48,184]-[trainutils.py line:497]:Epoch 5 -             Audio-Visual accuracy: 71.83(1831/2549) 
[2026-09-19 18:11:48,184]-[trainutils.py line:501]:Epoch 5 -                    Total accuracy: 76.18(3480/4568) 
[2026-09-19 18:11:48,220]-[train.py line:151]:best model saved at epoch 5 with acc 76.18213660245185 (ema) 
[2026-09-19 18:11:48,267]-[train.py line:167]:Epoch 5 done with 76.18 and loss 0.55469. 
[2026-09-19 18:11:48,267]-[train.py line:168]:At epoch5 best acc: 76.18. 
[2026-09-19 18:11:48,267]-[train.py line:102]:
-------------- training epoch 6 -------------- 
[2026-09-19 18:11:48,469]-[trainutils.py line:416]:[EST:    4.45m][Process Time:    0.05s]- Epoch: 6 [0000/1330 (  0%)]	Losses: ce_loss-0.4516(0.4516) loss_tacl-0.0001(0.0001) loss_sacl-0.0154(0.0154) loss_event-0.0050(0.0050) loss_evidence-0.0000(0.0000) loss_query_diversity-0.0043(0.0043) loss_position-0.0000(0.0000) total_loss-0.4516(0.4516) 
[2026-09-19 18:12:09,245]-[trainutils.py line:416]:[EST:    4.25m][Process Time:    0.05s]- Epoch: 6 [0100/1330 (  8%)]	Losses: ce_loss-0.3228(0.4361) loss_tacl-0.0001(0.0001) loss_sacl-0.0144(0.0148) loss_event-0.0047(0.0052) loss_evidence-0.0000(0.0002) loss_query_diversity-0.0043(0.0043) loss_position-0.0000(0.0000) total_loss-0.3228(0.4361) 
[2026-09-19 18:12:30,109]-[trainutils.py line:416]:[EST:    3.92m][Process Time:    0.05s]- Epoch: 6 [0200/1330 ( 15%)]	Losses: ce_loss-0.4376(0.4505) loss_tacl-0.0001(0.0001) loss_sacl-0.0139(0.0148) loss_event-0.0056(0.0053) loss_evidence-0.0000(0.0002) loss_query_diversity-0.0043(0.0043) loss_position-0.0000(0.0000) total_loss-0.4376(0.4505) 
[2026-09-19 18:12:50,997]-[trainutils.py line:416]:[EST:    3.57m][Process Time:    0.05s]- Epoch: 6 [0300/1330 ( 23%)]	Losses: ce_loss-0.3799(0.4465) loss_tacl-0.0001(0.0001) loss_sacl-0.0134(0.0147) loss_event-0.0040(0.0054) loss_evidence-0.0000(0.0002) loss_query_diversity-0.0043(0.0043) loss_position-0.0000(0.0000) total_loss-0.3799(0.4465) 
[2026-09-19 18:13:11,837]-[trainutils.py line:416]:[EST:    3.23m][Process Time:    0.05s]- Epoch: 6 [0400/1330 ( 30%)]	Losses: ce_loss-0.3302(0.4489) loss_tacl-0.0001(0.0001) loss_sacl-0.0146(0.0147) loss_event-0.0059(0.0054) loss_evidence-0.0000(0.0002) loss_query_diversity-0.0044(0.0043) loss_position-0.0000(0.0000) total_loss-0.3302(0.4489) 
[2026-09-19 18:13:32,590]-[trainutils.py line:416]:[EST:    2.88m][Process Time:    0.05s]- Epoch: 6 [0500/1330 ( 38%)]	Losses: ce_loss-0.5152(0.4549) loss_tacl-0.0001(0.0001) loss_sacl-0.0145(0.0146) loss_event-0.0058(0.0054) loss_evidence-0.0000(0.0002) loss_query_diversity-0.0043(0.0043) loss_position-0.0000(0.0000) total_loss-0.5152(0.4549) 
[2026-09-19 18:13:53,432]-[trainutils.py line:416]:[EST:    2.53m][Process Time:    0.05s]- Epoch: 6 [0600/1330 ( 45%)]	Losses: ce_loss-0.2757(0.4575) loss_tacl-0.0001(0.0001) loss_sacl-0.0156(0.0146) loss_event-0.0048(0.0054) loss_evidence-0.0000(0.0002) loss_query_diversity-0.0044(0.0043) loss_position-0.0000(0.0000) total_loss-0.2757(0.4575) 
[2026-09-19 18:14:14,257]-[trainutils.py line:416]:[EST:    2.18m][Process Time:    0.04s]- Epoch: 6 [0700/1330 ( 53%)]	Losses: ce_loss-0.4185(0.4573) loss_tacl-0.0001(0.0001) loss_sacl-0.0153(0.0145) loss_event-0.0055(0.0054) loss_evidence-0.0000(0.0002) loss_query_diversity-0.0043(0.0043) loss_position-0.0000(0.0000) total_loss-0.4185(0.4573) 
[2026-09-19 18:14:34,957]-[trainutils.py line:416]:[EST:    1.83m][Process Time:    0.05s]- Epoch: 6 [0800/1330 ( 60%)]	Losses: ce_loss-0.3890(0.4604) loss_tacl-0.0001(0.0001) loss_sacl-0.0142(0.0145) loss_event-0.0057(0.0054) loss_evidence-0.0000(0.0002) loss_query_diversity-0.0044(0.0043) loss_position-0.0000(0.0000) total_loss-0.3890(0.4604) 
[2026-09-19 18:14:55,847]-[trainutils.py line:416]:[EST:    1.49m][Process Time:    0.05s]- Epoch: 6 [0900/1330 ( 68%)]	Losses: ce_loss-0.6149(0.4629) loss_tacl-0.0001(0.0001) loss_sacl-0.0144(0.0145) loss_event-0.0046(0.0054) loss_evidence-0.0002(0.0002) loss_query_diversity-0.0043(0.0043) loss_position-0.0000(0.0000) total_loss-0.6149(0.4629) 
[2026-09-19 18:15:16,807]-[trainutils.py line:416]:[EST:    1.14m][Process Time:    0.05s]- Epoch: 6 [1000/1330 ( 75%)]	Losses: ce_loss-0.3151(0.4656) loss_tacl-0.0001(0.0001) loss_sacl-0.0145(0.0144) loss_event-0.0049(0.0054) loss_evidence-0.0006(0.0002) loss_query_diversity-0.0043(0.0043) loss_position-0.0000(0.0000) total_loss-0.3151(0.4656) 
[2026-09-19 18:15:37,709]-[trainutils.py line:416]:[EST:    0.80m][Process Time:    0.05s]- Epoch: 6 [1100/1330 ( 83%)]	Losses: ce_loss-0.3113(0.4682) loss_tacl-0.0001(0.0001) loss_sacl-0.0145(0.0144) loss_event-0.0054(0.0054) loss_evidence-0.0000(0.0002) loss_query_diversity-0.0043(0.0043) loss_position-0.0000(0.0000) total_loss-0.3113(0.4682) 
[2026-09-19 18:15:59,068]-[trainutils.py line:416]:[EST:    0.45m][Process Time:    0.05s]- Epoch: 6 [1200/1330 ( 90%)]	Losses: ce_loss-0.7293(0.4701) loss_tacl-0.0001(0.0001) loss_sacl-0.0151(0.0144) loss_event-0.0052(0.0054) loss_evidence-0.0005(0.0002) loss_query_diversity-0.0043(0.0043) loss_position-0.0000(0.0000) total_loss-0.7293(0.4701) 
[2026-09-19 18:16:20,495]-[trainutils.py line:416]:[EST:    0.10m][Process Time:    0.05s]- Epoch: 6 [1300/1330 ( 98%)]	Losses: ce_loss-0.4064(0.4708) loss_tacl-0.0001(0.0001) loss_sacl-0.0142(0.0144) loss_event-0.0052(0.0054) loss_evidence-0.0000(0.0002) loss_query_diversity-0.0043(0.0043) loss_position-0.0000(0.0000) total_loss-0.4064(0.4708) 
[2026-09-19 18:16:26,736]-[trainutils.py line:416]:[EST:   -0.00m][Process Time:    0.05s]- Epoch: 6 [1330/1330 (100%)]	Losses: ce_loss-0.3024(0.4711) loss_tacl-0.0001(0.0001) loss_sacl-0.0142(0.0144) loss_event-0.0073(0.0054) loss_evidence-0.0000(0.0002) loss_query_diversity-0.0043(0.0043) loss_position-0.0000(0.0000) total_loss-0.3024(0.4711) 
[2026-09-19 18:16:27,329]-[train.py line:106]:
-------------- validation epoch 6 -------------- 
[2026-09-19 18:16:27,655]-[trainutils.py line:461]:Test progress:   0/95 
[2026-09-19 18:16:59,284]-[trainutils.py line:461]:Test progress:  95/95 
[2026-09-19 18:16:59,285]-[trainutils.py line:492]:Epoch 6 -           Audio/Counting accuracy: 87.08(445/511) 
[2026-09-19 18:16:59,285]-[trainutils.py line:492]:Epoch 6 -        Audio/Comparative accuracy: 65.08(192/295) 
[2026-09-19 18:16:59,285]-[trainutils.py line:497]:Epoch 6 -                    Audio accuracy: 79.03(637/806) 
[2026-09-19 18:16:59,285]-[trainutils.py line:492]:Epoch 6 -          Visual/Counting accuracy: 80.83(485/600) 
[2026-09-19 18:16:59,285]-[trainutils.py line:492]:Epoch 6 -          Visual/Location accuracy: 85.48(524/613) 
[2026-09-19 18:16:59,286]-[trainutils.py line:497]:Epoch 6 -                   Visual accuracy: 83.18(1009/1213) 
[2026-09-19 18:16:59,286]-[trainutils.py line:492]:Epoch 6 - Audio-Visual/Existential accuracy: 82.83(410/495) 
[2026-09-19 18:16:59,286]-[trainutils.py line:492]:Epoch 6 -    Audio-Visual/Counting accuracy: 76.94(487/633) 
[2026-09-19 18:16:59,286]-[trainutils.py line:492]:Epoch 6 -    Audio-Visual/Location accuracy: 67.68(312/461) 
[2026-09-19 18:16:59,286]-[trainutils.py line:492]:Epoch 6 - Audio-Visual/Comparative accuracy: 59.20(325/549) 
[2026-09-19 18:16:59,286]-[trainutils.py line:492]:Epoch 6 -    Audio-Visual/Temporal accuracy: 69.83(287/411) 
[2026-09-19 18:16:59,287]-[trainutils.py line:497]:Epoch 6 -             Audio-Visual accuracy: 71.44(1821/2549) 
[2026-09-19 18:16:59,287]-[trainutils.py line:501]:Epoch 6 -                    Total accuracy: 75.90(3467/4568) 
[2026-09-19 18:16:59,634]-[trainutils.py line:461]:Test progress:   0/95 
[2026-09-19 18:17:30,724]-[trainutils.py line:461]:Test progress:  95/95 
[2026-09-19 18:17:30,724]-[trainutils.py line:492]:Epoch 6 -           Audio/Counting accuracy: 87.48(447/511) 
[2026-09-19 18:17:30,725]-[trainutils.py line:492]:Epoch 6 -        Audio/Comparative accuracy: 62.37(184/295) 
[2026-09-19 18:17:30,725]-[trainutils.py line:497]:Epoch 6 -                    Audio accuracy: 78.29(631/806) 
[2026-09-19 18:17:30,725]-[trainutils.py line:492]:Epoch 6 -          Visual/Counting accuracy: 84.33(506/600) 
[2026-09-19 18:17:30,725]-[trainutils.py line:492]:Epoch 6 -          Visual/Location accuracy: 86.46(530/613) 
[2026-09-19 18:17:30,725]-[trainutils.py line:497]:Epoch 6 -                   Visual accuracy: 85.41(1036/1213) 
[2026-09-19 18:17:30,725]-[trainutils.py line:492]:Epoch 6 - Audio-Visual/Existential accuracy: 83.84(415/495) 
[2026-09-19 18:17:30,725]-[trainutils.py line:492]:Epoch 6 -    Audio-Visual/Counting accuracy: 78.20(495/633) 
[2026-09-19 18:17:30,725]-[trainutils.py line:492]:Epoch 6 -    Audio-Visual/Location accuracy: 67.03(309/461) 
[2026-09-19 18:17:30,726]-[trainutils.py line:492]:Epoch 6 - Audio-Visual/Comparative accuracy: 61.75(339/549) 
[2026-09-19 18:17:30,726]-[trainutils.py line:492]:Epoch 6 -    Audio-Visual/Temporal accuracy: 72.99(300/411) 
[2026-09-19 18:17:30,726]-[trainutils.py line:497]:Epoch 6 -             Audio-Visual accuracy: 72.89(1858/2549) 
[2026-09-19 18:17:30,726]-[trainutils.py line:501]:Epoch 6 -                    Total accuracy: 77.17(3525/4568) 
[2026-09-19 18:17:30,771]-[train.py line:151]:best model saved at epoch 6 with acc 77.16725043782837 (ema) 
[2026-09-19 18:17:30,819]-[train.py line:167]:Epoch 6 done with 77.17 and loss 0.53906. 
[2026-09-19 18:17:30,820]-[train.py line:168]:At epoch6 best acc: 77.17. 
[2026-09-19 18:17:30,820]-[train.py line:102]:
-------------- training epoch 7 -------------- 
[2026-09-19 18:17:31,041]-[trainutils.py line:416]:[EST:    4.87m][Process Time:    0.05s]- Epoch: 7 [0000/1330 (  0%)]	Losses: ce_loss-0.4491(0.4491) loss_tacl-0.0001(0.0001) loss_sacl-0.0138(0.0138) loss_event-0.0053(0.0053) loss_evidence-0.0000(0.0000) loss_query_diversity-0.0043(0.0043) loss_position-0.0000(0.0000) total_loss-0.4491(0.4491) 
[2026-09-19 18:17:52,079]-[trainutils.py line:416]:[EST:    4.31m][Process Time:    0.05s]- Epoch: 7 [0100/1330 (  8%)]	Losses: ce_loss-0.4018(0.4147) loss_tacl-0.0001(0.0001) loss_sacl-0.0131(0.0140) loss_event-0.0058(0.0056) loss_evidence-0.0000(0.0001) loss_query_diversity-0.0043(0.0043) loss_position-0.0000(0.0000) total_loss-0.4018(0.4147) 
[2026-09-19 18:18:12,998]-[trainutils.py line:416]:[EST:    3.95m][Process Time:    0.05s]- Epoch: 7 [0200/1330 ( 15%)]	Losses: ce_loss-0.4450(0.4100) loss_tacl-0.0001(0.0001) loss_sacl-0.0142(0.0139) loss_event-0.0051(0.0055) loss_evidence-0.0000(0.0001) loss_query_diversity-0.0043(0.0043) loss_position-0.0000(0.0000) total_loss-0.4450(0.4100) 
[2026-09-19 18:18:33,767]-[trainutils.py line:416]:[EST:    3.59m][Process Time:    0.05s]- Epoch: 7 [0300/1330 ( 23%)]	Losses: ce_loss-0.7004(0.4135) loss_tacl-0.0001(0.0001) loss_sacl-0.0141(0.0138) loss_event-0.0051(0.0056) loss_evidence-0.0000(0.0001) loss_query_diversity-0.0043(0.0043) loss_position-0.0000(0.0000) total_loss-0.7004(0.4135) 
[2026-09-19 18:18:54,565]-[trainutils.py line:416]:[EST:    3.23m][Process Time:    0.04s]- Epoch: 7 [0400/1330 ( 30%)]	Losses: ce_loss-0.3071(0.4133) loss_tacl-0.0001(0.0001) loss_sacl-0.0148(0.0139) loss_event-0.0047(0.0056) loss_evidence-0.0000(0.0001) loss_query_diversity-0.0044(0.0043) loss_position-0.0000(0.0000) total_loss-0.3071(0.4133) 
[2026-09-19 18:19:15,460]-[trainutils.py line:416]:[EST:    2.89m][Process Time:    0.05s]- Epoch: 7 [0500/1330 ( 38%)]	Losses: ce_loss-0.2314(0.4117) loss_tacl-0.0001(0.0001) loss_sacl-0.0143(0.0139) loss_event-0.0059(0.0056) loss_evidence-0.0000(0.0001) loss_query_diversity-0.0043(0.0043) loss_position-0.0000(0.0000) total_loss-0.2314(0.4117) 
[2026-09-19 18:19:36,537]-[trainutils.py line:416]:[EST:    2.54m][Process Time:    0.04s]- Epoch: 7 [0600/1330 ( 45%)]	Losses: ce_loss-0.2664(0.4132) loss_tacl-0.0001(0.0001) loss_sacl-0.0135(0.0138) loss_event-0.0052(0.0056) loss_evidence-0.0000(0.0001) loss_query_diversity-0.0043(0.0043) loss_position-0.0000(0.0000) total_loss-0.2664(0.4132) 
[2026-09-19 18:19:57,455]-[trainutils.py line:416]:[EST:    2.19m][Process Time:    0.05s]- Epoch: 7 [0700/1330 ( 53%)]	Losses: ce_loss-0.3274(0.4145) loss_tacl-0.0001(0.0001) loss_sacl-0.0129(0.0138) loss_event-0.0056(0.0056) loss_evidence-0.0000(0.0001) loss_query_diversity-0.0043(0.0043) loss_position-0.0000(0.0000) total_loss-0.3274(0.4145) 
[2026-09-19 18:20:18,294]-[trainutils.py line:416]:[EST:    1.84m][Process Time:    0.05s]- Epoch: 7 [0800/1330 ( 60%)]	Losses: ce_loss-0.6034(0.4157) loss_tacl-0.0001(0.0001) loss_sacl-0.0134(0.0138) loss_event-0.0050(0.0056) loss_evidence-0.0000(0.0001) loss_query_diversity-0.0043(0.0043) loss_position-0.0000(0.0000) total_loss-0.6034(0.4157) 
[2026-09-19 18:20:39,306]-[trainutils.py line:416]:[EST:    1.50m][Process Time:    0.04s]- Epoch: 7 [0900/1330 ( 68%)]	Losses: ce_loss-0.4837(0.4153) loss_tacl-0.0001(0.0001) loss_sacl-0.0135(0.0138) loss_event-0.0069(0.0057) loss_evidence-0.0000(0.0001) loss_query_diversity-0.0043(0.0043) loss_position-0.0000(0.0000) total_loss-0.4837(0.4153) 
[2026-09-19 18:21:00,201]-[trainutils.py line:416]:[EST:    1.15m][Process Time:    0.05s]- Epoch: 7 [1000/1330 ( 75%)]	Losses: ce_loss-0.4594(0.4164) loss_tacl-0.0001(0.0001) loss_sacl-0.0129(0.0137) loss_event-0.0068(0.0057) loss_evidence-0.0000(0.0001) loss_query_diversity-0.0044(0.0043) loss_position-0.0000(0.0000) total_loss-0.4594(0.4164) 
[2026-09-19 18:21:21,718]-[trainutils.py line:416]:[EST:    0.80m][Process Time:    0.05s]- Epoch: 7 [1100/1330 ( 83%)]	Losses: ce_loss-0.5404(0.4179) loss_tacl-0.0001(0.0001) loss_sacl-0.0141(0.0137) loss_event-0.0057(0.0057) loss_evidence-0.0005(0.0001) loss_query_diversity-0.0043(0.0043) loss_position-0.0000(0.0000) total_loss-0.5404(0.4179) 
[2026-09-19 18:21:43,340]-[trainutils.py line:416]:[EST:    0.45m][Process Time:    0.05s]- Epoch: 7 [1200/1330 ( 90%)]	Losses: ce_loss-0.8483(0.4179) loss_tacl-0.0001(0.0001) loss_sacl-0.0143(0.0137) loss_event-0.0057(0.0057) loss_evidence-0.0000(0.0001) loss_query_diversity-0.0043(0.0043) loss_position-0.0000(0.0000) total_loss-0.8483(0.4179) 
[2026-09-19 18:22:04,506]-[trainutils.py line:416]:[EST:    0.10m][Process Time:    0.05s]- Epoch: 7 [1300/1330 ( 98%)]	Losses: ce_loss-0.1997(0.4180) loss_tacl-0.0001(0.0001) loss_sacl-0.0138(0.0137) loss_event-0.0052(0.0057) loss_evidence-0.0000(0.0001) loss_query_diversity-0.0043(0.0043) loss_position-0.0000(0.0000) total_loss-0.1997(0.4180) 
[2026-09-19 18:22:10,761]-[trainutils.py line:416]:[EST:   -0.00m][Process Time:    0.05s]- Epoch: 7 [1330/1330 (100%)]	Losses: ce_loss-0.3541(0.4178) loss_tacl-0.0001(0.0001) loss_sacl-0.0154(0.0137) loss_event-0.0049(0.0057) loss_evidence-0.0000(0.0001) loss_query_diversity-0.0044(0.0043) loss_position-0.0000(0.0000) total_loss-0.3541(0.4178) 
[2026-09-19 18:22:11,382]-[train.py line:106]:
-------------- validation epoch 7 -------------- 
[2026-09-19 18:22:11,696]-[trainutils.py line:461]:Test progress:   0/95 
[2026-09-19 18:22:43,402]-[trainutils.py line:461]:Test progress:  95/95 
[2026-09-19 18:22:43,402]-[trainutils.py line:492]:Epoch 7 -           Audio/Counting accuracy: 84.74(433/511) 
[2026-09-19 18:22:43,402]-[trainutils.py line:492]:Epoch 7 -        Audio/Comparative accuracy: 60.34(178/295) 
[2026-09-19 18:22:43,402]-[trainutils.py line:497]:Epoch 7 -                    Audio accuracy: 75.81(611/806) 
[2026-09-19 18:22:43,403]-[trainutils.py line:492]:Epoch 7 -          Visual/Counting accuracy: 82.17(493/600) 
[2026-09-19 18:22:43,403]-[trainutils.py line:492]:Epoch 7 -          Visual/Location accuracy: 84.34(517/613) 
[2026-09-19 18:22:43,403]-[trainutils.py line:497]:Epoch 7 -                   Visual accuracy: 83.26(1010/1213) 
[2026-09-19 18:22:43,403]-[trainutils.py line:492]:Epoch 7 - Audio-Visual/Existential accuracy: 82.42(408/495) 
[2026-09-19 18:22:43,403]-[trainutils.py line:492]:Epoch 7 -    Audio-Visual/Counting accuracy: 76.46(484/633) 
[2026-09-19 18:22:43,403]-[trainutils.py line:492]:Epoch 7 -    Audio-Visual/Location accuracy: 68.11(314/461) 
[2026-09-19 18:22:43,403]-[trainutils.py line:492]:Epoch 7 - Audio-Visual/Comparative accuracy: 63.39(348/549) 
[2026-09-19 18:22:43,404]-[trainutils.py line:492]:Epoch 7 -    Audio-Visual/Temporal accuracy: 70.07(288/411) 
[2026-09-19 18:22:43,404]-[trainutils.py line:497]:Epoch 7 -             Audio-Visual accuracy: 72.26(1842/2549) 
[2026-09-19 18:22:43,404]-[trainutils.py line:501]:Epoch 7 -                    Total accuracy: 75.81(3463/4568) 
[2026-09-19 18:22:43,755]-[trainutils.py line:461]:Test progress:   0/95 
[2026-09-19 18:23:15,084]-[trainutils.py line:461]:Test progress:  95/95 
[2026-09-19 18:23:15,086]-[trainutils.py line:492]:Epoch 7 -           Audio/Counting accuracy: 87.48(447/511) 
[2026-09-19 18:23:15,086]-[trainutils.py line:492]:Epoch 7 -        Audio/Comparative accuracy: 64.07(189/295) 
[2026-09-19 18:23:15,086]-[trainutils.py line:497]:Epoch 7 -                    Audio accuracy: 78.91(636/806) 
[2026-09-19 18:23:15,087]-[trainutils.py line:492]:Epoch 7 -          Visual/Counting accuracy: 84.50(507/600) 
[2026-09-19 18:23:15,087]-[trainutils.py line:492]:Epoch 7 -          Visual/Location accuracy: 86.46(530/613) 
[2026-09-19 18:23:15,087]-[trainutils.py line:497]:Epoch 7 -                   Visual accuracy: 85.49(1037/1213) 
[2026-09-19 18:23:15,087]-[trainutils.py line:492]:Epoch 7 - Audio-Visual/Existential accuracy: 84.04(416/495) 
[2026-09-19 18:23:15,087]-[trainutils.py line:492]:Epoch 7 -    Audio-Visual/Counting accuracy: 78.83(499/633) 
[2026-09-19 18:23:15,087]-[trainutils.py line:492]:Epoch 7 -    Audio-Visual/Location accuracy: 66.38(306/461) 
[2026-09-19 18:23:15,088]-[trainutils.py line:492]:Epoch 7 - Audio-Visual/Comparative accuracy: 63.57(349/549) 
[2026-09-19 18:23:15,088]-[trainutils.py line:492]:Epoch 7 -    Audio-Visual/Temporal accuracy: 73.72(303/411) 
[2026-09-19 18:23:15,088]-[trainutils.py line:497]:Epoch 7 -             Audio-Visual accuracy: 73.48(1873/2549) 
[2026-09-19 18:23:15,088]-[trainutils.py line:501]:Epoch 7 -                    Total accuracy: 77.63(3546/4568) 
[2026-09-19 18:23:15,130]-[train.py line:151]:best model saved at epoch 7 with acc 77.62697022767075 (ema) 
[2026-09-19 18:23:15,180]-[train.py line:167]:Epoch 7 done with 77.63 and loss 0.53906. 
[2026-09-19 18:23:15,180]-[train.py line:168]:At epoch7 best acc: 77.63. 
[2026-09-19 18:23:15,180]-[train.py line:102]:
-------------- training epoch 8 -------------- 
[2026-09-19 18:23:15,397]-[trainutils.py line:416]:[EST:    4.76m][Process Time:    0.05s]- Epoch: 8 [0000/1330 (  0%)]	Losses: ce_loss-0.3211(0.3211) loss_tacl-0.0001(0.0001) loss_sacl-0.0147(0.0147) loss_event-0.0052(0.0052) loss_evidence-0.0018(0.0018) loss_query_diversity-0.0043(0.0043) loss_position-0.0000(0.0000) total_loss-0.3211(0.3211) 
[2026-09-19 18:23:36,646]-[trainutils.py line:416]:[EST:    4.35m][Process Time:    0.04s]- Epoch: 8 [0100/1330 (  8%)]	Losses: ce_loss-0.2485(0.3608) loss_tacl-0.0001(0.0001) loss_sacl-0.0131(0.0134) loss_event-0.0062(0.0058) loss_evidence-0.0000(0.0001) loss_query_diversity-0.0043(0.0043) loss_position-0.0000(0.0000) total_loss-0.2485(0.3608) 
[2026-09-19 18:23:57,665]-[trainutils.py line:416]:[EST:    3.98m][Process Time:    0.05s]- Epoch: 8 [0200/1330 ( 15%)]	Losses: ce_loss-0.5166(0.3627) loss_tacl-0.0001(0.0001) loss_sacl-0.0136(0.0133) loss_event-0.0056(0.0058) loss_evidence-0.0000(0.0001) loss_query_diversity-0.0043(0.0043) loss_position-0.0000(0.0000) total_loss-0.5166(0.3627) 
[2026-09-19 18:24:18,662]-[trainutils.py line:416]:[EST:    3.62m][Process Time:    0.05s]- Epoch: 8 [0300/1330 ( 23%)]	Losses: ce_loss-0.3676(0.3567) loss_tacl-0.0001(0.0001) loss_sacl-0.0137(0.0134) loss_event-0.0060(0.0060) loss_evidence-0.0000(0.0001) loss_query_diversity-0.0043(0.0043) loss_position-0.0000(0.0000) total_loss-0.3676(0.3567) 
[2026-09-19 18:24:39,673]-[trainutils.py line:416]:[EST:    3.26m][Process Time:    0.05s]- Epoch: 8 [0400/1330 ( 30%)]	Losses: ce_loss-0.3692(0.3531) loss_tacl-0.0001(0.0001) loss_sacl-0.0142(0.0133) loss_event-0.0057(0.0060) loss_evidence-0.0001(0.0001) loss_query_diversity-0.0043(0.0043) loss_position-0.0000(0.0000) total_loss-0.3692(0.3531) 
[2026-09-19 18:25:00,658]-[trainutils.py line:416]:[EST:    2.91m][Process Time:    0.04s]- Epoch: 8 [0500/1330 ( 38%)]	Losses: ce_loss-0.3242(0.3575) loss_tacl-0.0001(0.0001) loss_sacl-0.0126(0.0133) loss_event-0.0066(0.0060) loss_evidence-0.0000(0.0001) loss_query_diversity-0.0043(0.0043) loss_position-0.0000(0.0000) total_loss-0.3242(0.3575) 
[2026-09-19 18:25:21,644]-[trainutils.py line:416]:[EST:    2.56m][Process Time:    0.05s]- Epoch: 8 [0600/1330 ( 45%)]	Losses: ce_loss-0.3234(0.3590) loss_tacl-0.0001(0.0001) loss_sacl-0.0133(0.0133) loss_event-0.0060(0.0060) loss_evidence-0.0000(0.0001) loss_query_diversity-0.0043(0.0043) loss_position-0.0000(0.0000) total_loss-0.3234(0.3590) 
[2026-09-19 18:25:42,560]-[trainutils.py line:416]:[EST:    2.20m][Process Time:    0.05s]- Epoch: 8 [0700/1330 ( 53%)]	Losses: ce_loss-0.5341(0.3615) loss_tacl-0.0001(0.0001) loss_sacl-0.0124(0.0132) loss_event-0.0066(0.0060) loss_evidence-0.0000(0.0001) loss_query_diversity-0.0043(0.0043) loss_position-0.0000(0.0000) total_loss-0.5341(0.3615) 
[2026-09-19 18:26:03,442]-[trainutils.py line:416]:[EST:    1.85m][Process Time:    0.04s]- Epoch: 8 [0800/1330 ( 60%)]	Losses: ce_loss-0.4204(0.3639) loss_tacl-0.0001(0.0001) loss_sacl-0.0135(0.0132) loss_event-0.0064(0.0061) loss_evidence-0.0000(0.0001) loss_query_diversity-0.0043(0.0043) loss_position-0.0000(0.0000) total_loss-0.4204(0.3639) 
[2026-09-19 18:26:24,433]-[trainutils.py line:416]:[EST:    1.50m][Process Time:    0.05s]- Epoch: 8 [0900/1330 ( 68%)]	Losses: ce_loss-0.4696(0.3636) loss_tacl-0.0001(0.0001) loss_sacl-0.0136(0.0132) loss_event-0.0067(0.0060) loss_evidence-0.0002(0.0001) loss_query_diversity-0.0043(0.0043) loss_position-0.0000(0.0000) total_loss-0.4696(0.3636) 
[2026-09-19 18:26:45,494]-[trainutils.py line:416]:[EST:    1.15m][Process Time:    0.05s]- Epoch: 8 [1000/1330 ( 75%)]	Losses: ce_loss-0.3608(0.3654) loss_tacl-0.0001(0.0001) loss_sacl-0.0130(0.0132) loss_event-0.0067(0.0061) loss_evidence-0.0001(0.0001) loss_query_diversity-0.0043(0.0043) loss_position-0.0000(0.0000) total_loss-0.3608(0.3654) 
[2026-09-19 18:27:06,369]-[trainutils.py line:416]:[EST:    0.80m][Process Time:    0.04s]- Epoch: 8 [1100/1330 ( 83%)]	Losses: ce_loss-0.5060(0.3641) loss_tacl-0.0001(0.0001) loss_sacl-0.0127(0.0132) loss_event-0.0059(0.0061) loss_evidence-0.0000(0.0001) loss_query_diversity-0.0042(0.0043) loss_position-0.0000(0.0000) total_loss-0.5060(0.3641) 
[2026-09-19 18:27:27,777]-[trainutils.py line:416]:[EST:    0.45m][Process Time:    0.05s]- Epoch: 8 [1200/1330 ( 90%)]	Losses: ce_loss-0.2175(0.3637) loss_tacl-0.0001(0.0001) loss_sacl-0.0135(0.0132) loss_event-0.0055(0.0061) loss_evidence-0.0000(0.0001) loss_query_diversity-0.0043(0.0043) loss_position-0.0000(0.0000) total_loss-0.2175(0.3637) 
[2026-09-19 18:27:49,075]-[trainutils.py line:416]:[EST:    0.10m][Process Time:    0.05s]- Epoch: 8 [1300/1330 ( 98%)]	Losses: ce_loss-0.6251(0.3636) loss_tacl-0.0001(0.0001) loss_sacl-0.0133(0.0132) loss_event-0.0065(0.0061) loss_evidence-0.0008(0.0001) loss_query_diversity-0.0043(0.0043) loss_position-0.0000(0.0000) total_loss-0.6251(0.3636) 
[2026-09-19 18:27:55,307]-[trainutils.py line:416]:[EST:   -0.00m][Process Time:    0.06s]- Epoch: 8 [1330/1330 (100%)]	Losses: ce_loss-0.1924(0.3645) loss_tacl-0.0001(0.0001) loss_sacl-0.0139(0.0132) loss_event-0.0073(0.0061) loss_evidence-0.0000(0.0001) loss_query_diversity-0.0042(0.0043) loss_position-0.0000(0.0000) total_loss-0.1924(0.3645) 
[2026-09-19 18:27:55,892]-[train.py line:106]:
-------------- validation epoch 8 -------------- 
[2026-09-19 18:27:56,217]-[trainutils.py line:461]:Test progress:   0/95 
[2026-09-19 18:28:28,029]-[trainutils.py line:461]:Test progress:  95/95 
[2026-09-19 18:28:28,029]-[trainutils.py line:492]:Epoch 8 -           Audio/Counting accuracy: 85.71(438/511) 
[2026-09-19 18:28:28,029]-[trainutils.py line:492]:Epoch 8 -        Audio/Comparative accuracy: 62.37(184/295) 
[2026-09-19 18:28:28,029]-[trainutils.py line:497]:Epoch 8 -                    Audio accuracy: 77.17(622/806) 
[2026-09-19 18:28:28,029]-[trainutils.py line:492]:Epoch 8 -          Visual/Counting accuracy: 83.83(503/600) 
[2026-09-19 18:28:28,031]-[trainutils.py line:492]:Epoch 8 -          Visual/Location accuracy: 85.32(523/613) 
[2026-09-19 18:28:28,031]-[trainutils.py line:497]:Epoch 8 -                   Visual accuracy: 84.58(1026/1213) 
[2026-09-19 18:28:28,031]-[trainutils.py line:492]:Epoch 8 - Audio-Visual/Existential accuracy: 82.83(410/495) 
[2026-09-19 18:28:28,031]-[trainutils.py line:492]:Epoch 8 -    Audio-Visual/Counting accuracy: 78.36(496/633) 
[2026-09-19 18:28:28,032]-[trainutils.py line:492]:Epoch 8 -    Audio-Visual/Location accuracy: 64.64(298/461) 
[2026-09-19 18:28:28,032]-[trainutils.py line:492]:Epoch 8 - Audio-Visual/Comparative accuracy: 64.66(355/549) 
[2026-09-19 18:28:28,032]-[trainutils.py line:492]:Epoch 8 -    Audio-Visual/Temporal accuracy: 72.99(300/411) 
[2026-09-19 18:28:28,032]-[trainutils.py line:497]:Epoch 8 -             Audio-Visual accuracy: 72.93(1859/2549) 
[2026-09-19 18:28:28,032]-[trainutils.py line:501]:Epoch 8 -                    Total accuracy: 76.77(3507/4568) 
[2026-09-19 18:28:28,378]-[trainutils.py line:461]:Test progress:   0/95 
[2026-09-19 18:28:59,571]-[trainutils.py line:461]:Test progress:  95/95 
[2026-09-19 18:28:59,571]-[trainutils.py line:492]:Epoch 8 -           Audio/Counting accuracy: 88.26(451/511) 
[2026-09-19 18:28:59,571]-[trainutils.py line:492]:Epoch 8 -        Audio/Comparative accuracy: 63.39(187/295) 
[2026-09-19 18:28:59,571]-[trainutils.py line:497]:Epoch 8 -                    Audio accuracy: 79.16(638/806) 
[2026-09-19 18:28:59,572]-[trainutils.py line:492]:Epoch 8 -          Visual/Counting accuracy: 84.67(508/600) 
[2026-09-19 18:28:59,572]-[trainutils.py line:492]:Epoch 8 -          Visual/Location accuracy: 86.62(531/613) 
[2026-09-19 18:28:59,572]-[trainutils.py line:497]:Epoch 8 -                   Visual accuracy: 85.66(1039/1213) 
[2026-09-19 18:28:59,572]-[trainutils.py line:492]:Epoch 8 - Audio-Visual/Existential accuracy: 83.64(414/495) 
[2026-09-19 18:28:59,572]-[trainutils.py line:492]:Epoch 8 -    Audio-Visual/Counting accuracy: 79.78(505/633) 
[2026-09-19 18:28:59,572]-[trainutils.py line:492]:Epoch 8 -    Audio-Visual/Location accuracy: 68.11(314/461) 
[2026-09-19 18:28:59,572]-[trainutils.py line:492]:Epoch 8 - Audio-Visual/Comparative accuracy: 64.12(352/549) 
[2026-09-19 18:28:59,573]-[trainutils.py line:492]:Epoch 8 -    Audio-Visual/Temporal accuracy: 74.21(305/411) 
[2026-09-19 18:28:59,573]-[trainutils.py line:497]:Epoch 8 -             Audio-Visual accuracy: 74.15(1890/2549) 
[2026-09-19 18:28:59,573]-[trainutils.py line:501]:Epoch 8 -                    Total accuracy: 78.09(3567/4568) 
[2026-09-19 18:28:59,625]-[train.py line:151]:best model saved at epoch 8 with acc 78.08669001751313 (ema) 
[2026-09-19 18:28:59,673]-[train.py line:167]:Epoch 8 done with 78.09 and loss 0.56250. 
[2026-09-19 18:28:59,674]-[train.py line:168]:At epoch8 best acc: 78.09. 
[2026-09-19 18:28:59,674]-[train.py line:102]:
-------------- training epoch 9 -------------- 
[2026-09-19 18:28:59,884]-[trainutils.py line:416]:[EST:    4.62m][Process Time:    0.05s]- Epoch: 9 [0000/1330 (  0%)]	Losses: ce_loss-0.3317(0.3317) loss_tacl-0.0001(0.0001) loss_sacl-0.0127(0.0127) loss_event-0.0056(0.0056) loss_evidence-0.0000(0.0000) loss_query_diversity-0.0042(0.0042) loss_position-0.0000(0.0000) total_loss-0.3317(0.3317) 
[2026-09-19 18:29:21,055]-[trainutils.py line:416]:[EST:    4.34m][Process Time:    0.05s]- Epoch: 9 [0100/1330 (  8%)]	Losses: ce_loss-0.3399(0.2845) loss_tacl-0.0001(0.0001) loss_sacl-0.0122(0.0130) loss_event-0.0054(0.0061) loss_evidence-0.0000(0.0001) loss_query_diversity-0.0042(0.0043) loss_position-0.0000(0.0000) total_loss-0.3399(0.2845) 
[2026-09-19 18:29:42,165]-[trainutils.py line:416]:[EST:    3.98m][Process Time:    0.05s]- Epoch: 9 [0200/1330 ( 15%)]	Losses: ce_loss-0.2678(0.2916) loss_tacl-0.0001(0.0001) loss_sacl-0.0136(0.0129) loss_event-0.0059(0.0061) loss_evidence-0.0000(0.0001) loss_query_diversity-0.0043(0.0043) loss_position-0.0000(0.0000) total_loss-0.2678(0.2916) 
[2026-09-19 18:30:03,144]-[trainutils.py line:416]:[EST:    3.62m][Process Time:    0.05s]- Epoch: 9 [0300/1330 ( 23%)]	Losses: ce_loss-0.1559(0.2993) loss_tacl-0.0001(0.0001) loss_sacl-0.0135(0.0129) loss_event-0.0058(0.0062) loss_evidence-0.0000(0.0001) loss_query_diversity-0.0043(0.0043) loss_position-0.0000(0.0000) total_loss-0.1559(0.2993) 
[2026-09-19 18:30:24,208]-[trainutils.py line:416]:[EST:    3.26m][Process Time:    0.04s]- Epoch: 9 [0400/1330 ( 30%)]	Losses: ce_loss-0.2929(0.3065) loss_tacl-0.0001(0.0001) loss_sacl-0.0125(0.0128) loss_event-0.0071(0.0062) loss_evidence-0.0000(0.0001) loss_query_diversity-0.0043(0.0043) loss_position-0.0000(0.0000) total_loss-0.2929(0.3065) 
[2026-09-19 18:30:45,175]-[trainutils.py line:416]:[EST:    2.91m][Process Time:    0.04s]- Epoch: 9 [0500/1330 ( 38%)]	Losses: ce_loss-0.1921(0.3069) loss_tacl-0.0001(0.0001) loss_sacl-0.0122(0.0128) loss_event-0.0060(0.0063) loss_evidence-0.0003(0.0001) loss_query_diversity-0.0043(0.0043) loss_position-0.0000(0.0000) total_loss-0.1921(0.3069) 
[2026-09-19 18:31:06,037]-[trainutils.py line:416]:[EST:    2.55m][Process Time:    0.05s]- Epoch: 9 [0600/1330 ( 45%)]	Losses: ce_loss-0.2585(0.3051) loss_tacl-0.0001(0.0001) loss_sacl-0.0124(0.0128) loss_event-0.0058(0.0063) loss_evidence-0.0000(0.0001) loss_query_diversity-0.0043(0.0043) loss_position-0.0000(0.0000) total_loss-0.2585(0.3051) 
[2026-09-19 18:31:27,077]-[trainutils.py line:416]:[EST:    2.20m][Process Time:    0.04s]- Epoch: 9 [0700/1330 ( 53%)]	Losses: ce_loss-0.3930(0.3055) loss_tacl-0.0001(0.0001) loss_sacl-0.0125(0.0128) loss_event-0.0064(0.0063) loss_evidence-0.0000(0.0001) loss_query_diversity-0.0043(0.0043) loss_position-0.0000(0.0000) total_loss-0.3930(0.3055) 
[2026-09-19 18:31:48,129]-[trainutils.py line:416]:[EST:    1.85m][Process Time:    0.05s]- Epoch: 9 [0800/1330 ( 60%)]	Losses: ce_loss-0.1862(0.3075) loss_tacl-0.0001(0.0001) loss_sacl-0.0125(0.0128) loss_event-0.0051(0.0063) loss_evidence-0.0000(0.0001) loss_query_diversity-0.0043(0.0043) loss_position-0.0000(0.0000) total_loss-0.1862(0.3075) 
[2026-09-19 18:32:09,070]-[trainutils.py line:416]:[EST:    1.50m][Process Time:    0.04s]- Epoch: 9 [0900/1330 ( 68%)]	Losses: ce_loss-0.3035(0.3100) loss_tacl-0.0001(0.0001) loss_sacl-0.0136(0.0128) loss_event-0.0064(0.0063) loss_evidence-0.0000(0.0001) loss_query_diversity-0.0043(0.0043) loss_position-0.0000(0.0000) total_loss-0.3035(0.3100) 
[2026-09-19 18:32:29,958]-[trainutils.py line:416]:[EST:    1.15m][Process Time:    0.05s]- Epoch: 9 [1000/1330 ( 75%)]	Losses: ce_loss-0.3048(0.3093) loss_tacl-0.0001(0.0001) loss_sacl-0.0130(0.0128) loss_event-0.0065(0.0063) loss_evidence-0.0002(0.0001) loss_query_diversity-0.0043(0.0043) loss_position-0.0000(0.0000) total_loss-0.3048(0.3093) 
[2026-09-19 18:32:50,975]-[trainutils.py line:416]:[EST:    0.80m][Process Time:    0.05s]- Epoch: 9 [1100/1330 ( 83%)]	Losses: ce_loss-0.3154(0.3091) loss_tacl-0.0001(0.0001) loss_sacl-0.0132(0.0128) loss_event-0.0060(0.0063) loss_evidence-0.0000(0.0001) loss_query_diversity-0.0043(0.0043) loss_position-0.0000(0.0000) total_loss-0.3154(0.3091) 
[2026-09-19 18:33:11,981]-[trainutils.py line:416]:[EST:    0.45m][Process Time:    0.04s]- Epoch: 9 [1200/1330 ( 90%)]	Losses: ce_loss-0.2749(0.3111) loss_tacl-0.0001(0.0001) loss_sacl-0.0125(0.0128) loss_event-0.0061(0.0063) loss_evidence-0.0000(0.0001) loss_query_diversity-0.0043(0.0043) loss_position-0.0000(0.0000) total_loss-0.2749(0.3111) 
[2026-09-19 18:33:32,943]-[trainutils.py line:416]:[EST:    0.10m][Process Time:    0.05s]- Epoch: 9 [1300/1330 ( 98%)]	Losses: ce_loss-0.3242(0.3119) loss_tacl-0.0001(0.0001) loss_sacl-0.0117(0.0128) loss_event-0.0063(0.0063) loss_evidence-0.0000(0.0001) loss_query_diversity-0.0043(0.0043) loss_position-0.0000(0.0000) total_loss-0.3242(0.3119) 
[2026-09-19 18:33:39,104]-[trainutils.py line:416]:[EST:   -0.00m][Process Time:    0.05s]- Epoch: 9 [1330/1330 (100%)]	Losses: ce_loss-0.4512(0.3123) loss_tacl-0.0001(0.0001) loss_sacl-0.0127(0.0128) loss_event-0.0085(0.0063) loss_evidence-0.0000(0.0001) loss_query_diversity-0.0045(0.0043) loss_position-0.0000(0.0000) total_loss-0.4512(0.3123) 
[2026-09-19 18:33:39,677]-[train.py line:106]:
-------------- validation epoch 9 -------------- 
[2026-09-19 18:33:39,990]-[trainutils.py line:461]:Test progress:   0/95 
[2026-09-19 18:34:11,555]-[trainutils.py line:461]:Test progress:  95/95 
[2026-09-19 18:34:11,555]-[trainutils.py line:492]:Epoch 9 -           Audio/Counting accuracy: 86.50(442/511) 
[2026-09-19 18:34:11,555]-[trainutils.py line:492]:Epoch 9 -        Audio/Comparative accuracy: 63.05(186/295) 
[2026-09-19 18:34:11,555]-[trainutils.py line:497]:Epoch 9 -                    Audio accuracy: 77.92(628/806) 
[2026-09-19 18:34:11,555]-[trainutils.py line:492]:Epoch 9 -          Visual/Counting accuracy: 84.67(508/600) 
[2026-09-19 18:34:11,557]-[trainutils.py line:492]:Epoch 9 -          Visual/Location accuracy: 84.99(521/613) 
[2026-09-19 18:34:11,557]-[trainutils.py line:497]:Epoch 9 -                   Visual accuracy: 84.83(1029/1213) 
[2026-09-19 18:34:11,557]-[trainutils.py line:492]:Epoch 9 - Audio-Visual/Existential accuracy: 82.02(406/495) 
[2026-09-19 18:34:11,557]-[trainutils.py line:492]:Epoch 9 -    Audio-Visual/Counting accuracy: 78.52(497/633) 
[2026-09-19 18:34:11,557]-[trainutils.py line:492]:Epoch 9 -    Audio-Visual/Location accuracy: 69.85(322/461) 
[2026-09-19 18:34:11,557]-[trainutils.py line:492]:Epoch 9 - Audio-Visual/Comparative accuracy: 62.66(344/549) 
[2026-09-19 18:34:11,557]-[trainutils.py line:492]:Epoch 9 -    Audio-Visual/Temporal accuracy: 71.78(295/411) 
[2026-09-19 18:34:11,558]-[trainutils.py line:497]:Epoch 9 -             Audio-Visual accuracy: 73.13(1864/2549) 
[2026-09-19 18:34:11,558]-[trainutils.py line:501]:Epoch 9 -                    Total accuracy: 77.08(3521/4568) 
[2026-09-19 18:34:11,905]-[trainutils.py line:461]:Test progress:   0/95 
[2026-09-19 18:34:43,216]-[trainutils.py line:461]:Test progress:  95/95 
[2026-09-19 18:34:43,217]-[trainutils.py line:492]:Epoch 9 -           Audio/Counting accuracy: 87.87(449/511) 
[2026-09-19 18:34:43,217]-[trainutils.py line:492]:Epoch 9 -        Audio/Comparative accuracy: 64.75(191/295) 
[2026-09-19 18:34:43,217]-[trainutils.py line:497]:Epoch 9 -                    Audio accuracy: 79.40(640/806) 
[2026-09-19 18:34:43,217]-[trainutils.py line:492]:Epoch 9 -          Visual/Counting accuracy: 85.00(510/600) 
[2026-09-19 18:34:43,219]-[trainutils.py line:492]:Epoch 9 -          Visual/Location accuracy: 86.30(529/613) 
[2026-09-19 18:34:43,219]-[trainutils.py line:497]:Epoch 9 -                   Visual accuracy: 85.66(1039/1213) 
[2026-09-19 18:34:43,219]-[trainutils.py line:492]:Epoch 9 - Audio-Visual/Existential accuracy: 83.23(412/495) 
[2026-09-19 18:34:43,219]-[trainutils.py line:492]:Epoch 9 -    Audio-Visual/Counting accuracy: 79.46(503/633) 
[2026-09-19 18:34:43,219]-[trainutils.py line:492]:Epoch 9 -    Audio-Visual/Location accuracy: 67.90(313/461) 
[2026-09-19 18:34:43,219]-[trainutils.py line:492]:Epoch 9 - Audio-Visual/Comparative accuracy: 64.12(352/549) 
[2026-09-19 18:34:43,220]-[trainutils.py line:492]:Epoch 9 -    Audio-Visual/Temporal accuracy: 72.75(299/411) 
[2026-09-19 18:34:43,220]-[trainutils.py line:497]:Epoch 9 -             Audio-Visual accuracy: 73.72(1879/2549) 
[2026-09-19 18:34:43,220]-[trainutils.py line:501]:Epoch 9 -                    Total accuracy: 77.89(3558/4568) 
[2026-09-19 18:34:43,224]-[train.py line:167]:Epoch 9 done with 77.89 and loss 0.58594. 
[2026-09-19 18:34:43,224]-[train.py line:168]:At epoch8 best acc: 78.09. 
[2026-09-19 18:34:43,224]-[train.py line:102]:
-------------- training epoch 10 -------------- 
[2026-09-19 18:34:43,425]-[trainutils.py line:416]:[EST:    4.44m][Process Time:    0.04s]- Epoch: 10 [0000/1330 (  0%)]	Losses: ce_loss-0.1712(0.1712) loss_tacl-0.0001(0.0001) loss_sacl-0.0132(0.0132) loss_event-0.0064(0.0064) loss_evidence-0.0000(0.0000) loss_query_diversity-0.0043(0.0043) loss_position-0.0000(0.0000) total_loss-0.1712(0.1712) 
[2026-09-19 18:35:04,371]-[trainutils.py line:416]:[EST:    4.29m][Process Time:    0.05s]- Epoch: 10 [0100/1330 (  8%)]	Losses: ce_loss-0.3851(0.2530) loss_tacl-0.0001(0.0001) loss_sacl-0.0133(0.0128) loss_event-0.0064(0.0065) loss_evidence-0.0000(0.0000) loss_query_diversity-0.0043(0.0043) loss_position-0.0000(0.0000) total_loss-0.3851(0.2530) 
[2026-09-19 18:35:25,475]-[trainutils.py line:416]:[EST:    3.96m][Process Time:    0.05s]- Epoch: 10 [0200/1330 ( 15%)]	Losses: ce_loss-0.2772(0.2520) loss_tacl-0.0001(0.0001) loss_sacl-0.0127(0.0126) loss_event-0.0058(0.0065) loss_evidence-0.0000(0.0000) loss_query_diversity-0.0043(0.0043) loss_position-0.0000(0.0000) total_loss-0.2772(0.2520) 
[2026-09-19 18:35:46,383]-[trainutils.py line:416]:[EST:    3.60m][Process Time:    0.05s]- Epoch: 10 [0300/1330 ( 23%)]	Losses: ce_loss-0.2231(0.2516) loss_tacl-0.0001(0.0001) loss_sacl-0.0125(0.0126) loss_event-0.0060(0.0065) loss_evidence-0.0000(0.0001) loss_query_diversity-0.0043(0.0043) loss_position-0.0000(0.0000) total_loss-0.2231(0.2516) 
[2026-09-19 18:36:07,267]-[trainutils.py line:416]:[EST:    3.24m][Process Time:    0.04s]- Epoch: 10 [0400/1330 ( 30%)]	Losses: ce_loss-0.1844(0.2527) loss_tacl-0.0001(0.0001) loss_sacl-0.0130(0.0126) loss_event-0.0069(0.0065) loss_evidence-0.0000(0.0000) loss_query_diversity-0.0043(0.0043) loss_position-0.0000(0.0000) total_loss-0.1844(0.2527) 
[2026-09-19 18:36:28,399]-[trainutils.py line:416]:[EST:    2.90m][Process Time:    0.05s]- Epoch: 10 [0500/1330 ( 38%)]	Losses: ce_loss-0.2795(0.2556) loss_tacl-0.0001(0.0001) loss_sacl-0.0127(0.0126) loss_event-0.0061(0.0065) loss_evidence-0.0000(0.0001) loss_query_diversity-0.0043(0.0043) loss_position-0.0000(0.0000) total_loss-0.2795(0.2556) 
[2026-09-19 18:36:49,274]-[trainutils.py line:416]:[EST:    2.55m][Process Time:    0.06s]- Epoch: 10 [0600/1330 ( 45%)]	Losses: ce_loss-0.2049(0.2564) loss_tacl-0.0001(0.0001) loss_sacl-0.0132(0.0125) loss_event-0.0074(0.0065) loss_evidence-0.0000(0.0001) loss_query_diversity-0.0043(0.0043) loss_position-0.0000(0.0000) total_loss-0.2049(0.2564) 
[2026-09-19 18:37:10,280]-[trainutils.py line:416]:[EST:    2.20m][Process Time:    0.04s]- Epoch: 10 [0700/1330 ( 53%)]	Losses: ce_loss-0.3268(0.2576) loss_tacl-0.0001(0.0001) loss_sacl-0.0125(0.0125) loss_event-0.0079(0.0065) loss_evidence-0.0000(0.0001) loss_query_diversity-0.0043(0.0043) loss_position-0.0000(0.0000) total_loss-0.3268(0.2576) 
[2026-09-19 18:37:31,031]-[trainutils.py line:416]:[EST:    1.85m][Process Time:    0.04s]- Epoch: 10 [0800/1330 ( 60%)]	Losses: ce_loss-0.2222(0.2560) loss_tacl-0.0001(0.0001) loss_sacl-0.0124(0.0125) loss_event-0.0062(0.0065) loss_evidence-0.0000(0.0001) loss_query_diversity-0.0042(0.0043) loss_position-0.0000(0.0000) total_loss-0.2222(0.2560) 
[2026-09-19 18:37:51,983]-[trainutils.py line:416]:[EST:    1.50m][Process Time:    0.04s]- Epoch: 10 [0900/1330 ( 68%)]	Losses: ce_loss-0.2415(0.2567) loss_tacl-0.0001(0.0001) loss_sacl-0.0121(0.0124) loss_event-0.0066(0.0065) loss_evidence-0.0000(0.0001) loss_query_diversity-0.0043(0.0043) loss_position-0.0000(0.0000) total_loss-0.2415(0.2567) 
[2026-09-19 18:38:12,909]-[trainutils.py line:416]:[EST:    1.15m][Process Time:    0.05s]- Epoch: 10 [1000/1330 ( 75%)]	Losses: ce_loss-0.2050(0.2589) loss_tacl-0.0001(0.0001) loss_sacl-0.0120(0.0124) loss_event-0.0067(0.0065) loss_evidence-0.0000(0.0001) loss_query_diversity-0.0043(0.0043) loss_position-0.0000(0.0000) total_loss-0.2050(0.2589) 
[2026-09-19 18:38:33,811]-[trainutils.py line:416]:[EST:    0.80m][Process Time:    0.05s]- Epoch: 10 [1100/1330 ( 83%)]	Losses: ce_loss-0.2740(0.2596) loss_tacl-0.0001(0.0001) loss_sacl-0.0127(0.0124) loss_event-0.0063(0.0065) loss_evidence-0.0000(0.0001) loss_query_diversity-0.0043(0.0043) loss_position-0.0000(0.0000) total_loss-0.2740(0.2596) 
[2026-09-19 18:38:55,070]-[trainutils.py line:416]:[EST:    0.45m][Process Time:    0.05s]- Epoch: 10 [1200/1330 ( 90%)]	Losses: ce_loss-0.3796(0.2610) loss_tacl-0.0001(0.0001) loss_sacl-0.0113(0.0124) loss_event-0.0076(0.0065) loss_evidence-0.0000(0.0001) loss_query_diversity-0.0043(0.0043) loss_position-0.0000(0.0000) total_loss-0.3796(0.2610) 
[2026-09-19 18:39:16,374]-[trainutils.py line:416]:[EST:    0.10m][Process Time:    0.05s]- Epoch: 10 [1300/1330 ( 98%)]	Losses: ce_loss-0.2622(0.2617) loss_tacl-0.0001(0.0001) loss_sacl-0.0126(0.0124) loss_event-0.0060(0.0065) loss_evidence-0.0000(0.0001) loss_query_diversity-0.0043(0.0043) loss_position-0.0000(0.0000) total_loss-0.2622(0.2617) 
[2026-09-19 18:39:22,630]-[trainutils.py line:416]:[EST:   -0.00m][Process Time:    0.05s]- Epoch: 10 [1330/1330 (100%)]	Losses: ce_loss-0.0334(0.2615) loss_tacl-0.0001(0.0001) loss_sacl-0.0124(0.0123) loss_event-0.0061(0.0065) loss_evidence-0.0000(0.0001) loss_query_diversity-0.0043(0.0043) loss_position-0.0000(0.0000) total_loss-0.0334(0.2615) 
[2026-09-19 18:39:23,223]-[train.py line:106]:
-------------- validation epoch 10 -------------- 
[2026-09-19 18:39:23,528]-[trainutils.py line:461]:Test progress:   0/95 
[2026-09-19 18:39:55,440]-[trainutils.py line:461]:Test progress:  95/95 
[2026-09-19 18:39:55,441]-[trainutils.py line:492]:Epoch 10 -           Audio/Counting accuracy: 87.87(449/511) 
[2026-09-19 18:39:55,441]-[trainutils.py line:492]:Epoch 10 -        Audio/Comparative accuracy: 58.98(174/295) 
[2026-09-19 18:39:55,442]-[trainutils.py line:497]:Epoch 10 -                    Audio accuracy: 77.30(623/806) 
[2026-09-19 18:39:55,442]-[trainutils.py line:492]:Epoch 10 -          Visual/Counting accuracy: 84.50(507/600) 
[2026-09-19 18:39:55,442]-[trainutils.py line:492]:Epoch 10 -          Visual/Location accuracy: 85.32(523/613) 
[2026-09-19 18:39:55,442]-[trainutils.py line:497]:Epoch 10 -                   Visual accuracy: 84.91(1030/1213) 
[2026-09-19 18:39:55,442]-[trainutils.py line:492]:Epoch 10 - Audio-Visual/Existential accuracy: 82.83(410/495) 
[2026-09-19 18:39:55,442]-[trainutils.py line:492]:Epoch 10 -    Audio-Visual/Counting accuracy: 78.52(497/633) 
[2026-09-19 18:39:55,442]-[trainutils.py line:492]:Epoch 10 -    Audio-Visual/Location accuracy: 67.03(309/461) 
[2026-09-19 18:39:55,442]-[trainutils.py line:492]:Epoch 10 - Audio-Visual/Comparative accuracy: 62.30(342/549) 
[2026-09-19 18:39:55,442]-[trainutils.py line:492]:Epoch 10 -    Audio-Visual/Temporal accuracy: 68.13(280/411) 
[2026-09-19 18:39:55,442]-[trainutils.py line:497]:Epoch 10 -             Audio-Visual accuracy: 72.11(1838/2549) 
[2026-09-19 18:39:55,444]-[trainutils.py line:501]:Epoch 10 -                    Total accuracy: 76.42(3491/4568) 
[2026-09-19 18:39:55,790]-[trainutils.py line:461]:Test progress:   0/95 
[2026-09-19 18:40:27,164]-[trainutils.py line:461]:Test progress:  95/95 
[2026-09-19 18:40:27,164]-[trainutils.py line:492]:Epoch 10 -           Audio/Counting accuracy: 87.67(448/511) 
[2026-09-19 18:40:27,164]-[trainutils.py line:492]:Epoch 10 -        Audio/Comparative accuracy: 63.73(188/295) 
[2026-09-19 18:40:27,164]-[trainutils.py line:497]:Epoch 10 -                    Audio accuracy: 78.91(636/806) 
[2026-09-19 18:40:27,164]-[trainutils.py line:492]:Epoch 10 -          Visual/Counting accuracy: 84.83(509/600) 
[2026-09-19 18:40:27,165]-[trainutils.py line:492]:Epoch 10 -          Visual/Location accuracy: 86.13(528/613) 
[2026-09-19 18:40:27,165]-[trainutils.py line:497]:Epoch 10 -                   Visual accuracy: 85.49(1037/1213) 
[2026-09-19 18:40:27,165]-[trainutils.py line:492]:Epoch 10 - Audio-Visual/Existential accuracy: 83.23(412/495) 
[2026-09-19 18:40:27,165]-[trainutils.py line:492]:Epoch 10 -    Audio-Visual/Counting accuracy: 80.09(507/633) 
[2026-09-19 18:40:27,165]-[trainutils.py line:492]:Epoch 10 -    Audio-Visual/Location accuracy: 67.25(310/461) 
[2026-09-19 18:40:27,165]-[trainutils.py line:492]:Epoch 10 - Audio-Visual/Comparative accuracy: 62.66(344/549) 
[2026-09-19 18:40:27,165]-[trainutils.py line:492]:Epoch 10 -    Audio-Visual/Temporal accuracy: 72.51(298/411) 
[2026-09-19 18:40:27,165]-[trainutils.py line:497]:Epoch 10 -             Audio-Visual accuracy: 73.40(1871/2549) 
[2026-09-19 18:40:27,165]-[trainutils.py line:501]:Epoch 10 -                    Total accuracy: 77.58(3544/4568) 
[2026-09-19 18:40:27,168]-[train.py line:167]:Epoch 10 done with 77.58 and loss 0.62500. 
[2026-09-19 18:40:27,168]-[train.py line:168]:At epoch8 best acc: 78.09. 
[2026-09-19 18:40:27,168]-[train.py line:102]:
-------------- training epoch 11 -------------- 
[2026-09-19 18:40:27,371]-[trainutils.py line:416]:[EST:    4.42m][Process Time:    0.05s]- Epoch: 11 [0000/1330 (  0%)]	Losses: ce_loss-0.2096(0.2096) loss_tacl-0.0001(0.0001) loss_sacl-0.0118(0.0118) loss_event-0.0062(0.0062) loss_evidence-0.0000(0.0000) loss_query_diversity-0.0043(0.0043) loss_position-0.0000(0.0000) total_loss-0.2096(0.2096) 
[2026-09-19 18:40:48,461]-[trainutils.py line:416]:[EST:    4.32m][Process Time:    0.04s]- Epoch: 11 [0100/1330 (  8%)]	Losses: ce_loss-0.2546(0.2108) loss_tacl-0.0001(0.0001) loss_sacl-0.0119(0.0120) loss_event-0.0067(0.0066) loss_evidence-0.0000(0.0000) loss_query_diversity-0.0043(0.0043) loss_position-0.0000(0.0000) total_loss-0.2546(0.2108) 
[2026-09-19 18:41:09,556]-[trainutils.py line:416]:[EST:    3.97m][Process Time:    0.05s]- Epoch: 11 [0200/1330 ( 15%)]	Losses: ce_loss-0.3339(0.2208) loss_tacl-0.0001(0.0001) loss_sacl-0.0120(0.0121) loss_event-0.0073(0.0066) loss_evidence-0.0000(0.0000) loss_query_diversity-0.0042(0.0043) loss_position-0.0000(0.0000) total_loss-0.3339(0.2208) 
[2026-09-19 18:41:30,707]-[trainutils.py line:416]:[EST:    3.62m][Process Time:    0.04s]- Epoch: 11 [0300/1330 ( 23%)]	Losses: ce_loss-0.1970(0.2201) loss_tacl-0.0001(0.0001) loss_sacl-0.0115(0.0120) loss_event-0.0062(0.0066) loss_evidence-0.0008(0.0000) loss_query_diversity-0.0043(0.0043) loss_position-0.0000(0.0000) total_loss-0.1970(0.2201) 
[2026-09-19 18:41:51,693]-[trainutils.py line:416]:[EST:    3.26m][Process Time:    0.05s]- Epoch: 11 [0400/1330 ( 30%)]	Losses: ce_loss-0.1934(0.2192) loss_tacl-0.0001(0.0001) loss_sacl-0.0120(0.0120) loss_event-0.0080(0.0066) loss_evidence-0.0000(0.0000) loss_query_diversity-0.0043(0.0043) loss_position-0.0000(0.0000) total_loss-0.1934(0.2192) 
[2026-09-19 18:42:13,032]-[trainutils.py line:416]:[EST:    2.92m][Process Time:    0.05s]- Epoch: 11 [0500/1330 ( 38%)]	Losses: ce_loss-0.2774(0.2172) loss_tacl-0.0001(0.0001) loss_sacl-0.0124(0.0120) loss_event-0.0080(0.0066) loss_evidence-0.0000(0.0000) loss_query_diversity-0.0043(0.0043) loss_position-0.0000(0.0000) total_loss-0.2774(0.2172) 
[2026-09-19 18:42:35,032]-[trainutils.py line:416]:[EST:    2.58m][Process Time:    0.05s]- Epoch: 11 [0600/1330 ( 45%)]	Losses: ce_loss-0.2349(0.2153) loss_tacl-0.0001(0.0001) loss_sacl-0.0124(0.0120) loss_event-0.0083(0.0066) loss_evidence-0.0000(0.0000) loss_query_diversity-0.0043(0.0043) loss_position-0.0000(0.0000) total_loss-0.2349(0.2153) 
[2026-09-19 18:42:56,694]-[trainutils.py line:416]:[EST:    2.24m][Process Time:    0.05s]- Epoch: 11 [0700/1330 ( 53%)]	Losses: ce_loss-0.1232(0.2140) loss_tacl-0.0001(0.0001) loss_sacl-0.0110(0.0119) loss_event-0.0063(0.0066) loss_evidence-0.0000(0.0000) loss_query_diversity-0.0043(0.0043) loss_position-0.0000(0.0000) total_loss-0.1232(0.2140) 
[2026-09-19 18:43:18,254]-[trainutils.py line:416]:[EST:    1.88m][Process Time:    0.05s]- Epoch: 11 [0800/1330 ( 60%)]	Losses: ce_loss-0.3654(0.2148) loss_tacl-0.0001(0.0001) loss_sacl-0.0117(0.0119) loss_event-0.0066(0.0066) loss_evidence-0.0000(0.0000) loss_query_diversity-0.0042(0.0043) loss_position-0.0000(0.0000) total_loss-0.3654(0.2148) 
[2026-09-19 18:43:39,510]-[trainutils.py line:416]:[EST:    1.53m][Process Time:    0.05s]- Epoch: 11 [0900/1330 ( 68%)]	Losses: ce_loss-0.4105(0.2149) loss_tacl-0.0001(0.0001) loss_sacl-0.0111(0.0119) loss_event-0.0067(0.0066) loss_evidence-0.0000(0.0000) loss_query_diversity-0.0043(0.0043) loss_position-0.0000(0.0000) total_loss-0.4105(0.2149) 
[2026-09-19 18:44:00,678]-[trainutils.py line:416]:[EST:    1.17m][Process Time:    0.05s]- Epoch: 11 [1000/1330 ( 75%)]	Losses: ce_loss-0.0893(0.2147) loss_tacl-0.0001(0.0001) loss_sacl-0.0120(0.0119) loss_event-0.0062(0.0066) loss_evidence-0.0000(0.0000) loss_query_diversity-0.0043(0.0043) loss_position-0.0000(0.0000) total_loss-0.0893(0.2147) 
[2026-09-19 18:44:21,680]-[trainutils.py line:416]:[EST:    0.81m][Process Time:    0.05s]- Epoch: 11 [1100/1330 ( 83%)]	Losses: ce_loss-0.2735(0.2151) loss_tacl-0.0001(0.0001) loss_sacl-0.0117(0.0119) loss_event-0.0067(0.0066) loss_evidence-0.0000(0.0000) loss_query_diversity-0.0042(0.0043) loss_position-0.0000(0.0000) total_loss-0.2735(0.2151) 
[2026-09-19 18:44:42,915]-[trainutils.py line:416]:[EST:    0.46m][Process Time:    0.05s]- Epoch: 11 [1200/1330 ( 90%)]	Losses: ce_loss-0.3303(0.2166) loss_tacl-0.0001(0.0001) loss_sacl-0.0120(0.0119) loss_event-0.0069(0.0067) loss_evidence-0.0008(0.0000) loss_query_diversity-0.0043(0.0043) loss_position-0.0000(0.0000) total_loss-0.3303(0.2166) 
[2026-09-19 18:45:04,040]-[trainutils.py line:416]:[EST:    0.10m][Process Time:    0.04s]- Epoch: 11 [1300/1330 ( 98%)]	Losses: ce_loss-0.2706(0.2164) loss_tacl-0.0001(0.0001) loss_sacl-0.0115(0.0119) loss_event-0.0072(0.0067) loss_evidence-0.0000(0.0000) loss_query_diversity-0.0043(0.0043) loss_position-0.0000(0.0000) total_loss-0.2706(0.2164) 
[2026-09-19 18:45:10,258]-[trainutils.py line:416]:[EST:   -0.00m][Process Time:    0.05s]- Epoch: 11 [1330/1330 (100%)]	Losses: ce_loss-0.0587(0.2163) loss_tacl-0.0001(0.0001) loss_sacl-0.0123(0.0119) loss_event-0.0066(0.0067) loss_evidence-0.0000(0.0000) loss_query_diversity-0.0043(0.0043) loss_position-0.0000(0.0000) total_loss-0.0587(0.2163) 
[2026-09-19 18:45:10,814]-[train.py line:106]:
-------------- validation epoch 11 -------------- 
[2026-09-19 18:45:11,127]-[trainutils.py line:461]:Test progress:   0/95 
[2026-09-19 18:45:42,793]-[trainutils.py line:461]:Test progress:  95/95 
[2026-09-19 18:45:42,794]-[trainutils.py line:492]:Epoch 11 -           Audio/Counting accuracy: 87.08(445/511) 
[2026-09-19 18:45:42,795]-[trainutils.py line:492]:Epoch 11 -        Audio/Comparative accuracy: 61.69(182/295) 
[2026-09-19 18:45:42,795]-[trainutils.py line:497]:Epoch 11 -                    Audio accuracy: 77.79(627/806) 
[2026-09-19 18:45:42,795]-[trainutils.py line:492]:Epoch 11 -          Visual/Counting accuracy: 84.00(504/600) 
[2026-09-19 18:45:42,795]-[trainutils.py line:492]:Epoch 11 -          Visual/Location accuracy: 84.83(520/613) 
[2026-09-19 18:45:42,795]-[trainutils.py line:497]:Epoch 11 -                   Visual accuracy: 84.42(1024/1213) 
[2026-09-19 18:45:42,796]-[trainutils.py line:492]:Epoch 11 - Audio-Visual/Existential accuracy: 83.43(413/495) 
[2026-09-19 18:45:42,796]-[trainutils.py line:492]:Epoch 11 -    Audio-Visual/Counting accuracy: 77.73(492/633) 
[2026-09-19 18:45:42,796]-[trainutils.py line:492]:Epoch 11 -    Audio-Visual/Location accuracy: 66.38(306/461) 
[2026-09-19 18:45:42,796]-[trainutils.py line:492]:Epoch 11 - Audio-Visual/Comparative accuracy: 62.48(343/549) 
[2026-09-19 18:45:42,796]-[trainutils.py line:492]:Epoch 11 -    Audio-Visual/Temporal accuracy: 71.29(293/411) 
[2026-09-19 18:45:42,797]-[trainutils.py line:497]:Epoch 11 -             Audio-Visual accuracy: 72.46(1847/2549) 
[2026-09-19 18:45:42,797]-[trainutils.py line:501]:Epoch 11 -                    Total accuracy: 76.58(3498/4568) 
[2026-09-19 18:45:43,152]-[trainutils.py line:461]:Test progress:   0/95 
[2026-09-19 18:46:15,971]-[trainutils.py line:461]:Test progress:  95/95 
[2026-09-19 18:46:15,972]-[trainutils.py line:492]:Epoch 11 -           Audio/Counting accuracy: 86.50(442/511) 
[2026-09-19 18:46:15,972]-[trainutils.py line:492]:Epoch 11 -        Audio/Comparative accuracy: 63.05(186/295) 
[2026-09-19 18:46:15,972]-[trainutils.py line:497]:Epoch 11 -                    Audio accuracy: 77.92(628/806) 
[2026-09-19 18:46:15,972]-[trainutils.py line:492]:Epoch 11 -          Visual/Counting accuracy: 84.83(509/600) 
[2026-09-19 18:46:15,972]-[trainutils.py line:492]:Epoch 11 -          Visual/Location accuracy: 86.13(528/613) 
[2026-09-19 18:46:15,972]-[trainutils.py line:497]:Epoch 11 -                   Visual accuracy: 85.49(1037/1213) 
[2026-09-19 18:46:15,972]-[trainutils.py line:492]:Epoch 11 - Audio-Visual/Existential accuracy: 82.83(410/495) 
[2026-09-19 18:46:15,972]-[trainutils.py line:492]:Epoch 11 -    Audio-Visual/Counting accuracy: 79.30(502/633) 
[2026-09-19 18:46:15,972]-[trainutils.py line:492]:Epoch 11 -    Audio-Visual/Location accuracy: 69.63(321/461) 
[2026-09-19 18:46:15,972]-[trainutils.py line:492]:Epoch 11 - Audio-Visual/Comparative accuracy: 63.39(348/549) 
[2026-09-19 18:46:15,972]-[trainutils.py line:492]:Epoch 11 -    Audio-Visual/Temporal accuracy: 72.26(297/411) 
[2026-09-19 18:46:15,972]-[trainutils.py line:497]:Epoch 11 -             Audio-Visual accuracy: 73.68(1878/2549) 
[2026-09-19 18:46:15,975]-[trainutils.py line:501]:Epoch 11 -                    Total accuracy: 77.56(3543/4568) 
[2026-09-19 18:46:15,978]-[train.py line:167]:Epoch 11 done with 77.56 and loss 0.66406. 
[2026-09-19 18:46:15,978]-[train.py line:168]:At epoch8 best acc: 78.09. 
[2026-09-19 18:46:15,978]-[train.py line:102]:
-------------- training epoch 12 -------------- 
[2026-09-19 18:46:16,197]-[trainutils.py line:416]:[EST:    4.80m][Process Time:    0.06s]- Epoch: 12 [0000/1330 (  0%)]	Losses: ce_loss-0.1375(0.1375) loss_tacl-0.0001(0.0001) loss_sacl-0.0112(0.0112) loss_event-0.0068(0.0068) loss_evidence-0.0000(0.0000) loss_query_diversity-0.0042(0.0042) loss_position-0.0000(0.0000) total_loss-0.1375(0.1375) 
[2026-09-19 18:46:40,017]-[trainutils.py line:416]:[EST:    4.87m][Process Time:    0.07s]- Epoch: 12 [0100/1330 (  8%)]	Losses: ce_loss-0.1309(0.1704) loss_tacl-0.0001(0.0001) loss_sacl-0.0118(0.0118) loss_event-0.0063(0.0067) loss_evidence-0.0000(0.0000) loss_query_diversity-0.0043(0.0043) loss_position-0.0000(0.0000) total_loss-0.1309(0.1704) 
[2026-09-19 18:47:11,868]-[trainutils.py line:416]:[EST:    5.23m][Process Time:    0.09s]- Epoch: 12 [0200/1330 ( 15%)]	Losses: ce_loss-0.1562(0.1702) loss_tacl-0.0001(0.0001) loss_sacl-0.0118(0.0117) loss_event-0.0074(0.0067) loss_evidence-0.0000(0.0000) loss_query_diversity-0.0043(0.0043) loss_position-0.0000(0.0000) total_loss-0.1562(0.1702) 
[2026-09-19 18:47:45,906]-[trainutils.py line:416]:[EST:    5.12m][Process Time:    0.07s]- Epoch: 12 [0300/1330 ( 23%)]	Losses: ce_loss-0.1622(0.1715) loss_tacl-0.0001(0.0001) loss_sacl-0.0116(0.0117) loss_event-0.0065(0.0068) loss_evidence-0.0000(0.0000) loss_query_diversity-0.0043(0.0043) loss_position-0.0000(0.0000) total_loss-0.1622(0.1715) 
[2026-09-19 18:48:19,096]-[trainutils.py line:416]:[EST:    4.75m][Process Time:    0.07s]- Epoch: 12 [0400/1330 ( 30%)]	Losses: ce_loss-0.3166(0.1696) loss_tacl-0.0001(0.0001) loss_sacl-0.0106(0.0117) loss_event-0.0071(0.0068) loss_evidence-0.0005(0.0000) loss_query_diversity-0.0043(0.0043) loss_position-0.0000(0.0000) total_loss-0.3166(0.1696) 
[2026-09-19 18:48:52,333]-[trainutils.py line:416]:[EST:    4.31m][Process Time:    0.06s]- Epoch: 12 [0500/1330 ( 38%)]	Losses: ce_loss-0.2025(0.1700) loss_tacl-0.0001(0.0001) loss_sacl-0.0121(0.0117) loss_event-0.0069(0.0068) loss_evidence-0.0000(0.0000) loss_query_diversity-0.0043(0.0043) loss_position-0.0000(0.0000) total_loss-0.2025(0.1700) 
[2026-09-19 18:49:26,064]-[trainutils.py line:416]:[EST:    3.84m][Process Time:    0.07s]- Epoch: 12 [0600/1330 ( 45%)]	Losses: ce_loss-0.2625(0.1705) loss_tacl-0.0001(0.0001) loss_sacl-0.0118(0.0117) loss_event-0.0065(0.0068) loss_evidence-0.0000(0.0001) loss_query_diversity-0.0042(0.0043) loss_position-0.0000(0.0000) total_loss-0.2625(0.1705) 
[2026-09-19 18:49:59,760]-[trainutils.py line:416]:[EST:    3.35m][Process Time:    0.08s]- Epoch: 12 [0700/1330 ( 53%)]	Losses: ce_loss-0.1925(0.1731) loss_tacl-0.0001(0.0001) loss_sacl-0.0118(0.0117) loss_event-0.0073(0.0068) loss_evidence-0.0000(0.0001) loss_query_diversity-0.0043(0.0043) loss_position-0.0000(0.0000) total_loss-0.1925(0.1731) 
[2026-09-19 18:50:33,458]-[trainutils.py line:416]:[EST:    2.83m][Process Time:    0.07s]- Epoch: 12 [0800/1330 ( 60%)]	Losses: ce_loss-0.2974(0.1729) loss_tacl-0.0001(0.0001) loss_sacl-0.0112(0.0117) loss_event-0.0061(0.0068) loss_evidence-0.0000(0.0001) loss_query_diversity-0.0043(0.0043) loss_position-0.0000(0.0000) total_loss-0.2974(0.1729) 
[2026-09-19 18:51:06,440]-[trainutils.py line:416]:[EST:    2.30m][Process Time:    0.07s]- Epoch: 12 [0900/1330 ( 68%)]	Losses: ce_loss-0.1385(0.1752) loss_tacl-0.0001(0.0001) loss_sacl-0.0111(0.0116) loss_event-0.0064(0.0068) loss_evidence-0.0000(0.0001) loss_query_diversity-0.0043(0.0043) loss_position-0.0000(0.0000) total_loss-0.1385(0.1752) 
[2026-09-19 18:51:37,975]-[trainutils.py line:416]:[EST:    1.76m][Process Time:    0.06s]- Epoch: 12 [1000/1330 ( 75%)]	Losses: ce_loss-0.2849(0.1763) loss_tacl-0.0001(0.0001) loss_sacl-0.0119(0.0116) loss_event-0.0072(0.0068) loss_evidence-0.0000(0.0000) loss_query_diversity-0.0043(0.0043) loss_position-0.0000(0.0000) total_loss-0.2849(0.1763) 
[2026-09-19 18:52:10,681]-[trainutils.py line:416]:[EST:    1.23m][Process Time:    0.07s]- Epoch: 12 [1100/1330 ( 83%)]	Losses: ce_loss-0.2765(0.1762) loss_tacl-0.0001(0.0001) loss_sacl-0.0116(0.0116) loss_event-0.0069(0.0068) loss_evidence-0.0000(0.0000) loss_query_diversity-0.0043(0.0043) loss_position-0.0000(0.0000) total_loss-0.2765(0.1762) 
[2026-09-19 18:52:43,027]-[trainutils.py line:416]:[EST:    0.69m][Process Time:    0.07s]- Epoch: 12 [1200/1330 ( 90%)]	Losses: ce_loss-0.1703(0.1771) loss_tacl-0.0001(0.0001) loss_sacl-0.0120(0.0116) loss_event-0.0070(0.0068) loss_evidence-0.0000(0.0000) loss_query_diversity-0.0043(0.0043) loss_position-0.0000(0.0000) total_loss-0.1703(0.1771) 
[2026-09-19 18:53:16,307]-[trainutils.py line:416]:[EST:    0.16m][Process Time:    0.07s]- Epoch: 12 [1300/1330 ( 98%)]	Losses: ce_loss-0.1166(0.1765) loss_tacl-0.0001(0.0001) loss_sacl-0.0116(0.0116) loss_event-0.0062(0.0068) loss_evidence-0.0000(0.0000) loss_query_diversity-0.0043(0.0043) loss_position-0.0000(0.0000) total_loss-0.1166(0.1765) 
[2026-09-19 18:53:26,114]-[trainutils.py line:416]:[EST:   -0.01m][Process Time:    0.11s]- Epoch: 12 [1330/1330 (100%)]	Losses: ce_loss-0.3390(0.1764) loss_tacl-0.0001(0.0001) loss_sacl-0.0127(0.0116) loss_event-0.0071(0.0068) loss_evidence-0.0000(0.0000) loss_query_diversity-0.0043(0.0043) loss_position-0.0000(0.0000) total_loss-0.3390(0.1764) 
[2026-09-19 18:53:27,849]-[train.py line:106]:
-------------- validation epoch 12 -------------- 
[2026-09-19 18:53:28,503]-[trainutils.py line:461]:Test progress:   0/95 
[2026-09-19 18:54:17,840]-[trainutils.py line:461]:Test progress:  95/95 
[2026-09-19 18:54:17,842]-[trainutils.py line:492]:Epoch 12 -           Audio/Counting accuracy: 86.50(442/511) 
[2026-09-19 18:54:17,842]-[trainutils.py line:492]:Epoch 12 -        Audio/Comparative accuracy: 61.36(181/295) 
[2026-09-19 18:54:17,842]-[trainutils.py line:497]:Epoch 12 -                    Audio accuracy: 77.30(623/806) 
[2026-09-19 18:54:17,842]-[trainutils.py line:492]:Epoch 12 -          Visual/Counting accuracy: 83.83(503/600) 
[2026-09-19 18:54:17,844]-[trainutils.py line:492]:Epoch 12 -          Visual/Location accuracy: 85.97(527/613) 
[2026-09-19 18:54:17,844]-[trainutils.py line:497]:Epoch 12 -                   Visual accuracy: 84.91(1030/1213) 
[2026-09-19 18:54:17,844]-[trainutils.py line:492]:Epoch 12 - Audio-Visual/Existential accuracy: 80.61(399/495) 
[2026-09-19 18:54:17,845]-[trainutils.py line:492]:Epoch 12 -    Audio-Visual/Counting accuracy: 77.57(491/633) 
[2026-09-19 18:54:17,845]-[trainutils.py line:492]:Epoch 12 -    Audio-Visual/Location accuracy: 69.85(322/461) 
[2026-09-19 18:54:17,845]-[trainutils.py line:492]:Epoch 12 - Audio-Visual/Comparative accuracy: 63.39(348/549) 
[2026-09-19 18:54:17,846]-[trainutils.py line:492]:Epoch 12 -    Audio-Visual/Temporal accuracy: 72.99(300/411) 
[2026-09-19 18:54:17,846]-[trainutils.py line:497]:Epoch 12 -             Audio-Visual accuracy: 72.97(1860/2549) 
[2026-09-19 18:54:17,846]-[trainutils.py line:501]:Epoch 12 -                    Total accuracy: 76.90(3513/4568) 
[2026-09-19 18:54:18,380]-[trainutils.py line:461]:Test progress:   0/95 
[2026-09-19 18:55:08,995]-[trainutils.py line:461]:Test progress:  95/95 
[2026-09-19 18:55:08,996]-[trainutils.py line:492]:Epoch 12 -           Audio/Counting accuracy: 86.69(443/511) 
[2026-09-19 18:55:08,996]-[trainutils.py line:492]:Epoch 12 -        Audio/Comparative accuracy: 62.37(184/295) 
[2026-09-19 18:55:08,996]-[trainutils.py line:497]:Epoch 12 -                    Audio accuracy: 77.79(627/806) 
[2026-09-19 18:55:08,997]-[trainutils.py line:492]:Epoch 12 -          Visual/Counting accuracy: 84.50(507/600) 
[2026-09-19 18:55:08,997]-[trainutils.py line:492]:Epoch 12 -          Visual/Location accuracy: 85.97(527/613) 
[2026-09-19 18:55:08,997]-[trainutils.py line:497]:Epoch 12 -                   Visual accuracy: 85.24(1034/1213) 
[2026-09-19 18:55:08,998]-[trainutils.py line:492]:Epoch 12 - Audio-Visual/Existential accuracy: 83.23(412/495) 
[2026-09-19 18:55:08,998]-[trainutils.py line:492]:Epoch 12 -    Audio-Visual/Counting accuracy: 78.83(499/633) 
[2026-09-19 18:55:08,998]-[trainutils.py line:492]:Epoch 12 -    Audio-Visual/Location accuracy: 70.07(323/461) 
[2026-09-19 18:55:08,999]-[trainutils.py line:492]:Epoch 12 - Audio-Visual/Comparative accuracy: 63.75(350/549) 
[2026-09-19 18:55:08,999]-[trainutils.py line:492]:Epoch 12 -    Audio-Visual/Temporal accuracy: 72.02(296/411) 
[2026-09-19 18:55:08,999]-[trainutils.py line:497]:Epoch 12 -             Audio-Visual accuracy: 73.75(1880/2549) 
[2026-09-19 18:55:09,000]-[trainutils.py line:501]:Epoch 12 -                    Total accuracy: 77.52(3541/4568) 
[2026-09-19 18:55:09,006]-[train.py line:167]:Epoch 12 done with 77.52 and loss 0.72656. 
[2026-09-19 18:55:09,006]-[train.py line:168]:At epoch8 best acc: 78.09. 
[2026-09-19 18:55:09,007]-[train.py line:102]:
-------------- training epoch 13 -------------- 
[2026-09-19 18:55:09,340]-[trainutils.py line:416]:[EST:    7.30m][Process Time:    0.07s]- Epoch: 13 [0000/1330 (  0%)]	Losses: ce_loss-0.0568(0.0568) loss_tacl-0.0001(0.0001) loss_sacl-0.0125(0.0125) loss_event-0.0062(0.0062) loss_evidence-0.0000(0.0000) loss_query_diversity-0.0043(0.0043) loss_position-0.0000(0.0000) total_loss-0.0568(0.0568) 
[2026-09-19 18:55:42,433]-[trainutils.py line:416]:[EST:    6.78m][Process Time:    0.07s]- Epoch: 13 [0100/1330 (  8%)]	Losses: ce_loss-0.0739(0.1338) loss_tacl-0.0001(0.0001) loss_sacl-0.0112(0.0115) loss_event-0.0060(0.0066) loss_evidence-0.0000(0.0000) loss_query_diversity-0.0042(0.0043) loss_position-0.0000(0.0000) total_loss-0.0739(0.1338) 
[2026-09-19 18:56:15,712]-[trainutils.py line:416]:[EST:    6.24m][Process Time:    0.07s]- Epoch: 13 [0200/1330 ( 15%)]	Losses: ce_loss-0.0812(0.1381) loss_tacl-0.0001(0.0001) loss_sacl-0.0113(0.0115) loss_event-0.0073(0.0067) loss_evidence-0.0000(0.0000) loss_query_diversity-0.0043(0.0043) loss_position-0.0000(0.0000) total_loss-0.0812(0.1381) 
[2026-09-19 18:56:49,038]-[trainutils.py line:416]:[EST:    5.70m][Process Time:    0.07s]- Epoch: 13 [0300/1330 ( 23%)]	Losses: ce_loss-0.1650(0.1451) loss_tacl-0.0001(0.0001) loss_sacl-0.0113(0.0115) loss_event-0.0065(0.0067) loss_evidence-0.0000(0.0000) loss_query_diversity-0.0043(0.0043) loss_position-0.0000(0.0000) total_loss-0.1650(0.1451) 
[2026-09-19 18:57:21,982]-[trainutils.py line:416]:[EST:    5.13m][Process Time:    0.06s]- Epoch: 13 [0400/1330 ( 30%)]	Losses: ce_loss-0.1202(0.1422) loss_tacl-0.0001(0.0001) loss_sacl-0.0109(0.0115) loss_event-0.0079(0.0067) loss_evidence-0.0000(0.0000) loss_query_diversity-0.0043(0.0043) loss_position-0.0000(0.0000) total_loss-0.1202(0.1422) 
[2026-09-19 18:57:52,374]-[trainutils.py line:416]:[EST:    4.51m][Process Time:    0.07s]- Epoch: 13 [0500/1330 ( 38%)]	Losses: ce_loss-0.1058(0.1422) loss_tacl-0.0001(0.0001) loss_sacl-0.0109(0.0114) loss_event-0.0061(0.0068) loss_evidence-0.0000(0.0000) loss_query_diversity-0.0043(0.0043) loss_position-0.0000(0.0000) total_loss-0.1058(0.1422) 
[2026-09-19 18:58:23,698]-[trainutils.py line:416]:[EST:    3.94m][Process Time:    0.07s]- Epoch: 13 [0600/1330 ( 45%)]	Losses: ce_loss-0.1678(0.1412) loss_tacl-0.0001(0.0001) loss_sacl-0.0115(0.0114) loss_event-0.0063(0.0068) loss_evidence-0.0000(0.0000) loss_query_diversity-0.0043(0.0043) loss_position-0.0000(0.0000) total_loss-0.1678(0.1412) 
[2026-09-19 18:58:54,600]-[trainutils.py line:416]:[EST:    3.37m][Process Time:    0.07s]- Epoch: 13 [0700/1330 ( 53%)]	Losses: ce_loss-0.0786(0.1413) loss_tacl-0.0001(0.0001) loss_sacl-0.0112(0.0114) loss_event-0.0061(0.0068) loss_evidence-0.0000(0.0000) loss_query_diversity-0.0043(0.0043) loss_position-0.0000(0.0000) total_loss-0.0786(0.1413) 
[2026-09-19 18:59:25,513]-[trainutils.py line:416]:[EST:    2.82m][Process Time:    0.07s]- Epoch: 13 [0800/1330 ( 60%)]	Losses: ce_loss-0.1312(0.1420) loss_tacl-0.0001(0.0001) loss_sacl-0.0103(0.0114) loss_event-0.0076(0.0068) loss_evidence-0.0000(0.0000) loss_query_diversity-0.0043(0.0043) loss_position-0.0000(0.0000) total_loss-0.1312(0.1420) 
[2026-09-19 18:59:57,205]-[trainutils.py line:416]:[EST:    2.29m][Process Time:    0.06s]- Epoch: 13 [0900/1330 ( 68%)]	Losses: ce_loss-0.2076(0.1417) loss_tacl-0.0001(0.0001) loss_sacl-0.0107(0.0114) loss_event-0.0064(0.0068) loss_evidence-0.0000(0.0000) loss_query_diversity-0.0043(0.0043) loss_position-0.0000(0.0000) total_loss-0.2076(0.1417) 
[2026-09-19 19:00:29,709]-[trainutils.py line:416]:[EST:    1.76m][Process Time:    0.07s]- Epoch: 13 [1000/1330 ( 75%)]	Losses: ce_loss-0.1748(0.1413) loss_tacl-0.0001(0.0001) loss_sacl-0.0113(0.0114) loss_event-0.0067(0.0068) loss_evidence-0.0005(0.0000) loss_query_diversity-0.0043(0.0043) loss_position-0.0000(0.0000) total_loss-0.1748(0.1413) 
[2026-09-19 19:01:03,342]-[trainutils.py line:416]:[EST:    1.23m][Process Time:    0.07s]- Epoch: 13 [1100/1330 ( 83%)]	Losses: ce_loss-0.2306(0.1415) loss_tacl-0.0001(0.0001) loss_sacl-0.0120(0.0114) loss_event-0.0078(0.0068) loss_evidence-0.0000(0.0000) loss_query_diversity-0.0043(0.0043) loss_position-0.0000(0.0000) total_loss-0.2306(0.1415) 
[2026-09-19 19:01:36,443]-[trainutils.py line:416]:[EST:    0.69m][Process Time:    0.07s]- Epoch: 13 [1200/1330 ( 90%)]	Losses: ce_loss-0.1272(0.1425) loss_tacl-0.0001(0.0001) loss_sacl-0.0108(0.0114) loss_event-0.0063(0.0068) loss_evidence-0.0000(0.0000) loss_query_diversity-0.0043(0.0043) loss_position-0.0000(0.0000) total_loss-0.1272(0.1425) 
[2026-09-19 19:02:09,063]-[trainutils.py line:416]:[EST:    0.16m][Process Time:    0.08s]- Epoch: 13 [1300/1330 ( 98%)]	Losses: ce_loss-0.0601(0.1422) loss_tacl-0.0001(0.0001) loss_sacl-0.0118(0.0113) loss_event-0.0052(0.0068) loss_evidence-0.0000(0.0000) loss_query_diversity-0.0043(0.0043) loss_position-0.0000(0.0000) total_loss-0.0601(0.1422) 
[2026-09-19 19:02:18,365]-[trainutils.py line:416]:[EST:   -0.01m][Process Time:    0.08s]- Epoch: 13 [1330/1330 (100%)]	Losses: ce_loss-0.2664(0.1423) loss_tacl-0.0001(0.0001) loss_sacl-0.0115(0.0113) loss_event-0.0063(0.0068) loss_evidence-0.0000(0.0000) loss_query_diversity-0.0042(0.0043) loss_position-0.0000(0.0000) total_loss-0.2664(0.1423) 
[2026-09-19 19:02:19,522]-[train.py line:106]:
-------------- validation epoch 13 -------------- 
[2026-09-19 19:02:19,972]-[trainutils.py line:461]:Test progress:   0/95 
[2026-09-19 19:03:07,011]-[trainutils.py line:461]:Test progress:  95/95 
[2026-09-19 19:03:07,012]-[trainutils.py line:492]:Epoch 13 -           Audio/Counting accuracy: 86.30(441/511) 
[2026-09-19 19:03:07,012]-[trainutils.py line:492]:Epoch 13 -        Audio/Comparative accuracy: 62.03(183/295) 
[2026-09-19 19:03:07,012]-[trainutils.py line:497]:Epoch 13 -                    Audio accuracy: 77.42(624/806) 
[2026-09-19 19:03:07,012]-[trainutils.py line:492]:Epoch 13 -          Visual/Counting accuracy: 84.17(505/600) 
[2026-09-19 19:03:07,014]-[trainutils.py line:492]:Epoch 13 -          Visual/Location accuracy: 86.30(529/613) 
[2026-09-19 19:03:07,014]-[trainutils.py line:497]:Epoch 13 -                   Visual accuracy: 85.24(1034/1213) 
[2026-09-19 19:03:07,014]-[trainutils.py line:492]:Epoch 13 - Audio-Visual/Existential accuracy: 81.62(404/495) 
[2026-09-19 19:03:07,014]-[trainutils.py line:492]:Epoch 13 -    Audio-Visual/Counting accuracy: 78.04(494/633) 
[2026-09-19 19:03:07,015]-[trainutils.py line:492]:Epoch 13 -    Audio-Visual/Location accuracy: 69.63(321/461) 
[2026-09-19 19:03:07,015]-[trainutils.py line:492]:Epoch 13 - Audio-Visual/Comparative accuracy: 65.57(360/549) 
[2026-09-19 19:03:07,016]-[trainutils.py line:492]:Epoch 13 -    Audio-Visual/Temporal accuracy: 71.53(294/411) 
[2026-09-19 19:03:07,016]-[trainutils.py line:497]:Epoch 13 -             Audio-Visual accuracy: 73.48(1873/2549) 
[2026-09-19 19:03:07,016]-[trainutils.py line:501]:Epoch 13 -                    Total accuracy: 77.30(3531/4568) 
[2026-09-19 19:03:07,548]-[trainutils.py line:461]:Test progress:   0/95 
[2026-09-19 19:03:53,579]-[trainutils.py line:461]:Test progress:  95/95 
[2026-09-19 19:03:53,580]-[trainutils.py line:492]:Epoch 13 -           Audio/Counting accuracy: 86.50(442/511) 
[2026-09-19 19:03:53,580]-[trainutils.py line:492]:Epoch 13 -        Audio/Comparative accuracy: 62.37(184/295) 
[2026-09-19 19:03:53,580]-[trainutils.py line:497]:Epoch 13 -                    Audio accuracy: 77.67(626/806) 
[2026-09-19 19:03:53,580]-[trainutils.py line:492]:Epoch 13 -          Visual/Counting accuracy: 84.67(508/600) 
[2026-09-19 19:03:53,582]-[trainutils.py line:492]:Epoch 13 -          Visual/Location accuracy: 85.97(527/613) 
[2026-09-19 19:03:53,582]-[trainutils.py line:497]:Epoch 13 -                   Visual accuracy: 85.33(1035/1213) 
[2026-09-19 19:03:53,582]-[trainutils.py line:492]:Epoch 13 - Audio-Visual/Existential accuracy: 82.42(408/495) 
[2026-09-19 19:03:53,582]-[trainutils.py line:492]:Epoch 13 -    Audio-Visual/Counting accuracy: 78.04(494/633) 
[2026-09-19 19:03:53,582]-[trainutils.py line:492]:Epoch 13 -    Audio-Visual/Location accuracy: 69.41(320/461) 
[2026-09-19 19:03:53,582]-[trainutils.py line:492]:Epoch 13 - Audio-Visual/Comparative accuracy: 64.66(355/549) 
[2026-09-19 19:03:53,583]-[trainutils.py line:492]:Epoch 13 -    Audio-Visual/Temporal accuracy: 72.75(299/411) 
[2026-09-19 19:03:53,583]-[trainutils.py line:497]:Epoch 13 -             Audio-Visual accuracy: 73.60(1876/2549) 
[2026-09-19 19:03:53,583]-[trainutils.py line:501]:Epoch 13 -                    Total accuracy: 77.43(3537/4568) 
[2026-09-19 19:03:53,589]-[train.py line:167]:Epoch 13 done with 77.43 and loss 0.78125. 
[2026-09-19 19:03:53,589]-[train.py line:168]:At epoch8 best acc: 78.09. 
[2026-09-19 19:03:53,589]-[train.py line:102]:
-------------- training epoch 14 -------------- 
[2026-09-19 19:03:53,886]-[trainutils.py line:416]:[EST:    6.48m][Process Time:    0.07s]- Epoch: 14 [0000/1330 (  0%)]	Losses: ce_loss-0.1993(0.1993) loss_tacl-0.0001(0.0001) loss_sacl-0.0104(0.0104) loss_event-0.0055(0.0055) loss_evidence-0.0000(0.0000) loss_query_diversity-0.0043(0.0043) loss_position-0.0000(0.0000) total_loss-0.1993(0.1993) 
[2026-09-19 19:04:24,775]-[trainutils.py line:416]:[EST:    6.32m][Process Time:    0.07s]- Epoch: 14 [0100/1330 (  8%)]	Losses: ce_loss-0.1312(0.1163) loss_tacl-0.0001(0.0001) loss_sacl-0.0107(0.0113) loss_event-0.0061(0.0068) loss_evidence-0.0000(0.0001) loss_query_diversity-0.0043(0.0043) loss_position-0.0000(0.0000) total_loss-0.1312(0.1163) 
[2026-09-19 19:04:56,955]-[trainutils.py line:416]:[EST:    5.93m][Process Time:    0.07s]- Epoch: 14 [0200/1330 ( 15%)]	Losses: ce_loss-0.1342(0.1238) loss_tacl-0.0001(0.0001) loss_sacl-0.0115(0.0112) loss_event-0.0086(0.0067) loss_evidence-0.0000(0.0000) loss_query_diversity-0.0043(0.0043) loss_position-0.0000(0.0000) total_loss-0.1342(0.1238) 
[2026-09-19 19:05:29,180]-[trainutils.py line:416]:[EST:    5.45m][Process Time:    0.07s]- Epoch: 14 [0300/1330 ( 23%)]	Losses: ce_loss-0.0307(0.1265) loss_tacl-0.0001(0.0001) loss_sacl-0.0112(0.0112) loss_event-0.0062(0.0068) loss_evidence-0.0000(0.0000) loss_query_diversity-0.0043(0.0043) loss_position-0.0000(0.0000) total_loss-0.0307(0.1265) 
[2026-09-19 19:05:59,679]-[trainutils.py line:416]:[EST:    4.87m][Process Time:    0.07s]- Epoch: 14 [0400/1330 ( 30%)]	Losses: ce_loss-0.1131(0.1249) loss_tacl-0.0001(0.0001) loss_sacl-0.0113(0.0112) loss_event-0.0063(0.0068) loss_evidence-0.0000(0.0000) loss_query_diversity-0.0042(0.0043) loss_position-0.0000(0.0000) total_loss-0.1131(0.1249) 
[2026-09-19 19:06:30,315]-[trainutils.py line:416]:[EST:    4.32m][Process Time:    0.07s]- Epoch: 14 [0500/1330 ( 38%)]	Losses: ce_loss-0.0692(0.1255) loss_tacl-0.0001(0.0001) loss_sacl-0.0102(0.0112) loss_event-0.0061(0.0068) loss_evidence-0.0003(0.0000) loss_query_diversity-0.0043(0.0043) loss_position-0.0000(0.0000) total_loss-0.0692(0.1255) 
[2026-09-19 19:07:02,187]-[trainutils.py line:416]:[EST:    3.81m][Process Time:    0.07s]- Epoch: 14 [0600/1330 ( 45%)]	Losses: ce_loss-0.3200(0.1251) loss_tacl-0.0001(0.0001) loss_sacl-0.0108(0.0112) loss_event-0.0077(0.0067) loss_evidence-0.0000(0.0000) loss_query_diversity-0.0042(0.0043) loss_position-0.0000(0.0000) total_loss-0.3200(0.1251) 
[2026-09-19 19:07:33,916]-[trainutils.py line:416]:[EST:    3.29m][Process Time:    0.06s]- Epoch: 14 [0700/1330 ( 53%)]	Losses: ce_loss-0.1426(0.1242) loss_tacl-0.0001(0.0001) loss_sacl-0.0109(0.0112) loss_event-0.0069(0.0068) loss_evidence-0.0000(0.0000) loss_query_diversity-0.0043(0.0043) loss_position-0.0000(0.0000) total_loss-0.1426(0.1242) 
[2026-09-19 19:08:05,301]-[trainutils.py line:416]:[EST:    2.77m][Process Time:    0.06s]- Epoch: 14 [0800/1330 ( 60%)]	Losses: ce_loss-0.2752(0.1232) loss_tacl-0.0001(0.0001) loss_sacl-0.0106(0.0112) loss_event-0.0063(0.0068) loss_evidence-0.0000(0.0000) loss_query_diversity-0.0043(0.0043) loss_position-0.0000(0.0000) total_loss-0.2752(0.1232) 
[2026-09-19 19:08:37,535]-[trainutils.py line:416]:[EST:    2.25m][Process Time:    0.07s]- Epoch: 14 [0900/1330 ( 68%)]	Losses: ce_loss-0.0578(0.1211) loss_tacl-0.0001(0.0001) loss_sacl-0.0114(0.0111) loss_event-0.0064(0.0067) loss_evidence-0.0000(0.0000) loss_query_diversity-0.0043(0.0043) loss_position-0.0000(0.0000) total_loss-0.0578(0.1211) 
[2026-09-19 19:09:08,377]-[trainutils.py line:416]:[EST:    1.72m][Process Time:    0.06s]- Epoch: 14 [1000/1330 ( 75%)]	Losses: ce_loss-0.1614(0.1213) loss_tacl-0.0001(0.0001) loss_sacl-0.0117(0.0111) loss_event-0.0069(0.0067) loss_evidence-0.0000(0.0000) loss_query_diversity-0.0043(0.0043) loss_position-0.0000(0.0000) total_loss-0.1614(0.1213) 
[2026-09-19 19:09:40,580]-[trainutils.py line:416]:[EST:    1.20m][Process Time:    0.07s]- Epoch: 14 [1100/1330 ( 83%)]	Losses: ce_loss-0.2063(0.1216) loss_tacl-0.0001(0.0001) loss_sacl-0.0111(0.0111) loss_event-0.0061(0.0067) loss_evidence-0.0000(0.0000) loss_query_diversity-0.0043(0.0043) loss_position-0.0000(0.0000) total_loss-0.2063(0.1216) 
[2026-09-19 19:10:12,603]-[trainutils.py line:416]:[EST:    0.68m][Process Time:    0.07s]- Epoch: 14 [1200/1330 ( 90%)]	Losses: ce_loss-0.0824(0.1218) loss_tacl-0.0001(0.0001) loss_sacl-0.0113(0.0111) loss_event-0.0074(0.0067) loss_evidence-0.0000(0.0000) loss_query_diversity-0.0043(0.0043) loss_position-0.0000(0.0000) total_loss-0.0824(0.1218) 
[2026-09-19 19:10:45,081]-[trainutils.py line:416]:[EST:    0.15m][Process Time:    0.07s]- Epoch: 14 [1300/1330 ( 98%)]	Losses: ce_loss-0.2173(0.1210) loss_tacl-0.0001(0.0001) loss_sacl-0.0113(0.0111) loss_event-0.0067(0.0067) loss_evidence-0.0000(0.0000) loss_query_diversity-0.0043(0.0043) loss_position-0.0000(0.0000) total_loss-0.2173(0.1210) 
[2026-09-19 19:10:54,618]-[trainutils.py line:416]:[EST:   -0.01m][Process Time:    0.07s]- Epoch: 14 [1330/1330 (100%)]	Losses: ce_loss-0.1023(0.1210) loss_tacl-0.0001(0.0001) loss_sacl-0.0106(0.0111) loss_event-0.0059(0.0067) loss_evidence-0.0000(0.0000) loss_query_diversity-0.0042(0.0043) loss_position-0.0000(0.0000) total_loss-0.1023(0.1210) 
[2026-09-19 19:10:55,721]-[train.py line:106]:
-------------- validation epoch 14 -------------- 
[2026-09-19 19:10:56,197]-[trainutils.py line:461]:Test progress:   0/95 
[2026-09-19 19:11:45,339]-[trainutils.py line:461]:Test progress:  95/95 
[2026-09-19 19:11:45,340]-[trainutils.py line:492]:Epoch 14 -           Audio/Counting accuracy: 85.91(439/511) 
[2026-09-19 19:11:45,340]-[trainutils.py line:492]:Epoch 14 -        Audio/Comparative accuracy: 63.39(187/295) 
[2026-09-19 19:11:45,340]-[trainutils.py line:497]:Epoch 14 -                    Audio accuracy: 77.67(626/806) 
[2026-09-19 19:11:45,341]-[trainutils.py line:492]:Epoch 14 -          Visual/Counting accuracy: 84.17(505/600) 
[2026-09-19 19:11:45,341]-[trainutils.py line:492]:Epoch 14 -          Visual/Location accuracy: 85.97(527/613) 
[2026-09-19 19:11:45,341]-[trainutils.py line:497]:Epoch 14 -                   Visual accuracy: 85.08(1032/1213) 
[2026-09-19 19:11:45,342]-[trainutils.py line:492]:Epoch 14 - Audio-Visual/Existential accuracy: 81.62(404/495) 
[2026-09-19 19:11:45,342]-[trainutils.py line:492]:Epoch 14 -    Audio-Visual/Counting accuracy: 75.83(480/633) 
[2026-09-19 19:11:45,342]-[trainutils.py line:492]:Epoch 14 -    Audio-Visual/Location accuracy: 68.55(316/461) 
[2026-09-19 19:11:45,342]-[trainutils.py line:492]:Epoch 14 - Audio-Visual/Comparative accuracy: 64.85(356/549) 
[2026-09-19 19:11:45,343]-[trainutils.py line:492]:Epoch 14 -    Audio-Visual/Temporal accuracy: 72.99(300/411) 
[2026-09-19 19:11:45,343]-[trainutils.py line:497]:Epoch 14 -             Audio-Visual accuracy: 72.81(1856/2549) 
[2026-09-19 19:11:45,343]-[trainutils.py line:501]:Epoch 14 -                    Total accuracy: 76.93(3514/4568) 
[2026-09-19 19:11:45,883]-[trainutils.py line:461]:Test progress:   0/95 
[2026-09-19 19:12:36,410]-[trainutils.py line:461]:Test progress:  95/95 
[2026-09-19 19:12:36,411]-[trainutils.py line:492]:Epoch 14 -           Audio/Counting accuracy: 86.50(442/511) 
[2026-09-19 19:12:36,411]-[trainutils.py line:492]:Epoch 14 -        Audio/Comparative accuracy: 63.05(186/295) 
[2026-09-19 19:12:36,412]-[trainutils.py line:497]:Epoch 14 -                    Audio accuracy: 77.92(628/806) 
[2026-09-19 19:12:36,412]-[trainutils.py line:492]:Epoch 14 -          Visual/Counting accuracy: 84.00(504/600) 
[2026-09-19 19:12:36,412]-[trainutils.py line:492]:Epoch 14 -          Visual/Location accuracy: 86.30(529/613) 
[2026-09-19 19:12:36,412]-[trainutils.py line:497]:Epoch 14 -                   Visual accuracy: 85.16(1033/1213) 
[2026-09-19 19:12:36,412]-[trainutils.py line:492]:Epoch 14 - Audio-Visual/Existential accuracy: 82.63(409/495) 
[2026-09-19 19:12:36,413]-[trainutils.py line:492]:Epoch 14 -    Audio-Visual/Counting accuracy: 77.25(489/633) 
[2026-09-19 19:12:36,413]-[trainutils.py line:492]:Epoch 14 -    Audio-Visual/Location accuracy: 69.63(321/461) 
[2026-09-19 19:12:36,413]-[trainutils.py line:492]:Epoch 14 - Audio-Visual/Comparative accuracy: 65.03(357/549) 
[2026-09-19 19:12:36,413]-[trainutils.py line:492]:Epoch 14 -    Audio-Visual/Temporal accuracy: 72.26(297/411) 
[2026-09-19 19:12:36,413]-[trainutils.py line:497]:Epoch 14 -             Audio-Visual accuracy: 73.48(1873/2549) 
[2026-09-19 19:12:36,413]-[trainutils.py line:501]:Epoch 14 -                    Total accuracy: 77.36(3534/4568) 
[2026-09-19 19:12:36,422]-[train.py line:167]:Epoch 14 done with 77.36 and loss 0.85547. 
[2026-09-19 19:12:36,422]-[train.py line:168]:At epoch8 best acc: 78.09. 
[2026-09-19 19:12:36,422]-[train.py line:102]:
-------------- training epoch 15 -------------- 
[2026-09-19 19:12:36,733]-[trainutils.py line:416]:[EST:    6.79m][Process Time:    0.07s]- Epoch: 15 [0000/1330 (  0%)]	Losses: ce_loss-0.0614(0.0614) loss_tacl-0.0001(0.0001) loss_sacl-0.0111(0.0111) loss_event-0.0079(0.0079) loss_evidence-0.0000(0.0000) loss_query_diversity-0.0043(0.0043) loss_position-0.0000(0.0000) total_loss-0.0614(0.0614) 
[2026-09-19 19:13:09,608]-[trainutils.py line:416]:[EST:    6.73m][Process Time:    0.07s]- Epoch: 15 [0100/1330 (  8%)]	Losses: ce_loss-0.1189(0.1160) loss_tacl-0.0001(0.0001) loss_sacl-0.0099(0.0110) loss_event-0.0067(0.0068) loss_evidence-0.0000(0.0001) loss_query_diversity-0.0043(0.0043) loss_position-0.0000(0.0000) total_loss-0.1189(0.1160) 
[2026-09-19 19:13:41,695]-[trainutils.py line:416]:[EST:    6.11m][Process Time:    0.06s]- Epoch: 15 [0200/1330 ( 15%)]	Losses: ce_loss-0.1092(0.1104) loss_tacl-0.0001(0.0001) loss_sacl-0.0102(0.0110) loss_event-0.0064(0.0067) loss_evidence-0.0000(0.0001) loss_query_diversity-0.0043(0.0043) loss_position-0.0000(0.0000) total_loss-0.1092(0.1104) 
[2026-09-19 19:14:13,376]-[trainutils.py line:416]:[EST:    5.52m][Process Time:    0.06s]- Epoch: 15 [0300/1330 ( 23%)]	Losses: ce_loss-0.0845(0.1081) loss_tacl-0.0001(0.0001) loss_sacl-0.0115(0.0111) loss_event-0.0073(0.0067) loss_evidence-0.0000(0.0001) loss_query_diversity-0.0043(0.0043) loss_position-0.0000(0.0000) total_loss-0.0845(0.1081) 
[2026-09-19 19:14:43,496]-[trainutils.py line:416]:[EST:    4.91m][Process Time:    0.07s]- Epoch: 15 [0400/1330 ( 30%)]	Losses: ce_loss-0.0721(0.1057) loss_tacl-0.0001(0.0001) loss_sacl-0.0109(0.0111) loss_event-0.0061(0.0067) loss_evidence-0.0000(0.0000) loss_query_diversity-0.0043(0.0043) loss_position-0.0000(0.0000) total_loss-0.0721(0.1057) 
[2026-09-19 19:15:15,403]-[trainutils.py line:416]:[EST:    4.38m][Process Time:    0.07s]- Epoch: 15 [0500/1330 ( 38%)]	Losses: ce_loss-0.3245(0.1049) loss_tacl-0.0001(0.0001) loss_sacl-0.0115(0.0111) loss_event-0.0074(0.0067) loss_evidence-0.0000(0.0000) loss_query_diversity-0.0043(0.0043) loss_position-0.0000(0.0000) total_loss-0.3245(0.1049) 
[2026-09-19 19:15:46,824]-[trainutils.py line:416]:[EST:    3.85m][Process Time:    0.06s]- Epoch: 15 [0600/1330 ( 45%)]	Losses: ce_loss-0.1084(0.1055) loss_tacl-0.0001(0.0001) loss_sacl-0.0106(0.0110) loss_event-0.0062(0.0067) loss_evidence-0.0000(0.0000) loss_query_diversity-0.0043(0.0043) loss_position-0.0000(0.0000) total_loss-0.1084(0.1055) 
[2026-09-19 19:16:19,454]-[trainutils.py line:416]:[EST:    3.34m][Process Time:    0.07s]- Epoch: 15 [0700/1330 ( 53%)]	Losses: ce_loss-0.1835(0.1058) loss_tacl-0.0001(0.0001) loss_sacl-0.0101(0.0110) loss_event-0.0076(0.0067) loss_evidence-0.0000(0.0000) loss_query_diversity-0.0042(0.0043) loss_position-0.0000(0.0000) total_loss-0.1835(0.1058) 
[2026-09-19 19:16:52,078]-[trainutils.py line:416]:[EST:    2.81m][Process Time:    0.07s]- Epoch: 15 [0800/1330 ( 60%)]	Losses: ce_loss-0.1285(0.1054) loss_tacl-0.0001(0.0001) loss_sacl-0.0110(0.0110) loss_event-0.0057(0.0067) loss_evidence-0.0000(0.0000) loss_query_diversity-0.0043(0.0043) loss_position-0.0000(0.0000) total_loss-0.1285(0.1054) 
[2026-09-19 19:17:24,674]-[trainutils.py line:416]:[EST:    2.29m][Process Time:    0.07s]- Epoch: 15 [0900/1330 ( 68%)]	Losses: ce_loss-0.1566(0.1046) loss_tacl-0.0001(0.0001) loss_sacl-0.0108(0.0110) loss_event-0.0060(0.0068) loss_evidence-0.0067(0.0000) loss_query_diversity-0.0043(0.0043) loss_position-0.0000(0.0000) total_loss-0.1566(0.1046) 
[2026-09-19 19:17:57,307]-[trainutils.py line:416]:[EST:    1.76m][Process Time:    0.07s]- Epoch: 15 [1000/1330 ( 75%)]	Losses: ce_loss-0.0701(0.1043) loss_tacl-0.0001(0.0001) loss_sacl-0.0113(0.0110) loss_event-0.0060(0.0067) loss_evidence-0.0000(0.0000) loss_query_diversity-0.0043(0.0043) loss_position-0.0000(0.0000) total_loss-0.0701(0.1043) 
[2026-09-19 19:18:30,390]-[trainutils.py line:416]:[EST:    1.23m][Process Time:    0.07s]- Epoch: 15 [1100/1330 ( 83%)]	Losses: ce_loss-0.0547(0.1043) loss_tacl-0.0001(0.0001) loss_sacl-0.0115(0.0110) loss_event-0.0059(0.0067) loss_evidence-0.0017(0.0000) loss_query_diversity-0.0043(0.0043) loss_position-0.0000(0.0000) total_loss-0.0547(0.1043) 
[2026-09-19 19:19:02,484]-[trainutils.py line:416]:[EST:    0.69m][Process Time:    0.07s]- Epoch: 15 [1200/1330 ( 90%)]	Losses: ce_loss-0.0651(0.1044) loss_tacl-0.0001(0.0001) loss_sacl-0.0118(0.0110) loss_event-0.0066(0.0067) loss_evidence-0.0000(0.0000) loss_query_diversity-0.0043(0.0043) loss_position-0.0000(0.0000) total_loss-0.0651(0.1044) 
[2026-09-19 19:19:35,550]-[trainutils.py line:416]:[EST:    0.16m][Process Time:    0.07s]- Epoch: 15 [1300/1330 ( 98%)]	Losses: ce_loss-0.0497(0.1055) loss_tacl-0.0001(0.0001) loss_sacl-0.0112(0.0110) loss_event-0.0074(0.0067) loss_evidence-0.0000(0.0000) loss_query_diversity-0.0043(0.0043) loss_position-0.0000(0.0000) total_loss-0.0497(0.1055) 
[2026-09-19 19:19:45,245]-[trainutils.py line:416]:[EST:   -0.01m][Process Time:    0.08s]- Epoch: 15 [1330/1330 (100%)]	Losses: ce_loss-0.1128(0.1063) loss_tacl-0.0001(0.0001) loss_sacl-0.0100(0.0110) loss_event-0.0057(0.0067) loss_evidence-0.0000(0.0000) loss_query_diversity-0.0042(0.0043) loss_position-0.0000(0.0000) total_loss-0.1128(0.1063) 
[2026-09-19 19:19:46,311]-[train.py line:106]:
-------------- validation epoch 15 -------------- 
[2026-09-19 19:19:46,782]-[trainutils.py line:461]:Test progress:   0/95 
[2026-09-19 19:20:28,056]-[trainutils.py line:461]:Test progress:  95/95 
[2026-09-19 19:20:28,056]-[trainutils.py line:492]:Epoch 15 -           Audio/Counting accuracy: 86.30(441/511) 
[2026-09-19 19:20:28,056]-[trainutils.py line:492]:Epoch 15 -        Audio/Comparative accuracy: 64.07(189/295) 
[2026-09-19 19:20:28,057]-[trainutils.py line:497]:Epoch 15 -                    Audio accuracy: 78.16(630/806) 
[2026-09-19 19:20:28,057]-[trainutils.py line:492]:Epoch 15 -          Visual/Counting accuracy: 84.00(504/600) 
[2026-09-19 19:20:28,057]-[trainutils.py line:492]:Epoch 15 -          Visual/Location accuracy: 86.13(528/613) 
[2026-09-19 19:20:28,057]-[trainutils.py line:497]:Epoch 15 -                   Visual accuracy: 85.08(1032/1213) 
[2026-09-19 19:20:28,057]-[trainutils.py line:492]:Epoch 15 - Audio-Visual/Existential accuracy: 82.02(406/495) 
[2026-09-19 19:20:28,058]-[trainutils.py line:492]:Epoch 15 -    Audio-Visual/Counting accuracy: 76.78(486/633) 
[2026-09-19 19:20:28,058]-[trainutils.py line:492]:Epoch 15 -    Audio-Visual/Location accuracy: 69.20(319/461) 
[2026-09-19 19:20:28,059]-[trainutils.py line:492]:Epoch 15 - Audio-Visual/Comparative accuracy: 66.12(363/549) 
[2026-09-19 19:20:28,059]-[trainutils.py line:492]:Epoch 15 -    Audio-Visual/Temporal accuracy: 73.24(301/411) 
[2026-09-19 19:20:28,059]-[trainutils.py line:497]:Epoch 15 -             Audio-Visual accuracy: 73.56(1875/2549) 
[2026-09-19 19:20:28,059]-[trainutils.py line:501]:Epoch 15 -                    Total accuracy: 77.43(3537/4568) 
[2026-09-19 19:20:28,426]-[trainutils.py line:461]:Test progress:   0/95 
[2026-09-19 19:21:02,186]-[trainutils.py line:461]:Test progress:  95/95 
[2026-09-19 19:21:02,187]-[trainutils.py line:492]:Epoch 15 -           Audio/Counting accuracy: 86.11(440/511) 
[2026-09-19 19:21:02,188]-[trainutils.py line:492]:Epoch 15 -        Audio/Comparative accuracy: 64.07(189/295) 
[2026-09-19 19:21:02,188]-[trainutils.py line:497]:Epoch 15 -                    Audio accuracy: 78.04(629/806) 
[2026-09-19 19:21:02,189]-[trainutils.py line:492]:Epoch 15 -          Visual/Counting accuracy: 83.83(503/600) 
[2026-09-19 19:21:02,189]-[trainutils.py line:492]:Epoch 15 -          Visual/Location accuracy: 86.46(530/613) 
[2026-09-19 19:21:02,190]-[trainutils.py line:497]:Epoch 15 -                   Visual accuracy: 85.16(1033/1213) 
[2026-09-19 19:21:02,190]-[trainutils.py line:492]:Epoch 15 - Audio-Visual/Existential accuracy: 82.02(406/495) 
[2026-09-19 19:21:02,192]-[trainutils.py line:492]:Epoch 15 -    Audio-Visual/Counting accuracy: 76.78(486/633) 
[2026-09-19 19:21:02,192]-[trainutils.py line:492]:Epoch 15 -    Audio-Visual/Location accuracy: 69.85(322/461) 
[2026-09-19 19:21:02,192]-[trainutils.py line:492]:Epoch 15 - Audio-Visual/Comparative accuracy: 65.21(358/549) 
[2026-09-19 19:21:02,193]-[trainutils.py line:492]:Epoch 15 -    Audio-Visual/Temporal accuracy: 72.26(297/411) 
[2026-09-19 19:21:02,193]-[trainutils.py line:497]:Epoch 15 -             Audio-Visual accuracy: 73.32(1869/2549) 
[2026-09-19 19:21:02,193]-[trainutils.py line:501]:Epoch 15 -                    Total accuracy: 77.30(3531/4568) 
[2026-09-19 19:21:02,200]-[train.py line:167]:Epoch 15 done with 77.43 and loss 0.98047. 
[2026-09-19 19:21:02,200]-[train.py line:168]:At epoch8 best acc: 78.09. 
{
  "overall": 78.08669001751313,
  "audio": 79.15632754342431,
  "visual": 85.65539983511954,
  "audio_visual": 74.1467242055708,
  "av_temporal": 74.20924574209246,
  "position_ratio": 0.050874333672654565,
  "max_query_share": 0.3290844082208204,
  "eligible_for_test": false,
  "checkpoint": "D:\\model\\qast_ehr_ablation_without_patch_grounder_seed713\\2026-09-19-17-43-24_seed713\\best.pt",
  "config": "D:\\AVQA_experiment\\QA-TIGER2\\QA-TIGER\\reproduce_qast_recent2025_v3_77_24\\experiments\\qast_ehr\\ablations\\configs\\without_patch_grounder_seed713.py",
  "sha256": "2e83d3bdb9879f92ea27698221f38a1674aed810d2882afd2e5f045081858178",
  "counts": {
    "overall": {
      "correct": 3567,
      "total": 4568
    },
    "Audio": {
      "correct": 638,
      "total": 806
    },
    "Visual": {
      "correct": 1039,
      "total": 1213
    },
    "Audio-Visual": {
      "correct": 1890,
      "total": 2549
    },
    "av_temporal": {
      "correct": 305,
      "total": 411
    }
  }
}
QAST-EHR ablation validation queue complete: D:\AVQA_experiment\QA-TIGER2\QA-TIGER\reproduce_qast_recent2025_v3_77_24\experiments\qast_ehr\ablations\ablation_validation_manifest.json
