QUEUE_RUN_START without_cmg 3612dea20e6c44a196809ad6127e20b5
Code snapshot saved as D:\model\qast_ehr_ablation_without_cmg_seed713\2026-09-19-11-37-43_seed713\code_snapshot.zip
[2026-09-19 11:37:43,331]-[utils.py line:217]:
-------------- config -------------- 
[2026-09-19 11:37:43,332]-[utils.py line:218]:{
    "standard_protocol": true,
    "run_test_after_training": false,
    "amp": true,
    "gradient_accumulation_steps": 2,
    "distill_logits": null,
    "type": "question_aware",
    "seed": 713,
    "epochs": 15,
    "num_labels": 42,
    "log_interval": 100,
    "output_dir": "D:/model/qast_ehr_ablation_without_cmg_seed713",
    "pretrained_weight": "fixed_features_only",
    "weight": "",
    "data": {
        "root": "D:/AVQA_experiment/QA-TIGER2/QA-TIGER/reproduce_qast_recent2025_v3_77_24",
        "img_size": 336,
        "batch_size": 24,
        "eval_batch_size": 48,
        "num_workers": 0,
        "frame_sample_rate": 1,
        "audios_dir": "D:/data/musicavqa/audio",
        "frames_dir": "D:/data/frames-1fps",
        "train_annot": "D:/AVQA_experiment/QA-TIGER2/QA-TIGER/reproduce_qast_recent2025_v3_77_24/data/annots/music_avqa/music_avqa_train.json",
        "valid_annot": "D:/AVQA_experiment/QA-TIGER2/QA-TIGER/reproduce_qast_recent2025_v3_77_24/data/annots/music_avqa/music_avqa_val.json",
        "test_annot": "D:/AVQA_experiment/QA-TIGER2/QA-TIGER/reproduce_qast_recent2025_v3_77_24/data/annots/music_avqa/music_avqa_test.json",
        "test_annots": null,
        "ans_quelen": "D:/AVQA_experiment/QA-TIGER2/QA-TIGER/reproduce_qast_recent2025_v3_77_24/data/annots/music_avqa/answer2idx.json",
        "audio_feat": "D:/data/musicavqa/vggish",
        "quest_feat": "D:/data/musicavqa/qst_ViT-L14@336px",
        "prompt_feat": "D:/data/musicavqa/qaPrompt_ViT-L14@336px",
        "patch_feat": "D:/data/musicavqa/visual_tome14_60",
        "video_feat": "D:/data/musicavqa/frames_vit"
    },
    "hyper_params": {
        "gpus": "0",
        "model_type": "QAST-EHR-2025",
        "model": {
            "topK": 10,
            "num_experts": 1,
            "audio_dim": 128,
            "video_dim": 768,
            "patch_dim": 1024,
            "question_dim": 768,
            "d_model": 512,
            "num_labels": 42,
            "num_heads": 8,
            "num_temporal_queries": 10,
            "event_scales": [
                3,
                7,
                15
            ],
            "keep_patches": 4,
            "lambda_tacl": 0.035,
            "lambda_sacl": 0.035,
            "lambda_event": 0.03,
            "lambda_evidence": 0.06,
            "lambda_diversity": 0.005,
            "lambda_position": 0.02,
            "aux_warmup_epochs": 3,
            "position_min_strength": 0.05,
            "position_max_strength": 0.1,
            "position_init_strength": 0.07,
            "evidence_margin": 0.2,
            "dropout": 0.1,
            "enable_cmg": false,
            "enable_scm": true,
            "enable_adaptive_position": true,
            "enable_patch_grounder": true
        },
        "optim": {
            "name": "AdamW",
            "lr": 0.0001,
            "new_lr": null,
            "encoder_lr": null,
            "min_lr": 1e-06,
            "weight_decay": 0.0002,
            "betas": [
                0.9,
                0.999
            ],
            "grad_clip": 1.0
        },
        "sched": {
            "name": "cosine",
            "mode": "max",
            "gamma": 0.1,
            "step_size": 6,
            "factor": 0.5,
            "patience": 3,
            "verbose": true,
            "warmup_epochs": 1
        },
        "ema": {
            "enabled": true,
            "decay": 0.999
        }
    },
    "mode": "train",
    "debug": false,
    "output_path": "",
    "cur_rank": 0
} 
[2026-09-19 11:37:43,332]-[utils.py line:219]:
-------------- environment -------------- 
[2026-09-19 11:37:43,332]-[utils.py line:220]:OS version:   
[2026-09-19 11:37:43,332]-[utils.py line:221]:Kernel version: Windows-10-10.0.26200-SP0 
[2026-09-19 11:37:43,332]-[utils.py line:222]:Python version: 3.10.20 
[2026-09-19 11:37:43,332]-[utils.py line:223]:torch version: 2.11.0+cu128 
[2026-09-19 11:37:43,332]-[utils.py line:224]:cuda version: 12.8 
[2026-09-19 11:37:43,334]-[utils.py line:225]:cuDNN version: 91900 
[2026-09-19 11:37:43,334]-[utils.py line:226]:gpu device count: 1 
[2026-09-19 11:37:43,334]-[utils.py line:231]:gpu device 0: NVIDIA GeForce RTX 5070 Laptop GPU - 8.0GB 
[2026-09-19 11:37:43,537]-[train.py line:62]:Standard protocol audit passed: train=31927, val=4568, test=9129; no split overlap; no test-derived distillation. 
[2026-09-19 11:37:47,264]-[utils.py line:204]:
-------------- parameter info -------------- 
[2026-09-19 11:37:47,264]-[utils.py line:205]:num total params: 16815163 
[2026-09-19 11:37:47,264]-[utils.py line:206]:num tunable params: 16815163 
[2026-09-19 11:37:47,264]-[utils.py line:207]:tunable param ratio: 100.00% 
[2026-09-19 11:37:47,264]-[utils.py line:208]:tunable params: 
[2026-09-19 11:37:47,265]-[utils.py line:209]:[
    "module.audio_projection.weight",
    "module.audio_projection.bias",
    "module.video_projection.weight",
    "module.video_projection.bias",
    "module.patch_projection.weight",
    "module.patch_projection.bias",
    "module.question_projection.weight",
    "module.question_projection.bias",
    "module.prompt_projection.weight",
    "module.prompt_projection.bias",
    "module.evidence_router.norms.0.weight",
    "module.evidence_router.norms.0.bias",
    "module.evidence_router.norms.1.weight",
    "module.evidence_router.norms.1.bias",
    "module.evidence_router.norms.2.weight",
    "module.evidence_router.norms.2.bias",
    "module.evidence_router.norms.3.weight",
    "module.evidence_router.norms.3.bias",
    "module.evidence_router.projections.0.weight",
    "module.evidence_router.projections.0.bias",
    "module.evidence_router.projections.1.weight",
    "module.evidence_router.projections.1.bias",
    "module.evidence_router.projections.2.weight",
    "module.evidence_router.projections.2.bias",
    "module.evidence_router.projections.3.weight",
    "module.evidence_router.projections.3.bias",
    "module.evidence_router.question_gate.0.weight",
    "module.evidence_router.question_gate.0.bias",
    "module.evidence_router.question_gate.1.weight",
    "module.evidence_router.question_gate.1.bias",
    "module.evidence_router.question_gate.3.weight",
    "module.evidence_router.question_gate.3.bias",
    "module.evidence_router.refine.0.weight",
    "module.evidence_router.refine.0.bias",
    "module.evidence_router.refine.1.weight",
    "module.evidence_router.refine.1.bias",
    "module.evidence_router.refine.4.weight",
    "module.evidence_router.refine.4.bias",
    "module.patch_grounder.patch_key.weight",
    "module.patch_grounder.patch_key.bias",
    "module.patch_grounder.audio_query.weight",
    "module.patch_grounder.audio_query.bias",
    "module.patch_grounder.question_query.weight",
    "module.patch_grounder.question_query.bias",
    "module.patch_grounder.value.weight",
    "module.patch_grounder.value.bias",
    "module.patch_grounder.score_gate.0.weight",
    "module.patch_grounder.score_gate.0.bias",
    "module.patch_grounder.score_gate.1.weight",
    "module.patch_grounder.score_gate.1.bias",
    "module.patch_grounder.output.0.weight",
    "module.patch_grounder.output.0.bias",
    "module.patch_grounder.output.2.weight",
    "module.patch_grounder.output.2.bias",
    "module.evidence_norm.weight",
    "module.evidence_norm.bias",
    "module.event_memory.branches.0.0.weight",
    "module.event_memory.branches.0.0.bias",
    "module.event_memory.branches.0.2.weight",
    "module.event_memory.branches.0.2.bias",
    "module.event_memory.branches.1.0.weight",
    "module.event_memory.branches.1.0.bias",
    "module.event_memory.branches.1.2.weight",
    "module.event_memory.branches.1.2.bias",
    "module.event_memory.branches.2.0.weight",
    "module.event_memory.branches.2.0.bias",
    "module.event_memory.branches.2.2.weight",
    "module.event_memory.branches.2.2.bias",
    "module.event_memory.question_queries.0.weight",
    "module.event_memory.question_queries.0.bias",
    "module.event_memory.question_queries.1.weight",
    "module.event_memory.question_queries.1.bias",
    "module.event_memory.question_queries.2.weight",
    "module.event_memory.question_queries.2.bias",
    "module.event_memory.scale_gate.0.weight",
    "module.event_memory.scale_gate.0.bias",
    "module.event_memory.scale_gate.1.weight",
    "module.event_memory.scale_gate.1.bias",
    "module.event_memory.output_norm.weight",
    "module.event_memory.output_norm.bias",
    "module.adaptive_position.strength_bias",
    "module.adaptive_position.strength_gate.0.weight",
    "module.adaptive_position.strength_gate.0.bias",
    "module.adaptive_position.strength_gate.1.weight",
    "module.adaptive_position.strength_gate.1.bias",
    "module.adaptive_position.audio_projection.weight",
    "module.adaptive_position.audio_projection.bias",
    "module.adaptive_position.motion_projection.weight",
    "module.adaptive_position.motion_projection.bias",
    "module.adaptive_position.question_projection.weight",
    "module.adaptive_position.question_projection.bias",
    "module.adaptive_position.relation_projection.weight",
    "module.adaptive_position.relation_projection.bias",
    "module.adaptive_position.phi.0.weight",
    "module.adaptive_position.phi.0.bias",
    "module.adaptive_position.phi.2.weight",
    "module.adaptive_position.phi.2.bias",
    "module.adaptive_position.phi.3.weight",
    "module.adaptive_position.phi.3.bias",
    "module.adaptive_position.time_gate.weight",
    "module.adaptive_position.time_gate.bias",
    "module.temporal_reader.query_tokens",
    "module.temporal_reader.condition.0.weight",
    "module.temporal_reader.condition.0.bias",
    "module.temporal_reader.condition.1.weight",
    "module.temporal_reader.condition.1.bias",
    "module.temporal_reader.attention.in_proj_weight",
    "module.temporal_reader.attention.in_proj_bias",
    "module.temporal_reader.attention.out_proj.weight",
    "module.temporal_reader.attention.out_proj.bias",
    "module.temporal_reader.norm.weight",
    "module.temporal_reader.norm.bias",
    "module.temporal_reader.ffn.0.weight",
    "module.temporal_reader.ffn.0.bias",
    "module.temporal_reader.ffn.3.weight",
    "module.temporal_reader.ffn.3.bias",
    "module.semantic_context.layers.0.self_attn.in_proj_weight",
    "module.semantic_context.layers.0.self_attn.in_proj_bias",
    "module.semantic_context.layers.0.self_attn.out_proj.weight",
    "module.semantic_context.layers.0.self_attn.out_proj.bias",
    "module.semantic_context.layers.0.linear1.weight",
    "module.semantic_context.layers.0.linear1.bias",
    "module.semantic_context.layers.0.linear2.weight",
    "module.semantic_context.layers.0.linear2.bias",
    "module.semantic_context.layers.0.norm1.weight",
    "module.semantic_context.layers.0.norm1.bias",
    "module.semantic_context.layers.0.norm2.weight",
    "module.semantic_context.layers.0.norm2.bias",
    "module.fusion_gate.0.weight",
    "module.fusion_gate.0.bias",
    "module.fusion_gate.1.weight",
    "module.fusion_gate.1.bias",
    "module.fusion_gate.3.weight",
    "module.fusion_gate.3.bias",
    "module.fusion_refine.0.weight",
    "module.fusion_refine.0.bias",
    "module.fusion_refine.1.weight",
    "module.fusion_refine.1.bias",
    "module.fusion_refine.4.weight",
    "module.fusion_refine.4.bias",
    "module.fusion_refine.5.weight",
    "module.fusion_refine.5.bias",
    "module.answer_head.weight",
    "module.answer_head.bias"
] 
[2026-09-19 11:37:47,265]-[trainutils.py line:220]:
-------------- optimizer info -------------- 
[2026-09-19 11:37:47,266]-[trainutils.py line:221]:Learning rate: 0.0001 
[2026-09-19 11:37:47,266]-[trainutils.py line:222]:Betas: (0.9, 0.999) 
[2026-09-19 11:37:47,266]-[trainutils.py line:223]:Eps: 1e-08 
[2026-09-19 11:37:47,266]-[trainutils.py line:224]:Weight decay: 0.0002 
[2026-09-19 11:37:47,289]-[train.py line:102]:
-------------- training epoch 1 -------------- 
[2026-09-19 11:37:48,795]-[trainutils.py line:416]:[EST:   33.26m][Process Time:    1.20s]- Epoch: 1 [0000/1330 (  0%)]	Losses: ce_loss-4.0000(4.0000) loss_tacl-0.0000(0.0000) loss_sacl-0.0112(0.0112) loss_event-0.0200(0.0200) loss_evidence-0.0139(0.0139) loss_query_diversity-0.0044(0.0044) loss_position-0.0000(0.0000) total_loss-4.0000(4.0000) 
[2026-09-19 11:38:20,362]-[trainutils.py line:416]:[EST:    6.71m][Process Time:    0.07s]- Epoch: 1 [0100/1330 (  8%)]	Losses: ce_loss-3.3166(3.8873) loss_tacl-0.0000(0.0000) loss_sacl-0.0114(0.0113) loss_event-0.0183(0.0198) loss_evidence-0.0090(0.0156) loss_query_diversity-0.0044(0.0044) loss_position-0.0000(0.0000) total_loss-3.3166(3.8873) 
[2026-09-19 11:38:53,292]-[trainutils.py line:416]:[EST:    6.18m][Process Time:    0.07s]- Epoch: 1 [0200/1330 ( 15%)]	Losses: ce_loss-3.0744(3.6214) loss_tacl-0.0000(0.0000) loss_sacl-0.0115(0.0113) loss_event-0.0157(0.0187) loss_evidence-0.0103(0.0150) loss_query_diversity-0.0044(0.0044) loss_position-0.0000(0.0000) total_loss-3.0744(3.6214) 
[2026-09-19 11:39:26,496]-[trainutils.py line:416]:[EST:    5.65m][Process Time:    0.07s]- Epoch: 1 [0300/1330 ( 23%)]	Losses: ce_loss-2.7411(3.4201) loss_tacl-0.0000(0.0000) loss_sacl-0.0115(0.0114) loss_event-0.0141(0.0175) loss_evidence-0.0102(0.0133) loss_query_diversity-0.0044(0.0044) loss_position-0.0000(0.0000) total_loss-2.7411(3.4201) 
[2026-09-19 11:40:00,416]-[trainutils.py line:416]:[EST:    5.14m][Process Time:    0.08s]- Epoch: 1 [0400/1330 ( 30%)]	Losses: ce_loss-2.6759(3.2502) loss_tacl-0.0000(0.0000) loss_sacl-0.0116(0.0114) loss_event-0.0124(0.0165) loss_evidence-0.0046(0.0099) loss_query_diversity-0.0044(0.0044) loss_position-0.0000(0.0000) total_loss-2.6759(3.2502) 
[2026-09-19 11:40:34,010]-[trainutils.py line:416]:[EST:    4.60m][Process Time:    0.07s]- Epoch: 1 [0500/1330 ( 38%)]	Losses: ce_loss-2.5986(3.1261) loss_tacl-0.0000(0.0000) loss_sacl-0.0115(0.0114) loss_event-0.0115(0.0156) loss_evidence-0.0095(0.0080) loss_query_diversity-0.0044(0.0044) loss_position-0.0000(0.0000) total_loss-2.5986(3.1261) 
[2026-09-19 11:41:07,032]-[trainutils.py line:416]:[EST:    4.04m][Process Time:    0.07s]- Epoch: 1 [0600/1330 ( 45%)]	Losses: ce_loss-2.2983(3.0216) loss_tacl-0.0000(0.0000) loss_sacl-0.0116(0.0115) loss_event-0.0110(0.0149) loss_evidence-0.0049(0.0067) loss_query_diversity-0.0044(0.0044) loss_position-0.0000(0.0000) total_loss-2.2983(3.0216) 
[2026-09-19 11:41:38,352]-[trainutils.py line:416]:[EST:    3.46m][Process Time:    0.08s]- Epoch: 1 [0700/1330 ( 53%)]	Losses: ce_loss-2.7924(2.9365) loss_tacl-0.0000(0.0000) loss_sacl-0.0118(0.0115) loss_event-0.0100(0.0143) loss_evidence-0.0091(0.0057) loss_query_diversity-0.0044(0.0044) loss_position-0.0000(0.0000) total_loss-2.7924(2.9365) 
[2026-09-19 11:42:11,408]-[trainutils.py line:416]:[EST:    2.91m][Process Time:    0.07s]- Epoch: 1 [0800/1330 ( 60%)]	Losses: ce_loss-2.4408(2.8529) loss_tacl-0.0000(0.0000) loss_sacl-0.0117(0.0115) loss_event-0.0095(0.0138) loss_evidence-0.0076(0.0050) loss_query_diversity-0.0044(0.0044) loss_position-0.0000(0.0000) total_loss-2.4408(2.8529) 
[2026-09-19 11:42:43,442]-[trainutils.py line:416]:[EST:    2.35m][Process Time:    0.07s]- Epoch: 1 [0900/1330 ( 68%)]	Losses: ce_loss-2.1539(2.7788) loss_tacl-0.0000(0.0000) loss_sacl-0.0118(0.0116) loss_event-0.0093(0.0133) loss_evidence-0.0084(0.0044) loss_query_diversity-0.0044(0.0044) loss_position-0.0000(0.0000) total_loss-2.1539(2.7788) 
[2026-09-19 11:43:14,806]-[trainutils.py line:416]:[EST:    1.79m][Process Time:    0.09s]- Epoch: 1 [1000/1330 ( 75%)]	Losses: ce_loss-2.0938(2.7133) loss_tacl-0.0000(0.0000) loss_sacl-0.0119(0.0116) loss_event-0.0093(0.0129) loss_evidence-0.0079(0.0040) loss_query_diversity-0.0044(0.0044) loss_position-0.0000(0.0000) total_loss-2.0938(2.7133) 
[2026-09-19 11:43:46,661]-[trainutils.py line:416]:[EST:    1.25m][Process Time:    0.07s]- Epoch: 1 [1100/1330 ( 83%)]	Losses: ce_loss-1.5788(2.6544) loss_tacl-0.0000(0.0000) loss_sacl-0.0121(0.0116) loss_event-0.0083(0.0126) loss_evidence-0.0017(0.0037) loss_query_diversity-0.0044(0.0044) loss_position-0.0000(0.0000) total_loss-1.5788(2.6544) 
[2026-09-19 11:44:19,141]-[trainutils.py line:416]:[EST:    0.70m][Process Time:    0.08s]- Epoch: 1 [1200/1330 ( 90%)]	Losses: ce_loss-2.0658(2.5959) loss_tacl-0.0000(0.0000) loss_sacl-0.0121(0.0117) loss_event-0.0091(0.0123) loss_evidence-0.0024(0.0034) loss_query_diversity-0.0044(0.0044) loss_position-0.0000(0.0000) total_loss-2.0658(2.5959) 
[2026-09-19 11:44:51,750]-[trainutils.py line:416]:[EST:    0.16m][Process Time:    0.07s]- Epoch: 1 [1300/1330 ( 98%)]	Losses: ce_loss-1.8245(2.5395) loss_tacl-0.0000(0.0000) loss_sacl-0.0121(0.0117) loss_event-0.0080(0.0121) loss_evidence-0.0009(0.0031) loss_query_diversity-0.0044(0.0044) loss_position-0.0000(0.0000) total_loss-1.8245(2.5395) 
[2026-09-19 11:45:01,768]-[trainutils.py line:416]:[EST:   -0.01m][Process Time:    0.17s]- Epoch: 1 [1330/1330 (100%)]	Losses: ce_loss-1.1467(2.5226) loss_tacl-0.0000(0.0000) loss_sacl-0.0120(0.0117) loss_event-0.0082(0.0120) loss_evidence-0.0054(0.0030) loss_query_diversity-0.0044(0.0044) loss_position-0.0000(0.0000) total_loss-1.1467(2.5226) 
[2026-09-19 11:45:02,972]-[train.py line:106]:
-------------- validation epoch 1 -------------- 
[2026-09-19 11:45:03,577]-[trainutils.py line:461]:Test progress:   0/95 
[2026-09-19 11:45:50,633]-[trainutils.py line:461]:Test progress:  95/95 
[2026-09-19 11:45:50,634]-[trainutils.py line:492]:Epoch 1 -           Audio/Counting accuracy: 65.56(335/511) 
[2026-09-19 11:45:50,635]-[trainutils.py line:492]:Epoch 1 -        Audio/Comparative accuracy: 50.17(148/295) 
[2026-09-19 11:45:50,635]-[trainutils.py line:497]:Epoch 1 -                    Audio accuracy: 59.93(483/806) 
[2026-09-19 11:45:50,635]-[trainutils.py line:492]:Epoch 1 -          Visual/Counting accuracy: 54.33(326/600) 
[2026-09-19 11:45:50,635]-[trainutils.py line:492]:Epoch 1 -          Visual/Location accuracy: 16.97(104/613) 
[2026-09-19 11:45:50,635]-[trainutils.py line:497]:Epoch 1 -                   Visual accuracy: 35.45(430/1213) 
[2026-09-19 11:45:50,636]-[trainutils.py line:492]:Epoch 1 - Audio-Visual/Existential accuracy: 78.79(390/495) 
[2026-09-19 11:45:50,636]-[trainutils.py line:492]:Epoch 1 -    Audio-Visual/Counting accuracy: 44.23(280/633) 
[2026-09-19 11:45:50,637]-[trainutils.py line:492]:Epoch 1 -    Audio-Visual/Location accuracy: 23.86(110/461) 
[2026-09-19 11:45:50,637]-[trainutils.py line:492]:Epoch 1 - Audio-Visual/Comparative accuracy: 59.20(325/549) 
[2026-09-19 11:45:50,637]-[trainutils.py line:492]:Epoch 1 -    Audio-Visual/Temporal accuracy: 6.57(27/411) 
[2026-09-19 11:45:50,637]-[trainutils.py line:497]:Epoch 1 -             Audio-Visual accuracy: 44.41(1132/2549) 
[2026-09-19 11:45:50,637]-[trainutils.py line:501]:Epoch 1 -                    Total accuracy: 44.77(2045/4568) 
[2026-09-19 11:45:50,680]-[train.py line:151]:best model saved at epoch 1 with acc 44.76795096322242 (raw) 
[2026-09-19 11:45:50,782]-[train.py line:167]:Epoch 1 done with 44.77 and loss 1.75781. 
[2026-09-19 11:45:50,783]-[train.py line:168]:At epoch1 best acc: 44.77. 
[2026-09-19 11:45:50,783]-[train.py line:102]:
-------------- training epoch 2 -------------- 
[2026-09-19 11:45:51,081]-[trainutils.py line:416]:[EST:    6.51m][Process Time:    0.07s]- Epoch: 2 [0000/1330 (  0%)]	Losses: ce_loss-2.3452(2.3452) loss_tacl-0.0001(0.0001) loss_sacl-0.0243(0.0243) loss_event-0.0085(0.0085) loss_evidence-0.0025(0.0025) loss_query_diversity-0.0044(0.0044) loss_position-0.0000(0.0000) total_loss-2.3452(2.3452) 
[2026-09-19 11:46:20,732]-[trainutils.py line:416]:[EST:    6.07m][Process Time:    0.07s]- Epoch: 2 [0100/1330 (  8%)]	Losses: ce_loss-1.7248(1.4376) loss_tacl-0.0001(0.0001) loss_sacl-0.0218(0.0233) loss_event-0.0080(0.0095) loss_evidence-0.0070(0.0022) loss_query_diversity-0.0044(0.0044) loss_position-0.0000(0.0000) total_loss-1.7248(1.4376) 
[2026-09-19 11:46:50,952]-[trainutils.py line:416]:[EST:    5.63m][Process Time:    0.07s]- Epoch: 2 [0200/1330 ( 15%)]	Losses: ce_loss-1.0280(1.2871) loss_tacl-0.0001(0.0001) loss_sacl-0.0201(0.0221) loss_event-0.0072(0.0086) loss_evidence-0.0000(0.0017) loss_query_diversity-0.0044(0.0044) loss_position-0.0000(0.0000) total_loss-1.0280(1.2871) 
[2026-09-19 11:47:21,426]-[trainutils.py line:416]:[EST:    5.16m][Process Time:    0.07s]- Epoch: 2 [0300/1330 ( 23%)]	Losses: ce_loss-1.1455(1.1979) loss_tacl-0.0001(0.0001) loss_sacl-0.0182(0.0213) loss_event-0.0072(0.0083) loss_evidence-0.0026(0.0014) loss_query_diversity-0.0044(0.0044) loss_position-0.0000(0.0000) total_loss-1.1455(1.1979) 
[2026-09-19 11:47:53,030]-[trainutils.py line:416]:[EST:    4.72m][Process Time:    0.07s]- Epoch: 2 [0400/1330 ( 30%)]	Losses: ce_loss-0.9929(1.1430) loss_tacl-0.0001(0.0001) loss_sacl-0.0169(0.0204) loss_event-0.0062(0.0079) loss_evidence-0.0043(0.0014) loss_query_diversity-0.0044(0.0044) loss_position-0.0000(0.0000) total_loss-0.9929(1.1430) 
[2026-09-19 11:48:24,078]-[trainutils.py line:416]:[EST:    4.23m][Process Time:    0.07s]- Epoch: 2 [0500/1330 ( 38%)]	Losses: ce_loss-0.7334(1.0990) loss_tacl-0.0001(0.0001) loss_sacl-0.0158(0.0197) loss_event-0.0052(0.0075) loss_evidence-0.0033(0.0013) loss_query_diversity-0.0044(0.0044) loss_position-0.0000(0.0000) total_loss-0.7334(1.0990) 
[2026-09-19 11:48:55,041]-[trainutils.py line:416]:[EST:    3.72m][Process Time:    0.07s]- Epoch: 2 [0600/1330 ( 45%)]	Losses: ce_loss-0.6350(1.0619) loss_tacl-0.0001(0.0001) loss_sacl-0.0145(0.0190) loss_event-0.0056(0.0072) loss_evidence-0.0001(0.0013) loss_query_diversity-0.0044(0.0044) loss_position-0.0000(0.0000) total_loss-0.6350(1.0619) 
[2026-09-19 11:49:28,042]-[trainutils.py line:416]:[EST:    3.25m][Process Time:    0.07s]- Epoch: 2 [0700/1330 ( 53%)]	Losses: ce_loss-0.5342(1.0330) loss_tacl-0.0001(0.0001) loss_sacl-0.0151(0.0184) loss_event-0.0049(0.0070) loss_evidence-0.0000(0.0013) loss_query_diversity-0.0044(0.0044) loss_position-0.0000(0.0000) total_loss-0.5342(1.0330) 
[2026-09-19 11:49:59,361]-[trainutils.py line:416]:[EST:    2.74m][Process Time:    0.07s]- Epoch: 2 [0800/1330 ( 60%)]	Losses: ce_loss-0.7357(1.0042) loss_tacl-0.0001(0.0001) loss_sacl-0.0119(0.0179) loss_event-0.0040(0.0067) loss_evidence-0.0002(0.0012) loss_query_diversity-0.0044(0.0044) loss_position-0.0000(0.0000) total_loss-0.7357(1.0042) 
[2026-09-19 11:50:30,064]-[trainutils.py line:416]:[EST:    2.22m][Process Time:    0.07s]- Epoch: 2 [0900/1330 ( 68%)]	Losses: ce_loss-1.1370(0.9827) loss_tacl-0.0001(0.0001) loss_sacl-0.0127(0.0174) loss_event-0.0049(0.0065) loss_evidence-0.0018(0.0011) loss_query_diversity-0.0044(0.0044) loss_position-0.0000(0.0000) total_loss-1.1370(0.9827) 
[2026-09-19 11:51:01,638]-[trainutils.py line:416]:[EST:    1.70m][Process Time:    0.07s]- Epoch: 2 [1000/1330 ( 75%)]	Losses: ce_loss-0.7405(0.9631) loss_tacl-0.0001(0.0001) loss_sacl-0.0122(0.0169) loss_event-0.0044(0.0063) loss_evidence-0.0042(0.0011) loss_query_diversity-0.0043(0.0044) loss_position-0.0000(0.0000) total_loss-0.7405(0.9631) 
[2026-09-19 11:51:32,714]-[trainutils.py line:416]:[EST:    1.19m][Process Time:    0.08s]- Epoch: 2 [1100/1330 ( 83%)]	Losses: ce_loss-0.8129(0.9443) loss_tacl-0.0001(0.0001) loss_sacl-0.0103(0.0165) loss_event-0.0036(0.0061) loss_evidence-0.0013(0.0010) loss_query_diversity-0.0044(0.0044) loss_position-0.0000(0.0000) total_loss-0.8129(0.9443) 
[2026-09-19 11:52:03,322]-[trainutils.py line:416]:[EST:    0.67m][Process Time:    0.07s]- Epoch: 2 [1200/1330 ( 90%)]	Losses: ce_loss-0.9613(0.9340) loss_tacl-0.0001(0.0001) loss_sacl-0.0119(0.0161) loss_event-0.0046(0.0060) loss_evidence-0.0017(0.0010) loss_query_diversity-0.0043(0.0044) loss_position-0.0000(0.0000) total_loss-0.9613(0.9340) 
[2026-09-19 11:52:34,406]-[trainutils.py line:416]:[EST:    0.15m][Process Time:    0.07s]- Epoch: 2 [1300/1330 ( 98%)]	Losses: ce_loss-0.6499(0.9218) loss_tacl-0.0001(0.0001) loss_sacl-0.0118(0.0157) loss_event-0.0041(0.0059) loss_evidence-0.0008(0.0009) loss_query_diversity-0.0044(0.0044) loss_position-0.0000(0.0000) total_loss-0.6499(0.9218) 
[2026-09-19 11:52:43,765]-[trainutils.py line:416]:[EST:   -0.01m][Process Time:    0.07s]- Epoch: 2 [1330/1330 (100%)]	Losses: ce_loss-1.7198(0.9180) loss_tacl-0.0001(0.0001) loss_sacl-0.0117(0.0156) loss_event-0.0039(0.0058) loss_evidence-0.0000(0.0009) loss_query_diversity-0.0044(0.0044) loss_position-0.0000(0.0000) total_loss-1.7198(0.9180) 
[2026-09-19 11:52:44,919]-[train.py line:106]:
-------------- validation epoch 2 -------------- 
[2026-09-19 11:52:45,362]-[trainutils.py line:461]:Test progress:   0/95 
[2026-09-19 11:53:29,582]-[trainutils.py line:461]:Test progress:  95/95 
[2026-09-19 11:53:29,583]-[trainutils.py line:492]:Epoch 2 -           Audio/Counting accuracy: 77.10(394/511) 
[2026-09-19 11:53:29,584]-[trainutils.py line:492]:Epoch 2 -        Audio/Comparative accuracy: 58.98(174/295) 
[2026-09-19 11:53:29,584]-[trainutils.py line:497]:Epoch 2 -                    Audio accuracy: 70.47(568/806) 
[2026-09-19 11:53:29,584]-[trainutils.py line:492]:Epoch 2 -          Visual/Counting accuracy: 68.50(411/600) 
[2026-09-19 11:53:29,585]-[trainutils.py line:492]:Epoch 2 -          Visual/Location accuracy: 83.20(510/613) 
[2026-09-19 11:53:29,585]-[trainutils.py line:497]:Epoch 2 -                   Visual accuracy: 75.93(921/1213) 
[2026-09-19 11:53:29,585]-[trainutils.py line:492]:Epoch 2 - Audio-Visual/Existential accuracy: 78.99(391/495) 
[2026-09-19 11:53:29,585]-[trainutils.py line:492]:Epoch 2 -    Audio-Visual/Counting accuracy: 67.46(427/633) 
[2026-09-19 11:53:29,585]-[trainutils.py line:492]:Epoch 2 -    Audio-Visual/Location accuracy: 61.17(282/461) 
[2026-09-19 11:53:29,585]-[trainutils.py line:492]:Epoch 2 - Audio-Visual/Comparative accuracy: 59.02(324/549) 
[2026-09-19 11:53:29,585]-[trainutils.py line:492]:Epoch 2 -    Audio-Visual/Temporal accuracy: 71.05(292/411) 
[2026-09-19 11:53:29,585]-[trainutils.py line:497]:Epoch 2 -             Audio-Visual accuracy: 67.32(1716/2549) 
[2026-09-19 11:53:29,587]-[trainutils.py line:501]:Epoch 2 -                    Total accuracy: 70.16(3205/4568) 
[2026-09-19 11:53:30,078]-[trainutils.py line:461]:Test progress:   0/95 
[2026-09-19 11:54:14,141]-[trainutils.py line:461]:Test progress:  95/95 
[2026-09-19 11:54:14,142]-[trainutils.py line:492]:Epoch 2 -           Audio/Counting accuracy: 72.80(372/511) 
[2026-09-19 11:54:14,142]-[trainutils.py line:492]:Epoch 2 -        Audio/Comparative accuracy: 55.25(163/295) 
[2026-09-19 11:54:14,142]-[trainutils.py line:497]:Epoch 2 -                    Audio accuracy: 66.38(535/806) 
[2026-09-19 11:54:14,142]-[trainutils.py line:492]:Epoch 2 -          Visual/Counting accuracy: 66.17(397/600) 
[2026-09-19 11:54:14,143]-[trainutils.py line:492]:Epoch 2 -          Visual/Location accuracy: 80.75(495/613) 
[2026-09-19 11:54:14,143]-[trainutils.py line:497]:Epoch 2 -                   Visual accuracy: 73.54(892/1213) 
[2026-09-19 11:54:14,144]-[trainutils.py line:492]:Epoch 2 - Audio-Visual/Existential accuracy: 80.61(399/495) 
[2026-09-19 11:54:14,144]-[trainutils.py line:492]:Epoch 2 -    Audio-Visual/Counting accuracy: 63.98(405/633) 
[2026-09-19 11:54:14,145]-[trainutils.py line:492]:Epoch 2 -    Audio-Visual/Location accuracy: 60.30(278/461) 
[2026-09-19 11:54:14,145]-[trainutils.py line:492]:Epoch 2 - Audio-Visual/Comparative accuracy: 58.11(319/549) 
[2026-09-19 11:54:14,145]-[trainutils.py line:492]:Epoch 2 -    Audio-Visual/Temporal accuracy: 66.67(274/411) 
[2026-09-19 11:54:14,145]-[trainutils.py line:497]:Epoch 2 -             Audio-Visual accuracy: 65.71(1675/2549) 
[2026-09-19 11:54:14,146]-[trainutils.py line:501]:Epoch 2 -                    Total accuracy: 67.91(3102/4568) 
[2026-09-19 11:54:14,191]-[train.py line:151]:best model saved at epoch 2 with acc 70.16199649737302 (raw) 
[2026-09-19 11:54:14,262]-[train.py line:167]:Epoch 2 done with 70.16 and loss 0.70312. 
[2026-09-19 11:54:14,262]-[train.py line:168]:At epoch2 best acc: 70.16. 
[2026-09-19 11:54:14,263]-[train.py line:102]:
-------------- training epoch 3 -------------- 
[2026-09-19 11:54:14,568]-[trainutils.py line:416]:[EST:    6.67m][Process Time:    0.07s]- Epoch: 3 [0000/1330 (  0%)]	Losses: ce_loss-0.6766(0.6766) loss_tacl-0.0001(0.0001) loss_sacl-0.0158(0.0158) loss_event-0.0039(0.0039) loss_evidence-0.0003(0.0003) loss_query_diversity-0.0043(0.0043) loss_position-0.0000(0.0000) total_loss-0.6766(0.6766) 
[2026-09-19 11:54:45,011]-[trainutils.py line:416]:[EST:    6.23m][Process Time:    0.07s]- Epoch: 3 [0100/1330 (  8%)]	Losses: ce_loss-0.2951(0.6670) loss_tacl-0.0001(0.0001) loss_sacl-0.0143(0.0164) loss_event-0.0041(0.0039) loss_evidence-0.0000(0.0013) loss_query_diversity-0.0044(0.0044) loss_position-0.0000(0.0000) total_loss-0.2951(0.6670) 
[2026-09-19 11:55:15,242]-[trainutils.py line:416]:[EST:    5.71m][Process Time:    0.07s]- Epoch: 3 [0200/1330 ( 15%)]	Losses: ce_loss-0.4975(0.6761) loss_tacl-0.0001(0.0001) loss_sacl-0.0170(0.0163) loss_event-0.0043(0.0040) loss_evidence-0.0013(0.0010) loss_query_diversity-0.0044(0.0044) loss_position-0.0000(0.0000) total_loss-0.4975(0.6761) 
[2026-09-19 11:55:45,577]-[trainutils.py line:416]:[EST:    5.20m][Process Time:    0.07s]- Epoch: 3 [0300/1330 ( 23%)]	Losses: ce_loss-1.1985(0.6848) loss_tacl-0.0001(0.0001) loss_sacl-0.0129(0.0162) loss_event-0.0040(0.0041) loss_evidence-0.0025(0.0010) loss_query_diversity-0.0044(0.0044) loss_position-0.0000(0.0000) total_loss-1.1985(0.6848) 
[2026-09-19 11:56:16,567]-[trainutils.py line:416]:[EST:    4.72m][Process Time:    0.08s]- Epoch: 3 [0400/1330 ( 30%)]	Losses: ce_loss-0.7931(0.6909) loss_tacl-0.0001(0.0001) loss_sacl-0.0134(0.0160) loss_event-0.0038(0.0040) loss_evidence-0.0003(0.0009) loss_query_diversity-0.0044(0.0044) loss_position-0.0000(0.0000) total_loss-0.7931(0.6909) 
[2026-09-19 11:56:47,433]-[trainutils.py line:416]:[EST:    4.22m][Process Time:    0.07s]- Epoch: 3 [0500/1330 ( 38%)]	Losses: ce_loss-0.8557(0.6927) loss_tacl-0.0001(0.0001) loss_sacl-0.0140(0.0157) loss_event-0.0039(0.0040) loss_evidence-0.0005(0.0009) loss_query_diversity-0.0043(0.0044) loss_position-0.0000(0.0000) total_loss-0.8557(0.6927) 
[2026-09-19 11:57:18,061]-[trainutils.py line:416]:[EST:    3.72m][Process Time:    0.07s]- Epoch: 3 [0600/1330 ( 45%)]	Losses: ce_loss-0.6214(0.6944) loss_tacl-0.0001(0.0001) loss_sacl-0.0153(0.0156) loss_event-0.0041(0.0040) loss_evidence-0.0000(0.0008) loss_query_diversity-0.0043(0.0044) loss_position-0.0000(0.0000) total_loss-0.6214(0.6944) 
[2026-09-19 11:57:47,328]-[trainutils.py line:416]:[EST:    3.19m][Process Time:    0.07s]- Epoch: 3 [0700/1330 ( 53%)]	Losses: ce_loss-0.8776(0.6969) loss_tacl-0.0001(0.0001) loss_sacl-0.0146(0.0155) loss_event-0.0042(0.0040) loss_evidence-0.0006(0.0008) loss_query_diversity-0.0044(0.0044) loss_position-0.0000(0.0000) total_loss-0.8776(0.6969) 
[2026-09-19 11:58:18,144]-[trainutils.py line:416]:[EST:    2.68m][Process Time:    0.08s]- Epoch: 3 [0800/1330 ( 60%)]	Losses: ce_loss-0.5153(0.6972) loss_tacl-0.0001(0.0001) loss_sacl-0.0167(0.0153) loss_event-0.0036(0.0040) loss_evidence-0.0002(0.0007) loss_query_diversity-0.0043(0.0044) loss_position-0.0000(0.0000) total_loss-0.5153(0.6972) 
[2026-09-19 11:58:49,762]-[trainutils.py line:416]:[EST:    2.19m][Process Time:    0.08s]- Epoch: 3 [0900/1330 ( 68%)]	Losses: ce_loss-0.7081(0.6974) loss_tacl-0.0001(0.0001) loss_sacl-0.0141(0.0152) loss_event-0.0031(0.0039) loss_evidence-0.0008(0.0007) loss_query_diversity-0.0044(0.0044) loss_position-0.0000(0.0000) total_loss-0.7081(0.6974) 
[2026-09-19 11:59:20,522]-[trainutils.py line:416]:[EST:    1.68m][Process Time:    0.08s]- Epoch: 3 [1000/1330 ( 75%)]	Losses: ce_loss-0.4671(0.6967) loss_tacl-0.0001(0.0001) loss_sacl-0.0131(0.0151) loss_event-0.0038(0.0039) loss_evidence-0.0007(0.0007) loss_query_diversity-0.0044(0.0044) loss_position-0.0000(0.0000) total_loss-0.4671(0.6967) 
[2026-09-19 11:59:51,912]-[trainutils.py line:416]:[EST:    1.17m][Process Time:    0.07s]- Epoch: 3 [1100/1330 ( 83%)]	Losses: ce_loss-0.6234(0.6930) loss_tacl-0.0001(0.0001) loss_sacl-0.0134(0.0150) loss_event-0.0037(0.0039) loss_evidence-0.0005(0.0007) loss_query_diversity-0.0043(0.0044) loss_position-0.0000(0.0000) total_loss-0.6234(0.6930) 
[2026-09-19 12:00:23,347]-[trainutils.py line:416]:[EST:    0.66m][Process Time:    0.08s]- Epoch: 3 [1200/1330 ( 90%)]	Losses: ce_loss-0.5257(0.6901) loss_tacl-0.0001(0.0001) loss_sacl-0.0146(0.0149) loss_event-0.0034(0.0039) loss_evidence-0.0010(0.0007) loss_query_diversity-0.0044(0.0044) loss_position-0.0000(0.0000) total_loss-0.5257(0.6901) 
[2026-09-19 12:00:54,872]-[trainutils.py line:416]:[EST:    0.15m][Process Time:    0.07s]- Epoch: 3 [1300/1330 ( 98%)]	Losses: ce_loss-0.5689(0.6908) loss_tacl-0.0001(0.0001) loss_sacl-0.0142(0.0148) loss_event-0.0029(0.0038) loss_evidence-0.0005(0.0007) loss_query_diversity-0.0044(0.0044) loss_position-0.0000(0.0000) total_loss-0.5689(0.6908) 
[2026-09-19 12:01:04,289]-[trainutils.py line:416]:[EST:   -0.01m][Process Time:    0.09s]- Epoch: 3 [1330/1330 (100%)]	Losses: ce_loss-1.0251(0.6904) loss_tacl-0.0001(0.0001) loss_sacl-0.0169(0.0148) loss_event-0.0044(0.0038) loss_evidence-0.0000(0.0007) loss_query_diversity-0.0043(0.0044) loss_position-0.0000(0.0000) total_loss-1.0251(0.6904) 
[2026-09-19 12:01:05,381]-[train.py line:106]:
-------------- validation epoch 3 -------------- 
[2026-09-19 12:01:05,832]-[trainutils.py line:461]:Test progress:   0/95 
[2026-09-19 12:01:50,075]-[trainutils.py line:461]:Test progress:  95/95 
[2026-09-19 12:01:50,076]-[trainutils.py line:492]:Epoch 3 -           Audio/Counting accuracy: 80.23(410/511) 
[2026-09-19 12:01:50,076]-[trainutils.py line:492]:Epoch 3 -        Audio/Comparative accuracy: 56.61(167/295) 
[2026-09-19 12:01:50,077]-[trainutils.py line:497]:Epoch 3 -                    Audio accuracy: 71.59(577/806) 
[2026-09-19 12:01:50,077]-[trainutils.py line:492]:Epoch 3 -          Visual/Counting accuracy: 68.17(409/600) 
[2026-09-19 12:01:50,077]-[trainutils.py line:492]:Epoch 3 -          Visual/Location accuracy: 82.71(507/613) 
[2026-09-19 12:01:50,077]-[trainutils.py line:497]:Epoch 3 -                   Visual accuracy: 75.52(916/1213) 
[2026-09-19 12:01:50,077]-[trainutils.py line:492]:Epoch 3 - Audio-Visual/Existential accuracy: 82.83(410/495) 
[2026-09-19 12:01:50,077]-[trainutils.py line:492]:Epoch 3 -    Audio-Visual/Counting accuracy: 67.30(426/633) 
[2026-09-19 12:01:50,078]-[trainutils.py line:492]:Epoch 3 -    Audio-Visual/Location accuracy: 64.64(298/461) 
[2026-09-19 12:01:50,078]-[trainutils.py line:492]:Epoch 3 - Audio-Visual/Comparative accuracy: 55.01(302/549) 
[2026-09-19 12:01:50,078]-[trainutils.py line:492]:Epoch 3 -    Audio-Visual/Temporal accuracy: 70.80(291/411) 
[2026-09-19 12:01:50,078]-[trainutils.py line:497]:Epoch 3 -             Audio-Visual accuracy: 67.75(1727/2549) 
[2026-09-19 12:01:50,079]-[trainutils.py line:501]:Epoch 3 -                    Total accuracy: 70.49(3220/4568) 
[2026-09-19 12:01:50,553]-[trainutils.py line:461]:Test progress:   0/95 
[2026-09-19 12:02:27,706]-[trainutils.py line:461]:Test progress:  95/95 
[2026-09-19 12:02:27,706]-[trainutils.py line:492]:Epoch 3 -           Audio/Counting accuracy: 76.91(393/511) 
[2026-09-19 12:02:27,706]-[trainutils.py line:492]:Epoch 3 -        Audio/Comparative accuracy: 59.66(176/295) 
[2026-09-19 12:02:27,707]-[trainutils.py line:497]:Epoch 3 -                    Audio accuracy: 70.60(569/806) 
[2026-09-19 12:02:27,707]-[trainutils.py line:492]:Epoch 3 -          Visual/Counting accuracy: 70.17(421/600) 
[2026-09-19 12:02:27,707]-[trainutils.py line:492]:Epoch 3 -          Visual/Location accuracy: 84.50(518/613) 
[2026-09-19 12:02:27,707]-[trainutils.py line:497]:Epoch 3 -                   Visual accuracy: 77.41(939/1213) 
[2026-09-19 12:02:27,707]-[trainutils.py line:492]:Epoch 3 - Audio-Visual/Existential accuracy: 82.83(410/495) 
[2026-09-19 12:02:27,707]-[trainutils.py line:492]:Epoch 3 -    Audio-Visual/Counting accuracy: 70.14(444/633) 
[2026-09-19 12:02:27,708]-[trainutils.py line:492]:Epoch 3 -    Audio-Visual/Location accuracy: 64.86(299/461) 
[2026-09-19 12:02:27,708]-[trainutils.py line:492]:Epoch 3 - Audio-Visual/Comparative accuracy: 60.47(332/549) 
[2026-09-19 12:02:27,708]-[trainutils.py line:492]:Epoch 3 -    Audio-Visual/Temporal accuracy: 72.26(297/411) 
[2026-09-19 12:02:27,708]-[trainutils.py line:497]:Epoch 3 -             Audio-Visual accuracy: 69.91(1782/2549) 
[2026-09-19 12:02:27,708]-[trainutils.py line:501]:Epoch 3 -                    Total accuracy: 72.02(3290/4568) 
[2026-09-19 12:02:27,748]-[train.py line:151]:best model saved at epoch 3 with acc 72.02276707530648 (ema) 
[2026-09-19 12:02:27,797]-[train.py line:167]:Epoch 3 done with 72.02 and loss 0.66406. 
[2026-09-19 12:02:27,797]-[train.py line:168]:At epoch3 best acc: 72.02. 
[2026-09-19 12:02:27,797]-[train.py line:102]:
-------------- training epoch 4 -------------- 
[2026-09-19 12:02:28,015]-[trainutils.py line:416]:[EST:    4.76m][Process Time:    0.05s]- Epoch: 4 [0000/1330 (  0%)]	Losses: ce_loss-0.7430(0.7430) loss_tacl-0.0001(0.0001) loss_sacl-0.0139(0.0139) loss_event-0.0035(0.0035) loss_evidence-0.0001(0.0001) loss_query_diversity-0.0044(0.0044) loss_position-0.0000(0.0000) total_loss-0.7430(0.7430) 
[2026-09-19 12:02:48,960]-[trainutils.py line:416]:[EST:    4.29m][Process Time:    0.05s]- Epoch: 4 [0100/1330 (  8%)]	Losses: ce_loss-0.3535(0.6318) loss_tacl-0.0001(0.0001) loss_sacl-0.0096(0.0135) loss_event-0.0029(0.0035) loss_evidence-0.0000(0.0010) loss_query_diversity-0.0043(0.0043) loss_position-0.0000(0.0000) total_loss-0.3535(0.6318) 
[2026-09-19 12:03:09,875]-[trainutils.py line:416]:[EST:    3.94m][Process Time:    0.05s]- Epoch: 4 [0200/1330 ( 15%)]	Losses: ce_loss-0.6465(0.6284) loss_tacl-0.0001(0.0001) loss_sacl-0.0112(0.0134) loss_event-0.0029(0.0035) loss_evidence-0.0013(0.0009) loss_query_diversity-0.0044(0.0043) loss_position-0.0000(0.0000) total_loss-0.6465(0.6284) 
[2026-09-19 12:03:30,856]-[trainutils.py line:416]:[EST:    3.59m][Process Time:    0.05s]- Epoch: 4 [0300/1330 ( 23%)]	Losses: ce_loss-0.6298(0.6201) loss_tacl-0.0001(0.0001) loss_sacl-0.0110(0.0134) loss_event-0.0033(0.0035) loss_evidence-0.0008(0.0008) loss_query_diversity-0.0044(0.0043) loss_position-0.0000(0.0000) total_loss-0.6298(0.6201) 
[2026-09-19 12:03:51,926]-[trainutils.py line:416]:[EST:    3.25m][Process Time:    0.05s]- Epoch: 4 [0400/1330 ( 30%)]	Losses: ce_loss-0.5411(0.6161) loss_tacl-0.0001(0.0001) loss_sacl-0.0114(0.0134) loss_event-0.0031(0.0035) loss_evidence-0.0003(0.0007) loss_query_diversity-0.0044(0.0043) loss_position-0.0000(0.0000) total_loss-0.5411(0.6161) 
[2026-09-19 12:04:12,789]-[trainutils.py line:416]:[EST:    2.90m][Process Time:    0.05s]- Epoch: 4 [0500/1330 ( 38%)]	Losses: ce_loss-0.6917(0.6169) loss_tacl-0.0001(0.0001) loss_sacl-0.0107(0.0133) loss_event-0.0024(0.0035) loss_evidence-0.0011(0.0007) loss_query_diversity-0.0044(0.0044) loss_position-0.0000(0.0000) total_loss-0.6917(0.6169) 
[2026-09-19 12:04:33,552]-[trainutils.py line:416]:[EST:    2.54m][Process Time:    0.05s]- Epoch: 4 [0600/1330 ( 45%)]	Losses: ce_loss-0.6341(0.6147) loss_tacl-0.0001(0.0001) loss_sacl-0.0119(0.0134) loss_event-0.0032(0.0035) loss_evidence-0.0010(0.0006) loss_query_diversity-0.0043(0.0044) loss_position-0.0000(0.0000) total_loss-0.6341(0.6147) 
[2026-09-19 12:04:54,333]-[trainutils.py line:416]:[EST:    2.19m][Process Time:    0.05s]- Epoch: 4 [0700/1330 ( 53%)]	Losses: ce_loss-0.6165(0.6135) loss_tacl-0.0001(0.0001) loss_sacl-0.0133(0.0133) loss_event-0.0037(0.0034) loss_evidence-0.0000(0.0006) loss_query_diversity-0.0044(0.0044) loss_position-0.0000(0.0000) total_loss-0.6165(0.6135) 
[2026-09-19 12:05:15,179]-[trainutils.py line:416]:[EST:    1.84m][Process Time:    0.05s]- Epoch: 4 [0800/1330 ( 60%)]	Losses: ce_loss-0.5281(0.6117) loss_tacl-0.0001(0.0001) loss_sacl-0.0156(0.0132) loss_event-0.0039(0.0034) loss_evidence-0.0000(0.0006) loss_query_diversity-0.0043(0.0043) loss_position-0.0000(0.0000) total_loss-0.5281(0.6117) 
[2026-09-19 12:05:35,976]-[trainutils.py line:416]:[EST:    1.49m][Process Time:    0.05s]- Epoch: 4 [0900/1330 ( 68%)]	Losses: ce_loss-0.3980(0.6100) loss_tacl-0.0001(0.0001) loss_sacl-0.0114(0.0132) loss_event-0.0033(0.0034) loss_evidence-0.0006(0.0006) loss_query_diversity-0.0043(0.0043) loss_position-0.0000(0.0000) total_loss-0.3980(0.6100) 
[2026-09-19 12:05:56,836]-[trainutils.py line:416]:[EST:    1.15m][Process Time:    0.05s]- Epoch: 4 [1000/1330 ( 75%)]	Losses: ce_loss-0.4928(0.6073) loss_tacl-0.0001(0.0001) loss_sacl-0.0138(0.0131) loss_event-0.0038(0.0034) loss_evidence-0.0017(0.0006) loss_query_diversity-0.0043(0.0043) loss_position-0.0000(0.0000) total_loss-0.4928(0.6073) 
[2026-09-19 12:06:17,621]-[trainutils.py line:416]:[EST:    0.80m][Process Time:    0.05s]- Epoch: 4 [1100/1330 ( 83%)]	Losses: ce_loss-0.9433(0.6069) loss_tacl-0.0001(0.0001) loss_sacl-0.0117(0.0130) loss_event-0.0029(0.0034) loss_evidence-0.0005(0.0006) loss_query_diversity-0.0044(0.0043) loss_position-0.0000(0.0000) total_loss-0.9433(0.6069) 
[2026-09-19 12:06:38,402]-[trainutils.py line:416]:[EST:    0.45m][Process Time:    0.05s]- Epoch: 4 [1200/1330 ( 90%)]	Losses: ce_loss-0.3421(0.6064) loss_tacl-0.0001(0.0001) loss_sacl-0.0125(0.0130) loss_event-0.0032(0.0034) loss_evidence-0.0006(0.0006) loss_query_diversity-0.0043(0.0043) loss_position-0.0000(0.0000) total_loss-0.3421(0.6064) 
[2026-09-19 12:06:59,923]-[trainutils.py line:416]:[EST:    0.10m][Process Time:    0.05s]- Epoch: 4 [1300/1330 ( 98%)]	Losses: ce_loss-0.8577(0.6058) loss_tacl-0.0001(0.0001) loss_sacl-0.0111(0.0130) loss_event-0.0032(0.0034) loss_evidence-0.0009(0.0005) loss_query_diversity-0.0043(0.0043) loss_position-0.0000(0.0000) total_loss-0.8577(0.6058) 
[2026-09-19 12:07:06,327]-[trainutils.py line:416]:[EST:   -0.00m][Process Time:    0.05s]- Epoch: 4 [1330/1330 (100%)]	Losses: ce_loss-0.3835(0.6068) loss_tacl-0.0001(0.0001) loss_sacl-0.0157(0.0130) loss_event-0.0041(0.0034) loss_evidence-0.0000(0.0005) loss_query_diversity-0.0044(0.0043) loss_position-0.0000(0.0000) total_loss-0.3835(0.6068) 
[2026-09-19 12:07:06,962]-[train.py line:106]:
-------------- validation epoch 4 -------------- 
[2026-09-19 12:07:07,298]-[trainutils.py line:461]:Test progress:   0/95 
[2026-09-19 12:07:38,717]-[trainutils.py line:461]:Test progress:  95/95 
[2026-09-19 12:07:38,718]-[trainutils.py line:492]:Epoch 4 -           Audio/Counting accuracy: 82.00(419/511) 
[2026-09-19 12:07:38,718]-[trainutils.py line:492]:Epoch 4 -        Audio/Comparative accuracy: 62.03(183/295) 
[2026-09-19 12:07:38,718]-[trainutils.py line:497]:Epoch 4 -                    Audio accuracy: 74.69(602/806) 
[2026-09-19 12:07:38,718]-[trainutils.py line:492]:Epoch 4 -          Visual/Counting accuracy: 75.83(455/600) 
[2026-09-19 12:07:38,719]-[trainutils.py line:492]:Epoch 4 -          Visual/Location accuracy: 84.67(519/613) 
[2026-09-19 12:07:38,719]-[trainutils.py line:497]:Epoch 4 -                   Visual accuracy: 80.30(974/1213) 
[2026-09-19 12:07:38,719]-[trainutils.py line:492]:Epoch 4 - Audio-Visual/Existential accuracy: 82.83(410/495) 
[2026-09-19 12:07:38,719]-[trainutils.py line:492]:Epoch 4 -    Audio-Visual/Counting accuracy: 73.93(468/633) 
[2026-09-19 12:07:38,719]-[trainutils.py line:492]:Epoch 4 -    Audio-Visual/Location accuracy: 67.03(309/461) 
[2026-09-19 12:07:38,720]-[trainutils.py line:492]:Epoch 4 - Audio-Visual/Comparative accuracy: 57.38(315/549) 
[2026-09-19 12:07:38,720]-[trainutils.py line:492]:Epoch 4 -    Audio-Visual/Temporal accuracy: 70.07(288/411) 
[2026-09-19 12:07:38,720]-[trainutils.py line:497]:Epoch 4 -             Audio-Visual accuracy: 70.22(1790/2549) 
[2026-09-19 12:07:38,720]-[trainutils.py line:501]:Epoch 4 -                    Total accuracy: 73.69(3366/4568) 
[2026-09-19 12:07:39,071]-[trainutils.py line:461]:Test progress:   0/95 
[2026-09-19 12:08:11,839]-[trainutils.py line:461]:Test progress:  95/95 
[2026-09-19 12:08:11,840]-[trainutils.py line:492]:Epoch 4 -           Audio/Counting accuracy: 80.82(413/511) 
[2026-09-19 12:08:11,840]-[trainutils.py line:492]:Epoch 4 -        Audio/Comparative accuracy: 58.31(172/295) 
[2026-09-19 12:08:11,840]-[trainutils.py line:497]:Epoch 4 -                    Audio accuracy: 72.58(585/806) 
[2026-09-19 12:08:11,840]-[trainutils.py line:492]:Epoch 4 -          Visual/Counting accuracy: 74.83(449/600) 
[2026-09-19 12:08:11,841]-[trainutils.py line:492]:Epoch 4 -          Visual/Location accuracy: 85.97(527/613) 
[2026-09-19 12:08:11,841]-[trainutils.py line:497]:Epoch 4 -                   Visual accuracy: 80.46(976/1213) 
[2026-09-19 12:08:11,841]-[trainutils.py line:492]:Epoch 4 - Audio-Visual/Existential accuracy: 83.64(414/495) 
[2026-09-19 12:08:11,841]-[trainutils.py line:492]:Epoch 4 -    Audio-Visual/Counting accuracy: 73.78(467/633) 
[2026-09-19 12:08:11,841]-[trainutils.py line:492]:Epoch 4 -    Audio-Visual/Location accuracy: 66.59(307/461) 
[2026-09-19 12:08:11,841]-[trainutils.py line:492]:Epoch 4 - Audio-Visual/Comparative accuracy: 60.66(333/549) 
[2026-09-19 12:08:11,842]-[trainutils.py line:492]:Epoch 4 -    Audio-Visual/Temporal accuracy: 72.26(297/411) 
[2026-09-19 12:08:11,842]-[trainutils.py line:497]:Epoch 4 -             Audio-Visual accuracy: 71.32(1818/2549) 
[2026-09-19 12:08:11,842]-[trainutils.py line:501]:Epoch 4 -                    Total accuracy: 73.97(3379/4568) 
[2026-09-19 12:08:11,895]-[train.py line:151]:best model saved at epoch 4 with acc 73.97110332749563 (ema) 
[2026-09-19 12:08:11,949]-[train.py line:167]:Epoch 4 done with 73.97 and loss 0.60156. 
[2026-09-19 12:08:11,950]-[train.py line:168]:At epoch4 best acc: 73.97. 
[2026-09-19 12:08:11,950]-[train.py line:102]:
-------------- training epoch 5 -------------- 
[2026-09-19 12:08:12,207]-[trainutils.py line:416]:[EST:    5.62m][Process Time:    0.06s]- Epoch: 5 [0000/1330 (  0%)]	Losses: ce_loss-0.5217(0.5217) loss_tacl-0.0001(0.0001) loss_sacl-0.0132(0.0132) loss_event-0.0036(0.0036) loss_evidence-0.0000(0.0000) loss_query_diversity-0.0044(0.0044) loss_position-0.0000(0.0000) total_loss-0.5217(0.5217) 
[2026-09-19 12:08:40,925]-[trainutils.py line:416]:[EST:    5.88m][Process Time:    0.08s]- Epoch: 5 [0100/1330 (  8%)]	Losses: ce_loss-0.3113(0.5146) loss_tacl-0.0001(0.0001) loss_sacl-0.0127(0.0126) loss_event-0.0032(0.0035) loss_evidence-0.0005(0.0008) loss_query_diversity-0.0043(0.0043) loss_position-0.0000(0.0000) total_loss-0.3113(0.5146) 
[2026-09-19 12:09:12,670]-[trainutils.py line:416]:[EST:    5.68m][Process Time:    0.07s]- Epoch: 5 [0200/1330 ( 15%)]	Losses: ce_loss-0.5696(0.5243) loss_tacl-0.0001(0.0001) loss_sacl-0.0105(0.0127) loss_event-0.0025(0.0035) loss_evidence-0.0000(0.0008) loss_query_diversity-0.0044(0.0043) loss_position-0.0000(0.0000) total_loss-0.5696(0.5243) 
[2026-09-19 12:09:46,819]-[trainutils.py line:416]:[EST:    5.41m][Process Time:    0.08s]- Epoch: 5 [0300/1330 ( 23%)]	Losses: ce_loss-0.5733(0.5321) loss_tacl-0.0001(0.0001) loss_sacl-0.0115(0.0125) loss_event-0.0031(0.0035) loss_evidence-0.0008(0.0008) loss_query_diversity-0.0044(0.0043) loss_position-0.0000(0.0000) total_loss-0.5733(0.5321) 
[2026-09-19 12:10:23,081]-[trainutils.py line:416]:[EST:    5.06m][Process Time:    0.09s]- Epoch: 5 [0400/1330 ( 30%)]	Losses: ce_loss-0.2327(0.5362) loss_tacl-0.0001(0.0001) loss_sacl-0.0128(0.0125) loss_event-0.0027(0.0034) loss_evidence-0.0011(0.0008) loss_query_diversity-0.0044(0.0043) loss_position-0.0000(0.0000) total_loss-0.2327(0.5362) 
[2026-09-19 12:10:58,828]-[trainutils.py line:416]:[EST:    4.60m][Process Time:    0.08s]- Epoch: 5 [0500/1330 ( 38%)]	Losses: ce_loss-0.8775(0.5369) loss_tacl-0.0001(0.0001) loss_sacl-0.0142(0.0124) loss_event-0.0042(0.0034) loss_evidence-0.0010(0.0007) loss_query_diversity-0.0043(0.0043) loss_position-0.0000(0.0000) total_loss-0.8775(0.5369) 
[2026-09-19 12:11:34,046]-[trainutils.py line:416]:[EST:    4.09m][Process Time:    0.08s]- Epoch: 5 [0600/1330 ( 45%)]	Losses: ce_loss-0.6445(0.5377) loss_tacl-0.0001(0.0001) loss_sacl-0.0113(0.0123) loss_event-0.0028(0.0034) loss_evidence-0.0008(0.0007) loss_query_diversity-0.0043(0.0043) loss_position-0.0000(0.0000) total_loss-0.6445(0.5377) 
[2026-09-19 12:12:07,977]-[trainutils.py line:416]:[EST:    3.53m][Process Time:    0.09s]- Epoch: 5 [0700/1330 ( 53%)]	Losses: ce_loss-0.4408(0.5399) loss_tacl-0.0001(0.0001) loss_sacl-0.0125(0.0121) loss_event-0.0036(0.0033) loss_evidence-0.0008(0.0007) loss_query_diversity-0.0043(0.0043) loss_position-0.0000(0.0000) total_loss-0.4408(0.5399) 
[2026-09-19 12:12:41,161]-[trainutils.py line:416]:[EST:    2.96m][Process Time:    0.08s]- Epoch: 5 [0800/1330 ( 60%)]	Losses: ce_loss-0.4667(0.5368) loss_tacl-0.0001(0.0001) loss_sacl-0.0129(0.0121) loss_event-0.0035(0.0033) loss_evidence-0.0000(0.0007) loss_query_diversity-0.0043(0.0043) loss_position-0.0000(0.0000) total_loss-0.4667(0.5368) 
[2026-09-19 12:13:15,565]-[trainutils.py line:416]:[EST:    2.41m][Process Time:    0.07s]- Epoch: 5 [0900/1330 ( 68%)]	Losses: ce_loss-0.6572(0.5373) loss_tacl-0.0001(0.0001) loss_sacl-0.0132(0.0121) loss_event-0.0034(0.0033) loss_evidence-0.0010(0.0006) loss_query_diversity-0.0043(0.0043) loss_position-0.0000(0.0000) total_loss-0.6572(0.5373) 
[2026-09-19 12:13:49,899]-[trainutils.py line:416]:[EST:    1.85m][Process Time:    0.09s]- Epoch: 5 [1000/1330 ( 75%)]	Losses: ce_loss-0.4823(0.5363) loss_tacl-0.0001(0.0001) loss_sacl-0.0134(0.0121) loss_event-0.0038(0.0033) loss_evidence-0.0000(0.0006) loss_query_diversity-0.0043(0.0043) loss_position-0.0000(0.0000) total_loss-0.4823(0.5363) 
[2026-09-19 12:14:24,517]-[trainutils.py line:416]:[EST:    1.29m][Process Time:    0.08s]- Epoch: 5 [1100/1330 ( 83%)]	Losses: ce_loss-0.7277(0.5366) loss_tacl-0.0001(0.0001) loss_sacl-0.0156(0.0121) loss_event-0.0044(0.0033) loss_evidence-0.0013(0.0006) loss_query_diversity-0.0043(0.0043) loss_position-0.0000(0.0000) total_loss-0.7277(0.5366) 
[2026-09-19 12:14:58,369]-[trainutils.py line:416]:[EST:    0.73m][Process Time:    0.08s]- Epoch: 5 [1200/1330 ( 90%)]	Losses: ce_loss-0.5692(0.5370) loss_tacl-0.0001(0.0001) loss_sacl-0.0143(0.0120) loss_event-0.0039(0.0033) loss_evidence-0.0000(0.0005) loss_query_diversity-0.0043(0.0043) loss_position-0.0000(0.0000) total_loss-0.5692(0.5370) 
[2026-09-19 12:15:33,495]-[trainutils.py line:416]:[EST:    0.16m][Process Time:    0.08s]- Epoch: 5 [1300/1330 ( 98%)]	Losses: ce_loss-0.8256(0.5371) loss_tacl-0.0001(0.0001) loss_sacl-0.0104(0.0120) loss_event-0.0034(0.0033) loss_evidence-0.0017(0.0005) loss_query_diversity-0.0043(0.0043) loss_position-0.0000(0.0000) total_loss-0.8256(0.5371) 
[2026-09-19 12:15:44,133]-[trainutils.py line:416]:[EST:   -0.01m][Process Time:    0.13s]- Epoch: 5 [1330/1330 (100%)]	Losses: ce_loss-0.2980(0.5364) loss_tacl-0.0001(0.0001) loss_sacl-0.0081(0.0120) loss_event-0.0028(0.0033) loss_evidence-0.0000(0.0005) loss_query_diversity-0.0044(0.0043) loss_position-0.0000(0.0000) total_loss-0.2980(0.5364) 
[2026-09-19 12:15:45,495]-[train.py line:106]:
-------------- validation epoch 5 -------------- 
[2026-09-19 12:15:46,088]-[trainutils.py line:461]:Test progress:   0/95 
[2026-09-19 12:16:36,120]-[trainutils.py line:461]:Test progress:  95/95 
[2026-09-19 12:16:36,123]-[trainutils.py line:492]:Epoch 5 -           Audio/Counting accuracy: 85.71(438/511) 
[2026-09-19 12:16:36,123]-[trainutils.py line:492]:Epoch 5 -        Audio/Comparative accuracy: 61.36(181/295) 
[2026-09-19 12:16:36,123]-[trainutils.py line:497]:Epoch 5 -                    Audio accuracy: 76.80(619/806) 
[2026-09-19 12:16:36,123]-[trainutils.py line:492]:Epoch 5 -          Visual/Counting accuracy: 78.17(469/600) 
[2026-09-19 12:16:36,124]-[trainutils.py line:492]:Epoch 5 -          Visual/Location accuracy: 86.46(530/613) 
[2026-09-19 12:16:36,124]-[trainutils.py line:497]:Epoch 5 -                   Visual accuracy: 82.36(999/1213) 
[2026-09-19 12:16:36,125]-[trainutils.py line:492]:Epoch 5 - Audio-Visual/Existential accuracy: 82.22(407/495) 
[2026-09-19 12:16:36,125]-[trainutils.py line:492]:Epoch 5 -    Audio-Visual/Counting accuracy: 74.72(473/633) 
[2026-09-19 12:16:36,126]-[trainutils.py line:492]:Epoch 5 -    Audio-Visual/Location accuracy: 68.33(315/461) 
[2026-09-19 12:16:36,126]-[trainutils.py line:492]:Epoch 5 - Audio-Visual/Comparative accuracy: 62.11(341/549) 
[2026-09-19 12:16:36,127]-[trainutils.py line:492]:Epoch 5 -    Audio-Visual/Temporal accuracy: 71.05(292/411) 
[2026-09-19 12:16:36,127]-[trainutils.py line:497]:Epoch 5 -             Audio-Visual accuracy: 71.71(1828/2549) 
[2026-09-19 12:16:36,127]-[trainutils.py line:501]:Epoch 5 -                    Total accuracy: 75.44(3446/4568) 
[2026-09-19 12:16:36,666]-[trainutils.py line:461]:Test progress:   0/95 
[2026-09-19 12:17:26,495]-[trainutils.py line:461]:Test progress:  95/95 
[2026-09-19 12:17:26,496]-[trainutils.py line:492]:Epoch 5 -           Audio/Counting accuracy: 83.76(428/511) 
[2026-09-19 12:17:26,496]-[trainutils.py line:492]:Epoch 5 -        Audio/Comparative accuracy: 58.64(173/295) 
[2026-09-19 12:17:26,496]-[trainutils.py line:497]:Epoch 5 -                    Audio accuracy: 74.57(601/806) 
[2026-09-19 12:17:26,496]-[trainutils.py line:492]:Epoch 5 -          Visual/Counting accuracy: 78.33(470/600) 
[2026-09-19 12:17:26,497]-[trainutils.py line:492]:Epoch 5 -          Visual/Location accuracy: 86.95(533/613) 
[2026-09-19 12:17:26,497]-[trainutils.py line:497]:Epoch 5 -                   Visual accuracy: 82.69(1003/1213) 
[2026-09-19 12:17:26,498]-[trainutils.py line:492]:Epoch 5 - Audio-Visual/Existential accuracy: 83.84(415/495) 
[2026-09-19 12:17:26,498]-[trainutils.py line:492]:Epoch 5 -    Audio-Visual/Counting accuracy: 75.20(476/633) 
[2026-09-19 12:17:26,499]-[trainutils.py line:492]:Epoch 5 -    Audio-Visual/Location accuracy: 68.55(316/461) 
[2026-09-19 12:17:26,499]-[trainutils.py line:492]:Epoch 5 - Audio-Visual/Comparative accuracy: 61.57(338/549) 
[2026-09-19 12:17:26,499]-[trainutils.py line:492]:Epoch 5 -    Audio-Visual/Temporal accuracy: 72.75(299/411) 
[2026-09-19 12:17:26,499]-[trainutils.py line:497]:Epoch 5 -             Audio-Visual accuracy: 72.34(1844/2549) 
[2026-09-19 12:17:26,499]-[trainutils.py line:501]:Epoch 5 -                    Total accuracy: 75.48(3448/4568) 
[2026-09-19 12:17:26,612]-[train.py line:151]:best model saved at epoch 5 with acc 75.4816112084063 (ema) 
[2026-09-19 12:17:26,702]-[train.py line:167]:Epoch 5 done with 75.48 and loss 0.57812. 
[2026-09-19 12:17:26,702]-[train.py line:168]:At epoch5 best acc: 75.48. 
[2026-09-19 12:17:26,702]-[train.py line:102]:
-------------- training epoch 6 -------------- 
[2026-09-19 12:17:27,037]-[trainutils.py line:416]:[EST:    7.34m][Process Time:    0.08s]- Epoch: 6 [0000/1330 (  0%)]	Losses: ce_loss-0.5940(0.5940) loss_tacl-0.0001(0.0001) loss_sacl-0.0122(0.0122) loss_event-0.0035(0.0035) loss_evidence-0.0012(0.0012) loss_query_diversity-0.0043(0.0043) loss_position-0.0000(0.0000) total_loss-0.5940(0.5940) 
[2026-09-19 12:17:59,941]-[trainutils.py line:416]:[EST:    6.74m][Process Time:    0.07s]- Epoch: 6 [0100/1330 (  8%)]	Losses: ce_loss-0.5834(0.4846) loss_tacl-0.0001(0.0001) loss_sacl-0.0120(0.0119) loss_event-0.0040(0.0034) loss_evidence-0.0029(0.0006) loss_query_diversity-0.0044(0.0043) loss_position-0.0000(0.0000) total_loss-0.5834(0.4846) 
[2026-09-19 12:18:31,393]-[trainutils.py line:416]:[EST:    6.06m][Process Time:    0.08s]- Epoch: 6 [0200/1330 ( 15%)]	Losses: ce_loss-0.5105(0.4922) loss_tacl-0.0001(0.0001) loss_sacl-0.0109(0.0118) loss_event-0.0036(0.0035) loss_evidence-0.0008(0.0007) loss_query_diversity-0.0043(0.0043) loss_position-0.0000(0.0000) total_loss-0.5105(0.4922) 
[2026-09-19 12:19:03,733]-[trainutils.py line:416]:[EST:    5.53m][Process Time:    0.06s]- Epoch: 6 [0300/1330 ( 23%)]	Losses: ce_loss-0.3604(0.4858) loss_tacl-0.0001(0.0001) loss_sacl-0.0117(0.0117) loss_event-0.0036(0.0035) loss_evidence-0.0000(0.0008) loss_query_diversity-0.0044(0.0043) loss_position-0.0000(0.0000) total_loss-0.3604(0.4858) 
[2026-09-19 12:19:37,308]-[trainutils.py line:416]:[EST:    5.04m][Process Time:    0.07s]- Epoch: 6 [0400/1330 ( 30%)]	Losses: ce_loss-0.4922(0.4863) loss_tacl-0.0001(0.0001) loss_sacl-0.0125(0.0116) loss_event-0.0038(0.0035) loss_evidence-0.0005(0.0007) loss_query_diversity-0.0044(0.0043) loss_position-0.0000(0.0000) total_loss-0.4922(0.4863) 
[2026-09-19 12:20:10,026]-[trainutils.py line:416]:[EST:    4.50m][Process Time:    0.08s]- Epoch: 6 [0500/1330 ( 38%)]	Losses: ce_loss-0.4115(0.4837) loss_tacl-0.0001(0.0001) loss_sacl-0.0122(0.0115) loss_event-0.0036(0.0034) loss_evidence-0.0002(0.0006) loss_query_diversity-0.0043(0.0043) loss_position-0.0000(0.0000) total_loss-0.4115(0.4837) 
[2026-09-19 12:20:43,196]-[trainutils.py line:416]:[EST:    3.97m][Process Time:    0.09s]- Epoch: 6 [0600/1330 ( 45%)]	Losses: ce_loss-0.5061(0.4824) loss_tacl-0.0001(0.0001) loss_sacl-0.0113(0.0114) loss_event-0.0034(0.0034) loss_evidence-0.0000(0.0006) loss_query_diversity-0.0043(0.0043) loss_position-0.0000(0.0000) total_loss-0.5061(0.4824) 
[2026-09-19 12:21:17,543]-[trainutils.py line:416]:[EST:    3.45m][Process Time:    0.08s]- Epoch: 6 [0700/1330 ( 53%)]	Losses: ce_loss-0.6201(0.4792) loss_tacl-0.0001(0.0001) loss_sacl-0.0121(0.0114) loss_event-0.0032(0.0034) loss_evidence-0.0040(0.0007) loss_query_diversity-0.0043(0.0043) loss_position-0.0000(0.0000) total_loss-0.6201(0.4792) 
[2026-09-19 12:21:51,737]-[trainutils.py line:416]:[EST:    2.92m][Process Time:    0.08s]- Epoch: 6 [0800/1330 ( 60%)]	Losses: ce_loss-0.4055(0.4824) loss_tacl-0.0001(0.0001) loss_sacl-0.0087(0.0113) loss_event-0.0024(0.0033) loss_evidence-0.0011(0.0006) loss_query_diversity-0.0043(0.0043) loss_position-0.0000(0.0000) total_loss-0.4055(0.4824) 
[2026-09-19 12:22:26,052]-[trainutils.py line:416]:[EST:    2.38m][Process Time:    0.08s]- Epoch: 6 [0900/1330 ( 68%)]	Losses: ce_loss-0.4633(0.4810) loss_tacl-0.0001(0.0001) loss_sacl-0.0116(0.0112) loss_event-0.0039(0.0033) loss_evidence-0.0003(0.0006) loss_query_diversity-0.0043(0.0043) loss_position-0.0000(0.0000) total_loss-0.4633(0.4810) 
[2026-09-19 12:22:59,899]-[trainutils.py line:416]:[EST:    1.83m][Process Time:    0.07s]- Epoch: 6 [1000/1330 ( 75%)]	Losses: ce_loss-0.4520(0.4799) loss_tacl-0.0001(0.0001) loss_sacl-0.0130(0.0112) loss_event-0.0042(0.0033) loss_evidence-0.0000(0.0006) loss_query_diversity-0.0043(0.0043) loss_position-0.0000(0.0000) total_loss-0.4520(0.4799) 
[2026-09-19 12:23:33,641]-[trainutils.py line:416]:[EST:    1.27m][Process Time:    0.08s]- Epoch: 6 [1100/1330 ( 83%)]	Losses: ce_loss-0.5374(0.4783) loss_tacl-0.0001(0.0001) loss_sacl-0.0112(0.0112) loss_event-0.0030(0.0033) loss_evidence-0.0000(0.0006) loss_query_diversity-0.0043(0.0043) loss_position-0.0000(0.0000) total_loss-0.5374(0.4783) 
[2026-09-19 12:24:08,224]-[trainutils.py line:416]:[EST:    0.72m][Process Time:    0.08s]- Epoch: 6 [1200/1330 ( 90%)]	Losses: ce_loss-0.4392(0.4828) loss_tacl-0.0001(0.0001) loss_sacl-0.0099(0.0112) loss_event-0.0028(0.0033) loss_evidence-0.0007(0.0005) loss_query_diversity-0.0044(0.0043) loss_position-0.0000(0.0000) total_loss-0.4392(0.4828) 
[2026-09-19 12:24:42,572]-[trainutils.py line:416]:[EST:    0.16m][Process Time:    0.08s]- Epoch: 6 [1300/1330 ( 98%)]	Losses: ce_loss-0.7134(0.4831) loss_tacl-0.0001(0.0001) loss_sacl-0.0088(0.0112) loss_event-0.0024(0.0033) loss_evidence-0.0016(0.0005) loss_query_diversity-0.0044(0.0043) loss_position-0.0000(0.0000) total_loss-0.7134(0.4831) 
[2026-09-19 12:24:53,181]-[trainutils.py line:416]:[EST:   -0.01m][Process Time:    0.09s]- Epoch: 6 [1330/1330 (100%)]	Losses: ce_loss-0.6171(0.4839) loss_tacl-0.0001(0.0001) loss_sacl-0.0114(0.0112) loss_event-0.0029(0.0033) loss_evidence-0.0000(0.0005) loss_query_diversity-0.0043(0.0043) loss_position-0.0000(0.0000) total_loss-0.6171(0.4839) 
[2026-09-19 12:24:54,528]-[train.py line:106]:
-------------- validation epoch 6 -------------- 
[2026-09-19 12:24:55,061]-[trainutils.py line:461]:Test progress:   0/95 
[2026-09-19 12:25:46,366]-[trainutils.py line:461]:Test progress:  95/95 
[2026-09-19 12:25:46,367]-[trainutils.py line:492]:Epoch 6 -           Audio/Counting accuracy: 83.76(428/511) 
[2026-09-19 12:25:46,368]-[trainutils.py line:492]:Epoch 6 -        Audio/Comparative accuracy: 61.36(181/295) 
[2026-09-19 12:25:46,368]-[trainutils.py line:497]:Epoch 6 -                    Audio accuracy: 75.56(609/806) 
[2026-09-19 12:25:46,369]-[trainutils.py line:492]:Epoch 6 -          Visual/Counting accuracy: 81.17(487/600) 
[2026-09-19 12:25:46,369]-[trainutils.py line:492]:Epoch 6 -          Visual/Location accuracy: 86.46(530/613) 
[2026-09-19 12:25:46,369]-[trainutils.py line:497]:Epoch 6 -                   Visual accuracy: 83.84(1017/1213) 
[2026-09-19 12:25:46,370]-[trainutils.py line:492]:Epoch 6 - Audio-Visual/Existential accuracy: 83.64(414/495) 
[2026-09-19 12:25:46,370]-[trainutils.py line:492]:Epoch 6 -    Audio-Visual/Counting accuracy: 74.25(470/633) 
[2026-09-19 12:25:46,371]-[trainutils.py line:492]:Epoch 6 -    Audio-Visual/Location accuracy: 68.55(316/461) 
[2026-09-19 12:25:46,371]-[trainutils.py line:492]:Epoch 6 - Audio-Visual/Comparative accuracy: 60.47(332/549) 
[2026-09-19 12:25:46,371]-[trainutils.py line:492]:Epoch 6 -    Audio-Visual/Temporal accuracy: 71.78(295/411) 
[2026-09-19 12:25:46,371]-[trainutils.py line:497]:Epoch 6 -             Audio-Visual accuracy: 71.68(1827/2549) 
[2026-09-19 12:25:46,371]-[trainutils.py line:501]:Epoch 6 -                    Total accuracy: 75.59(3453/4568) 
[2026-09-19 12:25:46,924]-[trainutils.py line:461]:Test progress:   0/95 
[2026-09-19 12:26:36,719]-[trainutils.py line:461]:Test progress:  95/95 
[2026-09-19 12:26:36,720]-[trainutils.py line:492]:Epoch 6 -           Audio/Counting accuracy: 85.13(435/511) 
[2026-09-19 12:26:36,720]-[trainutils.py line:492]:Epoch 6 -        Audio/Comparative accuracy: 61.02(180/295) 
[2026-09-19 12:26:36,720]-[trainutils.py line:497]:Epoch 6 -                    Audio accuracy: 76.30(615/806) 
[2026-09-19 12:26:36,720]-[trainutils.py line:492]:Epoch 6 -          Visual/Counting accuracy: 79.17(475/600) 
[2026-09-19 12:26:36,721]-[trainutils.py line:492]:Epoch 6 -          Visual/Location accuracy: 86.79(532/613) 
[2026-09-19 12:26:36,721]-[trainutils.py line:497]:Epoch 6 -                   Visual accuracy: 83.02(1007/1213) 
[2026-09-19 12:26:36,722]-[trainutils.py line:492]:Epoch 6 - Audio-Visual/Existential accuracy: 83.84(415/495) 
[2026-09-19 12:26:36,722]-[trainutils.py line:492]:Epoch 6 -    Audio-Visual/Counting accuracy: 76.15(482/633) 
[2026-09-19 12:26:36,722]-[trainutils.py line:492]:Epoch 6 -    Audio-Visual/Location accuracy: 69.63(321/461) 
[2026-09-19 12:26:36,724]-[trainutils.py line:492]:Epoch 6 - Audio-Visual/Comparative accuracy: 63.39(348/549) 
[2026-09-19 12:26:36,725]-[trainutils.py line:492]:Epoch 6 -    Audio-Visual/Temporal accuracy: 73.24(301/411) 
[2026-09-19 12:26:36,725]-[trainutils.py line:497]:Epoch 6 -             Audio-Visual accuracy: 73.24(1867/2549) 
[2026-09-19 12:26:36,725]-[trainutils.py line:501]:Epoch 6 -                    Total accuracy: 76.38(3489/4568) 
[2026-09-19 12:26:36,809]-[train.py line:151]:best model saved at epoch 6 with acc 76.37915936952714 (ema) 
[2026-09-19 12:26:36,889]-[train.py line:167]:Epoch 6 done with 76.38 and loss 0.56641. 
[2026-09-19 12:26:36,889]-[train.py line:168]:At epoch6 best acc: 76.38. 
[2026-09-19 12:26:36,890]-[train.py line:102]:
-------------- training epoch 7 -------------- 
[2026-09-19 12:26:37,239]-[trainutils.py line:416]:[EST:    7.67m][Process Time:    0.07s]- Epoch: 7 [0000/1330 (  0%)]	Losses: ce_loss-0.5724(0.5724) loss_tacl-0.0001(0.0001) loss_sacl-0.0148(0.0148) loss_event-0.0039(0.0039) loss_evidence-0.0008(0.0008) loss_query_diversity-0.0043(0.0043) loss_position-0.0000(0.0000) total_loss-0.5724(0.5724) 
[2026-09-19 12:27:10,962]-[trainutils.py line:416]:[EST:    6.91m][Process Time:    0.07s]- Epoch: 7 [0100/1330 (  8%)]	Losses: ce_loss-0.3469(0.4313) loss_tacl-0.0001(0.0001) loss_sacl-0.0122(0.0112) loss_event-0.0033(0.0031) loss_evidence-0.0000(0.0008) loss_query_diversity-0.0043(0.0043) loss_position-0.0000(0.0000) total_loss-0.3469(0.4313) 
[2026-09-19 12:27:44,700]-[trainutils.py line:416]:[EST:    6.35m][Process Time:    0.08s]- Epoch: 7 [0200/1330 ( 15%)]	Losses: ce_loss-0.3733(0.4127) loss_tacl-0.0001(0.0001) loss_sacl-0.0087(0.0112) loss_event-0.0027(0.0031) loss_evidence-0.0089(0.0008) loss_query_diversity-0.0043(0.0043) loss_position-0.0000(0.0000) total_loss-0.3733(0.4127) 
[2026-09-19 12:28:15,709]-[trainutils.py line:416]:[EST:    5.63m][Process Time:    0.08s]- Epoch: 7 [0300/1330 ( 23%)]	Losses: ce_loss-0.4154(0.4159) loss_tacl-0.0001(0.0001) loss_sacl-0.0087(0.0111) loss_event-0.0027(0.0032) loss_evidence-0.0012(0.0008) loss_query_diversity-0.0043(0.0043) loss_position-0.0000(0.0000) total_loss-0.4154(0.4159) 
[2026-09-19 12:28:47,622]-[trainutils.py line:416]:[EST:    5.05m][Process Time:    0.07s]- Epoch: 7 [0400/1330 ( 30%)]	Losses: ce_loss-0.4360(0.4174) loss_tacl-0.0001(0.0001) loss_sacl-0.0122(0.0110) loss_event-0.0033(0.0033) loss_evidence-0.0011(0.0007) loss_query_diversity-0.0043(0.0043) loss_position-0.0000(0.0000) total_loss-0.4360(0.4174) 
[2026-09-19 12:29:20,304]-[trainutils.py line:416]:[EST:    4.51m][Process Time:    0.07s]- Epoch: 7 [0500/1330 ( 38%)]	Losses: ce_loss-0.3120(0.4212) loss_tacl-0.0001(0.0001) loss_sacl-0.0102(0.0109) loss_event-0.0033(0.0033) loss_evidence-0.0008(0.0007) loss_query_diversity-0.0044(0.0043) loss_position-0.0000(0.0000) total_loss-0.3120(0.4212) 
[2026-09-19 12:29:51,465]-[trainutils.py line:416]:[EST:    3.93m][Process Time:    0.07s]- Epoch: 7 [0600/1330 ( 45%)]	Losses: ce_loss-0.2896(0.4200) loss_tacl-0.0001(0.0001) loss_sacl-0.0082(0.0109) loss_event-0.0024(0.0033) loss_evidence-0.0011(0.0007) loss_query_diversity-0.0043(0.0043) loss_position-0.0000(0.0000) total_loss-0.2896(0.4200) 
[2026-09-19 12:30:23,127]-[trainutils.py line:416]:[EST:    3.38m][Process Time:    0.07s]- Epoch: 7 [0700/1330 ( 53%)]	Losses: ce_loss-0.7225(0.4188) loss_tacl-0.0001(0.0001) loss_sacl-0.0086(0.0108) loss_event-0.0029(0.0032) loss_evidence-0.0000(0.0007) loss_query_diversity-0.0043(0.0043) loss_position-0.0000(0.0000) total_loss-0.7225(0.4188) 
[2026-09-19 12:30:54,049]-[trainutils.py line:416]:[EST:    2.83m][Process Time:    0.07s]- Epoch: 7 [0800/1330 ( 60%)]	Losses: ce_loss-0.4475(0.4216) loss_tacl-0.0001(0.0001) loss_sacl-0.0107(0.0108) loss_event-0.0037(0.0032) loss_evidence-0.0000(0.0006) loss_query_diversity-0.0044(0.0043) loss_position-0.0000(0.0000) total_loss-0.4475(0.4216) 
[2026-09-19 12:31:27,568]-[trainutils.py line:416]:[EST:    2.31m][Process Time:    0.10s]- Epoch: 7 [0900/1330 ( 68%)]	Losses: ce_loss-0.6146(0.4236) loss_tacl-0.0001(0.0001) loss_sacl-0.0107(0.0108) loss_event-0.0031(0.0032) loss_evidence-0.0000(0.0006) loss_query_diversity-0.0043(0.0043) loss_position-0.0000(0.0000) total_loss-0.6146(0.4236) 
[2026-09-19 12:32:01,304]-[trainutils.py line:416]:[EST:    1.78m][Process Time:    0.07s]- Epoch: 7 [1000/1330 ( 75%)]	Losses: ce_loss-0.3006(0.4239) loss_tacl-0.0001(0.0001) loss_sacl-0.0105(0.0108) loss_event-0.0032(0.0032) loss_evidence-0.0008(0.0006) loss_query_diversity-0.0043(0.0043) loss_position-0.0000(0.0000) total_loss-0.3006(0.4239) 
[2026-09-19 12:32:34,576]-[trainutils.py line:416]:[EST:    1.24m][Process Time:    0.08s]- Epoch: 7 [1100/1330 ( 83%)]	Losses: ce_loss-0.2227(0.4244) loss_tacl-0.0001(0.0001) loss_sacl-0.0084(0.0107) loss_event-0.0033(0.0032) loss_evidence-0.0000(0.0005) loss_query_diversity-0.0043(0.0043) loss_position-0.0000(0.0000) total_loss-0.2227(0.4244) 
[2026-09-19 12:33:07,857]-[trainutils.py line:416]:[EST:    0.70m][Process Time:    0.07s]- Epoch: 7 [1200/1330 ( 90%)]	Losses: ce_loss-0.3605(0.4252) loss_tacl-0.0001(0.0001) loss_sacl-0.0104(0.0107) loss_event-0.0038(0.0032) loss_evidence-0.0003(0.0005) loss_query_diversity-0.0043(0.0043) loss_position-0.0000(0.0000) total_loss-0.3605(0.4252) 
[2026-09-19 12:33:42,178]-[trainutils.py line:416]:[EST:    0.16m][Process Time:    0.08s]- Epoch: 7 [1300/1330 ( 98%)]	Losses: ce_loss-0.6525(0.4254) loss_tacl-0.0001(0.0001) loss_sacl-0.0081(0.0107) loss_event-0.0033(0.0032) loss_evidence-0.0000(0.0005) loss_query_diversity-0.0043(0.0043) loss_position-0.0000(0.0000) total_loss-0.6525(0.4254) 
[2026-09-19 12:33:51,658]-[trainutils.py line:416]:[EST:   -0.01m][Process Time:    0.09s]- Epoch: 7 [1330/1330 (100%)]	Losses: ce_loss-0.1552(0.4258) loss_tacl-0.0001(0.0001) loss_sacl-0.0114(0.0107) loss_event-0.0048(0.0032) loss_evidence-0.0000(0.0005) loss_query_diversity-0.0042(0.0043) loss_position-0.0000(0.0000) total_loss-0.1552(0.4258) 
[2026-09-19 12:33:52,806]-[train.py line:106]:
-------------- validation epoch 7 -------------- 
[2026-09-19 12:33:53,267]-[trainutils.py line:461]:Test progress:   0/95 
[2026-09-19 12:34:39,754]-[trainutils.py line:461]:Test progress:  95/95 
[2026-09-19 12:34:39,756]-[trainutils.py line:492]:Epoch 7 -           Audio/Counting accuracy: 85.71(438/511) 
[2026-09-19 12:34:39,757]-[trainutils.py line:492]:Epoch 7 -        Audio/Comparative accuracy: 60.00(177/295) 
[2026-09-19 12:34:39,757]-[trainutils.py line:497]:Epoch 7 -                    Audio accuracy: 76.30(615/806) 
[2026-09-19 12:34:39,757]-[trainutils.py line:492]:Epoch 7 -          Visual/Counting accuracy: 80.67(484/600) 
[2026-09-19 12:34:39,757]-[trainutils.py line:492]:Epoch 7 -          Visual/Location accuracy: 86.62(531/613) 
[2026-09-19 12:34:39,758]-[trainutils.py line:497]:Epoch 7 -                   Visual accuracy: 83.68(1015/1213) 
[2026-09-19 12:34:39,758]-[trainutils.py line:492]:Epoch 7 - Audio-Visual/Existential accuracy: 81.82(405/495) 
[2026-09-19 12:34:39,758]-[trainutils.py line:492]:Epoch 7 -    Audio-Visual/Counting accuracy: 75.36(477/633) 
[2026-09-19 12:34:39,758]-[trainutils.py line:492]:Epoch 7 -    Audio-Visual/Location accuracy: 68.33(315/461) 
[2026-09-19 12:34:39,758]-[trainutils.py line:492]:Epoch 7 - Audio-Visual/Comparative accuracy: 62.84(345/549) 
[2026-09-19 12:34:39,758]-[trainutils.py line:492]:Epoch 7 -    Audio-Visual/Temporal accuracy: 70.80(291/411) 
[2026-09-19 12:34:39,758]-[trainutils.py line:497]:Epoch 7 -             Audio-Visual accuracy: 71.91(1833/2549) 
[2026-09-19 12:34:39,760]-[trainutils.py line:501]:Epoch 7 -                    Total accuracy: 75.81(3463/4568) 
[2026-09-19 12:34:40,278]-[trainutils.py line:461]:Test progress:   0/95 
[2026-09-19 12:35:28,045]-[trainutils.py line:461]:Test progress:  95/95 
[2026-09-19 12:35:28,046]-[trainutils.py line:492]:Epoch 7 -           Audio/Counting accuracy: 85.52(437/511) 
[2026-09-19 12:35:28,047]-[trainutils.py line:492]:Epoch 7 -        Audio/Comparative accuracy: 61.69(182/295) 
[2026-09-19 12:35:28,047]-[trainutils.py line:497]:Epoch 7 -                    Audio accuracy: 76.80(619/806) 
[2026-09-19 12:35:28,048]-[trainutils.py line:492]:Epoch 7 -          Visual/Counting accuracy: 81.50(489/600) 
[2026-09-19 12:35:28,048]-[trainutils.py line:492]:Epoch 7 -          Visual/Location accuracy: 87.60(537/613) 
[2026-09-19 12:35:28,048]-[trainutils.py line:497]:Epoch 7 -                   Visual accuracy: 84.58(1026/1213) 
[2026-09-19 12:35:28,049]-[trainutils.py line:492]:Epoch 7 - Audio-Visual/Existential accuracy: 83.43(413/495) 
[2026-09-19 12:35:28,049]-[trainutils.py line:492]:Epoch 7 -    Audio-Visual/Counting accuracy: 75.99(481/633) 
[2026-09-19 12:35:28,049]-[trainutils.py line:492]:Epoch 7 -    Audio-Visual/Location accuracy: 69.85(322/461) 
[2026-09-19 12:35:28,050]-[trainutils.py line:492]:Epoch 7 - Audio-Visual/Comparative accuracy: 63.93(351/549) 
[2026-09-19 12:35:28,050]-[trainutils.py line:492]:Epoch 7 -    Audio-Visual/Temporal accuracy: 73.97(304/411) 
[2026-09-19 12:35:28,050]-[trainutils.py line:497]:Epoch 7 -             Audio-Visual accuracy: 73.40(1871/2549) 
[2026-09-19 12:35:28,050]-[trainutils.py line:501]:Epoch 7 -                    Total accuracy: 76.97(3516/4568) 
[2026-09-19 12:35:28,108]-[train.py line:151]:best model saved at epoch 7 with acc 76.97022767075306 (ema) 
[2026-09-19 12:35:28,185]-[train.py line:167]:Epoch 7 done with 76.97 and loss 0.56250. 
[2026-09-19 12:35:28,185]-[train.py line:168]:At epoch7 best acc: 76.97. 
[2026-09-19 12:35:28,185]-[train.py line:102]:
-------------- training epoch 8 -------------- 
[2026-09-19 12:35:28,510]-[trainutils.py line:416]:[EST:    7.08m][Process Time:    0.07s]- Epoch: 8 [0000/1330 (  0%)]	Losses: ce_loss-0.4619(0.4619) loss_tacl-0.0001(0.0001) loss_sacl-0.0104(0.0104) loss_event-0.0036(0.0036) loss_evidence-0.0000(0.0000) loss_query_diversity-0.0043(0.0043) loss_position-0.0000(0.0000) total_loss-0.4619(0.4619) 
[2026-09-19 12:36:00,808]-[trainutils.py line:416]:[EST:    6.61m][Process Time:    0.07s]- Epoch: 8 [0100/1330 (  8%)]	Losses: ce_loss-0.4195(0.3668) loss_tacl-0.0001(0.0001) loss_sacl-0.0102(0.0104) loss_event-0.0037(0.0034) loss_evidence-0.0003(0.0006) loss_query_diversity-0.0044(0.0043) loss_position-0.0000(0.0000) total_loss-0.4195(0.3668) 
[2026-09-19 12:36:34,106]-[trainutils.py line:416]:[EST:    6.17m][Process Time:    0.08s]- Epoch: 8 [0200/1330 ( 15%)]	Losses: ce_loss-0.3170(0.3712) loss_tacl-0.0001(0.0001) loss_sacl-0.0079(0.0102) loss_event-0.0028(0.0033) loss_evidence-0.0000(0.0007) loss_query_diversity-0.0044(0.0043) loss_position-0.0000(0.0000) total_loss-0.3170(0.3712) 
[2026-09-19 12:37:07,739]-[trainutils.py line:416]:[EST:    5.67m][Process Time:    0.08s]- Epoch: 8 [0300/1330 ( 23%)]	Losses: ce_loss-0.2852(0.3720) loss_tacl-0.0001(0.0001) loss_sacl-0.0081(0.0103) loss_event-0.0028(0.0033) loss_evidence-0.0003(0.0007) loss_query_diversity-0.0043(0.0043) loss_position-0.0000(0.0000) total_loss-0.2852(0.3720) 
[2026-09-19 12:37:40,251]-[trainutils.py line:416]:[EST:    5.10m][Process Time:    0.08s]- Epoch: 8 [0400/1330 ( 30%)]	Losses: ce_loss-0.3266(0.3759) loss_tacl-0.0001(0.0001) loss_sacl-0.0094(0.0102) loss_event-0.0033(0.0033) loss_evidence-0.0000(0.0007) loss_query_diversity-0.0043(0.0043) loss_position-0.0000(0.0000) total_loss-0.3266(0.3759) 
[2026-09-19 12:38:11,088]-[trainutils.py line:416]:[EST:    4.49m][Process Time:    0.07s]- Epoch: 8 [0500/1330 ( 38%)]	Losses: ce_loss-0.2519(0.3738) loss_tacl-0.0001(0.0001) loss_sacl-0.0117(0.0101) loss_event-0.0034(0.0032) loss_evidence-0.0000(0.0007) loss_query_diversity-0.0043(0.0043) loss_position-0.0000(0.0000) total_loss-0.2519(0.3738) 
[2026-09-19 12:38:43,361]-[trainutils.py line:416]:[EST:    3.95m][Process Time:    0.08s]- Epoch: 8 [0600/1330 ( 45%)]	Losses: ce_loss-0.3161(0.3723) loss_tacl-0.0001(0.0001) loss_sacl-0.0089(0.0100) loss_event-0.0031(0.0032) loss_evidence-0.0011(0.0007) loss_query_diversity-0.0043(0.0043) loss_position-0.0000(0.0000) total_loss-0.3161(0.3723) 
[2026-09-19 12:39:16,348]-[trainutils.py line:416]:[EST:    3.41m][Process Time:    0.08s]- Epoch: 8 [0700/1330 ( 53%)]	Losses: ce_loss-0.3480(0.3697) loss_tacl-0.0001(0.0001) loss_sacl-0.0104(0.0101) loss_event-0.0035(0.0032) loss_evidence-0.0002(0.0007) loss_query_diversity-0.0043(0.0043) loss_position-0.0000(0.0000) total_loss-0.3480(0.3697) 
[2026-09-19 12:39:48,782]-[trainutils.py line:416]:[EST:    2.87m][Process Time:    0.08s]- Epoch: 8 [0800/1330 ( 60%)]	Losses: ce_loss-0.5074(0.3710) loss_tacl-0.0001(0.0001) loss_sacl-0.0094(0.0100) loss_event-0.0038(0.0032) loss_evidence-0.0013(0.0006) loss_query_diversity-0.0043(0.0043) loss_position-0.0000(0.0000) total_loss-0.5074(0.3710) 
[2026-09-19 12:40:21,620]-[trainutils.py line:416]:[EST:    2.33m][Process Time:    0.07s]- Epoch: 8 [0900/1330 ( 68%)]	Losses: ce_loss-0.3577(0.3725) loss_tacl-0.0001(0.0001) loss_sacl-0.0084(0.0100) loss_event-0.0026(0.0033) loss_evidence-0.0008(0.0006) loss_query_diversity-0.0043(0.0043) loss_position-0.0000(0.0000) total_loss-0.3577(0.3725) 
[2026-09-19 12:40:53,622]-[trainutils.py line:416]:[EST:    1.78m][Process Time:    0.07s]- Epoch: 8 [1000/1330 ( 75%)]	Losses: ce_loss-0.3580(0.3713) loss_tacl-0.0001(0.0001) loss_sacl-0.0116(0.0100) loss_event-0.0040(0.0033) loss_evidence-0.0003(0.0006) loss_query_diversity-0.0043(0.0043) loss_position-0.0000(0.0000) total_loss-0.3580(0.3713) 
[2026-09-19 12:41:26,464]-[trainutils.py line:416]:[EST:    1.24m][Process Time:    0.08s]- Epoch: 8 [1100/1330 ( 83%)]	Losses: ce_loss-0.5081(0.3722) loss_tacl-0.0001(0.0001) loss_sacl-0.0098(0.0099) loss_event-0.0033(0.0033) loss_evidence-0.0014(0.0005) loss_query_diversity-0.0043(0.0043) loss_position-0.0000(0.0000) total_loss-0.5081(0.3722) 
[2026-09-19 12:42:00,957]-[trainutils.py line:416]:[EST:    0.70m][Process Time:    0.07s]- Epoch: 8 [1200/1330 ( 90%)]	Losses: ce_loss-0.3727(0.3726) loss_tacl-0.0001(0.0001) loss_sacl-0.0089(0.0099) loss_event-0.0030(0.0033) loss_evidence-0.0000(0.0005) loss_query_diversity-0.0044(0.0043) loss_position-0.0000(0.0000) total_loss-0.3727(0.3726) 
[2026-09-19 12:42:33,526]-[trainutils.py line:416]:[EST:    0.16m][Process Time:    0.08s]- Epoch: 8 [1300/1330 ( 98%)]	Losses: ce_loss-0.5225(0.3755) loss_tacl-0.0001(0.0001) loss_sacl-0.0086(0.0099) loss_event-0.0032(0.0033) loss_evidence-0.0000(0.0005) loss_query_diversity-0.0043(0.0043) loss_position-0.0000(0.0000) total_loss-0.5225(0.3755) 
[2026-09-19 12:42:42,891]-[trainutils.py line:416]:[EST:   -0.01m][Process Time:    0.08s]- Epoch: 8 [1330/1330 (100%)]	Losses: ce_loss-0.1310(0.3753) loss_tacl-0.0001(0.0001) loss_sacl-0.0102(0.0099) loss_event-0.0035(0.0032) loss_evidence-0.0000(0.0005) loss_query_diversity-0.0043(0.0043) loss_position-0.0000(0.0000) total_loss-0.1310(0.3753) 
[2026-09-19 12:42:44,081]-[train.py line:106]:
-------------- validation epoch 8 -------------- 
[2026-09-19 12:42:44,530]-[trainutils.py line:461]:Test progress:   0/95 
[2026-09-19 12:43:31,548]-[trainutils.py line:461]:Test progress:  95/95 
[2026-09-19 12:43:31,548]-[trainutils.py line:492]:Epoch 8 -           Audio/Counting accuracy: 84.54(432/511) 
[2026-09-19 12:43:31,549]-[trainutils.py line:492]:Epoch 8 -        Audio/Comparative accuracy: 63.05(186/295) 
[2026-09-19 12:43:31,550]-[trainutils.py line:497]:Epoch 8 -                    Audio accuracy: 76.67(618/806) 
[2026-09-19 12:43:31,551]-[trainutils.py line:492]:Epoch 8 -          Visual/Counting accuracy: 81.50(489/600) 
[2026-09-19 12:43:31,551]-[trainutils.py line:492]:Epoch 8 -          Visual/Location accuracy: 86.79(532/613) 
[2026-09-19 12:43:31,552]-[trainutils.py line:497]:Epoch 8 -                   Visual accuracy: 84.17(1021/1213) 
[2026-09-19 12:43:31,552]-[trainutils.py line:492]:Epoch 8 - Audio-Visual/Existential accuracy: 82.42(408/495) 
[2026-09-19 12:43:31,553]-[trainutils.py line:492]:Epoch 8 -    Audio-Visual/Counting accuracy: 76.46(484/633) 
[2026-09-19 12:43:31,553]-[trainutils.py line:492]:Epoch 8 -    Audio-Visual/Location accuracy: 64.43(297/461) 
[2026-09-19 12:43:31,553]-[trainutils.py line:492]:Epoch 8 - Audio-Visual/Comparative accuracy: 66.30(364/549) 
[2026-09-19 12:43:31,553]-[trainutils.py line:492]:Epoch 8 -    Audio-Visual/Temporal accuracy: 71.78(295/411) 
[2026-09-19 12:43:31,554]-[trainutils.py line:497]:Epoch 8 -             Audio-Visual accuracy: 72.50(1848/2549) 
[2026-09-19 12:43:31,554]-[trainutils.py line:501]:Epoch 8 -                    Total accuracy: 76.34(3487/4568) 
[2026-09-19 12:43:32,080]-[trainutils.py line:461]:Test progress:   0/95 
[2026-09-19 12:44:19,278]-[trainutils.py line:461]:Test progress:  95/95 
[2026-09-19 12:44:19,278]-[trainutils.py line:492]:Epoch 8 -           Audio/Counting accuracy: 86.69(443/511) 
[2026-09-19 12:44:19,279]-[trainutils.py line:492]:Epoch 8 -        Audio/Comparative accuracy: 62.37(184/295) 
[2026-09-19 12:44:19,279]-[trainutils.py line:497]:Epoch 8 -                    Audio accuracy: 77.79(627/806) 
[2026-09-19 12:44:19,279]-[trainutils.py line:492]:Epoch 8 -          Visual/Counting accuracy: 82.83(497/600) 
[2026-09-19 12:44:19,279]-[trainutils.py line:492]:Epoch 8 -          Visual/Location accuracy: 87.44(536/613) 
[2026-09-19 12:44:19,280]-[trainutils.py line:497]:Epoch 8 -                   Visual accuracy: 85.16(1033/1213) 
[2026-09-19 12:44:19,280]-[trainutils.py line:492]:Epoch 8 - Audio-Visual/Existential accuracy: 83.64(414/495) 
[2026-09-19 12:44:19,280]-[trainutils.py line:492]:Epoch 8 -    Audio-Visual/Counting accuracy: 78.04(494/633) 
[2026-09-19 12:44:19,282]-[trainutils.py line:492]:Epoch 8 -    Audio-Visual/Location accuracy: 68.33(315/461) 
[2026-09-19 12:44:19,282]-[trainutils.py line:492]:Epoch 8 - Audio-Visual/Comparative accuracy: 63.93(351/549) 
[2026-09-19 12:44:19,283]-[trainutils.py line:492]:Epoch 8 -    Audio-Visual/Temporal accuracy: 73.24(301/411) 
[2026-09-19 12:44:19,283]-[trainutils.py line:497]:Epoch 8 -             Audio-Visual accuracy: 73.56(1875/2549) 
[2026-09-19 12:44:19,283]-[trainutils.py line:501]:Epoch 8 -                    Total accuracy: 77.39(3535/4568) 
[2026-09-19 12:44:19,341]-[train.py line:151]:best model saved at epoch 8 with acc 77.38616462346761 (ema) 
[2026-09-19 12:44:19,407]-[train.py line:167]:Epoch 8 done with 77.39 and loss 0.56641. 
[2026-09-19 12:44:19,407]-[train.py line:168]:At epoch8 best acc: 77.39. 
[2026-09-19 12:44:19,407]-[train.py line:102]:
-------------- training epoch 9 -------------- 
[2026-09-19 12:44:19,767]-[trainutils.py line:416]:[EST:    7.87m][Process Time:    0.09s]- Epoch: 9 [0000/1330 (  0%)]	Losses: ce_loss-0.3818(0.3818) loss_tacl-0.0001(0.0001) loss_sacl-0.0070(0.0070) loss_event-0.0028(0.0028) loss_evidence-0.0000(0.0000) loss_query_diversity-0.0043(0.0043) loss_position-0.0000(0.0000) total_loss-0.3818(0.3818) 
[2026-09-19 12:44:52,970]-[trainutils.py line:416]:[EST:    6.81m][Process Time:    0.08s]- Epoch: 9 [0100/1330 (  8%)]	Losses: ce_loss-0.4822(0.3364) loss_tacl-0.0001(0.0001) loss_sacl-0.0098(0.0094) loss_event-0.0030(0.0031) loss_evidence-0.0004(0.0005) loss_query_diversity-0.0043(0.0043) loss_position-0.0000(0.0000) total_loss-0.4822(0.3364) 
[2026-09-19 12:45:27,533]-[trainutils.py line:416]:[EST:    6.38m][Process Time:    0.10s]- Epoch: 9 [0200/1330 ( 15%)]	Losses: ce_loss-0.3032(0.3253) loss_tacl-0.0001(0.0001) loss_sacl-0.0093(0.0096) loss_event-0.0024(0.0031) loss_evidence-0.0002(0.0006) loss_query_diversity-0.0043(0.0043) loss_position-0.0000(0.0000) total_loss-0.3032(0.3253) 
[2026-09-19 12:45:50,083]-[trainutils.py line:416]:[EST:    5.17m][Process Time:    0.05s]- Epoch: 9 [0300/1330 ( 23%)]	Losses: ce_loss-0.2397(0.3228) loss_tacl-0.0001(0.0001) loss_sacl-0.0078(0.0095) loss_event-0.0025(0.0031) loss_evidence-0.0008(0.0006) loss_query_diversity-0.0043(0.0043) loss_position-0.0000(0.0000) total_loss-0.2397(0.3228) 
[2026-09-19 12:46:11,077]-[trainutils.py line:416]:[EST:    4.31m][Process Time:    0.05s]- Epoch: 9 [0400/1330 ( 30%)]	Losses: ce_loss-0.3970(0.3192) loss_tacl-0.0001(0.0001) loss_sacl-0.0080(0.0094) loss_event-0.0023(0.0031) loss_evidence-0.0000(0.0007) loss_query_diversity-0.0043(0.0043) loss_position-0.0000(0.0000) total_loss-0.3970(0.3192) 
[2026-09-19 12:46:32,063]-[trainutils.py line:416]:[EST:    3.66m][Process Time:    0.05s]- Epoch: 9 [0500/1330 ( 38%)]	Losses: ce_loss-0.2371(0.3211) loss_tacl-0.0001(0.0001) loss_sacl-0.0086(0.0094) loss_event-0.0030(0.0031) loss_evidence-0.0000(0.0006) loss_query_diversity-0.0043(0.0043) loss_position-0.0000(0.0000) total_loss-0.2371(0.3211) 
[2026-09-19 12:46:52,818]-[trainutils.py line:416]:[EST:    3.10m][Process Time:    0.05s]- Epoch: 9 [0600/1330 ( 45%)]	Losses: ce_loss-0.3892(0.3218) loss_tacl-0.0001(0.0001) loss_sacl-0.0072(0.0094) loss_event-0.0025(0.0031) loss_evidence-0.0009(0.0006) loss_query_diversity-0.0043(0.0043) loss_position-0.0000(0.0000) total_loss-0.3892(0.3218) 
[2026-09-19 12:47:14,021]-[trainutils.py line:416]:[EST:    2.61m][Process Time:    0.05s]- Epoch: 9 [0700/1330 ( 53%)]	Losses: ce_loss-0.3176(0.3244) loss_tacl-0.0001(0.0001) loss_sacl-0.0090(0.0094) loss_event-0.0028(0.0031) loss_evidence-0.0009(0.0006) loss_query_diversity-0.0043(0.0043) loss_position-0.0000(0.0000) total_loss-0.3176(0.3244) 
[2026-09-19 12:47:35,721]-[trainutils.py line:416]:[EST:    2.16m][Process Time:    0.05s]- Epoch: 9 [0800/1330 ( 60%)]	Losses: ce_loss-0.4890(0.3249) loss_tacl-0.0001(0.0001) loss_sacl-0.0086(0.0093) loss_event-0.0032(0.0031) loss_evidence-0.0030(0.0006) loss_query_diversity-0.0044(0.0043) loss_position-0.0000(0.0000) total_loss-0.4890(0.3249) 
[2026-09-19 12:47:57,077]-[trainutils.py line:416]:[EST:    1.73m][Process Time:    0.05s]- Epoch: 9 [0900/1330 ( 68%)]	Losses: ce_loss-0.2963(0.3233) loss_tacl-0.0001(0.0001) loss_sacl-0.0094(0.0093) loss_event-0.0033(0.0031) loss_evidence-0.0009(0.0006) loss_query_diversity-0.0043(0.0043) loss_position-0.0000(0.0000) total_loss-0.2963(0.3233) 
[2026-09-19 12:48:19,799]-[trainutils.py line:416]:[EST:    1.32m][Process Time:    0.05s]- Epoch: 9 [1000/1330 ( 75%)]	Losses: ce_loss-0.3846(0.3253) loss_tacl-0.0001(0.0001) loss_sacl-0.0109(0.0093) loss_event-0.0041(0.0031) loss_evidence-0.0008(0.0005) loss_query_diversity-0.0043(0.0043) loss_position-0.0000(0.0000) total_loss-0.3846(0.3253) 
[2026-09-19 12:48:47,810]-[trainutils.py line:416]:[EST:    0.93m][Process Time:    0.11s]- Epoch: 9 [1100/1330 ( 83%)]	Losses: ce_loss-0.3198(0.3262) loss_tacl-0.0001(0.0001) loss_sacl-0.0112(0.0093) loss_event-0.0037(0.0031) loss_evidence-0.0011(0.0005) loss_query_diversity-0.0043(0.0043) loss_position-0.0000(0.0000) total_loss-0.3198(0.3262) 
[2026-09-19 12:49:17,425]-[trainutils.py line:416]:[EST:    0.53m][Process Time:    0.07s]- Epoch: 9 [1200/1330 ( 90%)]	Losses: ce_loss-0.3473(0.3269) loss_tacl-0.0001(0.0001) loss_sacl-0.0093(0.0093) loss_event-0.0031(0.0031) loss_evidence-0.0000(0.0005) loss_query_diversity-0.0044(0.0043) loss_position-0.0000(0.0000) total_loss-0.3473(0.3269) 
[2026-09-19 12:49:47,996]-[trainutils.py line:416]:[EST:    0.12m][Process Time:    0.07s]- Epoch: 9 [1300/1330 ( 98%)]	Losses: ce_loss-0.3391(0.3287) loss_tacl-0.0001(0.0001) loss_sacl-0.0091(0.0093) loss_event-0.0028(0.0031) loss_evidence-0.0000(0.0005) loss_query_diversity-0.0043(0.0043) loss_position-0.0000(0.0000) total_loss-0.3391(0.3287) 
[2026-09-19 12:49:57,407]-[trainutils.py line:416]:[EST:   -0.00m][Process Time:    0.10s]- Epoch: 9 [1330/1330 (100%)]	Losses: ce_loss-0.4907(0.3286) loss_tacl-0.0001(0.0001) loss_sacl-0.0080(0.0093) loss_event-0.0027(0.0031) loss_evidence-0.0000(0.0005) loss_query_diversity-0.0043(0.0043) loss_position-0.0000(0.0000) total_loss-0.4907(0.3286) 
[2026-09-19 12:49:59,023]-[train.py line:106]:
-------------- validation epoch 9 -------------- 
[2026-09-19 12:49:59,529]-[trainutils.py line:461]:Test progress:   0/95 
[2026-09-19 12:50:45,899]-[trainutils.py line:461]:Test progress:  95/95 
[2026-09-19 12:50:45,901]-[trainutils.py line:492]:Epoch 9 -           Audio/Counting accuracy: 87.08(445/511) 
[2026-09-19 12:50:45,901]-[trainutils.py line:492]:Epoch 9 -        Audio/Comparative accuracy: 63.05(186/295) 
[2026-09-19 12:50:45,902]-[trainutils.py line:497]:Epoch 9 -                    Audio accuracy: 78.29(631/806) 
[2026-09-19 12:50:45,904]-[trainutils.py line:492]:Epoch 9 -          Visual/Counting accuracy: 81.00(486/600) 
[2026-09-19 12:50:45,904]-[trainutils.py line:492]:Epoch 9 -          Visual/Location accuracy: 88.09(540/613) 
[2026-09-19 12:50:45,904]-[trainutils.py line:497]:Epoch 9 -                   Visual accuracy: 84.58(1026/1213) 
[2026-09-19 12:50:45,904]-[trainutils.py line:492]:Epoch 9 - Audio-Visual/Existential accuracy: 82.63(409/495) 
[2026-09-19 12:50:45,905]-[trainutils.py line:492]:Epoch 9 -    Audio-Visual/Counting accuracy: 77.09(488/633) 
[2026-09-19 12:50:45,905]-[trainutils.py line:492]:Epoch 9 -    Audio-Visual/Location accuracy: 66.38(306/461) 
[2026-09-19 12:50:45,905]-[trainutils.py line:492]:Epoch 9 - Audio-Visual/Comparative accuracy: 63.02(346/549) 
[2026-09-19 12:50:45,905]-[trainutils.py line:492]:Epoch 9 -    Audio-Visual/Temporal accuracy: 69.83(287/411) 
[2026-09-19 12:50:45,906]-[trainutils.py line:497]:Epoch 9 -             Audio-Visual accuracy: 72.03(1836/2549) 
[2026-09-19 12:50:45,906]-[trainutils.py line:501]:Epoch 9 -                    Total accuracy: 76.47(3493/4568) 
[2026-09-19 12:50:46,409]-[trainutils.py line:461]:Test progress:   0/95 
[2026-09-19 12:51:33,308]-[trainutils.py line:461]:Test progress:  95/95 
[2026-09-19 12:51:33,309]-[trainutils.py line:492]:Epoch 9 -           Audio/Counting accuracy: 85.91(439/511) 
[2026-09-19 12:51:33,310]-[trainutils.py line:492]:Epoch 9 -        Audio/Comparative accuracy: 62.03(183/295) 
[2026-09-19 12:51:33,310]-[trainutils.py line:497]:Epoch 9 -                    Audio accuracy: 77.17(622/806) 
[2026-09-19 12:51:33,310]-[trainutils.py line:492]:Epoch 9 -          Visual/Counting accuracy: 82.67(496/600) 
[2026-09-19 12:51:33,311]-[trainutils.py line:492]:Epoch 9 -          Visual/Location accuracy: 88.58(543/613) 
[2026-09-19 12:51:33,311]-[trainutils.py line:497]:Epoch 9 -                   Visual accuracy: 85.66(1039/1213) 
[2026-09-19 12:51:33,311]-[trainutils.py line:492]:Epoch 9 - Audio-Visual/Existential accuracy: 83.43(413/495) 
[2026-09-19 12:51:33,311]-[trainutils.py line:492]:Epoch 9 -    Audio-Visual/Counting accuracy: 78.52(497/633) 
[2026-09-19 12:51:33,312]-[trainutils.py line:492]:Epoch 9 -    Audio-Visual/Location accuracy: 69.63(321/461) 
[2026-09-19 12:51:33,312]-[trainutils.py line:492]:Epoch 9 - Audio-Visual/Comparative accuracy: 65.21(358/549) 
[2026-09-19 12:51:33,313]-[trainutils.py line:492]:Epoch 9 -    Audio-Visual/Temporal accuracy: 73.72(303/411) 
[2026-09-19 12:51:33,313]-[trainutils.py line:497]:Epoch 9 -             Audio-Visual accuracy: 74.23(1892/2549) 
[2026-09-19 12:51:33,314]-[trainutils.py line:501]:Epoch 9 -                    Total accuracy: 77.78(3553/4568) 
[2026-09-19 12:51:33,394]-[train.py line:151]:best model saved at epoch 9 with acc 77.78021015761821 (ema) 
[2026-09-19 12:51:33,472]-[train.py line:167]:Epoch 9 done with 77.78 and loss 0.57812. 
[2026-09-19 12:51:33,472]-[train.py line:168]:At epoch9 best acc: 77.78. 
[2026-09-19 12:51:33,472]-[train.py line:102]:
-------------- training epoch 10 -------------- 
[2026-09-19 12:51:33,788]-[trainutils.py line:416]:[EST:    6.86m][Process Time:    0.07s]- Epoch: 10 [0000/1330 (  0%)]	Losses: ce_loss-0.2507(0.2507) loss_tacl-0.0001(0.0001) loss_sacl-0.0072(0.0072) loss_event-0.0028(0.0028) loss_evidence-0.0000(0.0000) loss_query_diversity-0.0044(0.0044) loss_position-0.0000(0.0000) total_loss-0.2507(0.2507) 
[2026-09-19 12:52:05,474]-[trainutils.py line:416]:[EST:    6.49m][Process Time:    0.07s]- Epoch: 10 [0100/1330 (  8%)]	Losses: ce_loss-0.2583(0.2745) loss_tacl-0.0001(0.0001) loss_sacl-0.0091(0.0090) loss_event-0.0029(0.0032) loss_evidence-0.0002(0.0005) loss_query_diversity-0.0044(0.0043) loss_position-0.0000(0.0000) total_loss-0.2583(0.2745) 
[2026-09-19 12:52:38,315]-[trainutils.py line:416]:[EST:    6.07m][Process Time:    0.07s]- Epoch: 10 [0200/1330 ( 15%)]	Losses: ce_loss-0.3904(0.2745) loss_tacl-0.0001(0.0001) loss_sacl-0.0091(0.0090) loss_event-0.0028(0.0032) loss_evidence-0.0000(0.0006) loss_query_diversity-0.0043(0.0043) loss_position-0.0000(0.0000) total_loss-0.3904(0.2745) 
[2026-09-19 12:53:09,655]-[trainutils.py line:416]:[EST:    5.48m][Process Time:    0.07s]- Epoch: 10 [0300/1330 ( 23%)]	Losses: ce_loss-0.1572(0.2790) loss_tacl-0.0001(0.0001) loss_sacl-0.0110(0.0090) loss_event-0.0042(0.0032) loss_evidence-0.0010(0.0006) loss_query_diversity-0.0043(0.0043) loss_position-0.0000(0.0000) total_loss-0.1572(0.2790) 
[2026-09-19 12:53:41,488]-[trainutils.py line:416]:[EST:    4.94m][Process Time:    0.08s]- Epoch: 10 [0400/1330 ( 30%)]	Losses: ce_loss-0.2762(0.2804) loss_tacl-0.0001(0.0001) loss_sacl-0.0068(0.0090) loss_event-0.0033(0.0032) loss_evidence-0.0000(0.0006) loss_query_diversity-0.0043(0.0043) loss_position-0.0000(0.0000) total_loss-0.2762(0.2804) 
[2026-09-19 12:54:13,657]-[trainutils.py line:416]:[EST:    4.42m][Process Time:    0.07s]- Epoch: 10 [0500/1330 ( 38%)]	Losses: ce_loss-0.1637(0.2827) loss_tacl-0.0001(0.0001) loss_sacl-0.0060(0.0089) loss_event-0.0022(0.0032) loss_evidence-0.0003(0.0006) loss_query_diversity-0.0044(0.0043) loss_position-0.0000(0.0000) total_loss-0.1637(0.2827) 
[2026-09-19 12:54:46,377]-[trainutils.py line:416]:[EST:    3.90m][Process Time:    0.07s]- Epoch: 10 [0600/1330 ( 45%)]	Losses: ce_loss-0.1790(0.2814) loss_tacl-0.0001(0.0001) loss_sacl-0.0096(0.0088) loss_event-0.0036(0.0032) loss_evidence-0.0000(0.0005) loss_query_diversity-0.0043(0.0043) loss_position-0.0000(0.0000) total_loss-0.1790(0.2814) 
[2026-09-19 12:55:17,609]-[trainutils.py line:416]:[EST:    3.35m][Process Time:    0.07s]- Epoch: 10 [0700/1330 ( 53%)]	Losses: ce_loss-0.3059(0.2815) loss_tacl-0.0001(0.0001) loss_sacl-0.0080(0.0088) loss_event-0.0030(0.0032) loss_evidence-0.0000(0.0005) loss_query_diversity-0.0043(0.0043) loss_position-0.0000(0.0000) total_loss-0.3059(0.2815) 
[2026-09-19 12:55:48,400]-[trainutils.py line:416]:[EST:    2.81m][Process Time:    0.07s]- Epoch: 10 [0800/1330 ( 60%)]	Losses: ce_loss-0.1956(0.2837) loss_tacl-0.0001(0.0001) loss_sacl-0.0103(0.0088) loss_event-0.0040(0.0032) loss_evidence-0.0000(0.0005) loss_query_diversity-0.0044(0.0043) loss_position-0.0000(0.0000) total_loss-0.1956(0.2837) 
[2026-09-19 12:56:19,856]-[trainutils.py line:416]:[EST:    2.27m][Process Time:    0.07s]- Epoch: 10 [0900/1330 ( 68%)]	Losses: ce_loss-0.1633(0.2855) loss_tacl-0.0001(0.0001) loss_sacl-0.0095(0.0088) loss_event-0.0029(0.0032) loss_evidence-0.0000(0.0005) loss_query_diversity-0.0043(0.0043) loss_position-0.0000(0.0000) total_loss-0.1633(0.2855) 
[2026-09-19 12:56:51,364]-[trainutils.py line:416]:[EST:    1.74m][Process Time:    0.07s]- Epoch: 10 [1000/1330 ( 75%)]	Losses: ce_loss-0.3472(0.2857) loss_tacl-0.0001(0.0001) loss_sacl-0.0077(0.0088) loss_event-0.0030(0.0032) loss_evidence-0.0014(0.0005) loss_query_diversity-0.0044(0.0043) loss_position-0.0000(0.0000) total_loss-0.3472(0.2857) 
[2026-09-19 12:57:22,414]-[trainutils.py line:416]:[EST:    1.21m][Process Time:    0.07s]- Epoch: 10 [1100/1330 ( 83%)]	Losses: ce_loss-0.7099(0.2870) loss_tacl-0.0001(0.0001) loss_sacl-0.0075(0.0088) loss_event-0.0025(0.0032) loss_evidence-0.0023(0.0005) loss_query_diversity-0.0043(0.0043) loss_position-0.0000(0.0000) total_loss-0.7099(0.2870) 
[2026-09-19 12:57:53,817]-[trainutils.py line:416]:[EST:    0.68m][Process Time:    0.07s]- Epoch: 10 [1200/1330 ( 90%)]	Losses: ce_loss-0.2372(0.2877) loss_tacl-0.0001(0.0001) loss_sacl-0.0077(0.0088) loss_event-0.0027(0.0032) loss_evidence-0.0005(0.0005) loss_query_diversity-0.0043(0.0043) loss_position-0.0000(0.0000) total_loss-0.2372(0.2877) 
[2026-09-19 12:58:25,800]-[trainutils.py line:416]:[EST:    0.15m][Process Time:    0.07s]- Epoch: 10 [1300/1330 ( 98%)]	Losses: ce_loss-0.3178(0.2879) loss_tacl-0.0001(0.0001) loss_sacl-0.0079(0.0087) loss_event-0.0028(0.0032) loss_evidence-0.0005(0.0004) loss_query_diversity-0.0043(0.0043) loss_position-0.0000(0.0000) total_loss-0.3178(0.2879) 
[2026-09-19 12:58:35,204]-[trainutils.py line:416]:[EST:   -0.01m][Process Time:    0.07s]- Epoch: 10 [1330/1330 (100%)]	Losses: ce_loss-0.3215(0.2881) loss_tacl-0.0001(0.0001) loss_sacl-0.0095(0.0087) loss_event-0.0038(0.0032) loss_evidence-0.0000(0.0004) loss_query_diversity-0.0043(0.0043) loss_position-0.0000(0.0000) total_loss-0.3215(0.2881) 
[2026-09-19 12:58:36,342]-[train.py line:106]:
-------------- validation epoch 10 -------------- 
[2026-09-19 12:58:36,801]-[trainutils.py line:461]:Test progress:   0/95 
[2026-09-19 12:59:22,652]-[trainutils.py line:461]:Test progress:  95/95 
[2026-09-19 12:59:22,653]-[trainutils.py line:492]:Epoch 10 -           Audio/Counting accuracy: 85.13(435/511) 
[2026-09-19 12:59:22,653]-[trainutils.py line:492]:Epoch 10 -        Audio/Comparative accuracy: 61.02(180/295) 
[2026-09-19 12:59:22,654]-[trainutils.py line:497]:Epoch 10 -                    Audio accuracy: 76.30(615/806) 
[2026-09-19 12:59:22,654]-[trainutils.py line:492]:Epoch 10 -          Visual/Counting accuracy: 82.00(492/600) 
[2026-09-19 12:59:22,654]-[trainutils.py line:492]:Epoch 10 -          Visual/Location accuracy: 87.28(535/613) 
[2026-09-19 12:59:22,654]-[trainutils.py line:497]:Epoch 10 -                   Visual accuracy: 84.67(1027/1213) 
[2026-09-19 12:59:22,654]-[trainutils.py line:492]:Epoch 10 - Audio-Visual/Existential accuracy: 83.43(413/495) 
[2026-09-19 12:59:22,655]-[trainutils.py line:492]:Epoch 10 -    Audio-Visual/Counting accuracy: 76.30(483/633) 
[2026-09-19 12:59:22,655]-[trainutils.py line:492]:Epoch 10 -    Audio-Visual/Location accuracy: 68.55(316/461) 
[2026-09-19 12:59:22,655]-[trainutils.py line:492]:Epoch 10 - Audio-Visual/Comparative accuracy: 61.57(338/549) 
[2026-09-19 12:59:22,656]-[trainutils.py line:492]:Epoch 10 -    Audio-Visual/Temporal accuracy: 74.45(306/411) 
[2026-09-19 12:59:22,656]-[trainutils.py line:497]:Epoch 10 -             Audio-Visual accuracy: 72.81(1856/2549) 
[2026-09-19 12:59:22,656]-[trainutils.py line:501]:Epoch 10 -                    Total accuracy: 76.58(3498/4568) 
[2026-09-19 12:59:23,176]-[trainutils.py line:461]:Test progress:   0/95 
[2026-09-19 13:00:08,572]-[trainutils.py line:461]:Test progress:  95/95 
[2026-09-19 13:00:08,573]-[trainutils.py line:492]:Epoch 10 -           Audio/Counting accuracy: 85.91(439/511) 
[2026-09-19 13:00:08,574]-[trainutils.py line:492]:Epoch 10 -        Audio/Comparative accuracy: 64.07(189/295) 
[2026-09-19 13:00:08,574]-[trainutils.py line:497]:Epoch 10 -                    Audio accuracy: 77.92(628/806) 
[2026-09-19 13:00:08,574]-[trainutils.py line:492]:Epoch 10 -          Visual/Counting accuracy: 82.83(497/600) 
[2026-09-19 13:00:08,574]-[trainutils.py line:492]:Epoch 10 -          Visual/Location accuracy: 88.74(544/613) 
[2026-09-19 13:00:08,574]-[trainutils.py line:497]:Epoch 10 -                   Visual accuracy: 85.82(1041/1213) 
[2026-09-19 13:00:08,574]-[trainutils.py line:492]:Epoch 10 - Audio-Visual/Existential accuracy: 82.63(409/495) 
[2026-09-19 13:00:08,575]-[trainutils.py line:492]:Epoch 10 -    Audio-Visual/Counting accuracy: 78.83(499/633) 
[2026-09-19 13:00:08,575]-[trainutils.py line:492]:Epoch 10 -    Audio-Visual/Location accuracy: 70.07(323/461) 
[2026-09-19 13:00:08,576]-[trainutils.py line:492]:Epoch 10 - Audio-Visual/Comparative accuracy: 64.66(355/549) 
[2026-09-19 13:00:08,576]-[trainutils.py line:492]:Epoch 10 -    Audio-Visual/Temporal accuracy: 72.26(297/411) 
[2026-09-19 13:00:08,577]-[trainutils.py line:497]:Epoch 10 -             Audio-Visual accuracy: 73.87(1883/2549) 
[2026-09-19 13:00:08,577]-[trainutils.py line:501]:Epoch 10 -                    Total accuracy: 77.76(3552/4568) 
[2026-09-19 13:00:08,584]-[train.py line:167]:Epoch 10 done with 77.76 and loss 0.58594. 
[2026-09-19 13:00:08,584]-[train.py line:168]:At epoch9 best acc: 77.78. 
[2026-09-19 13:00:08,584]-[train.py line:102]:
-------------- training epoch 11 -------------- 
[2026-09-19 13:00:08,900]-[trainutils.py line:416]:[EST:    6.94m][Process Time:    0.08s]- Epoch: 11 [0000/1330 (  0%)]	Losses: ce_loss-0.2513(0.2513) loss_tacl-0.0001(0.0001) loss_sacl-0.0076(0.0076) loss_event-0.0026(0.0026) loss_evidence-0.0000(0.0000) loss_query_diversity-0.0043(0.0043) loss_position-0.0000(0.0000) total_loss-0.2513(0.2513) 
[2026-09-19 13:00:39,879]-[trainutils.py line:416]:[EST:    6.35m][Process Time:    0.07s]- Epoch: 11 [0100/1330 (  8%)]	Losses: ce_loss-0.2713(0.2539) loss_tacl-0.0001(0.0001) loss_sacl-0.0081(0.0082) loss_event-0.0029(0.0029) loss_evidence-0.0000(0.0004) loss_query_diversity-0.0043(0.0043) loss_position-0.0000(0.0000) total_loss-0.2713(0.2539) 
[2026-09-19 13:01:10,815]-[trainutils.py line:416]:[EST:    5.83m][Process Time:    0.07s]- Epoch: 11 [0200/1330 ( 15%)]	Losses: ce_loss-0.2971(0.2468) loss_tacl-0.0001(0.0001) loss_sacl-0.0091(0.0085) loss_event-0.0029(0.0031) loss_evidence-0.0000(0.0004) loss_query_diversity-0.0043(0.0043) loss_position-0.0000(0.0000) total_loss-0.2971(0.2468) 
[2026-09-19 13:01:41,860]-[trainutils.py line:416]:[EST:    5.31m][Process Time:    0.07s]- Epoch: 11 [0300/1330 ( 23%)]	Losses: ce_loss-0.1665(0.2461) loss_tacl-0.0001(0.0001) loss_sacl-0.0071(0.0084) loss_event-0.0030(0.0031) loss_evidence-0.0008(0.0005) loss_query_diversity-0.0043(0.0043) loss_position-0.0000(0.0000) total_loss-0.1665(0.2461) 
[2026-09-19 13:02:11,732]-[trainutils.py line:416]:[EST:    4.75m][Process Time:    0.07s]- Epoch: 11 [0400/1330 ( 30%)]	Losses: ce_loss-0.2008(0.2486) loss_tacl-0.0001(0.0001) loss_sacl-0.0071(0.0084) loss_event-0.0028(0.0031) loss_evidence-0.0000(0.0005) loss_query_diversity-0.0043(0.0043) loss_position-0.0000(0.0000) total_loss-0.2008(0.2486) 
[2026-09-19 13:02:43,383]-[trainutils.py line:416]:[EST:    4.27m][Process Time:    0.07s]- Epoch: 11 [0500/1330 ( 38%)]	Losses: ce_loss-0.2082(0.2493) loss_tacl-0.0001(0.0001) loss_sacl-0.0060(0.0084) loss_event-0.0030(0.0031) loss_evidence-0.0002(0.0005) loss_query_diversity-0.0044(0.0043) loss_position-0.0000(0.0000) total_loss-0.2082(0.2493) 
[2026-09-19 13:03:16,719]-[trainutils.py line:416]:[EST:    3.80m][Process Time:    0.07s]- Epoch: 11 [0600/1330 ( 45%)]	Losses: ce_loss-0.4358(0.2507) loss_tacl-0.0001(0.0001) loss_sacl-0.0062(0.0083) loss_event-0.0029(0.0031) loss_evidence-0.0006(0.0005) loss_query_diversity-0.0043(0.0043) loss_position-0.0000(0.0000) total_loss-0.4358(0.2507) 
[2026-09-19 13:03:48,090]-[trainutils.py line:416]:[EST:    3.28m][Process Time:    0.08s]- Epoch: 11 [0700/1330 ( 53%)]	Losses: ce_loss-0.0972(0.2502) loss_tacl-0.0001(0.0001) loss_sacl-0.0081(0.0083) loss_event-0.0032(0.0031) loss_evidence-0.0003(0.0005) loss_query_diversity-0.0043(0.0043) loss_position-0.0000(0.0000) total_loss-0.0972(0.2502) 
[2026-09-19 13:04:18,960]-[trainutils.py line:416]:[EST:    2.76m][Process Time:    0.07s]- Epoch: 11 [0800/1330 ( 60%)]	Losses: ce_loss-0.2814(0.2504) loss_tacl-0.0001(0.0001) loss_sacl-0.0089(0.0083) loss_event-0.0033(0.0031) loss_evidence-0.0005(0.0005) loss_query_diversity-0.0044(0.0043) loss_position-0.0000(0.0000) total_loss-0.2814(0.2504) 
[2026-09-19 13:04:50,073]-[trainutils.py line:416]:[EST:    2.23m][Process Time:    0.06s]- Epoch: 11 [0900/1330 ( 68%)]	Losses: ce_loss-0.1857(0.2499) loss_tacl-0.0001(0.0001) loss_sacl-0.0082(0.0083) loss_event-0.0030(0.0031) loss_evidence-0.0003(0.0005) loss_query_diversity-0.0043(0.0043) loss_position-0.0000(0.0000) total_loss-0.1857(0.2499) 
[2026-09-19 13:05:21,589]-[trainutils.py line:416]:[EST:    1.71m][Process Time:    0.07s]- Epoch: 11 [1000/1330 ( 75%)]	Losses: ce_loss-0.2920(0.2492) loss_tacl-0.0001(0.0001) loss_sacl-0.0090(0.0083) loss_event-0.0033(0.0031) loss_evidence-0.0000(0.0005) loss_query_diversity-0.0043(0.0043) loss_position-0.0000(0.0000) total_loss-0.2920(0.2492) 
[2026-09-19 13:05:52,986]-[trainutils.py line:416]:[EST:    1.19m][Process Time:    0.07s]- Epoch: 11 [1100/1330 ( 83%)]	Losses: ce_loss-0.1936(0.2503) loss_tacl-0.0001(0.0001) loss_sacl-0.0072(0.0083) loss_event-0.0028(0.0031) loss_evidence-0.0000(0.0005) loss_query_diversity-0.0043(0.0043) loss_position-0.0000(0.0000) total_loss-0.1936(0.2503) 
[2026-09-19 13:06:24,723]-[trainutils.py line:416]:[EST:    0.67m][Process Time:    0.07s]- Epoch: 11 [1200/1330 ( 90%)]	Losses: ce_loss-0.3504(0.2510) loss_tacl-0.0001(0.0001) loss_sacl-0.0067(0.0083) loss_event-0.0025(0.0031) loss_evidence-0.0000(0.0004) loss_query_diversity-0.0043(0.0043) loss_position-0.0000(0.0000) total_loss-0.3504(0.2510) 
[2026-09-19 13:06:56,398]-[trainutils.py line:416]:[EST:    0.15m][Process Time:    0.07s]- Epoch: 11 [1300/1330 ( 98%)]	Losses: ce_loss-0.2353(0.2513) loss_tacl-0.0001(0.0001) loss_sacl-0.0088(0.0083) loss_event-0.0035(0.0031) loss_evidence-0.0000(0.0004) loss_query_diversity-0.0043(0.0043) loss_position-0.0000(0.0000) total_loss-0.2353(0.2513) 
[2026-09-19 13:07:05,574]-[trainutils.py line:416]:[EST:   -0.01m][Process Time:    0.08s]- Epoch: 11 [1330/1330 (100%)]	Losses: ce_loss-0.1645(0.2509) loss_tacl-0.0001(0.0001) loss_sacl-0.0097(0.0083) loss_event-0.0042(0.0031) loss_evidence-0.0000(0.0004) loss_query_diversity-0.0043(0.0043) loss_position-0.0000(0.0000) total_loss-0.1645(0.2509) 
[2026-09-19 13:07:06,685]-[train.py line:106]:
-------------- validation epoch 11 -------------- 
[2026-09-19 13:07:07,117]-[trainutils.py line:461]:Test progress:   0/95 
[2026-09-19 13:07:51,806]-[trainutils.py line:461]:Test progress:  95/95 
[2026-09-19 13:07:51,807]-[trainutils.py line:492]:Epoch 11 -           Audio/Counting accuracy: 84.93(434/511) 
[2026-09-19 13:07:51,808]-[trainutils.py line:492]:Epoch 11 -        Audio/Comparative accuracy: 61.69(182/295) 
[2026-09-19 13:07:51,808]-[trainutils.py line:497]:Epoch 11 -                    Audio accuracy: 76.43(616/806) 
[2026-09-19 13:07:51,808]-[trainutils.py line:492]:Epoch 11 -          Visual/Counting accuracy: 82.00(492/600) 
[2026-09-19 13:07:51,808]-[trainutils.py line:492]:Epoch 11 -          Visual/Location accuracy: 88.58(543/613) 
[2026-09-19 13:07:51,808]-[trainutils.py line:497]:Epoch 11 -                   Visual accuracy: 85.33(1035/1213) 
[2026-09-19 13:07:51,808]-[trainutils.py line:492]:Epoch 11 - Audio-Visual/Existential accuracy: 82.02(406/495) 
[2026-09-19 13:07:51,810]-[trainutils.py line:492]:Epoch 11 -    Audio-Visual/Counting accuracy: 77.25(489/633) 
[2026-09-19 13:07:51,810]-[trainutils.py line:492]:Epoch 11 -    Audio-Visual/Location accuracy: 69.63(321/461) 
[2026-09-19 13:07:51,811]-[trainutils.py line:492]:Epoch 11 - Audio-Visual/Comparative accuracy: 63.75(350/549) 
[2026-09-19 13:07:51,811]-[trainutils.py line:492]:Epoch 11 -    Audio-Visual/Temporal accuracy: 74.21(305/411) 
[2026-09-19 13:07:51,811]-[trainutils.py line:497]:Epoch 11 -             Audio-Visual accuracy: 73.40(1871/2549) 
[2026-09-19 13:07:51,811]-[trainutils.py line:501]:Epoch 11 -                    Total accuracy: 77.10(3522/4568) 
[2026-09-19 13:07:52,290]-[trainutils.py line:461]:Test progress:   0/95 
[2026-09-19 13:08:35,900]-[trainutils.py line:461]:Test progress:  95/95 
[2026-09-19 13:08:35,900]-[trainutils.py line:492]:Epoch 11 -           Audio/Counting accuracy: 86.11(440/511) 
[2026-09-19 13:08:35,902]-[trainutils.py line:492]:Epoch 11 -        Audio/Comparative accuracy: 61.69(182/295) 
[2026-09-19 13:08:35,902]-[trainutils.py line:497]:Epoch 11 -                    Audio accuracy: 77.17(622/806) 
[2026-09-19 13:08:35,903]-[trainutils.py line:492]:Epoch 11 -          Visual/Counting accuracy: 83.00(498/600) 
[2026-09-19 13:08:35,903]-[trainutils.py line:492]:Epoch 11 -          Visual/Location accuracy: 88.58(543/613) 
[2026-09-19 13:08:35,903]-[trainutils.py line:497]:Epoch 11 -                   Visual accuracy: 85.82(1041/1213) 
[2026-09-19 13:08:35,903]-[trainutils.py line:492]:Epoch 11 - Audio-Visual/Existential accuracy: 83.23(412/495) 
[2026-09-19 13:08:35,903]-[trainutils.py line:492]:Epoch 11 -    Audio-Visual/Counting accuracy: 77.88(493/633) 
[2026-09-19 13:08:35,904]-[trainutils.py line:492]:Epoch 11 -    Audio-Visual/Location accuracy: 70.07(323/461) 
[2026-09-19 13:08:35,904]-[trainutils.py line:492]:Epoch 11 - Audio-Visual/Comparative accuracy: 64.30(353/549) 
[2026-09-19 13:08:35,904]-[trainutils.py line:492]:Epoch 11 -    Audio-Visual/Temporal accuracy: 72.75(299/411) 
[2026-09-19 13:08:35,904]-[trainutils.py line:497]:Epoch 11 -             Audio-Visual accuracy: 73.75(1880/2549) 
[2026-09-19 13:08:35,904]-[trainutils.py line:501]:Epoch 11 -                    Total accuracy: 77.56(3543/4568) 
[2026-09-19 13:08:35,910]-[train.py line:167]:Epoch 11 done with 77.56 and loss 0.61328. 
[2026-09-19 13:08:35,911]-[train.py line:168]:At epoch9 best acc: 77.78. 
[2026-09-19 13:08:35,911]-[train.py line:102]:
-------------- training epoch 12 -------------- 
[2026-09-19 13:08:36,214]-[trainutils.py line:416]:[EST:    6.56m][Process Time:    0.07s]- Epoch: 12 [0000/1330 (  0%)]	Losses: ce_loss-0.3741(0.3741) loss_tacl-0.0001(0.0001) loss_sacl-0.0077(0.0077) loss_event-0.0028(0.0028) loss_evidence-0.0000(0.0000) loss_query_diversity-0.0043(0.0043) loss_position-0.0000(0.0000) total_loss-0.3741(0.3741) 
[2026-09-19 13:09:07,303]-[trainutils.py line:416]:[EST:    6.37m][Process Time:    0.07s]- Epoch: 12 [0100/1330 (  8%)]	Losses: ce_loss-0.2246(0.2115) loss_tacl-0.0001(0.0001) loss_sacl-0.0087(0.0082) loss_event-0.0035(0.0031) loss_evidence-0.0000(0.0004) loss_query_diversity-0.0043(0.0043) loss_position-0.0000(0.0000) total_loss-0.2246(0.2115) 
[2026-09-19 13:09:36,647]-[trainutils.py line:416]:[EST:    5.69m][Process Time:    0.07s]- Epoch: 12 [0200/1330 ( 15%)]	Losses: ce_loss-0.1718(0.2093) loss_tacl-0.0001(0.0001) loss_sacl-0.0067(0.0081) loss_event-0.0024(0.0031) loss_evidence-0.0000(0.0005) loss_query_diversity-0.0043(0.0043) loss_position-0.0000(0.0000) total_loss-0.1718(0.2093) 
[2026-09-19 13:10:05,837]-[trainutils.py line:416]:[EST:    5.12m][Process Time:    0.07s]- Epoch: 12 [0300/1330 ( 23%)]	Losses: ce_loss-0.1597(0.2126) loss_tacl-0.0001(0.0001) loss_sacl-0.0080(0.0081) loss_event-0.0028(0.0031) loss_evidence-0.0000(0.0004) loss_query_diversity-0.0043(0.0043) loss_position-0.0000(0.0000) total_loss-0.1597(0.2126) 
[2026-09-19 13:10:36,292]-[trainutils.py line:416]:[EST:    4.65m][Process Time:    0.07s]- Epoch: 12 [0400/1330 ( 30%)]	Losses: ce_loss-0.0545(0.2117) loss_tacl-0.0001(0.0001) loss_sacl-0.0070(0.0081) loss_event-0.0033(0.0031) loss_evidence-0.0011(0.0005) loss_query_diversity-0.0043(0.0043) loss_position-0.0000(0.0000) total_loss-0.0545(0.2117) 
[2026-09-19 13:11:06,490]-[trainutils.py line:416]:[EST:    4.15m][Process Time:    0.07s]- Epoch: 12 [0500/1330 ( 38%)]	Losses: ce_loss-0.1894(0.2182) loss_tacl-0.0001(0.0001) loss_sacl-0.0092(0.0080) loss_event-0.0036(0.0031) loss_evidence-0.0000(0.0005) loss_query_diversity-0.0043(0.0043) loss_position-0.0000(0.0000) total_loss-0.1894(0.2182) 
[2026-09-19 13:11:37,050]-[trainutils.py line:416]:[EST:    3.66m][Process Time:    0.07s]- Epoch: 12 [0600/1330 ( 45%)]	Losses: ce_loss-0.2536(0.2195) loss_tacl-0.0001(0.0001) loss_sacl-0.0083(0.0080) loss_event-0.0030(0.0031) loss_evidence-0.0000(0.0004) loss_query_diversity-0.0043(0.0043) loss_position-0.0000(0.0000) total_loss-0.2536(0.2195) 
[2026-09-19 13:12:07,196]-[trainutils.py line:416]:[EST:    3.16m][Process Time:    0.07s]- Epoch: 12 [0700/1330 ( 53%)]	Losses: ce_loss-0.1162(0.2198) loss_tacl-0.0001(0.0001) loss_sacl-0.0083(0.0079) loss_event-0.0036(0.0031) loss_evidence-0.0000(0.0004) loss_query_diversity-0.0043(0.0043) loss_position-0.0000(0.0000) total_loss-0.1162(0.2198) 
[2026-09-19 13:12:36,651]-[trainutils.py line:416]:[EST:    2.65m][Process Time:    0.07s]- Epoch: 12 [0800/1330 ( 60%)]	Losses: ce_loss-0.3207(0.2199) loss_tacl-0.0001(0.0001) loss_sacl-0.0068(0.0079) loss_event-0.0030(0.0031) loss_evidence-0.0026(0.0004) loss_query_diversity-0.0043(0.0043) loss_position-0.0000(0.0000) total_loss-0.3207(0.2199) 
[2026-09-19 13:13:06,906]-[trainutils.py line:416]:[EST:    2.15m][Process Time:    0.07s]- Epoch: 12 [0900/1330 ( 68%)]	Losses: ce_loss-0.2069(0.2199) loss_tacl-0.0001(0.0001) loss_sacl-0.0069(0.0079) loss_event-0.0031(0.0030) loss_evidence-0.0000(0.0004) loss_query_diversity-0.0043(0.0043) loss_position-0.0000(0.0000) total_loss-0.2069(0.2199) 
[2026-09-19 13:13:37,744]-[trainutils.py line:416]:[EST:    1.65m][Process Time:    0.07s]- Epoch: 12 [1000/1330 ( 75%)]	Losses: ce_loss-0.1169(0.2191) loss_tacl-0.0001(0.0001) loss_sacl-0.0072(0.0079) loss_event-0.0027(0.0030) loss_evidence-0.0000(0.0004) loss_query_diversity-0.0044(0.0043) loss_position-0.0000(0.0000) total_loss-0.1169(0.2191) 
[2026-09-19 13:14:09,573]-[trainutils.py line:416]:[EST:    1.16m][Process Time:    0.07s]- Epoch: 12 [1100/1330 ( 83%)]	Losses: ce_loss-0.0982(0.2187) loss_tacl-0.0001(0.0001) loss_sacl-0.0071(0.0079) loss_event-0.0027(0.0030) loss_evidence-0.0000(0.0004) loss_query_diversity-0.0043(0.0043) loss_position-0.0000(0.0000) total_loss-0.0982(0.2187) 
[2026-09-19 13:14:40,330]-[trainutils.py line:416]:[EST:    0.65m][Process Time:    0.07s]- Epoch: 12 [1200/1330 ( 90%)]	Losses: ce_loss-0.3077(0.2182) loss_tacl-0.0001(0.0001) loss_sacl-0.0078(0.0079) loss_event-0.0030(0.0030) loss_evidence-0.0002(0.0004) loss_query_diversity-0.0044(0.0043) loss_position-0.0000(0.0000) total_loss-0.3077(0.2182) 
[2026-09-19 13:15:10,917]-[trainutils.py line:416]:[EST:    0.15m][Process Time:    0.07s]- Epoch: 12 [1300/1330 ( 98%)]	Losses: ce_loss-0.1807(0.2191) loss_tacl-0.0001(0.0001) loss_sacl-0.0092(0.0079) loss_event-0.0037(0.0030) loss_evidence-0.0000(0.0004) loss_query_diversity-0.0044(0.0043) loss_position-0.0000(0.0000) total_loss-0.1807(0.2191) 
[2026-09-19 13:15:19,881]-[trainutils.py line:416]:[EST:   -0.01m][Process Time:    0.08s]- Epoch: 12 [1330/1330 (100%)]	Losses: ce_loss-0.2092(0.2193) loss_tacl-0.0001(0.0001) loss_sacl-0.0078(0.0079) loss_event-0.0032(0.0030) loss_evidence-0.0000(0.0004) loss_query_diversity-0.0044(0.0043) loss_position-0.0000(0.0000) total_loss-0.2092(0.2193) 
[2026-09-19 13:15:20,935]-[train.py line:106]:
-------------- validation epoch 12 -------------- 
[2026-09-19 13:15:21,343]-[trainutils.py line:461]:Test progress:   0/95 
[2026-09-19 13:16:03,223]-[trainutils.py line:461]:Test progress:  95/95 
[2026-09-19 13:16:03,224]-[trainutils.py line:492]:Epoch 12 -           Audio/Counting accuracy: 84.34(431/511) 
[2026-09-19 13:16:03,224]-[trainutils.py line:492]:Epoch 12 -        Audio/Comparative accuracy: 61.36(181/295) 
[2026-09-19 13:16:03,225]-[trainutils.py line:497]:Epoch 12 -                    Audio accuracy: 75.93(612/806) 
[2026-09-19 13:16:03,225]-[trainutils.py line:492]:Epoch 12 -          Visual/Counting accuracy: 83.17(499/600) 
[2026-09-19 13:16:03,226]-[trainutils.py line:492]:Epoch 12 -          Visual/Location accuracy: 88.74(544/613) 
[2026-09-19 13:16:03,226]-[trainutils.py line:497]:Epoch 12 -                   Visual accuracy: 85.99(1043/1213) 
[2026-09-19 13:16:03,226]-[trainutils.py line:492]:Epoch 12 - Audio-Visual/Existential accuracy: 82.63(409/495) 
[2026-09-19 13:16:03,227]-[trainutils.py line:492]:Epoch 12 -    Audio-Visual/Counting accuracy: 76.62(485/633) 
[2026-09-19 13:16:03,227]-[trainutils.py line:492]:Epoch 12 -    Audio-Visual/Location accuracy: 70.28(324/461) 
[2026-09-19 13:16:03,227]-[trainutils.py line:492]:Epoch 12 - Audio-Visual/Comparative accuracy: 65.21(358/549) 
[2026-09-19 13:16:03,229]-[trainutils.py line:492]:Epoch 12 -    Audio-Visual/Temporal accuracy: 72.51(298/411) 
[2026-09-19 13:16:03,229]-[trainutils.py line:497]:Epoch 12 -             Audio-Visual accuracy: 73.52(1874/2549) 
[2026-09-19 13:16:03,229]-[trainutils.py line:501]:Epoch 12 -                    Total accuracy: 77.25(3529/4568) 
[2026-09-19 13:16:03,717]-[trainutils.py line:461]:Test progress:   0/95 
[2026-09-19 13:16:46,499]-[trainutils.py line:461]:Test progress:  95/95 
[2026-09-19 13:16:46,499]-[trainutils.py line:492]:Epoch 12 -           Audio/Counting accuracy: 85.71(438/511) 
[2026-09-19 13:16:46,500]-[trainutils.py line:492]:Epoch 12 -        Audio/Comparative accuracy: 61.69(182/295) 
[2026-09-19 13:16:46,500]-[trainutils.py line:497]:Epoch 12 -                    Audio accuracy: 76.92(620/806) 
[2026-09-19 13:16:46,500]-[trainutils.py line:492]:Epoch 12 -          Visual/Counting accuracy: 83.17(499/600) 
[2026-09-19 13:16:46,500]-[trainutils.py line:492]:Epoch 12 -          Visual/Location accuracy: 88.42(542/613) 
[2026-09-19 13:16:46,501]-[trainutils.py line:497]:Epoch 12 -                   Visual accuracy: 85.82(1041/1213) 
[2026-09-19 13:16:46,501]-[trainutils.py line:492]:Epoch 12 - Audio-Visual/Existential accuracy: 83.43(413/495) 
[2026-09-19 13:16:46,501]-[trainutils.py line:492]:Epoch 12 -    Audio-Visual/Counting accuracy: 78.36(496/633) 
[2026-09-19 13:16:46,502]-[trainutils.py line:492]:Epoch 12 -    Audio-Visual/Location accuracy: 68.98(318/461) 
[2026-09-19 13:16:46,502]-[trainutils.py line:492]:Epoch 12 - Audio-Visual/Comparative accuracy: 64.66(355/549) 
[2026-09-19 13:16:46,502]-[trainutils.py line:492]:Epoch 12 -    Audio-Visual/Temporal accuracy: 72.75(299/411) 
[2026-09-19 13:16:46,502]-[trainutils.py line:497]:Epoch 12 -             Audio-Visual accuracy: 73.79(1881/2549) 
[2026-09-19 13:16:46,502]-[trainutils.py line:501]:Epoch 12 -                    Total accuracy: 77.54(3542/4568) 
[2026-09-19 13:16:46,507]-[train.py line:167]:Epoch 12 done with 77.54 and loss 0.64062. 
[2026-09-19 13:16:46,507]-[train.py line:168]:At epoch9 best acc: 77.78. 
[2026-09-19 13:16:46,507]-[train.py line:102]:
-------------- training epoch 13 -------------- 
[2026-09-19 13:16:46,790]-[trainutils.py line:416]:[EST:    6.21m][Process Time:    0.07s]- Epoch: 13 [0000/1330 (  0%)]	Losses: ce_loss-0.2485(0.2485) loss_tacl-0.0001(0.0001) loss_sacl-0.0080(0.0080) loss_event-0.0028(0.0028) loss_evidence-0.0000(0.0000) loss_query_diversity-0.0044(0.0044) loss_position-0.0000(0.0000) total_loss-0.2485(0.2485) 
[2026-09-19 13:17:15,630]-[trainutils.py line:416]:[EST:    5.91m][Process Time:    0.07s]- Epoch: 13 [0100/1330 (  8%)]	Losses: ce_loss-0.2248(0.1937) loss_tacl-0.0001(0.0001) loss_sacl-0.0082(0.0078) loss_event-0.0036(0.0031) loss_evidence-0.0000(0.0004) loss_query_diversity-0.0043(0.0043) loss_position-0.0000(0.0000) total_loss-0.2248(0.1937) 
[2026-09-19 13:17:45,417]-[trainutils.py line:416]:[EST:    5.51m][Process Time:    0.06s]- Epoch: 13 [0200/1330 ( 15%)]	Losses: ce_loss-0.3617(0.1932) loss_tacl-0.0001(0.0001) loss_sacl-0.0070(0.0078) loss_event-0.0026(0.0030) loss_evidence-0.0000(0.0004) loss_query_diversity-0.0043(0.0043) loss_position-0.0000(0.0000) total_loss-0.3617(0.1932) 
[2026-09-19 13:18:14,180]-[trainutils.py line:416]:[EST:    5.00m][Process Time:    0.07s]- Epoch: 13 [0300/1330 ( 23%)]	Losses: ce_loss-0.3518(0.1930) loss_tacl-0.0001(0.0001) loss_sacl-0.0070(0.0077) loss_event-0.0030(0.0030) loss_evidence-0.0000(0.0004) loss_query_diversity-0.0043(0.0043) loss_position-0.0000(0.0000) total_loss-0.3518(0.1930) 
[2026-09-19 13:18:44,309]-[trainutils.py line:416]:[EST:    4.55m][Process Time:    0.07s]- Epoch: 13 [0400/1330 ( 30%)]	Losses: ce_loss-0.0965(0.1880) loss_tacl-0.0001(0.0001) loss_sacl-0.0078(0.0077) loss_event-0.0035(0.0030) loss_evidence-0.0019(0.0004) loss_query_diversity-0.0043(0.0043) loss_position-0.0000(0.0000) total_loss-0.0965(0.1880) 
[2026-09-19 13:19:14,201]-[trainutils.py line:416]:[EST:    4.07m][Process Time:    0.07s]- Epoch: 13 [0500/1330 ( 38%)]	Losses: ce_loss-0.3122(0.1935) loss_tacl-0.0001(0.0001) loss_sacl-0.0062(0.0077) loss_event-0.0033(0.0030) loss_evidence-0.0007(0.0004) loss_query_diversity-0.0044(0.0043) loss_position-0.0000(0.0000) total_loss-0.3122(0.1935) 
[2026-09-19 13:19:44,549]-[trainutils.py line:416]:[EST:    3.60m][Process Time:    0.07s]- Epoch: 13 [0600/1330 ( 45%)]	Losses: ce_loss-0.1335(0.1948) loss_tacl-0.0001(0.0001) loss_sacl-0.0064(0.0077) loss_event-0.0029(0.0030) loss_evidence-0.0000(0.0004) loss_query_diversity-0.0043(0.0043) loss_position-0.0000(0.0000) total_loss-0.1335(0.1948) 
[2026-09-19 13:20:14,763]-[trainutils.py line:416]:[EST:    3.11m][Process Time:    0.07s]- Epoch: 13 [0700/1330 ( 53%)]	Losses: ce_loss-0.0717(0.1943) loss_tacl-0.0001(0.0001) loss_sacl-0.0090(0.0077) loss_event-0.0036(0.0030) loss_evidence-0.0000(0.0004) loss_query_diversity-0.0044(0.0043) loss_position-0.0000(0.0000) total_loss-0.0717(0.1943) 
[2026-09-19 13:20:45,086]-[trainutils.py line:416]:[EST:    2.63m][Process Time:    0.07s]- Epoch: 13 [0800/1330 ( 60%)]	Losses: ce_loss-0.1298(0.1948) loss_tacl-0.0001(0.0001) loss_sacl-0.0087(0.0077) loss_event-0.0033(0.0030) loss_evidence-0.0000(0.0004) loss_query_diversity-0.0044(0.0043) loss_position-0.0000(0.0000) total_loss-0.1298(0.1948) 
[2026-09-19 13:21:14,101]-[trainutils.py line:416]:[EST:    2.12m][Process Time:    0.07s]- Epoch: 13 [0900/1330 ( 68%)]	Losses: ce_loss-0.1088(0.1948) loss_tacl-0.0001(0.0001) loss_sacl-0.0082(0.0077) loss_event-0.0029(0.0030) loss_evidence-0.0003(0.0004) loss_query_diversity-0.0043(0.0043) loss_position-0.0000(0.0000) total_loss-0.1088(0.1948) 
[2026-09-19 13:21:45,091]-[trainutils.py line:416]:[EST:    1.64m][Process Time:    0.07s]- Epoch: 13 [1000/1330 ( 75%)]	Losses: ce_loss-0.2484(0.1956) loss_tacl-0.0001(0.0001) loss_sacl-0.0070(0.0077) loss_event-0.0028(0.0030) loss_evidence-0.0000(0.0004) loss_query_diversity-0.0043(0.0043) loss_position-0.0000(0.0000) total_loss-0.2484(0.1956) 
[2026-09-19 13:22:16,826]-[trainutils.py line:416]:[EST:    1.15m][Process Time:    0.07s]- Epoch: 13 [1100/1330 ( 83%)]	Losses: ce_loss-0.1277(0.1955) loss_tacl-0.0001(0.0001) loss_sacl-0.0083(0.0076) loss_event-0.0030(0.0030) loss_evidence-0.0000(0.0004) loss_query_diversity-0.0043(0.0043) loss_position-0.0000(0.0000) total_loss-0.1277(0.1955) 
[2026-09-19 13:22:47,046]-[trainutils.py line:416]:[EST:    0.65m][Process Time:    0.07s]- Epoch: 13 [1200/1330 ( 90%)]	Losses: ce_loss-0.1927(0.1955) loss_tacl-0.0001(0.0001) loss_sacl-0.0081(0.0076) loss_event-0.0030(0.0030) loss_evidence-0.0011(0.0004) loss_query_diversity-0.0043(0.0043) loss_position-0.0000(0.0000) total_loss-0.1927(0.1955) 
[2026-09-19 13:23:17,854]-[trainutils.py line:416]:[EST:    0.15m][Process Time:    0.08s]- Epoch: 13 [1300/1330 ( 98%)]	Losses: ce_loss-0.2743(0.1947) loss_tacl-0.0001(0.0001) loss_sacl-0.0070(0.0076) loss_event-0.0028(0.0030) loss_evidence-0.0000(0.0004) loss_query_diversity-0.0043(0.0043) loss_position-0.0000(0.0000) total_loss-0.2743(0.1947) 
[2026-09-19 13:23:26,817]-[trainutils.py line:416]:[EST:   -0.01m][Process Time:    0.07s]- Epoch: 13 [1330/1330 (100%)]	Losses: ce_loss-0.1705(0.1952) loss_tacl-0.0001(0.0001) loss_sacl-0.0090(0.0076) loss_event-0.0027(0.0030) loss_evidence-0.0000(0.0004) loss_query_diversity-0.0043(0.0043) loss_position-0.0000(0.0000) total_loss-0.1705(0.1952) 
[2026-09-19 13:23:27,861]-[train.py line:106]:
-------------- validation epoch 13 -------------- 
[2026-09-19 13:23:28,254]-[trainutils.py line:461]:Test progress:   0/95 
[2026-09-19 13:24:14,591]-[trainutils.py line:461]:Test progress:  95/95 
[2026-09-19 13:24:14,592]-[trainutils.py line:492]:Epoch 13 -           Audio/Counting accuracy: 84.54(432/511) 
[2026-09-19 13:24:14,592]-[trainutils.py line:492]:Epoch 13 -        Audio/Comparative accuracy: 59.32(175/295) 
[2026-09-19 13:24:14,592]-[trainutils.py line:497]:Epoch 13 -                    Audio accuracy: 75.31(607/806) 
[2026-09-19 13:24:14,592]-[trainutils.py line:492]:Epoch 13 -          Visual/Counting accuracy: 83.00(498/600) 
[2026-09-19 13:24:14,592]-[trainutils.py line:492]:Epoch 13 -          Visual/Location accuracy: 88.74(544/613) 
[2026-09-19 13:24:14,592]-[trainutils.py line:497]:Epoch 13 -                   Visual accuracy: 85.90(1042/1213) 
[2026-09-19 13:24:14,593]-[trainutils.py line:492]:Epoch 13 - Audio-Visual/Existential accuracy: 82.22(407/495) 
[2026-09-19 13:24:14,593]-[trainutils.py line:492]:Epoch 13 -    Audio-Visual/Counting accuracy: 76.94(487/633) 
[2026-09-19 13:24:14,593]-[trainutils.py line:492]:Epoch 13 -    Audio-Visual/Location accuracy: 68.76(317/461) 
[2026-09-19 13:24:14,593]-[trainutils.py line:492]:Epoch 13 - Audio-Visual/Comparative accuracy: 62.84(345/549) 
[2026-09-19 13:24:14,594]-[trainutils.py line:492]:Epoch 13 -    Audio-Visual/Temporal accuracy: 73.24(301/411) 
[2026-09-19 13:24:14,594]-[trainutils.py line:497]:Epoch 13 -             Audio-Visual accuracy: 72.85(1857/2549) 
[2026-09-19 13:24:14,595]-[trainutils.py line:501]:Epoch 13 -                    Total accuracy: 76.75(3506/4568) 
[2026-09-19 13:24:15,181]-[trainutils.py line:461]:Test progress:   0/95 
[2026-09-19 13:24:48,124]-[trainutils.py line:461]:Test progress:  95/95 
[2026-09-19 13:24:48,124]-[trainutils.py line:492]:Epoch 13 -           Audio/Counting accuracy: 85.52(437/511) 
[2026-09-19 13:24:48,125]-[trainutils.py line:492]:Epoch 13 -        Audio/Comparative accuracy: 60.68(179/295) 
[2026-09-19 13:24:48,125]-[trainutils.py line:497]:Epoch 13 -                    Audio accuracy: 76.43(616/806) 
[2026-09-19 13:24:48,125]-[trainutils.py line:492]:Epoch 13 -          Visual/Counting accuracy: 83.17(499/600) 
[2026-09-19 13:24:48,125]-[trainutils.py line:492]:Epoch 13 -          Visual/Location accuracy: 88.58(543/613) 
[2026-09-19 13:24:48,125]-[trainutils.py line:497]:Epoch 13 -                   Visual accuracy: 85.90(1042/1213) 
[2026-09-19 13:24:48,125]-[trainutils.py line:492]:Epoch 13 - Audio-Visual/Existential accuracy: 83.84(415/495) 
[2026-09-19 13:24:48,126]-[trainutils.py line:492]:Epoch 13 -    Audio-Visual/Counting accuracy: 78.20(495/633) 
[2026-09-19 13:24:48,126]-[trainutils.py line:492]:Epoch 13 -    Audio-Visual/Location accuracy: 69.20(319/461) 
[2026-09-19 13:24:48,126]-[trainutils.py line:492]:Epoch 13 - Audio-Visual/Comparative accuracy: 64.85(356/549) 
[2026-09-19 13:24:48,126]-[trainutils.py line:492]:Epoch 13 -    Audio-Visual/Temporal accuracy: 73.48(302/411) 
[2026-09-19 13:24:48,126]-[trainutils.py line:497]:Epoch 13 -             Audio-Visual accuracy: 74.03(1887/2549) 
[2026-09-19 13:24:48,126]-[trainutils.py line:501]:Epoch 13 -                    Total accuracy: 77.61(3545/4568) 
[2026-09-19 13:24:48,129]-[train.py line:167]:Epoch 13 done with 77.61 and loss 0.67188. 
[2026-09-19 13:24:48,129]-[train.py line:168]:At epoch9 best acc: 77.78. 
[2026-09-19 13:24:48,129]-[train.py line:102]:
-------------- training epoch 14 -------------- 
[2026-09-19 13:24:48,342]-[trainutils.py line:416]:[EST:    4.67m][Process Time:    0.05s]- Epoch: 14 [0000/1330 (  0%)]	Losses: ce_loss-0.1303(0.1303) loss_tacl-0.0001(0.0001) loss_sacl-0.0080(0.0080) loss_event-0.0031(0.0031) loss_evidence-0.0000(0.0000) loss_query_diversity-0.0044(0.0044) loss_position-0.0000(0.0000) total_loss-0.1303(0.1303) 
[2026-09-19 13:25:09,208]-[trainutils.py line:416]:[EST:    4.27m][Process Time:    0.05s]- Epoch: 14 [0100/1330 (  8%)]	Losses: ce_loss-0.2309(0.1867) loss_tacl-0.0001(0.0001) loss_sacl-0.0070(0.0075) loss_event-0.0026(0.0030) loss_evidence-0.0012(0.0006) loss_query_diversity-0.0044(0.0043) loss_position-0.0000(0.0000) total_loss-0.2309(0.1867) 
[2026-09-19 13:25:31,500]-[trainutils.py line:416]:[EST:    4.06m][Process Time:    0.06s]- Epoch: 14 [0200/1330 ( 15%)]	Losses: ce_loss-0.1973(0.1788) loss_tacl-0.0001(0.0001) loss_sacl-0.0102(0.0076) loss_event-0.0034(0.0030) loss_evidence-0.0000(0.0005) loss_query_diversity-0.0043(0.0043) loss_position-0.0000(0.0000) total_loss-0.1973(0.1788) 
[2026-09-19 13:25:54,132]-[trainutils.py line:416]:[EST:    3.76m][Process Time:    0.06s]- Epoch: 14 [0300/1330 ( 23%)]	Losses: ce_loss-0.1739(0.1758) loss_tacl-0.0001(0.0001) loss_sacl-0.0081(0.0076) loss_event-0.0031(0.0030) loss_evidence-0.0006(0.0004) loss_query_diversity-0.0044(0.0043) loss_position-0.0000(0.0000) total_loss-0.1739(0.1758) 
[2026-09-19 13:26:22,295]-[trainutils.py line:416]:[EST:    3.64m][Process Time:    0.09s]- Epoch: 14 [0400/1330 ( 30%)]	Losses: ce_loss-0.0901(0.1755) loss_tacl-0.0001(0.0001) loss_sacl-0.0080(0.0076) loss_event-0.0033(0.0030) loss_evidence-0.0000(0.0004) loss_query_diversity-0.0044(0.0043) loss_position-0.0000(0.0000) total_loss-0.0901(0.1755) 
[2026-09-19 13:26:55,723]-[trainutils.py line:416]:[EST:    3.52m][Process Time:    0.07s]- Epoch: 14 [0500/1330 ( 38%)]	Losses: ce_loss-0.1864(0.1736) loss_tacl-0.0001(0.0001) loss_sacl-0.0080(0.0076) loss_event-0.0035(0.0030) loss_evidence-0.0000(0.0004) loss_query_diversity-0.0044(0.0043) loss_position-0.0000(0.0000) total_loss-0.1864(0.1736) 
[2026-09-19 13:27:28,735]-[trainutils.py line:416]:[EST:    3.25m][Process Time:    0.07s]- Epoch: 14 [0600/1330 ( 45%)]	Losses: ce_loss-0.2227(0.1745) loss_tacl-0.0001(0.0001) loss_sacl-0.0074(0.0076) loss_event-0.0034(0.0030) loss_evidence-0.0034(0.0004) loss_query_diversity-0.0043(0.0043) loss_position-0.0000(0.0000) total_loss-0.2227(0.1745) 
[2026-09-19 13:28:01,767]-[trainutils.py line:416]:[EST:    2.90m][Process Time:    0.08s]- Epoch: 14 [0700/1330 ( 53%)]	Losses: ce_loss-0.2872(0.1757) loss_tacl-0.0001(0.0001) loss_sacl-0.0066(0.0075) loss_event-0.0029(0.0030) loss_evidence-0.0000(0.0004) loss_query_diversity-0.0043(0.0043) loss_position-0.0000(0.0000) total_loss-0.2872(0.1757) 
[2026-09-19 13:28:34,821]-[trainutils.py line:416]:[EST:    2.50m][Process Time:    0.07s]- Epoch: 14 [0800/1330 ( 60%)]	Losses: ce_loss-0.2636(0.1757) loss_tacl-0.0001(0.0001) loss_sacl-0.0058(0.0075) loss_event-0.0029(0.0030) loss_evidence-0.0000(0.0004) loss_query_diversity-0.0044(0.0043) loss_position-0.0000(0.0000) total_loss-0.2636(0.1757) 
[2026-09-19 13:29:06,295]-[trainutils.py line:416]:[EST:    2.05m][Process Time:    0.07s]- Epoch: 14 [0900/1330 ( 68%)]	Losses: ce_loss-0.3101(0.1762) loss_tacl-0.0001(0.0001) loss_sacl-0.0072(0.0075) loss_event-0.0030(0.0030) loss_evidence-0.0000(0.0004) loss_query_diversity-0.0043(0.0043) loss_position-0.0000(0.0000) total_loss-0.3101(0.1762) 
[2026-09-19 13:29:39,459]-[trainutils.py line:416]:[EST:    1.60m][Process Time:    0.07s]- Epoch: 14 [1000/1330 ( 75%)]	Losses: ce_loss-0.1639(0.1760) loss_tacl-0.0001(0.0001) loss_sacl-0.0069(0.0075) loss_event-0.0030(0.0030) loss_evidence-0.0003(0.0004) loss_query_diversity-0.0043(0.0043) loss_position-0.0000(0.0000) total_loss-0.1639(0.1760) 
[2026-09-19 13:30:13,717]-[trainutils.py line:416]:[EST:    1.13m][Process Time:    0.08s]- Epoch: 14 [1100/1330 ( 83%)]	Losses: ce_loss-0.2420(0.1759) loss_tacl-0.0001(0.0001) loss_sacl-0.0067(0.0075) loss_event-0.0031(0.0030) loss_evidence-0.0000(0.0004) loss_query_diversity-0.0044(0.0043) loss_position-0.0000(0.0000) total_loss-0.2420(0.1759) 
[2026-09-19 13:30:46,319]-[trainutils.py line:416]:[EST:    0.64m][Process Time:    0.07s]- Epoch: 14 [1200/1330 ( 90%)]	Losses: ce_loss-0.2373(0.1762) loss_tacl-0.0001(0.0001) loss_sacl-0.0100(0.0075) loss_event-0.0037(0.0030) loss_evidence-0.0000(0.0004) loss_query_diversity-0.0043(0.0043) loss_position-0.0000(0.0000) total_loss-0.2373(0.1762) 
[2026-09-19 13:31:18,654]-[trainutils.py line:416]:[EST:    0.15m][Process Time:    0.08s]- Epoch: 14 [1300/1330 ( 98%)]	Losses: ce_loss-0.3054(0.1764) loss_tacl-0.0001(0.0001) loss_sacl-0.0073(0.0075) loss_event-0.0033(0.0030) loss_evidence-0.0000(0.0004) loss_query_diversity-0.0043(0.0043) loss_position-0.0000(0.0000) total_loss-0.3054(0.1764) 
[2026-09-19 13:31:28,609]-[trainutils.py line:416]:[EST:   -0.01m][Process Time:    0.12s]- Epoch: 14 [1330/1330 (100%)]	Losses: ce_loss-0.0657(0.1765) loss_tacl-0.0001(0.0001) loss_sacl-0.0063(0.0075) loss_event-0.0026(0.0030) loss_evidence-0.0000(0.0004) loss_query_diversity-0.0044(0.0043) loss_position-0.0000(0.0000) total_loss-0.0657(0.1765) 
[2026-09-19 13:31:30,495]-[train.py line:106]:
-------------- validation epoch 14 -------------- 
[2026-09-19 13:31:31,100]-[trainutils.py line:461]:Test progress:   0/95 
[2026-09-19 13:32:18,797]-[trainutils.py line:461]:Test progress:  95/95 
[2026-09-19 13:32:18,801]-[trainutils.py line:492]:Epoch 14 -           Audio/Counting accuracy: 85.52(437/511) 
[2026-09-19 13:32:18,802]-[trainutils.py line:492]:Epoch 14 -        Audio/Comparative accuracy: 58.31(172/295) 
[2026-09-19 13:32:18,802]-[trainutils.py line:497]:Epoch 14 -                    Audio accuracy: 75.56(609/806) 
[2026-09-19 13:32:18,803]-[trainutils.py line:492]:Epoch 14 -          Visual/Counting accuracy: 82.50(495/600) 
[2026-09-19 13:32:18,803]-[trainutils.py line:492]:Epoch 14 -          Visual/Location accuracy: 88.58(543/613) 
[2026-09-19 13:32:18,803]-[trainutils.py line:497]:Epoch 14 -                   Visual accuracy: 85.57(1038/1213) 
[2026-09-19 13:32:18,804]-[trainutils.py line:492]:Epoch 14 - Audio-Visual/Existential accuracy: 81.21(402/495) 
[2026-09-19 13:32:18,804]-[trainutils.py line:492]:Epoch 14 -    Audio-Visual/Counting accuracy: 77.09(488/633) 
[2026-09-19 13:32:18,804]-[trainutils.py line:492]:Epoch 14 -    Audio-Visual/Location accuracy: 68.55(316/461) 
[2026-09-19 13:32:18,805]-[trainutils.py line:492]:Epoch 14 - Audio-Visual/Comparative accuracy: 63.57(349/549) 
[2026-09-19 13:32:18,805]-[trainutils.py line:492]:Epoch 14 -    Audio-Visual/Temporal accuracy: 74.21(305/411) 
[2026-09-19 13:32:18,805]-[trainutils.py line:497]:Epoch 14 -             Audio-Visual accuracy: 72.97(1860/2549) 
[2026-09-19 13:32:18,806]-[trainutils.py line:501]:Epoch 14 -                    Total accuracy: 76.77(3507/4568) 
[2026-09-19 13:32:19,341]-[trainutils.py line:461]:Test progress:   0/95 
[2026-09-19 13:33:07,155]-[trainutils.py line:461]:Test progress:  95/95 
[2026-09-19 13:33:07,156]-[trainutils.py line:492]:Epoch 14 -           Audio/Counting accuracy: 85.32(436/511) 
[2026-09-19 13:33:07,157]-[trainutils.py line:492]:Epoch 14 -        Audio/Comparative accuracy: 59.66(176/295) 
[2026-09-19 13:33:07,157]-[trainutils.py line:497]:Epoch 14 -                    Audio accuracy: 75.93(612/806) 
[2026-09-19 13:33:07,157]-[trainutils.py line:492]:Epoch 14 -          Visual/Counting accuracy: 83.00(498/600) 
[2026-09-19 13:33:07,158]-[trainutils.py line:492]:Epoch 14 -          Visual/Location accuracy: 88.58(543/613) 
[2026-09-19 13:33:07,158]-[trainutils.py line:497]:Epoch 14 -                   Visual accuracy: 85.82(1041/1213) 
[2026-09-19 13:33:07,158]-[trainutils.py line:492]:Epoch 14 - Audio-Visual/Existential accuracy: 81.82(405/495) 
[2026-09-19 13:33:07,159]-[trainutils.py line:492]:Epoch 14 -    Audio-Visual/Counting accuracy: 77.41(490/633) 
[2026-09-19 13:33:07,159]-[trainutils.py line:492]:Epoch 14 -    Audio-Visual/Location accuracy: 68.76(317/461) 
[2026-09-19 13:33:07,160]-[trainutils.py line:492]:Epoch 14 - Audio-Visual/Comparative accuracy: 63.39(348/549) 
[2026-09-19 13:33:07,161]-[trainutils.py line:492]:Epoch 14 -    Audio-Visual/Temporal accuracy: 73.97(304/411) 
[2026-09-19 13:33:07,162]-[trainutils.py line:497]:Epoch 14 -             Audio-Visual accuracy: 73.13(1864/2549) 
[2026-09-19 13:33:07,162]-[trainutils.py line:501]:Epoch 14 -                    Total accuracy: 76.99(3517/4568) 
[2026-09-19 13:33:07,170]-[train.py line:167]:Epoch 14 done with 76.99 and loss 0.69922. 
[2026-09-19 13:33:07,170]-[train.py line:168]:At epoch9 best acc: 77.78. 
[2026-09-19 13:33:07,171]-[train.py line:102]:
-------------- training epoch 15 -------------- 
[2026-09-19 13:33:07,504]-[trainutils.py line:416]:[EST:    7.28m][Process Time:    0.09s]- Epoch: 15 [0000/1330 (  0%)]	Losses: ce_loss-0.1250(0.1250) loss_tacl-0.0001(0.0001) loss_sacl-0.0085(0.0085) loss_event-0.0035(0.0035) loss_evidence-0.0000(0.0000) loss_query_diversity-0.0044(0.0044) loss_position-0.0000(0.0000) total_loss-0.1250(0.1250) 
[2026-09-19 13:33:41,524]-[trainutils.py line:416]:[EST:    6.97m][Process Time:    0.08s]- Epoch: 15 [0100/1330 (  8%)]	Losses: ce_loss-0.1656(0.1591) loss_tacl-0.0001(0.0001) loss_sacl-0.0070(0.0075) loss_event-0.0033(0.0030) loss_evidence-0.0000(0.0005) loss_query_diversity-0.0043(0.0043) loss_position-0.0000(0.0000) total_loss-0.1656(0.1591) 
[2026-09-19 13:34:15,927]-[trainutils.py line:416]:[EST:    6.44m][Process Time:    0.08s]- Epoch: 15 [0200/1330 ( 15%)]	Losses: ce_loss-0.0670(0.1667) loss_tacl-0.0001(0.0001) loss_sacl-0.0065(0.0075) loss_event-0.0028(0.0030) loss_evidence-0.0000(0.0004) loss_query_diversity-0.0044(0.0043) loss_position-0.0000(0.0000) total_loss-0.0670(0.1667) 
[2026-09-19 13:34:50,597]-[trainutils.py line:416]:[EST:    5.89m][Process Time:    0.07s]- Epoch: 15 [0300/1330 ( 23%)]	Losses: ce_loss-0.0837(0.1660) loss_tacl-0.0001(0.0001) loss_sacl-0.0070(0.0075) loss_event-0.0023(0.0030) loss_evidence-0.0000(0.0004) loss_query_diversity-0.0044(0.0043) loss_position-0.0000(0.0000) total_loss-0.0837(0.1660) 
[2026-09-19 13:35:27,474]-[trainutils.py line:416]:[EST:    5.42m][Process Time:    0.08s]- Epoch: 15 [0400/1330 ( 30%)]	Losses: ce_loss-0.2061(0.1647) loss_tacl-0.0001(0.0001) loss_sacl-0.0076(0.0075) loss_event-0.0033(0.0030) loss_evidence-0.0000(0.0005) loss_query_diversity-0.0044(0.0043) loss_position-0.0000(0.0000) total_loss-0.2061(0.1647) 
[2026-09-19 13:36:02,424]-[trainutils.py line:416]:[EST:    4.83m][Process Time:    0.07s]- Epoch: 15 [0500/1330 ( 38%)]	Losses: ce_loss-0.1806(0.1647) loss_tacl-0.0001(0.0001) loss_sacl-0.0075(0.0075) loss_event-0.0025(0.0030) loss_evidence-0.0000(0.0004) loss_query_diversity-0.0044(0.0043) loss_position-0.0000(0.0000) total_loss-0.1806(0.1647) 
[2026-09-19 13:36:36,039]-[trainutils.py line:416]:[EST:    4.22m][Process Time:    0.07s]- Epoch: 15 [0600/1330 ( 45%)]	Losses: ce_loss-0.0830(0.1640) loss_tacl-0.0001(0.0001) loss_sacl-0.0077(0.0075) loss_event-0.0026(0.0030) loss_evidence-0.0000(0.0004) loss_query_diversity-0.0043(0.0043) loss_position-0.0000(0.0000) total_loss-0.0830(0.1640) 
[2026-09-19 13:37:09,015]-[trainutils.py line:416]:[EST:    3.62m][Process Time:    0.07s]- Epoch: 15 [0700/1330 ( 53%)]	Losses: ce_loss-0.1635(0.1644) loss_tacl-0.0001(0.0001) loss_sacl-0.0066(0.0075) loss_event-0.0027(0.0030) loss_evidence-0.0000(0.0004) loss_query_diversity-0.0044(0.0043) loss_position-0.0000(0.0000) total_loss-0.1635(0.1644) 
[2026-09-19 13:37:43,464]-[trainutils.py line:416]:[EST:    3.04m][Process Time:    0.08s]- Epoch: 15 [0800/1330 ( 60%)]	Losses: ce_loss-0.0846(0.1646) loss_tacl-0.0001(0.0001) loss_sacl-0.0086(0.0075) loss_event-0.0034(0.0030) loss_evidence-0.0000(0.0004) loss_query_diversity-0.0043(0.0043) loss_position-0.0000(0.0000) total_loss-0.0846(0.1646) 
[2026-09-19 13:38:18,632]-[trainutils.py line:416]:[EST:    2.47m][Process Time:    0.07s]- Epoch: 15 [0900/1330 ( 68%)]	Losses: ce_loss-0.2226(0.1647) loss_tacl-0.0001(0.0001) loss_sacl-0.0087(0.0075) loss_event-0.0032(0.0030) loss_evidence-0.0000(0.0004) loss_query_diversity-0.0043(0.0043) loss_position-0.0000(0.0000) total_loss-0.2226(0.1647) 
[2026-09-19 13:38:52,800]-[trainutils.py line:416]:[EST:    1.89m][Process Time:    0.08s]- Epoch: 15 [1000/1330 ( 75%)]	Losses: ce_loss-0.1960(0.1637) loss_tacl-0.0001(0.0001) loss_sacl-0.0066(0.0075) loss_event-0.0030(0.0030) loss_evidence-0.0001(0.0003) loss_query_diversity-0.0044(0.0043) loss_position-0.0000(0.0000) total_loss-0.1960(0.1637) 
[2026-09-19 13:39:25,248]-[trainutils.py line:416]:[EST:    1.31m][Process Time:    0.07s]- Epoch: 15 [1100/1330 ( 83%)]	Losses: ce_loss-0.1491(0.1637) loss_tacl-0.0001(0.0001) loss_sacl-0.0074(0.0075) loss_event-0.0026(0.0030) loss_evidence-0.0000(0.0003) loss_query_diversity-0.0043(0.0043) loss_position-0.0000(0.0000) total_loss-0.1491(0.1637) 
[2026-09-19 13:39:59,008]-[trainutils.py line:416]:[EST:    0.74m][Process Time:    0.08s]- Epoch: 15 [1200/1330 ( 90%)]	Losses: ce_loss-0.0594(0.1631) loss_tacl-0.0001(0.0001) loss_sacl-0.0065(0.0075) loss_event-0.0027(0.0030) loss_evidence-0.0002(0.0004) loss_query_diversity-0.0044(0.0043) loss_position-0.0000(0.0000) total_loss-0.0594(0.1631) 
[2026-09-19 13:40:33,271]-[trainutils.py line:416]:[EST:    0.17m][Process Time:    0.08s]- Epoch: 15 [1300/1330 ( 98%)]	Losses: ce_loss-0.1409(0.1653) loss_tacl-0.0001(0.0001) loss_sacl-0.0057(0.0074) loss_event-0.0026(0.0030) loss_evidence-0.0000(0.0003) loss_query_diversity-0.0044(0.0043) loss_position-0.0000(0.0000) total_loss-0.1409(0.1653) 
[2026-09-19 13:40:43,942]-[trainutils.py line:416]:[EST:   -0.01m][Process Time:    0.10s]- Epoch: 15 [1330/1330 (100%)]	Losses: ce_loss-0.6934(0.1657) loss_tacl-0.0001(0.0001) loss_sacl-0.0059(0.0074) loss_event-0.0021(0.0030) loss_evidence-0.0000(0.0003) loss_query_diversity-0.0044(0.0043) loss_position-0.0000(0.0000) total_loss-0.6934(0.1657) 
[2026-09-19 13:40:45,285]-[train.py line:106]:
-------------- validation epoch 15 -------------- 
[2026-09-19 13:40:45,810]-[trainutils.py line:461]:Test progress:   0/95 
[2026-09-19 13:41:38,552]-[trainutils.py line:461]:Test progress:  95/95 
[2026-09-19 13:41:38,553]-[trainutils.py line:492]:Epoch 15 -           Audio/Counting accuracy: 85.13(435/511) 
[2026-09-19 13:41:38,553]-[trainutils.py line:492]:Epoch 15 -        Audio/Comparative accuracy: 58.98(174/295) 
[2026-09-19 13:41:38,553]-[trainutils.py line:497]:Epoch 15 -                    Audio accuracy: 75.56(609/806) 
[2026-09-19 13:41:38,554]-[trainutils.py line:492]:Epoch 15 -          Visual/Counting accuracy: 82.50(495/600) 
[2026-09-19 13:41:38,554]-[trainutils.py line:492]:Epoch 15 -          Visual/Location accuracy: 89.40(548/613) 
[2026-09-19 13:41:38,554]-[trainutils.py line:497]:Epoch 15 -                   Visual accuracy: 85.99(1043/1213) 
[2026-09-19 13:41:38,554]-[trainutils.py line:492]:Epoch 15 - Audio-Visual/Existential accuracy: 80.00(396/495) 
[2026-09-19 13:41:38,554]-[trainutils.py line:492]:Epoch 15 -    Audio-Visual/Counting accuracy: 77.57(491/633) 
[2026-09-19 13:41:38,555]-[trainutils.py line:492]:Epoch 15 -    Audio-Visual/Location accuracy: 69.41(320/461) 
[2026-09-19 13:41:38,556]-[trainutils.py line:492]:Epoch 15 - Audio-Visual/Comparative accuracy: 62.84(345/549) 
[2026-09-19 13:41:38,556]-[trainutils.py line:492]:Epoch 15 -    Audio-Visual/Temporal accuracy: 73.97(304/411) 
[2026-09-19 13:41:38,556]-[trainutils.py line:497]:Epoch 15 -             Audio-Visual accuracy: 72.81(1856/2549) 
[2026-09-19 13:41:38,557]-[trainutils.py line:501]:Epoch 15 -                    Total accuracy: 76.80(3508/4568) 
[2026-09-19 13:41:39,087]-[trainutils.py line:461]:Test progress:   0/95 
[2026-09-19 13:42:27,304]-[trainutils.py line:461]:Test progress:  95/95 
[2026-09-19 13:42:27,305]-[trainutils.py line:492]:Epoch 15 -           Audio/Counting accuracy: 85.32(436/511) 
[2026-09-19 13:42:27,305]-[trainutils.py line:492]:Epoch 15 -        Audio/Comparative accuracy: 58.98(174/295) 
[2026-09-19 13:42:27,305]-[trainutils.py line:497]:Epoch 15 -                    Audio accuracy: 75.68(610/806) 
[2026-09-19 13:42:27,307]-[trainutils.py line:492]:Epoch 15 -          Visual/Counting accuracy: 83.17(499/600) 
[2026-09-19 13:42:27,307]-[trainutils.py line:492]:Epoch 15 -          Visual/Location accuracy: 88.58(543/613) 
[2026-09-19 13:42:27,307]-[trainutils.py line:497]:Epoch 15 -                   Visual accuracy: 85.90(1042/1213) 
[2026-09-19 13:42:27,308]-[trainutils.py line:492]:Epoch 15 - Audio-Visual/Existential accuracy: 80.81(400/495) 
[2026-09-19 13:42:27,308]-[trainutils.py line:492]:Epoch 15 -    Audio-Visual/Counting accuracy: 77.41(490/633) 
[2026-09-19 13:42:27,308]-[trainutils.py line:492]:Epoch 15 -    Audio-Visual/Location accuracy: 68.55(316/461) 
[2026-09-19 13:42:27,308]-[trainutils.py line:492]:Epoch 15 - Audio-Visual/Comparative accuracy: 63.57(349/549) 
[2026-09-19 13:42:27,310]-[trainutils.py line:492]:Epoch 15 -    Audio-Visual/Temporal accuracy: 73.72(303/411) 
[2026-09-19 13:42:27,310]-[trainutils.py line:497]:Epoch 15 -             Audio-Visual accuracy: 72.89(1858/2549) 
[2026-09-19 13:42:27,310]-[trainutils.py line:501]:Epoch 15 -                    Total accuracy: 76.84(3510/4568) 
[2026-09-19 13:42:27,316]-[train.py line:167]:Epoch 15 done with 76.84 and loss 0.71875. 
[2026-09-19 13:42:27,317]-[train.py line:168]:At epoch9 best acc: 77.78. 
