D:\AVQA_experiment\QA-TIGER2\QA-TIGER\reproduce_qast_recent2025_v3_77_24\src\models\net_qast_ehr.py:143: UserWarning: enable_nested_tensor is True, but self.use_nested_tensor is False because encoder_layer.norm_first was True
  self.semantic_context = nn.TransformerEncoder(semantic_layer, num_layers=1)
python.exe : [2026-09-18 16:42:55,496]-[utils.py line:217]:
所在位置 D:\AVQA_experiment\QA-TIGER2\QA-TIGER\reproduce_qast_recent2025_v3_77_24\experiments\qast_ehr\run_candidates.p
s1:14 字符: 5
+     & $Python -u "src\train.py" --config $Config --mode train --seed  ...
+     ~~~~~~~~~~~~~~~~~~~~~~~~~~~~~~~~~~~~~~~~~~~~~~~~~~~~~~~~~~~~~~~~~
    + CategoryInfo          : NotSpecified: ([2026-09-18 16:...s.py line:217]::String) [], RemoteException
    + FullyQualifiedErrorId : NativeCommandError
 
-------------- config -------------- 
[2026-09-18 16:42:55,497]-[utils.py line:218]:{
    "standard_protocol": true,
    "run_test_after_training": false,
    "amp": true,
    "gradient_accumulation_steps": 2,
    "distill_logits": null,
    "type": "question_aware",
    "seed": 713,
    "epochs": 15,
    "num_labels": 42,
    "log_interval": 100,
    "output_dir": "D:/model/qast_ehr_a_seed713",
    "pretrained_weight": "fixed_features_only",
    "weight": "",
    "data": {
        "root": "D:/AVQA_experiment/QA-TIGER2/QA-TIGER/reproduce_qast_recent2025_v3_77_24",
        "img_size": 336,
        "batch_size": 24,
        "eval_batch_size": 48,
        "num_workers": 0,
        "frame_sample_rate": 1,
        "audios_dir": "D:/data/musicavqa/audio",
        "frames_dir": "D:/data/frames-1fps",
        "train_annot": "D:/AVQA_experiment/QA-TIGER2/QA-TIGER/reproduce_qast_recent2025_v3_77_24/data/annots/music_avqa
/music_avqa_train.json",
        "valid_annot": "D:/AVQA_experiment/QA-TIGER2/QA-TIGER/reproduce_qast_recent2025_v3_77_24/data/annots/music_avqa
/music_avqa_val.json",
        "test_annot": "D:/AVQA_experiment/QA-TIGER2/QA-TIGER/reproduce_qast_recent2025_v3_77_24/data/annots/music_avqa/
music_avqa_test.json",
        "test_annots": null,
        "ans_quelen": "D:/AVQA_experiment/QA-TIGER2/QA-TIGER/reproduce_qast_recent2025_v3_77_24/data/annots/music_avqa/
answer2idx.json",
        "audio_feat": "D:/data/musicavqa/vggish",
        "quest_feat": "D:/data/musicavqa/qst_ViT-L14@336px",
        "prompt_feat": "D:/data/musicavqa/qaPrompt_ViT-L14@336px",
        "patch_feat": "D:/data/musicavqa/visual_tome14_60",
        "video_feat": "D:/data/musicavqa/frames_vit"
    },
    "hyper_params": {
        "gpus": "0",
        "model_type": "QAST-EHR-2025",
        "model": {
            "topK": 10,
            "num_experts": 1,
            "audio_dim": 128,
            "video_dim": 768,
            "patch_dim": 1024,
            "question_dim": 768,
            "d_model": 512,
            "num_labels": 42,
            "num_heads": 8,
            "num_temporal_queries": 10,
            "event_scales": [
                3,
                7,
                15
            ],
            "keep_patches": 4,
            "lambda_tacl": 0.035,
            "lambda_sacl": 0.035,
            "lambda_event": 0.03,
            "lambda_evidence": 0.06,
            "lambda_diversity": 0.005,
            "lambda_position": 0.02,
            "aux_warmup_epochs": 3,
            "position_min_strength": 0.05,
            "position_max_strength": 0.1,
            "position_init_strength": 0.07,
            "evidence_margin": 0.2,
            "dropout": 0.1
        },
        "optim": {
            "name": "AdamW",
            "lr": 0.0001,
            "new_lr": null,
            "encoder_lr": null,
            "min_lr": 1e-06,
            "weight_decay": 0.0002,
            "betas": [
                0.9,
                0.999
            ],
            "grad_clip": 1.0
        },
        "sched": {
            "name": "cosine",
            "mode": "max",
            "gamma": 0.1,
            "step_size": 6,
            "factor": 0.5,
            "patience": 3,
            "verbose": true,
            "warmup_epochs": 1
        },
        "ema": {
            "enabled": true,
            "decay": 0.999
        }
    },
    "mode": "train",
    "debug": false,
    "output_path": "",
    "cur_rank": 0
} 
[2026-09-18 16:42:55,497]-[utils.py line:219]:
-------------- environment -------------- 
[2026-09-18 16:42:55,497]-[utils.py line:220]:OS version:   
[2026-09-18 16:42:55,497]-[utils.py line:221]:Kernel version: Windows-10-10.0.26200-SP0 
[2026-09-18 16:42:55,497]-[utils.py line:222]:Python version: 3.10.20 
[2026-09-18 16:42:55,497]-[utils.py line:223]:torch version: 2.11.0+cu128 
[2026-09-18 16:42:55,497]-[utils.py line:224]:cuda version: 12.8 
[2026-09-18 16:42:55,502]-[utils.py line:225]:cuDNN version: 91900 
[2026-09-18 16:42:55,502]-[utils.py line:226]:gpu device count: 1 
[2026-09-18 16:42:55,502]-[utils.py line:231]:gpu device 0: NVIDIA GeForce RTX 5070 Laptop GPU - 8.0GB 
[2026-09-18 16:42:55,731]-[train.py line:62]:Standard protocol audit passed: train=31927, val=4568, test=9129; no split
 overlap; no test-derived distillation. 
[2026-09-18 16:43:00,064]-[utils.py line:204]:
-------------- parameter info -------------- 
[2026-09-18 16:43:00,065]-[utils.py line:205]:num total params: 17866811 
[2026-09-18 16:43:00,065]-[utils.py line:206]:num tunable params: 17866811 
[2026-09-18 16:43:00,065]-[utils.py line:207]:tunable param ratio: 100.00% 
[2026-09-18 16:43:00,065]-[utils.py line:208]:tunable params: 
[2026-09-18 16:43:00,065]-[utils.py line:209]:[
    "module.audio_projection.weight",
    "module.audio_projection.bias",
    "module.video_projection.weight",
    "module.video_projection.bias",
    "module.patch_projection.weight",
    "module.patch_projection.bias",
    "module.question_projection.weight",
    "module.question_projection.bias",
    "module.prompt_projection.weight",
    "module.prompt_projection.bias",
    "module.evidence_router.norms.0.weight",
    "module.evidence_router.norms.0.bias",
    "module.evidence_router.norms.1.weight",
    "module.evidence_router.norms.1.bias",
    "module.evidence_router.norms.2.weight",
    "module.evidence_router.norms.2.bias",
    "module.evidence_router.norms.3.weight",
    "module.evidence_router.norms.3.bias",
    "module.evidence_router.projections.0.weight",
    "module.evidence_router.projections.0.bias",
    "module.evidence_router.projections.1.weight",
    "module.evidence_router.projections.1.bias",
    "module.evidence_router.projections.2.weight",
    "module.evidence_router.projections.2.bias",
    "module.evidence_router.projections.3.weight",
    "module.evidence_router.projections.3.bias",
    "module.evidence_router.question_gate.0.weight",
    "module.evidence_router.question_gate.0.bias",
    "module.evidence_router.question_gate.1.weight",
    "module.evidence_router.question_gate.1.bias",
    "module.evidence_router.question_gate.3.weight",
    "module.evidence_router.question_gate.3.bias",
    "module.evidence_router.refine.0.weight",
    "module.evidence_router.refine.0.bias",
    "module.evidence_router.refine.1.weight",
    "module.evidence_router.refine.1.bias",
    "module.evidence_router.refine.4.weight",
    "module.evidence_router.refine.4.bias",
    "module.patch_grounder.patch_key.weight",
    "module.patch_grounder.patch_key.bias",
    "module.patch_grounder.audio_query.weight",
    "module.patch_grounder.audio_query.bias",
    "module.patch_grounder.question_query.weight",
    "module.patch_grounder.question_query.bias",
    "module.patch_grounder.value.weight",
    "module.patch_grounder.value.bias",
    "module.patch_grounder.score_gate.0.weight",
    "module.patch_grounder.score_gate.0.bias",
    "module.patch_grounder.score_gate.1.weight",
    "module.patch_grounder.score_gate.1.bias",
    "module.patch_grounder.output.0.weight",
    "module.patch_grounder.output.0.bias",
    "module.patch_grounder.output.2.weight",
    "module.patch_grounder.output.2.bias",
    "module.evidence_norm.weight",
    "module.evidence_norm.bias",
    "module.event_memory.branches.0.0.weight",
    "module.event_memory.branches.0.0.bias",
    "module.event_memory.branches.0.2.weight",
    "module.event_memory.branches.0.2.bias",
    "module.event_memory.branches.1.0.weight",
    "module.event_memory.branches.1.0.bias",
    "module.event_memory.branches.1.2.weight",
    "module.event_memory.branches.1.2.bias",
    "module.event_memory.branches.2.0.weight",
    "module.event_memory.branches.2.0.bias",
    "module.event_memory.branches.2.2.weight",
    "module.event_memory.branches.2.2.bias",
    "module.event_memory.question_queries.0.weight",
    "module.event_memory.question_queries.0.bias",
    "module.event_memory.question_queries.1.weight",
    "module.event_memory.question_queries.1.bias",
    "module.event_memory.question_queries.2.weight",
    "module.event_memory.question_queries.2.bias",
    "module.event_memory.scale_gate.0.weight",
    "module.event_memory.scale_gate.0.bias",
    "module.event_memory.scale_gate.1.weight",
    "module.event_memory.scale_gate.1.bias",
    "module.event_memory.output_norm.weight",
    "module.event_memory.output_norm.bias",
    "module.adaptive_position.strength_bias",
    "module.adaptive_position.strength_gate.0.weight",
    "module.adaptive_position.strength_gate.0.bias",
    "module.adaptive_position.strength_gate.1.weight",
    "module.adaptive_position.strength_gate.1.bias",
    "module.adaptive_position.audio_projection.weight",
    "module.adaptive_position.audio_projection.bias",
    "module.adaptive_position.motion_projection.weight",
    "module.adaptive_position.motion_projection.bias",
    "module.adaptive_position.question_projection.weight",
    "module.adaptive_position.question_projection.bias",
    "module.adaptive_position.relation_projection.weight",
    "module.adaptive_position.relation_projection.bias",
    "module.adaptive_position.phi.0.weight",
    "module.adaptive_position.phi.0.bias",
    "module.adaptive_position.phi.2.weight",
    "module.adaptive_position.phi.2.bias",
    "module.adaptive_position.phi.3.weight",
    "module.adaptive_position.phi.3.bias",
    "module.adaptive_position.time_gate.weight",
    "module.adaptive_position.time_gate.bias",
    "module.cmg.in_proj_weight",
    "module.cmg.in_proj_bias",
    "module.cmg.out_proj.weight",
    "module.cmg.out_proj.bias",
    "module.cmg_norm.weight",
    "module.cmg_norm.bias",
    "module.temporal_reader.query_tokens",
    "module.temporal_reader.condition.0.weight",
    "module.temporal_reader.condition.0.bias",
    "module.temporal_reader.condition.1.weight",
    "module.temporal_reader.condition.1.bias",
    "module.temporal_reader.attention.in_proj_weight",
    "module.temporal_reader.attention.in_proj_bias",
    "module.temporal_reader.attention.out_proj.weight",
    "module.temporal_reader.attention.out_proj.bias",
    "module.temporal_reader.norm.weight",
    "module.temporal_reader.norm.bias",
    "module.temporal_reader.ffn.0.weight",
    "module.temporal_reader.ffn.0.bias",
    "module.temporal_reader.ffn.3.weight",
    "module.temporal_reader.ffn.3.bias",
    "module.semantic_context.layers.0.self_attn.in_proj_weight",
    "module.semantic_context.layers.0.self_attn.in_proj_bias",
    "module.semantic_context.layers.0.self_attn.out_proj.weight",
    "module.semantic_context.layers.0.self_attn.out_proj.bias",
    "module.semantic_context.layers.0.linear1.weight",
    "module.semantic_context.layers.0.linear1.bias",
    "module.semantic_context.layers.0.linear2.weight",
    "module.semantic_context.layers.0.linear2.bias",
    "module.semantic_context.layers.0.norm1.weight",
    "module.semantic_context.layers.0.norm1.bias",
    "module.semantic_context.layers.0.norm2.weight",
    "module.semantic_context.layers.0.norm2.bias",
    "module.fusion_gate.0.weight",
    "module.fusion_gate.0.bias",
    "module.fusion_gate.1.weight",
    "module.fusion_gate.1.bias",
    "module.fusion_gate.3.weight",
    "module.fusion_gate.3.bias",
    "module.fusion_refine.0.weight",
    "module.fusion_refine.0.bias",
    "module.fusion_refine.1.weight",
    "module.fusion_refine.1.bias",
    "module.fusion_refine.4.weight",
    "module.fusion_refine.4.bias",
    "module.fusion_refine.5.weight",
    "module.fusion_refine.5.bias",
    "module.answer_head.weight",
    "module.answer_head.bias"
] 
[2026-09-18 16:43:00,066]-[trainutils.py line:220]:
-------------- optimizer info -------------- 
[2026-09-18 16:43:00,066]-[trainutils.py line:221]:Learning rate: 0.0001 
[2026-09-18 16:43:00,066]-[trainutils.py line:222]:Betas: (0.9, 0.999) 
[2026-09-18 16:43:00,066]-[trainutils.py line:223]:Eps: 1e-08 
[2026-09-18 16:43:00,066]-[trainutils.py line:224]:Weight decay: 0.0002 
[2026-09-18 16:43:00,096]-[train.py line:102]:
-------------- training epoch 1 -------------- 
[2026-09-18 16:43:03,039]-[trainutils.py line:416]:[EST:   65.12m][Process Time:    2.54s]- Epoch: 1 [0000/1330 (  0%)]
	Losses: ce_loss-3.9847(3.9847) loss_tacl-0.0000(0.0000) loss_sacl-0.0114(0.0114) loss_event-0.0202(0.0202) loss_eviden
ce-0.0165(0.0165) loss_query_diversity-0.0044(0.0044) loss_position-0.0000(0.0000) total_loss-3.9847(3.9847) 
[2026-09-18 16:43:41,210]-[trainutils.py line:416]:[EST:    8.34m][Process Time:    0.09s]- Epoch: 1 [0100/1330 (  8%)]
	Losses: ce_loss-3.3496(3.6695) loss_tacl-0.0000(0.0000) loss_sacl-0.0115(0.0113) loss_event-0.0187(0.0196) loss_eviden
ce-0.0104(0.0142) loss_query_diversity-0.0044(0.0044) loss_position-0.0000(0.0000) total_loss-3.3496(3.6695) 
[2026-09-18 16:44:19,701]-[trainutils.py line:416]:[EST:    7.45m][Process Time:    0.08s]- Epoch: 1 [0200/1330 ( 15%)]
	Losses: ce_loss-3.1949(3.4286) loss_tacl-0.0000(0.0000) loss_sacl-0.0115(0.0114) loss_event-0.0163(0.0185) loss_eviden
ce-0.0117(0.0135) loss_query_diversity-0.0044(0.0044) loss_position-0.0000(0.0000) total_loss-3.1949(3.4286) 
[2026-09-18 16:44:56,918]-[trainutils.py line:416]:[EST:    6.66m][Process Time:    0.09s]- Epoch: 1 [0300/1330 ( 23%)]
	Losses: ce_loss-2.6545(3.2507) loss_tacl-0.0000(0.0000) loss_sacl-0.0114(0.0114) loss_event-0.0146(0.0174) loss_eviden
ce-0.0066(0.0132) loss_query_diversity-0.0044(0.0044) loss_position-0.0000(0.0000) total_loss-2.6545(3.2507) 
[2026-09-18 16:45:32,048]-[trainutils.py line:416]:[EST:    5.87m][Process Time:    0.08s]- Epoch: 1 [0400/1330 ( 30%)]
	Losses: ce_loss-2.6759(3.1080) loss_tacl-0.0000(0.0000) loss_sacl-0.0114(0.0114) loss_event-0.0134(0.0165) loss_eviden
ce-0.0067(0.0101) loss_query_diversity-0.0044(0.0044) loss_position-0.0000(0.0000) total_loss-2.6759(3.1080) 
[2026-09-18 16:46:08,211]-[trainutils.py line:416]:[EST:    5.19m][Process Time:    0.09s]- Epoch: 1 [0500/1330 ( 38%)]
	Losses: ce_loss-2.7354(2.9993) loss_tacl-0.0000(0.0000) loss_sacl-0.0115(0.0114) loss_event-0.0122(0.0157) loss_eviden
ce-0.0074(0.0081) loss_query_diversity-0.0044(0.0044) loss_position-0.0000(0.0000) total_loss-2.7354(2.9993) 
[2026-09-18 16:46:44,856]-[trainutils.py line:416]:[EST:    4.54m][Process Time:    0.09s]- Epoch: 1 [0600/1330 ( 45%)]
	Losses: ce_loss-2.0985(2.9067) loss_tacl-0.0000(0.0000) loss_sacl-0.0114(0.0114) loss_event-0.0124(0.0151) loss_eviden
ce-0.0045(0.0067) loss_query_diversity-0.0044(0.0044) loss_position-0.0000(0.0000) total_loss-2.0985(2.9067) 
[2026-09-18 16:47:19,667]-[trainutils.py line:416]:[EST:    3.88m][Process Time:    0.08s]- Epoch: 1 [0700/1330 ( 53%)]
	Losses: ce_loss-2.1613(2.8267) loss_tacl-0.0000(0.0000) loss_sacl-0.0115(0.0114) loss_event-0.0110(0.0146) loss_eviden
ce-0.0060(0.0057) loss_query_diversity-0.0044(0.0044) loss_position-0.0000(0.0000) total_loss-2.1613(2.8267) 
[2026-09-18 16:47:55,687]-[trainutils.py line:416]:[EST:    3.25m][Process Time:    0.09s]- Epoch: 1 [0800/1330 ( 60%)]
	Losses: ce_loss-2.4952(2.7582) loss_tacl-0.0000(0.0000) loss_sacl-0.0114(0.0114) loss_event-0.0112(0.0142) loss_eviden
ce-0.0081(0.0050) loss_query_diversity-0.0044(0.0044) loss_position-0.0000(0.0000) total_loss-2.4952(2.7582) 
[2026-09-18 16:48:33,214]-[trainutils.py line:416]:[EST:    2.64m][Process Time:    0.08s]- Epoch: 1 [0900/1330 ( 68%)]
	Losses: ce_loss-2.2686(2.6983) loss_tacl-0.0000(0.0000) loss_sacl-0.0114(0.0114) loss_event-0.0112(0.0139) loss_eviden
ce-0.0060(0.0045) loss_query_diversity-0.0044(0.0044) loss_position-0.0000(0.0000) total_loss-2.2686(2.6983) 
[2026-09-18 16:49:10,016]-[trainutils.py line:416]:[EST:    2.03m][Process Time:    0.08s]- Epoch: 1 [1000/1330 ( 75%)]
	Losses: ce_loss-2.1524(2.6441) loss_tacl-0.0000(0.0000) loss_sacl-0.0115(0.0114) loss_event-0.0111(0.0136) loss_eviden
ce-0.0020(0.0040) loss_query_diversity-0.0044(0.0044) loss_position-0.0000(0.0000) total_loss-2.1524(2.6441) 
[2026-09-18 16:49:45,851]-[trainutils.py line:416]:[EST:    1.41m][Process Time:    0.08s]- Epoch: 1 [1100/1330 ( 83%)]
	Losses: ce_loss-1.9371(2.5921) loss_tacl-0.0000(0.0000) loss_sacl-0.0114(0.0114) loss_event-0.0123(0.0135) loss_eviden
ce-0.0048(0.0037) loss_query_diversity-0.0044(0.0044) loss_position-0.0000(0.0000) total_loss-1.9371(2.5921) 
[2026-09-18 16:50:19,348]-[trainutils.py line:416]:[EST:    0.79m][Process Time:    0.08s]- Epoch: 1 [1200/1330 ( 90%)]
	Losses: ce_loss-2.2734(2.5472) loss_tacl-0.0000(0.0000) loss_sacl-0.0115(0.0114) loss_event-0.0113(0.0133) loss_eviden
ce-0.0049(0.0034) loss_query_diversity-0.0044(0.0044) loss_position-0.0000(0.0000) total_loss-2.2734(2.5472) 
[2026-09-18 16:50:52,686]-[trainutils.py line:416]:[EST:    0.18m][Process Time:    0.07s]- Epoch: 1 [1300/1330 ( 98%)]
	Losses: ce_loss-1.7750(2.5027) loss_tacl-0.0000(0.0000) loss_sacl-0.0114(0.0114) loss_event-0.0119(0.0132) loss_eviden
ce-0.0024(0.0031) loss_query_diversity-0.0044(0.0044) loss_position-0.0000(0.0000) total_loss-1.7750(2.5027) 
[2026-09-18 16:51:02,393]-[trainutils.py line:416]:[EST:   -0.01m][Process Time:    0.12s]- Epoch: 1 [1330/1330 (100%)]
	Losses: ce_loss-1.3054(2.4885) loss_tacl-0.0000(0.0000) loss_sacl-0.0113(0.0114) loss_event-0.0115(0.0131) loss_eviden
ce-0.0000(0.0030) loss_query_diversity-0.0044(0.0044) loss_position-0.0000(0.0000) total_loss-1.3054(2.4885) 
[2026-09-18 16:51:03,687]-[train.py line:106]:
-------------- validation epoch 1 -------------- 
[2026-09-18 16:51:04,326]-[trainutils.py line:461]:Test progress:   0/95 
[2026-09-18 16:51:53,886]-[trainutils.py line:461]:Test progress:  95/95 
[2026-09-18 16:51:53,888]-[trainutils.py line:492]:Epoch 1 -           Audio/Counting accuracy: 63.99(327/511) 
[2026-09-18 16:51:53,888]-[trainutils.py line:492]:Epoch 1 -        Audio/Comparative accuracy: 48.14(142/295) 
[2026-09-18 16:51:53,889]-[trainutils.py line:497]:Epoch 1 -                    Audio accuracy: 58.19(469/806) 
[2026-09-18 16:51:53,889]-[trainutils.py line:492]:Epoch 1 -          Visual/Counting accuracy: 52.33(314/600) 
[2026-09-18 16:51:53,889]-[trainutils.py line:492]:Epoch 1 -          Visual/Location accuracy: 16.97(104/613) 
[2026-09-18 16:51:53,889]-[trainutils.py line:497]:Epoch 1 -                   Visual accuracy: 34.46(418/1213) 
[2026-09-18 16:51:53,890]-[trainutils.py line:492]:Epoch 1 - Audio-Visual/Existential accuracy: 77.58(384/495) 
[2026-09-18 16:51:53,891]-[trainutils.py line:492]:Epoch 1 -    Audio-Visual/Counting accuracy: 44.87(284/633) 
[2026-09-18 16:51:53,892]-[trainutils.py line:492]:Epoch 1 -    Audio-Visual/Location accuracy: 24.51(113/461) 
[2026-09-18 16:51:53,892]-[trainutils.py line:492]:Epoch 1 - Audio-Visual/Comparative accuracy: 58.47(321/549) 
[2026-09-18 16:51:53,893]-[trainutils.py line:492]:Epoch 1 -    Audio-Visual/Temporal accuracy: 5.84(24/411) 
[2026-09-18 16:51:53,893]-[trainutils.py line:497]:Epoch 1 -             Audio-Visual accuracy: 44.17(1126/2549) 
[2026-09-18 16:51:53,893]-[trainutils.py line:501]:Epoch 1 -                    Total accuracy: 44.07(2013/4568) 
[2026-09-18 16:51:53,944]-[train.py line:151]:best model saved at epoch 1 with acc 44.06742556917688 (raw) 
[2026-09-18 16:51:54,039]-[train.py line:167]:Epoch 1 done with 44.07 and loss 1.82812. 
[2026-09-18 16:51:54,039]-[train.py line:168]:At epoch1 best acc: 44.07. 
[2026-09-18 16:51:54,040]-[train.py line:102]:
-------------- training epoch 2 -------------- 
[2026-09-18 16:51:54,383]-[trainutils.py line:416]:[EST:    7.52m][Process Time:    0.09s]- Epoch: 2 [0000/1330 (  0%)]
	Losses: ce_loss-1.8719(1.8719) loss_tacl-0.0001(0.0001) loss_sacl-0.0228(0.0228) loss_event-0.0109(0.0109) loss_eviden
ce-0.0031(0.0031) loss_query_diversity-0.0044(0.0044) loss_position-0.0000(0.0000) total_loss-1.8719(1.8719) 
[2026-09-18 16:52:28,529]-[trainutils.py line:416]:[EST:    6.99m][Process Time:    0.07s]- Epoch: 2 [0100/1330 (  8%)]
	Losses: ce_loss-0.8878(1.4052) loss_tacl-0.0001(0.0001) loss_sacl-0.0207(0.0217) loss_event-0.0066(0.0082) loss_eviden
ce-0.0007(0.0013) loss_query_diversity-0.0044(0.0044) loss_position-0.0000(0.0000) total_loss-0.8878(1.4052) 
[2026-09-18 16:53:01,144]-[trainutils.py line:416]:[EST:    6.28m][Process Time:    0.09s]- Epoch: 2 [0200/1330 ( 15%)]
	Losses: ce_loss-0.7724(1.2092) loss_tacl-0.0001(0.0001) loss_sacl-0.0187(0.0207) loss_event-0.0054(0.0073) loss_eviden
ce-0.0016(0.0008) loss_query_diversity-0.0044(0.0044) loss_position-0.0000(0.0000) total_loss-0.7724(1.2092) 
[2026-09-18 16:53:35,036]-[trainutils.py line:416]:[EST:    5.75m][Process Time:    0.09s]- Epoch: 2 [0300/1330 ( 23%)]
	Losses: ce_loss-1.0423(1.1490) loss_tacl-0.0001(0.0001) loss_sacl-0.0180(0.0199) loss_event-0.0066(0.0068) loss_eviden
ce-0.0017(0.0006) loss_query_diversity-0.0044(0.0044) loss_position-0.0000(0.0000) total_loss-1.0423(1.1490) 
[2026-09-18 16:54:08,137]-[trainutils.py line:416]:[EST:    5.18m][Process Time:    0.07s]- Epoch: 2 [0400/1330 ( 30%)]
	Losses: ce_loss-0.8044(1.0970) loss_tacl-0.0001(0.0001) loss_sacl-0.0157(0.0191) loss_event-0.0051(0.0066) loss_eviden
ce-0.0000(0.0006) loss_query_diversity-0.0044(0.0044) loss_position-0.0000(0.0000) total_loss-0.8044(1.0970) 
[2026-09-18 16:54:40,972]-[trainutils.py line:416]:[EST:    4.60m][Process Time:    0.07s]- Epoch: 2 [0500/1330 ( 38%)]
	Losses: ce_loss-0.5540(1.0574) loss_tacl-0.0001(0.0001) loss_sacl-0.0156(0.0184) loss_event-0.0071(0.0064) loss_eviden
ce-0.0000(0.0006) loss_query_diversity-0.0044(0.0044) loss_position-0.0000(0.0000) total_loss-0.5540(1.0574) 
[2026-09-18 16:55:14,474]-[trainutils.py line:416]:[EST:    4.05m][Process Time:    0.08s]- Epoch: 2 [0600/1330 ( 45%)]
	Losses: ce_loss-0.6780(1.0267) loss_tacl-0.0001(0.0001) loss_sacl-0.0162(0.0178) loss_event-0.0072(0.0063) loss_eviden
ce-0.0001(0.0006) loss_query_diversity-0.0044(0.0044) loss_position-0.0000(0.0000) total_loss-0.6780(1.0267) 
[2026-09-18 16:55:47,612]-[trainutils.py line:416]:[EST:    3.49m][Process Time:    0.08s]- Epoch: 2 [0700/1330 ( 53%)]
	Losses: ce_loss-0.7291(1.0019) loss_tacl-0.0001(0.0001) loss_sacl-0.0138(0.0172) loss_event-0.0064(0.0062) loss_eviden
ce-0.0008(0.0006) loss_query_diversity-0.0044(0.0044) loss_position-0.0000(0.0000) total_loss-0.7291(1.0019) 
[2026-09-18 16:56:19,958]-[trainutils.py line:416]:[EST:    2.93m][Process Time:    0.08s]- Epoch: 2 [0800/1330 ( 60%)]
	Losses: ce_loss-0.6819(0.9796) loss_tacl-0.0001(0.0001) loss_sacl-0.0138(0.0168) loss_event-0.0053(0.0061) loss_eviden
ce-0.0000(0.0006) loss_query_diversity-0.0044(0.0044) loss_position-0.0000(0.0000) total_loss-0.6819(0.9796) 
[2026-09-18 16:56:51,780]-[trainutils.py line:416]:[EST:    2.36m][Process Time:    0.07s]- Epoch: 2 [0900/1330 ( 68%)]
	Losses: ce_loss-0.6998(0.9589) loss_tacl-0.0001(0.0001) loss_sacl-0.0134(0.0164) loss_event-0.0056(0.0060) loss_eviden
ce-0.0002(0.0006) loss_query_diversity-0.0044(0.0044) loss_position-0.0000(0.0000) total_loss-0.6998(0.9589) 
[2026-09-18 16:57:24,569]-[trainutils.py line:416]:[EST:    1.81m][Process Time:    0.08s]- Epoch: 2 [1000/1330 ( 75%)]
	Losses: ce_loss-0.6479(0.9439) loss_tacl-0.0001(0.0001) loss_sacl-0.0116(0.0160) loss_event-0.0045(0.0059) loss_eviden
ce-0.0003(0.0006) loss_query_diversity-0.0044(0.0044) loss_position-0.0000(0.0000) total_loss-0.6479(0.9439) 
[2026-09-18 16:57:56,475]-[trainutils.py line:416]:[EST:    1.26m][Process Time:    0.07s]- Epoch: 2 [1100/1330 ( 83%)]
	Losses: ce_loss-0.6981(0.9303) loss_tacl-0.0001(0.0001) loss_sacl-0.0131(0.0156) loss_event-0.0056(0.0059) loss_eviden
ce-0.0022(0.0005) loss_query_diversity-0.0044(0.0044) loss_position-0.0000(0.0000) total_loss-0.6981(0.9303) 
[2026-09-18 16:58:28,783]-[trainutils.py line:416]:[EST:    0.71m][Process Time:    0.08s]- Epoch: 2 [1200/1330 ( 90%)]
	Losses: ce_loss-0.9063(0.9206) loss_tacl-0.0001(0.0001) loss_sacl-0.0121(0.0153) loss_event-0.0059(0.0058) loss_eviden
ce-0.0003(0.0005) loss_query_diversity-0.0044(0.0044) loss_position-0.0000(0.0000) total_loss-0.9063(0.9206) 
[2026-09-18 16:59:00,457]-[trainutils.py line:416]:[EST:    0.16m][Process Time:    0.08s]- Epoch: 2 [1300/1330 ( 98%)]
	Losses: ce_loss-1.0112(0.9083) loss_tacl-0.0001(0.0001) loss_sacl-0.0116(0.0150) loss_event-0.0052(0.0058) loss_eviden
ce-0.0034(0.0005) loss_query_diversity-0.0044(0.0044) loss_position-0.0000(0.0000) total_loss-1.0112(0.9083) 
[2026-09-18 16:59:11,239]-[trainutils.py line:416]:[EST:   -0.01m][Process Time:    0.09s]- Epoch: 2 [1330/1330 (100%)]
	Losses: ce_loss-0.2534(0.9051) loss_tacl-0.0001(0.0001) loss_sacl-0.0130(0.0150) loss_event-0.0067(0.0057) loss_eviden
ce-0.0000(0.0006) loss_query_diversity-0.0044(0.0044) loss_position-0.0000(0.0000) total_loss-0.2534(0.9051) 
[2026-09-18 16:59:12,604]-[train.py line:106]:
-------------- validation epoch 2 -------------- 
[2026-09-18 16:59:13,081]-[trainutils.py line:461]:Test progress:   0/95 
[2026-09-18 16:59:59,538]-[trainutils.py line:461]:Test progress:  95/95 
[2026-09-18 16:59:59,538]-[trainutils.py line:492]:Epoch 2 -           Audio/Counting accuracy: 76.13(389/511) 
[2026-09-18 16:59:59,539]-[trainutils.py line:492]:Epoch 2 -        Audio/Comparative accuracy: 56.27(166/295) 
[2026-09-18 16:59:59,539]-[trainutils.py line:497]:Epoch 2 -                    Audio accuracy: 68.86(555/806) 
[2026-09-18 16:59:59,541]-[trainutils.py line:492]:Epoch 2 -          Visual/Counting accuracy: 69.17(415/600) 
[2026-09-18 16:59:59,541]-[trainutils.py line:492]:Epoch 2 -          Visual/Location accuracy: 81.40(499/613) 
[2026-09-18 16:59:59,541]-[trainutils.py line:497]:Epoch 2 -                   Visual accuracy: 75.35(914/1213) 
[2026-09-18 16:59:59,541]-[trainutils.py line:492]:Epoch 2 - Audio-Visual/Existential accuracy: 81.01(401/495) 
[2026-09-18 16:59:59,542]-[trainutils.py line:492]:Epoch 2 -    Audio-Visual/Counting accuracy: 67.61(428/633) 
[2026-09-18 16:59:59,542]-[trainutils.py line:492]:Epoch 2 -    Audio-Visual/Location accuracy: 63.34(292/461) 
[2026-09-18 16:59:59,542]-[trainutils.py line:492]:Epoch 2 - Audio-Visual/Comparative accuracy: 54.10(297/549) 
[2026-09-18 16:59:59,542]-[trainutils.py line:492]:Epoch 2 -    Audio-Visual/Temporal accuracy: 68.37(281/411) 
[2026-09-18 16:59:59,543]-[trainutils.py line:497]:Epoch 2 -             Audio-Visual accuracy: 66.65(1699/2549) 
[2026-09-18 16:59:59,543]-[trainutils.py line:501]:Epoch 2 -                    Total accuracy: 69.35(3168/4568) 
[2026-09-18 17:00:00,070]-[trainutils.py line:461]:Test progress:   0/95 
[2026-09-18 17:00:45,784]-[trainutils.py line:461]:Test progress:  95/95 
[2026-09-18 17:00:45,784]-[trainutils.py line:492]:Epoch 2 -           Audio/Counting accuracy: 72.21(369/511) 
[2026-09-18 17:00:45,785]-[trainutils.py line:492]:Epoch 2 -        Audio/Comparative accuracy: 55.93(165/295) 
[2026-09-18 17:00:45,785]-[trainutils.py line:497]:Epoch 2 -                    Audio accuracy: 66.25(534/806) 
[2026-09-18 17:00:45,785]-[trainutils.py line:492]:Epoch 2 -          Visual/Counting accuracy: 64.17(385/600) 
[2026-09-18 17:00:45,785]-[trainutils.py line:492]:Epoch 2 -          Visual/Location accuracy: 78.63(482/613) 
[2026-09-18 17:00:45,785]-[trainutils.py line:497]:Epoch 2 -                   Visual accuracy: 71.48(867/1213) 
[2026-09-18 17:00:45,785]-[trainutils.py line:492]:Epoch 2 - Audio-Visual/Existential accuracy: 80.61(399/495) 
[2026-09-18 17:00:45,786]-[trainutils.py line:492]:Epoch 2 -    Audio-Visual/Counting accuracy: 64.45(408/633) 
[2026-09-18 17:00:45,786]-[trainutils.py line:492]:Epoch 2 -    Audio-Visual/Location accuracy: 61.17(282/461) 
[2026-09-18 17:00:45,787]-[trainutils.py line:492]:Epoch 2 - Audio-Visual/Comparative accuracy: 55.01(302/549) 
[2026-09-18 17:00:45,788]-[trainutils.py line:492]:Epoch 2 -    Audio-Visual/Temporal accuracy: 71.05(292/411) 
[2026-09-18 17:00:45,788]-[trainutils.py line:497]:Epoch 2 -             Audio-Visual accuracy: 66.03(1683/2549) 
[2026-09-18 17:00:45,788]-[trainutils.py line:501]:Epoch 2 -                    Total accuracy: 67.51(3084/4568) 
[2026-09-18 17:00:45,842]-[train.py line:151]:best model saved at epoch 2 with acc 69.35201401050787 (raw) 
[2026-09-18 17:00:45,920]-[train.py line:167]:Epoch 2 done with 69.35 and loss 0.71484. 
[2026-09-18 17:00:45,920]-[train.py line:168]:At epoch2 best acc: 69.35. 
[2026-09-18 17:00:45,920]-[train.py line:102]:
-------------- training epoch 3 -------------- 
[2026-09-18 17:00:46,229]-[trainutils.py line:416]:[EST:    6.74m][Process Time:    0.08s]- Epoch: 3 [0000/1330 (  0%)]
	Losses: ce_loss-0.6626(0.6626) loss_tacl-0.0001(0.0001) loss_sacl-0.0172(0.0172) loss_event-0.0064(0.0064) loss_eviden
ce-0.0000(0.0000) loss_query_diversity-0.0044(0.0044) loss_position-0.0000(0.0000) total_loss-0.6626(0.6626) 
[2026-09-18 17:01:20,053]-[trainutils.py line:416]:[EST:    6.92m][Process Time:    0.08s]- Epoch: 3 [0100/1330 (  8%)]
	Losses: ce_loss-1.0722(0.6968) loss_tacl-0.0001(0.0001) loss_sacl-0.0166(0.0172) loss_event-0.0053(0.0051) loss_eviden
ce-0.0019(0.0007) loss_query_diversity-0.0044(0.0044) loss_position-0.0000(0.0000) total_loss-1.0722(0.6968) 
[2026-09-18 17:01:52,682]-[trainutils.py line:416]:[EST:    6.25m][Process Time:    0.08s]- Epoch: 3 [0200/1330 ( 15%)]
	Losses: ce_loss-0.6279(0.7108) loss_tacl-0.0001(0.0001) loss_sacl-0.0180(0.0167) loss_event-0.0046(0.0050) loss_eviden
ce-0.0005(0.0008) loss_query_diversity-0.0044(0.0044) loss_position-0.0000(0.0000) total_loss-0.6279(0.7108) 
[2026-09-18 17:02:24,130]-[trainutils.py line:416]:[EST:    5.60m][Process Time:    0.07s]- Epoch: 3 [0300/1330 ( 23%)]
	Losses: ce_loss-0.7329(0.7075) loss_tacl-0.0001(0.0001) loss_sacl-0.0165(0.0164) loss_event-0.0052(0.0049) loss_eviden
ce-0.0034(0.0008) loss_query_diversity-0.0044(0.0044) loss_position-0.0000(0.0000) total_loss-0.7329(0.7075) 
[2026-09-18 17:02:56,080]-[trainutils.py line:416]:[EST:    5.03m][Process Time:    0.08s]- Epoch: 3 [0400/1330 ( 30%)]
	Losses: ce_loss-0.5740(0.7066) loss_tacl-0.0001(0.0001) loss_sacl-0.0170(0.0161) loss_event-0.0048(0.0049) loss_eviden
ce-0.0002(0.0007) loss_query_diversity-0.0044(0.0044) loss_position-0.0000(0.0000) total_loss-0.5740(0.7066) 
[2026-09-18 17:03:28,508]-[trainutils.py line:416]:[EST:    4.48m][Process Time:    0.08s]- Epoch: 3 [0500/1330 ( 38%)]
	Losses: ce_loss-1.0476(0.7160) loss_tacl-0.0001(0.0001) loss_sacl-0.0161(0.0160) loss_event-0.0054(0.0049) loss_eviden
ce-0.0026(0.0007) loss_query_diversity-0.0044(0.0044) loss_position-0.0000(0.0000) total_loss-1.0476(0.7160) 
[2026-09-18 17:04:00,436]-[trainutils.py line:416]:[EST:    3.93m][Process Time:    0.08s]- Epoch: 3 [0600/1330 ( 45%)]
	Losses: ce_loss-0.5561(0.7129) loss_tacl-0.0001(0.0001) loss_sacl-0.0126(0.0158) loss_event-0.0049(0.0050) loss_eviden
ce-0.0000(0.0007) loss_query_diversity-0.0044(0.0044) loss_position-0.0000(0.0000) total_loss-0.5561(0.7129) 
[2026-09-18 17:04:26,837]-[trainutils.py line:416]:[EST:    3.30m][Process Time:    0.06s]- Epoch: 3 [0700/1330 ( 53%)]
	Losses: ce_loss-0.6111(0.7107) loss_tacl-0.0001(0.0001) loss_sacl-0.0136(0.0157) loss_event-0.0045(0.0050) loss_eviden
ce-0.0015(0.0007) loss_query_diversity-0.0044(0.0044) loss_position-0.0000(0.0000) total_loss-0.6111(0.7107) 
[2026-09-18 17:04:50,252]-[trainutils.py line:416]:[EST:    2.69m][Process Time:    0.06s]- Epoch: 3 [0800/1330 ( 60%)]
	Losses: ce_loss-0.7033(0.7081) loss_tacl-0.0001(0.0001) loss_sacl-0.0133(0.0156) loss_event-0.0044(0.0050) loss_eviden
ce-0.0000(0.0007) loss_query_diversity-0.0044(0.0044) loss_position-0.0000(0.0000) total_loss-0.7033(0.7081) 
[2026-09-18 17:05:13,455]-[trainutils.py line:416]:[EST:    2.12m][Process Time:    0.05s]- Epoch: 3 [0900/1330 ( 68%)]
	Losses: ce_loss-0.6187(0.7043) loss_tacl-0.0001(0.0001) loss_sacl-0.0132(0.0155) loss_event-0.0046(0.0050) loss_eviden
ce-0.0000(0.0007) loss_query_diversity-0.0044(0.0044) loss_position-0.0000(0.0000) total_loss-0.6187(0.7043) 
[2026-09-18 17:05:36,485]-[trainutils.py line:416]:[EST:    1.59m][Process Time:    0.05s]- Epoch: 3 [1000/1330 ( 75%)]
	Losses: ce_loss-0.8170(0.7010) loss_tacl-0.0001(0.0001) loss_sacl-0.0151(0.0154) loss_event-0.0047(0.0049) loss_eviden
ce-0.0000(0.0006) loss_query_diversity-0.0044(0.0044) loss_position-0.0000(0.0000) total_loss-0.8170(0.7010) 
[2026-09-18 17:06:00,183]-[trainutils.py line:416]:[EST:    1.09m][Process Time:    0.06s]- Epoch: 3 [1100/1330 ( 83%)]
	Losses: ce_loss-1.0496(0.7002) loss_tacl-0.0001(0.0001) loss_sacl-0.0141(0.0153) loss_event-0.0054(0.0049) loss_eviden
ce-0.0008(0.0006) loss_query_diversity-0.0044(0.0044) loss_position-0.0000(0.0000) total_loss-1.0496(0.7002) 
[2026-09-18 17:06:23,746]-[trainutils.py line:416]:[EST:    0.60m][Process Time:    0.06s]- Epoch: 3 [1200/1330 ( 90%)]
	Losses: ce_loss-0.6729(0.6975) loss_tacl-0.0001(0.0001) loss_sacl-0.0162(0.0152) loss_event-0.0057(0.0049) loss_eviden
ce-0.0024(0.0006) loss_query_diversity-0.0044(0.0044) loss_position-0.0000(0.0000) total_loss-0.6729(0.6975) 
[2026-09-18 17:06:47,494]-[trainutils.py line:416]:[EST:    0.13m][Process Time:    0.06s]- Epoch: 3 [1300/1330 ( 98%)]
	Losses: ce_loss-0.5319(0.6965) loss_tacl-0.0001(0.0001) loss_sacl-0.0132(0.0151) loss_event-0.0047(0.0049) loss_eviden
ce-0.0000(0.0006) loss_query_diversity-0.0043(0.0044) loss_position-0.0000(0.0000) total_loss-0.5319(0.6965) 
[2026-09-18 17:06:54,502]-[trainutils.py line:416]:[EST:   -0.00m][Process Time:    0.07s]- Epoch: 3 [1330/1330 (100%)]
	Losses: ce_loss-0.4864(0.6945) loss_tacl-0.0001(0.0001) loss_sacl-0.0170(0.0151) loss_event-0.0048(0.0049) loss_eviden
ce-0.0000(0.0006) loss_query_diversity-0.0043(0.0044) loss_position-0.0000(0.0000) total_loss-0.4864(0.6945) 
[2026-09-18 17:06:55,291]-[train.py line:106]:
-------------- validation epoch 3 -------------- 
[2026-09-18 17:06:55,687]-[trainutils.py line:461]:Test progress:   0/95 
[2026-09-18 17:07:30,072]-[trainutils.py line:461]:Test progress:  95/95 
[2026-09-18 17:07:30,074]-[trainutils.py line:492]:Epoch 3 -           Audio/Counting accuracy: 82.39(421/511) 
[2026-09-18 17:07:30,075]-[trainutils.py line:492]:Epoch 3 -        Audio/Comparative accuracy: 55.93(165/295) 
[2026-09-18 17:07:30,075]-[trainutils.py line:497]:Epoch 3 -                    Audio accuracy: 72.70(586/806) 
[2026-09-18 17:07:30,075]-[trainutils.py line:492]:Epoch 3 -          Visual/Counting accuracy: 73.33(440/600) 
[2026-09-18 17:07:30,075]-[trainutils.py line:492]:Epoch 3 -          Visual/Location accuracy: 83.20(510/613) 
[2026-09-18 17:07:30,076]-[trainutils.py line:497]:Epoch 3 -                   Visual accuracy: 78.32(950/1213) 
[2026-09-18 17:07:30,076]-[trainutils.py line:492]:Epoch 3 - Audio-Visual/Existential accuracy: 83.03(411/495) 
[2026-09-18 17:07:30,076]-[trainutils.py line:492]:Epoch 3 -    Audio-Visual/Counting accuracy: 71.56(453/633) 
[2026-09-18 17:07:30,076]-[trainutils.py line:492]:Epoch 3 -    Audio-Visual/Location accuracy: 62.04(286/461) 
[2026-09-18 17:07:30,076]-[trainutils.py line:492]:Epoch 3 - Audio-Visual/Comparative accuracy: 56.28(309/549) 
[2026-09-18 17:07:30,077]-[trainutils.py line:492]:Epoch 3 -    Audio-Visual/Temporal accuracy: 69.83(287/411) 
[2026-09-18 17:07:30,077]-[trainutils.py line:497]:Epoch 3 -             Audio-Visual accuracy: 68.50(1746/2549) 
[2026-09-18 17:07:30,077]-[trainutils.py line:501]:Epoch 3 -                    Total accuracy: 71.85(3282/4568) 
[2026-09-18 17:07:30,480]-[trainutils.py line:461]:Test progress:   0/95 
[2026-09-18 17:08:04,107]-[trainutils.py line:461]:Test progress:  95/95 
[2026-09-18 17:08:04,107]-[trainutils.py line:492]:Epoch 3 -           Audio/Counting accuracy: 76.52(391/511) 
[2026-09-18 17:08:04,107]-[trainutils.py line:492]:Epoch 3 -        Audio/Comparative accuracy: 58.98(174/295) 
[2026-09-18 17:08:04,108]-[trainutils.py line:497]:Epoch 3 -                    Audio accuracy: 70.10(565/806) 
[2026-09-18 17:08:04,108]-[trainutils.py line:492]:Epoch 3 -          Visual/Counting accuracy: 69.83(419/600) 
[2026-09-18 17:08:04,108]-[trainutils.py line:492]:Epoch 3 -          Visual/Location accuracy: 84.99(521/613) 
[2026-09-18 17:08:04,108]-[trainutils.py line:497]:Epoch 3 -                   Visual accuracy: 77.49(940/1213) 
[2026-09-18 17:08:04,108]-[trainutils.py line:492]:Epoch 3 - Audio-Visual/Existential accuracy: 82.63(409/495) 
[2026-09-18 17:08:04,108]-[trainutils.py line:492]:Epoch 3 -    Audio-Visual/Counting accuracy: 67.93(430/633) 
[2026-09-18 17:08:04,108]-[trainutils.py line:492]:Epoch 3 -    Audio-Visual/Location accuracy: 65.73(303/461) 
[2026-09-18 17:08:04,109]-[trainutils.py line:492]:Epoch 3 - Audio-Visual/Comparative accuracy: 59.38(326/549) 
[2026-09-18 17:08:04,109]-[trainutils.py line:492]:Epoch 3 -    Audio-Visual/Temporal accuracy: 74.45(306/411) 
[2026-09-18 17:08:04,109]-[trainutils.py line:497]:Epoch 3 -             Audio-Visual accuracy: 69.60(1774/2549) 
[2026-09-18 17:08:04,109]-[trainutils.py line:501]:Epoch 3 -                    Total accuracy: 71.78(3279/4568) 
[2026-09-18 17:08:04,162]-[train.py line:151]:best model saved at epoch 3 with acc 71.8476357267951 (raw) 
[2026-09-18 17:08:04,227]-[train.py line:167]:Epoch 3 done with 71.85 and loss 0.64062. 
[2026-09-18 17:08:04,229]-[train.py line:168]:At epoch3 best acc: 71.85. 
[2026-09-18 17:08:04,229]-[train.py line:102]:
-------------- training epoch 4 -------------- 
[2026-09-18 17:08:04,482]-[trainutils.py line:416]:[EST:    5.57m][Process Time:    0.06s]- Epoch: 4 [0000/1330 (  0%)]
	Losses: ce_loss-0.6905(0.6905) loss_tacl-0.0001(0.0001) loss_sacl-0.0131(0.0131) loss_event-0.0044(0.0044) loss_eviden
ce-0.0000(0.0000) loss_query_diversity-0.0044(0.0044) loss_position-0.0000(0.0000) total_loss-0.6905(0.6905) 
[2026-09-18 17:08:28,017]-[trainutils.py line:416]:[EST:    4.82m][Process Time:    0.05s]- Epoch: 4 [0100/1330 (  8%)]
	Losses: ce_loss-0.6210(0.6274) loss_tacl-0.0001(0.0001) loss_sacl-0.0145(0.0139) loss_event-0.0057(0.0051) loss_eviden
ce-0.0031(0.0007) loss_query_diversity-0.0043(0.0044) loss_position-0.0000(0.0000) total_loss-0.6210(0.6274) 
[2026-09-18 17:08:51,660]-[trainutils.py line:416]:[EST:    4.44m][Process Time:    0.06s]- Epoch: 4 [0200/1330 ( 15%)]
	Losses: ce_loss-0.3606(0.6125) loss_tacl-0.0001(0.0001) loss_sacl-0.0148(0.0139) loss_event-0.0057(0.0051) loss_eviden
ce-0.0000(0.0008) loss_query_diversity-0.0044(0.0044) loss_position-0.0000(0.0000) total_loss-0.3606(0.6125) 
[2026-09-18 17:09:15,933]-[trainutils.py line:416]:[EST:    4.09m][Process Time:    0.06s]- Epoch: 4 [0300/1330 ( 23%)]
	Losses: ce_loss-0.4528(0.6154) loss_tacl-0.0001(0.0001) loss_sacl-0.0157(0.0139) loss_event-0.0058(0.0052) loss_eviden
ce-0.0005(0.0008) loss_query_diversity-0.0044(0.0044) loss_position-0.0000(0.0000) total_loss-0.4528(0.6154) 
[2026-09-18 17:09:39,425]-[trainutils.py line:416]:[EST:    3.68m][Process Time:    0.06s]- Epoch: 4 [0400/1330 ( 30%)]
	Losses: ce_loss-0.6813(0.6108) loss_tacl-0.0001(0.0001) loss_sacl-0.0147(0.0138) loss_event-0.0055(0.0052) loss_eviden
ce-0.0011(0.0007) loss_query_diversity-0.0044(0.0044) loss_position-0.0000(0.0000) total_loss-0.6813(0.6108) 
[2026-09-18 17:10:04,271]-[trainutils.py line:416]:[EST:    3.31m][Process Time:    0.06s]- Epoch: 4 [0500/1330 ( 38%)]
	Losses: ce_loss-0.7147(0.6094) loss_tacl-0.0001(0.0001) loss_sacl-0.0152(0.0138) loss_event-0.0059(0.0052) loss_eviden
ce-0.0000(0.0007) loss_query_diversity-0.0043(0.0044) loss_position-0.0000(0.0000) total_loss-0.7147(0.6094) 
[2026-09-18 17:10:27,699]-[trainutils.py line:416]:[EST:    2.90m][Process Time:    0.06s]- Epoch: 4 [0600/1330 ( 45%)]
	Losses: ce_loss-0.7487(0.6100) loss_tacl-0.0001(0.0001) loss_sacl-0.0158(0.0138) loss_event-0.0075(0.0052) loss_eviden
ce-0.0006(0.0007) loss_query_diversity-0.0044(0.0044) loss_position-0.0000(0.0000) total_loss-0.7487(0.6100) 
[2026-09-18 17:10:51,279]-[trainutils.py line:416]:[EST:    2.50m][Process Time:    0.05s]- Epoch: 4 [0700/1330 ( 53%)]
	Losses: ce_loss-0.6152(0.6052) loss_tacl-0.0001(0.0001) loss_sacl-0.0128(0.0138) loss_event-0.0049(0.0052) loss_eviden
ce-0.0000(0.0007) loss_query_diversity-0.0043(0.0044) loss_position-0.0000(0.0000) total_loss-0.6152(0.6052) 
[2026-09-18 17:11:14,767]-[trainutils.py line:416]:[EST:    2.10m][Process Time:    0.06s]- Epoch: 4 [0800/1330 ( 60%)]
	Losses: ce_loss-0.7566(0.6056) loss_tacl-0.0001(0.0001) loss_sacl-0.0159(0.0138) loss_event-0.0058(0.0052) loss_eviden
ce-0.0021(0.0006) loss_query_diversity-0.0044(0.0044) loss_position-0.0000(0.0000) total_loss-0.7566(0.6056) 
[2026-09-18 17:11:38,180]-[trainutils.py line:416]:[EST:    1.70m][Process Time:    0.06s]- Epoch: 4 [0900/1330 ( 68%)]
	Losses: ce_loss-0.7901(0.6071) loss_tacl-0.0001(0.0001) loss_sacl-0.0122(0.0137) loss_event-0.0048(0.0052) loss_eviden
ce-0.0000(0.0006) loss_query_diversity-0.0043(0.0044) loss_position-0.0000(0.0000) total_loss-0.7901(0.6071) 
[2026-09-18 17:12:01,861]-[trainutils.py line:416]:[EST:    1.30m][Process Time:    0.06s]- Epoch: 4 [1000/1330 ( 75%)]
	Losses: ce_loss-0.5997(0.6096) loss_tacl-0.0001(0.0001) loss_sacl-0.0174(0.0137) loss_event-0.0059(0.0052) loss_eviden
ce-0.0000(0.0006) loss_query_diversity-0.0043(0.0044) loss_position-0.0000(0.0000) total_loss-0.5997(0.6096) 
[2026-09-18 17:12:25,452]-[trainutils.py line:416]:[EST:    0.91m][Process Time:    0.05s]- Epoch: 4 [1100/1330 ( 83%)]
	Losses: ce_loss-0.4626(0.6103) loss_tacl-0.0001(0.0001) loss_sacl-0.0124(0.0137) loss_event-0.0043(0.0051) loss_eviden
ce-0.0000(0.0006) loss_query_diversity-0.0044(0.0044) loss_position-0.0000(0.0000) total_loss-0.4626(0.6103) 
[2026-09-18 17:12:49,054]-[trainutils.py line:416]:[EST:    0.51m][Process Time:    0.06s]- Epoch: 4 [1200/1330 ( 90%)]
	Losses: ce_loss-0.7729(0.6103) loss_tacl-0.0001(0.0001) loss_sacl-0.0143(0.0136) loss_event-0.0054(0.0051) loss_eviden
ce-0.0000(0.0006) loss_query_diversity-0.0043(0.0044) loss_position-0.0000(0.0000) total_loss-0.7729(0.6103) 
[2026-09-18 17:13:12,197]-[trainutils.py line:416]:[EST:    0.11m][Process Time:    0.06s]- Epoch: 4 [1300/1330 ( 98%)]
	Losses: ce_loss-0.5444(0.6090) loss_tacl-0.0001(0.0001) loss_sacl-0.0154(0.0136) loss_event-0.0061(0.0051) loss_eviden
ce-0.0009(0.0005) loss_query_diversity-0.0043(0.0044) loss_position-0.0000(0.0000) total_loss-0.5444(0.6090) 
[2026-09-18 17:13:19,124]-[trainutils.py line:416]:[EST:   -0.00m][Process Time:    0.06s]- Epoch: 4 [1330/1330 (100%)]
	Losses: ce_loss-0.6135(0.6104) loss_tacl-0.0001(0.0001) loss_sacl-0.0121(0.0136) loss_event-0.0056(0.0051) loss_eviden
ce-0.0000(0.0005) loss_query_diversity-0.0043(0.0044) loss_position-0.0000(0.0000) total_loss-0.6135(0.6104) 
[2026-09-18 17:13:19,854]-[train.py line:106]:
-------------- validation epoch 4 -------------- 
[2026-09-18 17:13:20,211]-[trainutils.py line:461]:Test progress:   0/95 
[2026-09-18 17:13:54,105]-[trainutils.py line:461]:Test progress:  95/95 
[2026-09-18 17:13:54,105]-[trainutils.py line:492]:Epoch 4 -           Audio/Counting accuracy: 82.39(421/511) 
[2026-09-18 17:13:54,105]-[trainutils.py line:492]:Epoch 4 -        Audio/Comparative accuracy: 55.59(164/295) 
[2026-09-18 17:13:54,106]-[trainutils.py line:497]:Epoch 4 -                    Audio accuracy: 72.58(585/806) 
[2026-09-18 17:13:54,106]-[trainutils.py line:492]:Epoch 4 -          Visual/Counting accuracy: 76.17(457/600) 
[2026-09-18 17:13:54,106]-[trainutils.py line:492]:Epoch 4 -          Visual/Location accuracy: 85.64(525/613) 
[2026-09-18 17:13:54,106]-[trainutils.py line:497]:Epoch 4 -                   Visual accuracy: 80.96(982/1213) 
[2026-09-18 17:13:54,106]-[trainutils.py line:492]:Epoch 4 - Audio-Visual/Existential accuracy: 83.43(413/495) 
[2026-09-18 17:13:54,107]-[trainutils.py line:492]:Epoch 4 -    Audio-Visual/Counting accuracy: 74.41(471/633) 
[2026-09-18 17:13:54,107]-[trainutils.py line:492]:Epoch 4 -    Audio-Visual/Location accuracy: 65.08(300/461) 
[2026-09-18 17:13:54,107]-[trainutils.py line:492]:Epoch 4 - Audio-Visual/Comparative accuracy: 56.65(311/549) 
[2026-09-18 17:13:54,107]-[trainutils.py line:492]:Epoch 4 -    Audio-Visual/Temporal accuracy: 71.29(293/411) 
[2026-09-18 17:13:54,107]-[trainutils.py line:497]:Epoch 4 -             Audio-Visual accuracy: 70.15(1788/2549) 
[2026-09-18 17:13:54,107]-[trainutils.py line:501]:Epoch 4 -                    Total accuracy: 73.45(3355/4568) 
[2026-09-18 17:13:54,500]-[trainutils.py line:461]:Test progress:   0/95 
[2026-09-18 17:14:28,328]-[trainutils.py line:461]:Test progress:  95/95 
[2026-09-18 17:14:28,328]-[trainutils.py line:492]:Epoch 4 -           Audio/Counting accuracy: 81.60(417/511) 
[2026-09-18 17:14:28,328]-[trainutils.py line:492]:Epoch 4 -        Audio/Comparative accuracy: 61.36(181/295) 
[2026-09-18 17:14:28,328]-[trainutils.py line:497]:Epoch 4 -                    Audio accuracy: 74.19(598/806) 
[2026-09-18 17:14:28,328]-[trainutils.py line:492]:Epoch 4 -          Visual/Counting accuracy: 74.50(447/600) 
[2026-09-18 17:14:28,328]-[trainutils.py line:492]:Epoch 4 -          Visual/Location accuracy: 86.13(528/613) 
[2026-09-18 17:14:28,330]-[trainutils.py line:497]:Epoch 4 -                   Visual accuracy: 80.38(975/1213) 
[2026-09-18 17:14:28,330]-[trainutils.py line:492]:Epoch 4 - Audio-Visual/Existential accuracy: 83.64(414/495) 
[2026-09-18 17:14:28,330]-[trainutils.py line:492]:Epoch 4 -    Audio-Visual/Counting accuracy: 72.20(457/633) 
[2026-09-18 17:14:28,330]-[trainutils.py line:492]:Epoch 4 -    Audio-Visual/Location accuracy: 67.46(311/461) 
[2026-09-18 17:14:28,331]-[trainutils.py line:492]:Epoch 4 - Audio-Visual/Comparative accuracy: 61.38(337/549) 
[2026-09-18 17:14:28,331]-[trainutils.py line:492]:Epoch 4 -    Audio-Visual/Temporal accuracy: 73.72(303/411) 
[2026-09-18 17:14:28,331]-[trainutils.py line:497]:Epoch 4 -             Audio-Visual accuracy: 71.48(1822/2549) 
[2026-09-18 17:14:28,331]-[trainutils.py line:501]:Epoch 4 -                    Total accuracy: 74.32(3395/4568) 
[2026-09-18 17:14:28,410]-[train.py line:151]:best model saved at epoch 4 with acc 74.32136602451838 (ema) 
[2026-09-18 17:14:28,473]-[train.py line:167]:Epoch 4 done with 74.32 and loss 0.58984. 
[2026-09-18 17:14:28,474]-[train.py line:168]:At epoch4 best acc: 74.32. 
[2026-09-18 17:14:28,474]-[train.py line:102]:
-------------- training epoch 5 -------------- 
[2026-09-18 17:14:28,723]-[trainutils.py line:416]:[EST:    5.45m][Process Time:    0.06s]- Epoch: 5 [0000/1330 (  0%)]
	Losses: ce_loss-0.4201(0.4201) loss_tacl-0.0001(0.0001) loss_sacl-0.0121(0.0121) loss_event-0.0043(0.0043) loss_eviden
ce-0.0000(0.0000) loss_query_diversity-0.0043(0.0043) loss_position-0.0000(0.0000) total_loss-0.4201(0.4201) 
[2026-09-18 17:14:52,175]-[trainutils.py line:416]:[EST:    4.81m][Process Time:    0.07s]- Epoch: 5 [0100/1330 (  8%)]
	Losses: ce_loss-0.5842(0.5386) loss_tacl-0.0001(0.0001) loss_sacl-0.0116(0.0132) loss_event-0.0038(0.0049) loss_eviden
ce-0.0000(0.0003) loss_query_diversity-0.0043(0.0044) loss_position-0.0000(0.0000) total_loss-0.5842(0.5386) 
[2026-09-18 17:15:15,860]-[trainutils.py line:416]:[EST:    4.44m][Process Time:    0.06s]- Epoch: 5 [0200/1330 ( 15%)]
	Losses: ce_loss-0.6646(0.5375) loss_tacl-0.0001(0.0001) loss_sacl-0.0126(0.0131) loss_event-0.0048(0.0050) loss_eviden
ce-0.0000(0.0004) loss_query_diversity-0.0044(0.0044) loss_position-0.0000(0.0000) total_loss-0.6646(0.5375) 
[2026-09-18 17:15:39,671]-[trainutils.py line:416]:[EST:    4.06m][Process Time:    0.06s]- Epoch: 5 [0300/1330 ( 23%)]
	Losses: ce_loss-0.5790(0.5396) loss_tacl-0.0001(0.0001) loss_sacl-0.0147(0.0131) loss_event-0.0062(0.0051) loss_eviden
ce-0.0000(0.0004) loss_query_diversity-0.0044(0.0044) loss_position-0.0000(0.0000) total_loss-0.5790(0.5396) 
[2026-09-18 17:16:03,315]-[trainutils.py line:416]:[EST:    3.66m][Process Time:    0.06s]- Epoch: 5 [0400/1330 ( 30%)]
	Losses: ce_loss-0.5993(0.5414) loss_tacl-0.0001(0.0001) loss_sacl-0.0132(0.0131) loss_event-0.0048(0.0051) loss_eviden
ce-0.0000(0.0004) loss_query_diversity-0.0044(0.0044) loss_position-0.0000(0.0000) total_loss-0.5993(0.5414) 
[2026-09-18 17:16:26,995]-[trainutils.py line:416]:[EST:    3.27m][Process Time:    0.06s]- Epoch: 5 [0500/1330 ( 38%)]
	Losses: ce_loss-0.5000(0.5499) loss_tacl-0.0001(0.0001) loss_sacl-0.0114(0.0131) loss_event-0.0052(0.0051) loss_eviden
ce-0.0000(0.0004) loss_query_diversity-0.0044(0.0044) loss_position-0.0000(0.0000) total_loss-0.5000(0.5499) 
[2026-09-18 17:16:50,406]-[trainutils.py line:416]:[EST:    2.87m][Process Time:    0.05s]- Epoch: 5 [0600/1330 ( 45%)]
	Losses: ce_loss-0.4616(0.5494) loss_tacl-0.0001(0.0001) loss_sacl-0.0128(0.0131) loss_event-0.0052(0.0051) loss_eviden
ce-0.0009(0.0004) loss_query_diversity-0.0043(0.0044) loss_position-0.0000(0.0000) total_loss-0.4616(0.5494) 
[2026-09-18 17:17:13,493]-[trainutils.py line:416]:[EST:    2.47m][Process Time:    0.05s]- Epoch: 5 [0700/1330 ( 53%)]
	Losses: ce_loss-0.5735(0.5481) loss_tacl-0.0001(0.0001) loss_sacl-0.0109(0.0131) loss_event-0.0054(0.0052) loss_eviden
ce-0.0000(0.0004) loss_query_diversity-0.0044(0.0044) loss_position-0.0000(0.0000) total_loss-0.5735(0.5481) 
[2026-09-18 17:17:36,816]-[trainutils.py line:416]:[EST:    2.07m][Process Time:    0.05s]- Epoch: 5 [0800/1330 ( 60%)]
	Losses: ce_loss-0.5426(0.5494) loss_tacl-0.0001(0.0001) loss_sacl-0.0126(0.0131) loss_event-0.0051(0.0052) loss_eviden
ce-0.0002(0.0004) loss_query_diversity-0.0044(0.0044) loss_position-0.0000(0.0000) total_loss-0.5426(0.5494) 
[2026-09-18 17:18:00,443]-[trainutils.py line:416]:[EST:    1.68m][Process Time:    0.06s]- Epoch: 5 [0900/1330 ( 68%)]
	Losses: ce_loss-0.4920(0.5470) loss_tacl-0.0001(0.0001) loss_sacl-0.0105(0.0131) loss_event-0.0039(0.0052) loss_eviden
ce-0.0000(0.0004) loss_query_diversity-0.0044(0.0044) loss_position-0.0000(0.0000) total_loss-0.4920(0.5470) 
[2026-09-18 17:18:23,960]-[trainutils.py line:416]:[EST:    1.29m][Process Time:    0.06s]- Epoch: 5 [1000/1330 ( 75%)]
	Losses: ce_loss-0.5237(0.5483) loss_tacl-0.0001(0.0001) loss_sacl-0.0128(0.0131) loss_event-0.0048(0.0052) loss_eviden
ce-0.0000(0.0004) loss_query_diversity-0.0044(0.0044) loss_position-0.0000(0.0000) total_loss-0.5237(0.5483) 
[2026-09-18 17:18:47,561]-[trainutils.py line:416]:[EST:    0.90m][Process Time:    0.06s]- Epoch: 5 [1100/1330 ( 83%)]
	Losses: ce_loss-0.6364(0.5487) loss_tacl-0.0001(0.0001) loss_sacl-0.0121(0.0131) loss_event-0.0044(0.0052) loss_eviden
ce-0.0000(0.0004) loss_query_diversity-0.0043(0.0043) loss_position-0.0000(0.0000) total_loss-0.6364(0.5487) 
[2026-09-18 17:19:10,985]-[trainutils.py line:416]:[EST:    0.51m][Process Time:    0.06s]- Epoch: 5 [1200/1330 ( 90%)]
	Losses: ce_loss-0.5567(0.5482) loss_tacl-0.0001(0.0001) loss_sacl-0.0121(0.0131) loss_event-0.0044(0.0052) loss_eviden
ce-0.0003(0.0004) loss_query_diversity-0.0044(0.0043) loss_position-0.0000(0.0000) total_loss-0.5567(0.5482) 
[2026-09-18 17:19:34,575]-[trainutils.py line:416]:[EST:    0.11m][Process Time:    0.06s]- Epoch: 5 [1300/1330 ( 98%)]
	Losses: ce_loss-0.6240(0.5490) loss_tacl-0.0001(0.0001) loss_sacl-0.0130(0.0131) loss_event-0.0043(0.0052) loss_eviden
ce-0.0000(0.0004) loss_query_diversity-0.0043(0.0043) loss_position-0.0000(0.0000) total_loss-0.6240(0.5490) 
[2026-09-18 17:19:41,471]-[trainutils.py line:416]:[EST:   -0.00m][Process Time:    0.06s]- Epoch: 5 [1330/1330 (100%)]
	Losses: ce_loss-0.4276(0.5495) loss_tacl-0.0001(0.0001) loss_sacl-0.0130(0.0131) loss_event-0.0057(0.0052) loss_eviden
ce-0.0000(0.0004) loss_query_diversity-0.0043(0.0043) loss_position-0.0000(0.0000) total_loss-0.4276(0.5495) 
[2026-09-18 17:19:42,186]-[train.py line:106]:
-------------- validation epoch 5 -------------- 
[2026-09-18 17:19:42,536]-[trainutils.py line:461]:Test progress:   0/95 
[2026-09-18 17:20:16,607]-[trainutils.py line:461]:Test progress:  95/95 
[2026-09-18 17:20:16,608]-[trainutils.py line:492]:Epoch 5 -           Audio/Counting accuracy: 84.34(431/511) 
[2026-09-18 17:20:16,608]-[trainutils.py line:492]:Epoch 5 -        Audio/Comparative accuracy: 57.29(169/295) 
[2026-09-18 17:20:16,608]-[trainutils.py line:497]:Epoch 5 -                    Audio accuracy: 74.44(600/806) 
[2026-09-18 17:20:16,608]-[trainutils.py line:492]:Epoch 5 -          Visual/Counting accuracy: 79.83(479/600) 
[2026-09-18 17:20:16,609]-[trainutils.py line:492]:Epoch 5 -          Visual/Location accuracy: 86.30(529/613) 
[2026-09-18 17:20:16,609]-[trainutils.py line:497]:Epoch 5 -                   Visual accuracy: 83.10(1008/1213) 
[2026-09-18 17:20:16,609]-[trainutils.py line:492]:Epoch 5 - Audio-Visual/Existential accuracy: 82.83(410/495) 
[2026-09-18 17:20:16,609]-[trainutils.py line:492]:Epoch 5 -    Audio-Visual/Counting accuracy: 74.72(473/633) 
[2026-09-18 17:20:16,610]-[trainutils.py line:492]:Epoch 5 -    Audio-Visual/Location accuracy: 66.81(308/461) 
[2026-09-18 17:20:16,610]-[trainutils.py line:492]:Epoch 5 - Audio-Visual/Comparative accuracy: 61.38(337/549) 
[2026-09-18 17:20:16,610]-[trainutils.py line:492]:Epoch 5 -    Audio-Visual/Temporal accuracy: 71.78(295/411) 
[2026-09-18 17:20:16,610]-[trainutils.py line:497]:Epoch 5 -             Audio-Visual accuracy: 71.52(1823/2549) 
[2026-09-18 17:20:16,610]-[trainutils.py line:501]:Epoch 5 -                    Total accuracy: 75.11(3431/4568) 
[2026-09-18 17:20:16,999]-[trainutils.py line:461]:Test progress:   0/95 
[2026-09-18 17:20:50,550]-[trainutils.py line:461]:Test progress:  95/95 
[2026-09-18 17:20:50,551]-[trainutils.py line:492]:Epoch 5 -           Audio/Counting accuracy: 85.71(438/511) 
[2026-09-18 17:20:50,551]-[trainutils.py line:492]:Epoch 5 -        Audio/Comparative accuracy: 61.69(182/295) 
[2026-09-18 17:20:50,551]-[trainutils.py line:497]:Epoch 5 -                    Audio accuracy: 76.92(620/806) 
[2026-09-18 17:20:50,551]-[trainutils.py line:492]:Epoch 5 -          Visual/Counting accuracy: 79.17(475/600) 
[2026-09-18 17:20:50,551]-[trainutils.py line:492]:Epoch 5 -          Visual/Location accuracy: 86.62(531/613) 
[2026-09-18 17:20:50,551]-[trainutils.py line:497]:Epoch 5 -                   Visual accuracy: 82.93(1006/1213) 
[2026-09-18 17:20:50,551]-[trainutils.py line:492]:Epoch 5 - Audio-Visual/Existential accuracy: 83.84(415/495) 
[2026-09-18 17:20:50,552]-[trainutils.py line:492]:Epoch 5 -    Audio-Visual/Counting accuracy: 74.09(469/633) 
[2026-09-18 17:20:50,552]-[trainutils.py line:492]:Epoch 5 -    Audio-Visual/Location accuracy: 69.20(319/461) 
[2026-09-18 17:20:50,552]-[trainutils.py line:492]:Epoch 5 - Audio-Visual/Comparative accuracy: 62.11(341/549) 
[2026-09-18 17:20:50,552]-[trainutils.py line:492]:Epoch 5 -    Audio-Visual/Temporal accuracy: 73.48(302/411) 
[2026-09-18 17:20:50,552]-[trainutils.py line:497]:Epoch 5 -             Audio-Visual accuracy: 72.42(1846/2549) 
[2026-09-18 17:20:50,553]-[trainutils.py line:501]:Epoch 5 -                    Total accuracy: 76.01(3472/4568) 
[2026-09-18 17:20:50,599]-[train.py line:151]:best model saved at epoch 5 with acc 76.00700525394045 (ema) 
[2026-09-18 17:20:50,657]-[train.py line:167]:Epoch 5 done with 76.01 and loss 0.55859. 
[2026-09-18 17:20:50,657]-[train.py line:168]:At epoch5 best acc: 76.01. 
[2026-09-18 17:20:50,657]-[train.py line:102]:
-------------- training epoch 6 -------------- 
[2026-09-18 17:20:50,904]-[trainutils.py line:416]:[EST:    5.40m][Process Time:    0.06s]- Epoch: 6 [0000/1330 (  0%)]
	Losses: ce_loss-0.4899(0.4899) loss_tacl-0.0001(0.0001) loss_sacl-0.0143(0.0143) loss_event-0.0058(0.0058) loss_eviden
ce-0.0008(0.0008) loss_query_diversity-0.0044(0.0044) loss_position-0.0000(0.0000) total_loss-0.4899(0.4899) 
[2026-09-18 17:21:14,058]-[trainutils.py line:416]:[EST:    4.75m][Process Time:    0.06s]- Epoch: 6 [0100/1330 (  8%)]
	Losses: ce_loss-0.4709(0.4808) loss_tacl-0.0001(0.0001) loss_sacl-0.0118(0.0129) loss_event-0.0051(0.0055) loss_eviden
ce-0.0023(0.0003) loss_query_diversity-0.0043(0.0043) loss_position-0.0000(0.0000) total_loss-0.4709(0.4808) 
[2026-09-18 17:21:37,757]-[trainutils.py line:416]:[EST:    4.41m][Process Time:    0.06s]- Epoch: 6 [0200/1330 ( 15%)]
	Losses: ce_loss-0.5115(0.4814) loss_tacl-0.0001(0.0001) loss_sacl-0.0107(0.0127) loss_event-0.0051(0.0054) loss_eviden
ce-0.0000(0.0003) loss_query_diversity-0.0043(0.0043) loss_position-0.0000(0.0000) total_loss-0.5115(0.4814) 
[2026-09-18 17:22:01,200]-[trainutils.py line:416]:[EST:    4.02m][Process Time:    0.06s]- Epoch: 6 [0300/1330 ( 23%)]
	Losses: ce_loss-0.4703(0.4876) loss_tacl-0.0001(0.0001) loss_sacl-0.0126(0.0126) loss_event-0.0049(0.0053) loss_eviden
ce-0.0000(0.0003) loss_query_diversity-0.0044(0.0043) loss_position-0.0000(0.0000) total_loss-0.4703(0.4876) 
[2026-09-18 17:22:24,986]-[trainutils.py line:416]:[EST:    3.64m][Process Time:    0.06s]- Epoch: 6 [0400/1330 ( 30%)]
	Losses: ce_loss-0.7937(0.4898) loss_tacl-0.0001(0.0001) loss_sacl-0.0105(0.0126) loss_event-0.0043(0.0053) loss_eviden
ce-0.0000(0.0003) loss_query_diversity-0.0043(0.0043) loss_position-0.0000(0.0000) total_loss-0.7937(0.4898) 
[2026-09-18 17:22:48,431]-[trainutils.py line:416]:[EST:    3.25m][Process Time:    0.06s]- Epoch: 6 [0500/1330 ( 38%)]
	Losses: ce_loss-0.4384(0.4915) loss_tacl-0.0001(0.0001) loss_sacl-0.0137(0.0126) loss_event-0.0065(0.0054) loss_eviden
ce-0.0000(0.0003) loss_query_diversity-0.0043(0.0043) loss_position-0.0000(0.0000) total_loss-0.4384(0.4915) 
[2026-09-18 17:23:11,885]-[trainutils.py line:416]:[EST:    2.86m][Process Time:    0.06s]- Epoch: 6 [0600/1330 ( 45%)]
	Losses: ce_loss-0.3416(0.4933) loss_tacl-0.0001(0.0001) loss_sacl-0.0129(0.0126) loss_event-0.0056(0.0055) loss_eviden
ce-0.0003(0.0004) loss_query_diversity-0.0043(0.0043) loss_position-0.0000(0.0000) total_loss-0.3416(0.4933) 
[2026-09-18 17:23:35,375]-[trainutils.py line:416]:[EST:    2.46m][Process Time:    0.06s]- Epoch: 6 [0700/1330 ( 53%)]
	Losses: ce_loss-0.4415(0.4921) loss_tacl-0.0001(0.0001) loss_sacl-0.0133(0.0126) loss_event-0.0052(0.0054) loss_eviden
ce-0.0000(0.0004) loss_query_diversity-0.0043(0.0043) loss_position-0.0000(0.0000) total_loss-0.4415(0.4921) 
[2026-09-18 17:23:58,772]-[trainutils.py line:416]:[EST:    2.07m][Process Time:    0.06s]- Epoch: 6 [0800/1330 ( 60%)]
	Losses: ce_loss-1.1123(0.4909) loss_tacl-0.0001(0.0001) loss_sacl-0.0135(0.0126) loss_event-0.0068(0.0054) loss_eviden
ce-0.0009(0.0003) loss_query_diversity-0.0043(0.0043) loss_position-0.0000(0.0000) total_loss-1.1123(0.4909) 
[2026-09-18 17:24:22,028]-[trainutils.py line:416]:[EST:    1.68m][Process Time:    0.06s]- Epoch: 6 [0900/1330 ( 68%)]
	Losses: ce_loss-0.5642(0.4898) loss_tacl-0.0001(0.0001) loss_sacl-0.0128(0.0127) loss_event-0.0051(0.0054) loss_eviden
ce-0.0019(0.0003) loss_query_diversity-0.0043(0.0043) loss_position-0.0000(0.0000) total_loss-0.5642(0.4898) 
[2026-09-18 17:24:45,799]-[trainutils.py line:416]:[EST:    1.29m][Process Time:    0.06s]- Epoch: 6 [1000/1330 ( 75%)]
	Losses: ce_loss-0.7900(0.4930) loss_tacl-0.0001(0.0001) loss_sacl-0.0104(0.0126) loss_event-0.0050(0.0054) loss_eviden
ce-0.0000(0.0003) loss_query_diversity-0.0043(0.0043) loss_position-0.0000(0.0000) total_loss-0.7900(0.4930) 
[2026-09-18 17:25:09,525]-[trainutils.py line:416]:[EST:    0.90m][Process Time:    0.06s]- Epoch: 6 [1100/1330 ( 83%)]
	Losses: ce_loss-0.6208(0.4950) loss_tacl-0.0001(0.0001) loss_sacl-0.0111(0.0126) loss_event-0.0057(0.0054) loss_eviden
ce-0.0002(0.0003) loss_query_diversity-0.0044(0.0043) loss_position-0.0000(0.0000) total_loss-0.6208(0.4950) 
[2026-09-18 17:25:33,075]-[trainutils.py line:416]:[EST:    0.51m][Process Time:    0.06s]- Epoch: 6 [1200/1330 ( 90%)]
	Losses: ce_loss-0.3938(0.4956) loss_tacl-0.0001(0.0001) loss_sacl-0.0096(0.0126) loss_event-0.0051(0.0054) loss_eviden
ce-0.0000(0.0003) loss_query_diversity-0.0043(0.0043) loss_position-0.0000(0.0000) total_loss-0.3938(0.4956) 
[2026-09-18 17:25:56,812]-[trainutils.py line:416]:[EST:    0.11m][Process Time:    0.06s]- Epoch: 6 [1300/1330 ( 98%)]
	Losses: ce_loss-0.4567(0.4950) loss_tacl-0.0001(0.0001) loss_sacl-0.0121(0.0126) loss_event-0.0050(0.0054) loss_eviden
ce-0.0000(0.0004) loss_query_diversity-0.0043(0.0043) loss_position-0.0000(0.0000) total_loss-0.4567(0.4950) 
[2026-09-18 17:26:03,783]-[trainutils.py line:416]:[EST:   -0.00m][Process Time:    0.06s]- Epoch: 6 [1330/1330 (100%)]
	Losses: ce_loss-0.1357(0.4952) loss_tacl-0.0001(0.0001) loss_sacl-0.0103(0.0126) loss_event-0.0056(0.0054) loss_eviden
ce-0.0000(0.0004) loss_query_diversity-0.0043(0.0043) loss_position-0.0000(0.0000) total_loss-0.1357(0.4952) 
[2026-09-18 17:26:04,535]-[train.py line:106]:
-------------- validation epoch 6 -------------- 
[2026-09-18 17:26:04,891]-[trainutils.py line:461]:Test progress:   0/95 
[2026-09-18 17:26:39,826]-[trainutils.py line:461]:Test progress:  95/95 
[2026-09-18 17:26:39,826]-[trainutils.py line:492]:Epoch 6 -           Audio/Counting accuracy: 86.50(442/511) 
[2026-09-18 17:26:39,827]-[trainutils.py line:492]:Epoch 6 -        Audio/Comparative accuracy: 54.58(161/295) 
[2026-09-18 17:26:39,827]-[trainutils.py line:497]:Epoch 6 -                    Audio accuracy: 74.81(603/806) 
[2026-09-18 17:26:39,827]-[trainutils.py line:492]:Epoch 6 -          Visual/Counting accuracy: 81.17(487/600) 
[2026-09-18 17:26:39,827]-[trainutils.py line:492]:Epoch 6 -          Visual/Location accuracy: 84.83(520/613) 
[2026-09-18 17:26:39,827]-[trainutils.py line:497]:Epoch 6 -                   Visual accuracy: 83.02(1007/1213) 
[2026-09-18 17:26:39,828]-[trainutils.py line:492]:Epoch 6 - Audio-Visual/Existential accuracy: 83.23(412/495) 
[2026-09-18 17:26:39,828]-[trainutils.py line:492]:Epoch 6 -    Audio-Visual/Counting accuracy: 76.46(484/633) 
[2026-09-18 17:26:39,828]-[trainutils.py line:492]:Epoch 6 -    Audio-Visual/Location accuracy: 66.38(306/461) 
[2026-09-18 17:26:39,828]-[trainutils.py line:492]:Epoch 6 - Audio-Visual/Comparative accuracy: 56.83(312/549) 
[2026-09-18 17:26:39,829]-[trainutils.py line:492]:Epoch 6 -    Audio-Visual/Temporal accuracy: 72.75(299/411) 
[2026-09-18 17:26:39,829]-[trainutils.py line:497]:Epoch 6 -             Audio-Visual accuracy: 71.13(1813/2549) 
[2026-09-18 17:26:39,829]-[trainutils.py line:501]:Epoch 6 -                    Total accuracy: 74.93(3423/4568) 
[2026-09-18 17:26:40,202]-[trainutils.py line:461]:Test progress:   0/95 
[2026-09-18 17:27:14,233]-[trainutils.py line:461]:Test progress:  95/95 
[2026-09-18 17:27:14,234]-[trainutils.py line:492]:Epoch 6 -           Audio/Counting accuracy: 86.11(440/511) 
[2026-09-18 17:27:14,234]-[trainutils.py line:492]:Epoch 6 -        Audio/Comparative accuracy: 63.05(186/295) 
[2026-09-18 17:27:14,234]-[trainutils.py line:497]:Epoch 6 -                    Audio accuracy: 77.67(626/806) 
[2026-09-18 17:27:14,235]-[trainutils.py line:492]:Epoch 6 -          Visual/Counting accuracy: 81.83(491/600) 
[2026-09-18 17:27:14,235]-[trainutils.py line:492]:Epoch 6 -          Visual/Location accuracy: 87.44(536/613) 
[2026-09-18 17:27:14,235]-[trainutils.py line:497]:Epoch 6 -                   Visual accuracy: 84.67(1027/1213) 
[2026-09-18 17:27:14,235]-[trainutils.py line:492]:Epoch 6 - Audio-Visual/Existential accuracy: 84.04(416/495) 
[2026-09-18 17:27:14,235]-[trainutils.py line:492]:Epoch 6 -    Audio-Visual/Counting accuracy: 75.99(481/633) 
[2026-09-18 17:27:14,236]-[trainutils.py line:492]:Epoch 6 -    Audio-Visual/Location accuracy: 69.41(320/461) 
[2026-09-18 17:27:14,236]-[trainutils.py line:492]:Epoch 6 - Audio-Visual/Comparative accuracy: 63.57(349/549) 
[2026-09-18 17:27:14,237]-[trainutils.py line:492]:Epoch 6 -    Audio-Visual/Temporal accuracy: 73.48(302/411) 
[2026-09-18 17:27:14,237]-[trainutils.py line:497]:Epoch 6 -             Audio-Visual accuracy: 73.28(1868/2549) 
[2026-09-18 17:27:14,237]-[trainutils.py line:501]:Epoch 6 -                    Total accuracy: 77.08(3521/4568) 
[2026-09-18 17:27:14,283]-[train.py line:151]:best model saved at epoch 6 with acc 77.07968476357267 (ema) 
[2026-09-18 17:27:14,341]-[train.py line:167]:Epoch 6 done with 77.08 and loss 0.53906. 
[2026-09-18 17:27:14,341]-[train.py line:168]:At epoch6 best acc: 77.08. 
[2026-09-18 17:27:14,341]-[train.py line:102]:
-------------- training epoch 7 -------------- 
[2026-09-18 17:27:14,581]-[trainutils.py line:416]:[EST:    5.28m][Process Time:    0.06s]- Epoch: 7 [0000/1330 (  0%)]
	Losses: ce_loss-0.4778(0.4778) loss_tacl-0.0001(0.0001) loss_sacl-0.0121(0.0121) loss_event-0.0054(0.0054) loss_eviden
ce-0.0019(0.0019) loss_query_diversity-0.0043(0.0043) loss_position-0.0000(0.0000) total_loss-0.4778(0.4778) 
[2026-09-18 17:27:37,536]-[trainutils.py line:416]:[EST:    4.70m][Process Time:    0.05s]- Epoch: 7 [0100/1330 (  8%)]
	Losses: ce_loss-0.3709(0.4448) loss_tacl-0.0001(0.0001) loss_sacl-0.0122(0.0121) loss_event-0.0054(0.0053) loss_eviden
ce-0.0000(0.0004) loss_query_diversity-0.0043(0.0043) loss_position-0.0000(0.0000) total_loss-0.3709(0.4448) 
[2026-09-18 17:28:01,009]-[trainutils.py line:416]:[EST:    4.37m][Process Time:    0.07s]- Epoch: 7 [0200/1330 ( 15%)]
	Losses: ce_loss-0.5089(0.4476) loss_tacl-0.0001(0.0001) loss_sacl-0.0130(0.0120) loss_event-0.0061(0.0054) loss_eviden
ce-0.0004(0.0003) loss_query_diversity-0.0044(0.0043) loss_position-0.0000(0.0000) total_loss-0.5089(0.4476) 
[2026-09-18 17:28:23,776]-[trainutils.py line:416]:[EST:    3.96m][Process Time:    0.05s]- Epoch: 7 [0300/1330 ( 23%)]
	Losses: ce_loss-0.4044(0.4517) loss_tacl-0.0001(0.0001) loss_sacl-0.0124(0.0120) loss_event-0.0057(0.0054) loss_eviden
ce-0.0000(0.0003) loss_query_diversity-0.0043(0.0043) loss_position-0.0000(0.0000) total_loss-0.4044(0.4517) 
[2026-09-18 17:28:47,234]-[trainutils.py line:416]:[EST:    3.59m][Process Time:    0.06s]- Epoch: 7 [0400/1330 ( 30%)]
	Losses: ce_loss-0.3933(0.4488) loss_tacl-0.0001(0.0001) loss_sacl-0.0129(0.0122) loss_event-0.0051(0.0055) loss_eviden
ce-0.0000(0.0003) loss_query_diversity-0.0043(0.0043) loss_position-0.0000(0.0000) total_loss-0.3933(0.4488) 
[2026-09-18 17:29:10,932]-[trainutils.py line:416]:[EST:    3.22m][Process Time:    0.06s]- Epoch: 7 [0500/1330 ( 38%)]
	Losses: ce_loss-0.3873(0.4469) loss_tacl-0.0001(0.0001) loss_sacl-0.0110(0.0123) loss_event-0.0064(0.0055) loss_eviden
ce-0.0000(0.0003) loss_query_diversity-0.0043(0.0043) loss_position-0.0000(0.0000) total_loss-0.3873(0.4469) 
[2026-09-18 17:29:34,522]-[trainutils.py line:416]:[EST:    2.83m][Process Time:    0.06s]- Epoch: 7 [0600/1330 ( 45%)]
	Losses: ce_loss-0.3493(0.4494) loss_tacl-0.0001(0.0001) loss_sacl-0.0112(0.0124) loss_event-0.0063(0.0055) loss_eviden
ce-0.0000(0.0003) loss_query_diversity-0.0043(0.0043) loss_position-0.0000(0.0000) total_loss-0.3493(0.4494) 
[2026-09-18 17:29:58,168]-[trainutils.py line:416]:[EST:    2.45m][Process Time:    0.06s]- Epoch: 7 [0700/1330 ( 53%)]
	Losses: ce_loss-0.3987(0.4493) loss_tacl-0.0001(0.0001) loss_sacl-0.0124(0.0123) loss_event-0.0066(0.0055) loss_eviden
ce-0.0008(0.0003) loss_query_diversity-0.0043(0.0043) loss_position-0.0000(0.0000) total_loss-0.3987(0.4493) 
[2026-09-18 17:30:21,649]-[trainutils.py line:416]:[EST:    2.06m][Process Time:    0.06s]- Epoch: 7 [0800/1330 ( 60%)]
	Losses: ce_loss-0.4399(0.4463) loss_tacl-0.0001(0.0001) loss_sacl-0.0102(0.0123) loss_event-0.0041(0.0055) loss_eviden
ce-0.0000(0.0003) loss_query_diversity-0.0043(0.0043) loss_position-0.0000(0.0000) total_loss-0.4399(0.4463) 
[2026-09-18 17:30:45,299]-[trainutils.py line:416]:[EST:    1.67m][Process Time:    0.06s]- Epoch: 7 [0900/1330 ( 68%)]
	Losses: ce_loss-0.6028(0.4446) loss_tacl-0.0001(0.0001) loss_sacl-0.0108(0.0123) loss_event-0.0054(0.0055) loss_eviden
ce-0.0000(0.0003) loss_query_diversity-0.0043(0.0043) loss_position-0.0000(0.0000) total_loss-0.6028(0.4446) 
[2026-09-18 17:31:08,733]-[trainutils.py line:416]:[EST:    1.28m][Process Time:    0.06s]- Epoch: 7 [1000/1330 ( 75%)]
	Losses: ce_loss-0.2371(0.4444) loss_tacl-0.0001(0.0001) loss_sacl-0.0109(0.0122) loss_event-0.0055(0.0055) loss_eviden
ce-0.0005(0.0003) loss_query_diversity-0.0043(0.0043) loss_position-0.0000(0.0000) total_loss-0.2371(0.4444) 
[2026-09-18 17:31:32,253]-[trainutils.py line:416]:[EST:    0.89m][Process Time:    0.06s]- Epoch: 7 [1100/1330 ( 83%)]
	Losses: ce_loss-0.4948(0.4464) loss_tacl-0.0001(0.0001) loss_sacl-0.0103(0.0122) loss_event-0.0044(0.0055) loss_eviden
ce-0.0000(0.0003) loss_query_diversity-0.0043(0.0043) loss_position-0.0000(0.0000) total_loss-0.4948(0.4464) 
[2026-09-18 17:31:55,754]-[trainutils.py line:416]:[EST:    0.50m][Process Time:    0.05s]- Epoch: 7 [1200/1330 ( 90%)]
	Losses: ce_loss-0.3772(0.4469) loss_tacl-0.0001(0.0001) loss_sacl-0.0096(0.0121) loss_event-0.0037(0.0055) loss_eviden
ce-0.0000(0.0003) loss_query_diversity-0.0043(0.0043) loss_position-0.0000(0.0000) total_loss-0.3772(0.4469) 
[2026-09-18 17:32:19,298]-[trainutils.py line:416]:[EST:    0.11m][Process Time:    0.06s]- Epoch: 7 [1300/1330 ( 98%)]
	Losses: ce_loss-0.5613(0.4457) loss_tacl-0.0001(0.0001) loss_sacl-0.0115(0.0121) loss_event-0.0057(0.0055) loss_eviden
ce-0.0000(0.0003) loss_query_diversity-0.0043(0.0043) loss_position-0.0000(0.0000) total_loss-0.5613(0.4457) 
[2026-09-18 17:32:26,295]-[trainutils.py line:416]:[EST:   -0.00m][Process Time:    0.06s]- Epoch: 7 [1330/1330 (100%)]
	Losses: ce_loss-0.3999(0.4457) loss_tacl-0.0001(0.0001) loss_sacl-0.0125(0.0121) loss_event-0.0052(0.0055) loss_eviden
ce-0.0000(0.0003) loss_query_diversity-0.0043(0.0043) loss_position-0.0000(0.0000) total_loss-0.3999(0.4457) 
[2026-09-18 17:32:27,033]-[train.py line:106]:
-------------- validation epoch 7 -------------- 
[2026-09-18 17:32:27,413]-[trainutils.py line:461]:Test progress:   0/95 
[2026-09-18 17:33:01,509]-[trainutils.py line:461]:Test progress:  95/95 
[2026-09-18 17:33:01,509]-[trainutils.py line:492]:Epoch 7 -           Audio/Counting accuracy: 86.89(444/511) 
[2026-09-18 17:33:01,509]-[trainutils.py line:492]:Epoch 7 -        Audio/Comparative accuracy: 64.75(191/295) 
[2026-09-18 17:33:01,510]-[trainutils.py line:497]:Epoch 7 -                    Audio accuracy: 78.78(635/806) 
[2026-09-18 17:33:01,510]-[trainutils.py line:492]:Epoch 7 -          Visual/Counting accuracy: 82.67(496/600) 
[2026-09-18 17:33:01,510]-[trainutils.py line:492]:Epoch 7 -          Visual/Location accuracy: 85.32(523/613) 
[2026-09-18 17:33:01,510]-[trainutils.py line:497]:Epoch 7 -                   Visual accuracy: 84.01(1019/1213) 
[2026-09-18 17:33:01,512]-[trainutils.py line:492]:Epoch 7 - Audio-Visual/Existential accuracy: 83.03(411/495) 
[2026-09-18 17:33:01,512]-[trainutils.py line:492]:Epoch 7 -    Audio-Visual/Counting accuracy: 77.73(492/633) 
[2026-09-18 17:33:01,512]-[trainutils.py line:492]:Epoch 7 -    Audio-Visual/Location accuracy: 65.73(303/461) 
[2026-09-18 17:33:01,512]-[trainutils.py line:492]:Epoch 7 - Audio-Visual/Comparative accuracy: 65.39(359/549) 
[2026-09-18 17:33:01,513]-[trainutils.py line:492]:Epoch 7 -    Audio-Visual/Temporal accuracy: 72.75(299/411) 
[2026-09-18 17:33:01,513]-[trainutils.py line:497]:Epoch 7 -             Audio-Visual accuracy: 73.13(1864/2549) 
[2026-09-18 17:33:01,514]-[trainutils.py line:501]:Epoch 7 -                    Total accuracy: 77.01(3518/4568) 
[2026-09-18 17:33:01,907]-[trainutils.py line:461]:Test progress:   0/95 
[2026-09-18 17:33:35,766]-[trainutils.py line:461]:Test progress:  95/95 
[2026-09-18 17:33:35,767]-[trainutils.py line:492]:Epoch 7 -           Audio/Counting accuracy: 87.48(447/511) 
[2026-09-18 17:33:35,767]-[trainutils.py line:492]:Epoch 7 -        Audio/Comparative accuracy: 63.39(187/295) 
[2026-09-18 17:33:35,767]-[trainutils.py line:497]:Epoch 7 -                    Audio accuracy: 78.66(634/806) 
[2026-09-18 17:33:35,767]-[trainutils.py line:492]:Epoch 7 -          Visual/Counting accuracy: 83.50(501/600) 
[2026-09-18 17:33:35,769]-[trainutils.py line:492]:Epoch 7 -          Visual/Location accuracy: 88.58(543/613) 
[2026-09-18 17:33:35,769]-[trainutils.py line:497]:Epoch 7 -                   Visual accuracy: 86.07(1044/1213) 
[2026-09-18 17:33:35,769]-[trainutils.py line:492]:Epoch 7 - Audio-Visual/Existential accuracy: 84.24(417/495) 
[2026-09-18 17:33:35,769]-[trainutils.py line:492]:Epoch 7 -    Audio-Visual/Counting accuracy: 77.09(488/633) 
[2026-09-18 17:33:35,769]-[trainutils.py line:492]:Epoch 7 -    Audio-Visual/Location accuracy: 68.33(315/461) 
[2026-09-18 17:33:35,769]-[trainutils.py line:492]:Epoch 7 - Audio-Visual/Comparative accuracy: 63.02(346/549) 
[2026-09-18 17:33:35,769]-[trainutils.py line:492]:Epoch 7 -    Audio-Visual/Temporal accuracy: 74.70(307/411) 
[2026-09-18 17:33:35,769]-[trainutils.py line:497]:Epoch 7 -             Audio-Visual accuracy: 73.48(1873/2549) 
[2026-09-18 17:33:35,770]-[trainutils.py line:501]:Epoch 7 -                    Total accuracy: 77.74(3551/4568) 
[2026-09-18 17:33:35,820]-[train.py line:151]:best model saved at epoch 7 with acc 77.73642732049036 (ema) 
[2026-09-18 17:33:35,884]-[train.py line:167]:Epoch 7 done with 77.74 and loss 0.53125. 
[2026-09-18 17:33:35,884]-[train.py line:168]:At epoch7 best acc: 77.74. 
[2026-09-18 17:33:35,884]-[train.py line:102]:
-------------- training epoch 8 -------------- 
[2026-09-18 17:33:36,116]-[trainutils.py line:416]:[EST:    5.06m][Process Time:    0.05s]- Epoch: 8 [0000/1330 (  0%)]
	Losses: ce_loss-0.4394(0.4394) loss_tacl-0.0001(0.0001) loss_sacl-0.0109(0.0109) loss_event-0.0050(0.0050) loss_eviden
ce-0.0000(0.0000) loss_query_diversity-0.0043(0.0043) loss_position-0.0000(0.0000) total_loss-0.4394(0.4394) 
[2026-09-18 17:33:59,814]-[trainutils.py line:416]:[EST:    4.85m][Process Time:    0.05s]- Epoch: 8 [0100/1330 (  8%)]
	Losses: ce_loss-0.2668(0.3850) loss_tacl-0.0001(0.0001) loss_sacl-0.0137(0.0121) loss_event-0.0075(0.0057) loss_eviden
ce-0.0000(0.0004) loss_query_diversity-0.0043(0.0043) loss_position-0.0000(0.0000) total_loss-0.2668(0.3850) 
[2026-09-18 17:34:23,530]-[trainutils.py line:416]:[EST:    4.46m][Process Time:    0.06s]- Epoch: 8 [0200/1330 ( 15%)]
	Losses: ce_loss-0.4427(0.3881) loss_tacl-0.0001(0.0001) loss_sacl-0.0129(0.0121) loss_event-0.0062(0.0057) loss_eviden
ce-0.0007(0.0003) loss_query_diversity-0.0043(0.0043) loss_position-0.0000(0.0000) total_loss-0.4427(0.3881) 
[2026-09-18 17:34:48,600]-[trainutils.py line:416]:[EST:    4.14m][Process Time:    0.06s]- Epoch: 8 [0300/1330 ( 23%)]
	Losses: ce_loss-0.2949(0.3932) loss_tacl-0.0001(0.0001) loss_sacl-0.0116(0.0122) loss_event-0.0048(0.0057) loss_eviden
ce-0.0000(0.0004) loss_query_diversity-0.0043(0.0043) loss_position-0.0000(0.0000) total_loss-0.2949(0.3932) 
[2026-09-18 17:35:12,416]-[trainutils.py line:416]:[EST:    3.73m][Process Time:    0.06s]- Epoch: 8 [0400/1330 ( 30%)]
	Losses: ce_loss-0.1850(0.3946) loss_tacl-0.0001(0.0001) loss_sacl-0.0141(0.0121) loss_event-0.0058(0.0057) loss_eviden
ce-0.0002(0.0003) loss_query_diversity-0.0043(0.0043) loss_position-0.0000(0.0000) total_loss-0.1850(0.3946) 
[2026-09-18 17:35:36,091]-[trainutils.py line:416]:[EST:    3.31m][Process Time:    0.06s]- Epoch: 8 [0500/1330 ( 38%)]
	Losses: ce_loss-0.3594(0.3961) loss_tacl-0.0001(0.0001) loss_sacl-0.0106(0.0121) loss_event-0.0048(0.0057) loss_eviden
ce-0.0000(0.0003) loss_query_diversity-0.0043(0.0043) loss_position-0.0000(0.0000) total_loss-0.3594(0.3961) 
[2026-09-18 17:35:59,731]-[trainutils.py line:416]:[EST:    2.91m][Process Time:    0.07s]- Epoch: 8 [0600/1330 ( 45%)]
	Losses: ce_loss-0.4371(0.3982) loss_tacl-0.0001(0.0001) loss_sacl-0.0114(0.0121) loss_event-0.0061(0.0057) loss_eviden
ce-0.0000(0.0003) loss_query_diversity-0.0043(0.0043) loss_position-0.0000(0.0000) total_loss-0.4371(0.3982) 
[2026-09-18 17:36:23,830]-[trainutils.py line:416]:[EST:    2.51m][Process Time:    0.06s]- Epoch: 8 [0700/1330 ( 53%)]
	Losses: ce_loss-0.5461(0.3983) loss_tacl-0.0001(0.0001) loss_sacl-0.0136(0.0121) loss_event-0.0063(0.0057) loss_eviden
ce-0.0002(0.0003) loss_query_diversity-0.0043(0.0043) loss_position-0.0000(0.0000) total_loss-0.5461(0.3983) 
[2026-09-18 17:36:47,420]-[trainutils.py line:416]:[EST:    2.11m][Process Time:    0.05s]- Epoch: 8 [0800/1330 ( 60%)]
	Losses: ce_loss-0.1838(0.3979) loss_tacl-0.0001(0.0001) loss_sacl-0.0130(0.0121) loss_event-0.0064(0.0057) loss_eviden
ce-0.0000(0.0002) loss_query_diversity-0.0044(0.0043) loss_position-0.0000(0.0000) total_loss-0.1838(0.3979) 
[2026-09-18 17:37:11,204]-[trainutils.py line:416]:[EST:    1.71m][Process Time:    0.06s]- Epoch: 8 [0900/1330 ( 68%)]
	Losses: ce_loss-0.3063(0.4003) loss_tacl-0.0001(0.0001) loss_sacl-0.0137(0.0120) loss_event-0.0062(0.0057) loss_eviden
ce-0.0000(0.0003) loss_query_diversity-0.0043(0.0043) loss_position-0.0000(0.0000) total_loss-0.3063(0.4003) 
[2026-09-18 17:37:34,861]-[trainutils.py line:416]:[EST:    1.31m][Process Time:    0.06s]- Epoch: 8 [1000/1330 ( 75%)]
	Losses: ce_loss-0.6244(0.4007) loss_tacl-0.0001(0.0001) loss_sacl-0.0104(0.0120) loss_event-0.0055(0.0057) loss_eviden
ce-0.0027(0.0003) loss_query_diversity-0.0043(0.0043) loss_position-0.0000(0.0000) total_loss-0.6244(0.4007) 
[2026-09-18 17:37:58,321]-[trainutils.py line:416]:[EST:    0.91m][Process Time:    0.06s]- Epoch: 8 [1100/1330 ( 83%)]
	Losses: ce_loss-0.4763(0.4001) loss_tacl-0.0001(0.0001) loss_sacl-0.0104(0.0119) loss_event-0.0046(0.0057) loss_eviden
ce-0.0000(0.0002) loss_query_diversity-0.0043(0.0043) loss_position-0.0000(0.0000) total_loss-0.4763(0.4001) 
[2026-09-18 17:38:21,678]-[trainutils.py line:416]:[EST:    0.51m][Process Time:    0.06s]- Epoch: 8 [1200/1330 ( 90%)]
	Losses: ce_loss-0.4835(0.4004) loss_tacl-0.0001(0.0001) loss_sacl-0.0133(0.0119) loss_event-0.0067(0.0057) loss_eviden
ce-0.0000(0.0003) loss_query_diversity-0.0043(0.0043) loss_position-0.0000(0.0000) total_loss-0.4835(0.4004) 
[2026-09-18 17:38:44,924]-[trainutils.py line:416]:[EST:    0.11m][Process Time:    0.06s]- Epoch: 8 [1300/1330 ( 98%)]
	Losses: ce_loss-0.5807(0.4028) loss_tacl-0.0001(0.0001) loss_sacl-0.0104(0.0119) loss_event-0.0046(0.0057) loss_eviden
ce-0.0000(0.0003) loss_query_diversity-0.0043(0.0043) loss_position-0.0000(0.0000) total_loss-0.5807(0.4028) 
[2026-09-18 17:38:51,941]-[trainutils.py line:416]:[EST:   -0.00m][Process Time:    0.06s]- Epoch: 8 [1330/1330 (100%)]
	Losses: ce_loss-0.2678(0.4032) loss_tacl-0.0001(0.0001) loss_sacl-0.0102(0.0119) loss_event-0.0062(0.0057) loss_eviden
ce-0.0000(0.0003) loss_query_diversity-0.0044(0.0043) loss_position-0.0000(0.0000) total_loss-0.2678(0.4032) 
[2026-09-18 17:38:52,682]-[train.py line:106]:
-------------- validation epoch 8 -------------- 
[2026-09-18 17:38:53,045]-[trainutils.py line:461]:Test progress:   0/95 
[2026-09-18 17:39:27,711]-[trainutils.py line:461]:Test progress:  95/95 
[2026-09-18 17:39:27,711]-[trainutils.py line:492]:Epoch 8 -           Audio/Counting accuracy: 87.67(448/511) 
[2026-09-18 17:39:27,712]-[trainutils.py line:492]:Epoch 8 -        Audio/Comparative accuracy: 62.71(185/295) 
[2026-09-18 17:39:27,712]-[trainutils.py line:497]:Epoch 8 -                    Audio accuracy: 78.54(633/806) 
[2026-09-18 17:39:27,712]-[trainutils.py line:492]:Epoch 8 -          Visual/Counting accuracy: 83.67(502/600) 
[2026-09-18 17:39:27,712]-[trainutils.py line:492]:Epoch 8 -          Visual/Location accuracy: 89.07(546/613) 
[2026-09-18 17:39:27,712]-[trainutils.py line:497]:Epoch 8 -                   Visual accuracy: 86.40(1048/1213) 
[2026-09-18 17:39:27,712]-[trainutils.py line:492]:Epoch 8 - Audio-Visual/Existential accuracy: 84.04(416/495) 
[2026-09-18 17:39:27,712]-[trainutils.py line:492]:Epoch 8 -    Audio-Visual/Counting accuracy: 79.46(503/633) 
[2026-09-18 17:39:27,713]-[trainutils.py line:492]:Epoch 8 -    Audio-Visual/Location accuracy: 65.94(304/461) 
[2026-09-18 17:39:27,713]-[trainutils.py line:492]:Epoch 8 - Audio-Visual/Comparative accuracy: 64.48(354/549) 
[2026-09-18 17:39:27,713]-[trainutils.py line:492]:Epoch 8 -    Audio-Visual/Temporal accuracy: 72.51(298/411) 
[2026-09-18 17:39:27,714]-[trainutils.py line:497]:Epoch 8 -             Audio-Visual accuracy: 73.56(1875/2549) 
[2026-09-18 17:39:27,714]-[trainutils.py line:501]:Epoch 8 -                    Total accuracy: 77.85(3556/4568) 
[2026-09-18 17:39:28,135]-[trainutils.py line:461]:Test progress:   0/95 
[2026-09-18 17:40:01,970]-[trainutils.py line:461]:Test progress:  95/95 
[2026-09-18 17:40:01,970]-[trainutils.py line:492]:Epoch 8 -           Audio/Counting accuracy: 88.06(450/511) 
[2026-09-18 17:40:01,971]-[trainutils.py line:492]:Epoch 8 -        Audio/Comparative accuracy: 65.08(192/295) 
[2026-09-18 17:40:01,971]-[trainutils.py line:497]:Epoch 8 -                    Audio accuracy: 79.65(642/806) 
[2026-09-18 17:40:01,971]-[trainutils.py line:492]:Epoch 8 -          Visual/Counting accuracy: 84.67(508/600) 
[2026-09-18 17:40:01,972]-[trainutils.py line:492]:Epoch 8 -          Visual/Location accuracy: 89.72(550/613) 
[2026-09-18 17:40:01,972]-[trainutils.py line:497]:Epoch 8 -                   Visual accuracy: 87.22(1058/1213) 
[2026-09-18 17:40:01,972]-[trainutils.py line:492]:Epoch 8 - Audio-Visual/Existential accuracy: 84.24(417/495) 
[2026-09-18 17:40:01,972]-[trainutils.py line:492]:Epoch 8 -    Audio-Visual/Counting accuracy: 79.15(501/633) 
[2026-09-18 17:40:01,972]-[trainutils.py line:492]:Epoch 8 -    Audio-Visual/Location accuracy: 67.25(310/461) 
[2026-09-18 17:40:01,973]-[trainutils.py line:492]:Epoch 8 - Audio-Visual/Comparative accuracy: 64.12(352/549) 
[2026-09-18 17:40:01,973]-[trainutils.py line:492]:Epoch 8 -    Audio-Visual/Temporal accuracy: 74.21(305/411) 
[2026-09-18 17:40:01,973]-[trainutils.py line:497]:Epoch 8 -             Audio-Visual accuracy: 73.95(1885/2549) 
[2026-09-18 17:40:01,973]-[trainutils.py line:501]:Epoch 8 -                    Total accuracy: 78.48(3585/4568) 
[2026-09-18 17:40:02,023]-[train.py line:151]:best model saved at epoch 8 with acc 78.48073555166376 (ema) 
[2026-09-18 17:40:02,089]-[train.py line:167]:Epoch 8 done with 78.48 and loss 0.53516. 
[2026-09-18 17:40:02,089]-[train.py line:168]:At epoch8 best acc: 78.48. 
[2026-09-18 17:40:02,089]-[train.py line:102]:
-------------- training epoch 9 -------------- 
[2026-09-18 17:40:02,337]-[trainutils.py line:416]:[EST:    5.42m][Process Time:    0.06s]- Epoch: 9 [0000/1330 (  0%)]
	Losses: ce_loss-0.2702(0.2702) loss_tacl-0.0001(0.0001) loss_sacl-0.0110(0.0110) loss_event-0.0053(0.0053) loss_eviden
ce-0.0008(0.0008) loss_query_diversity-0.0043(0.0043) loss_position-0.0000(0.0000) total_loss-0.2702(0.2702) 
[2026-09-18 17:40:25,778]-[trainutils.py line:416]:[EST:    4.80m][Process Time:    0.06s]- Epoch: 9 [0100/1330 (  8%)]
	Losses: ce_loss-0.2268(0.3403) loss_tacl-0.0001(0.0001) loss_sacl-0.0134(0.0117) loss_event-0.0053(0.0056) loss_eviden
ce-0.0000(0.0003) loss_query_diversity-0.0043(0.0043) loss_position-0.0000(0.0000) total_loss-0.2268(0.3403) 
[2026-09-18 17:40:49,234]-[trainutils.py line:416]:[EST:    4.41m][Process Time:    0.06s]- Epoch: 9 [0200/1330 ( 15%)]
	Losses: ce_loss-0.2604(0.3447) loss_tacl-0.0001(0.0001) loss_sacl-0.0125(0.0119) loss_event-0.0060(0.0058) loss_eviden
ce-0.0000(0.0003) loss_query_diversity-0.0044(0.0043) loss_position-0.0000(0.0000) total_loss-0.2604(0.3447) 
[2026-09-18 17:41:12,839]-[trainutils.py line:416]:[EST:    4.03m][Process Time:    0.06s]- Epoch: 9 [0300/1330 ( 23%)]
	Losses: ce_loss-0.3447(0.3426) loss_tacl-0.0001(0.0001) loss_sacl-0.0105(0.0118) loss_event-0.0059(0.0058) loss_eviden
ce-0.0000(0.0003) loss_query_diversity-0.0043(0.0043) loss_position-0.0000(0.0000) total_loss-0.3447(0.3426) 
[2026-09-18 17:41:37,484]-[trainutils.py line:416]:[EST:    3.68m][Process Time:    0.05s]- Epoch: 9 [0400/1330 ( 30%)]
	Losses: ce_loss-0.3340(0.3477) loss_tacl-0.0001(0.0001) loss_sacl-0.0141(0.0118) loss_event-0.0062(0.0058) loss_eviden
ce-0.0000(0.0002) loss_query_diversity-0.0043(0.0043) loss_position-0.0000(0.0000) total_loss-0.3340(0.3477) 
[2026-09-18 17:42:00,536]-[trainutils.py line:416]:[EST:    3.27m][Process Time:    0.05s]- Epoch: 9 [0500/1330 ( 38%)]
	Losses: ce_loss-0.2639(0.3474) loss_tacl-0.0001(0.0001) loss_sacl-0.0104(0.0118) loss_event-0.0058(0.0058) loss_eviden
ce-0.0000(0.0002) loss_query_diversity-0.0043(0.0043) loss_position-0.0000(0.0000) total_loss-0.2639(0.3474) 
[2026-09-18 17:42:23,144]-[trainutils.py line:416]:[EST:    2.85m][Process Time:    0.05s]- Epoch: 9 [0600/1330 ( 45%)]
	Losses: ce_loss-0.2878(0.3493) loss_tacl-0.0001(0.0001) loss_sacl-0.0111(0.0117) loss_event-0.0065(0.0058) loss_eviden
ce-0.0000(0.0002) loss_query_diversity-0.0043(0.0043) loss_position-0.0000(0.0000) total_loss-0.2878(0.3493) 
[2026-09-18 17:42:48,436]-[trainutils.py line:416]:[EST:    2.49m][Process Time:    0.05s]- Epoch: 9 [0700/1330 ( 53%)]
	Losses: ce_loss-0.5805(0.3529) loss_tacl-0.0001(0.0001) loss_sacl-0.0102(0.0117) loss_event-0.0051(0.0058) loss_eviden
ce-0.0000(0.0002) loss_query_diversity-0.0044(0.0043) loss_position-0.0000(0.0000) total_loss-0.5805(0.3529) 
[2026-09-18 17:43:12,620]-[trainutils.py line:416]:[EST:    2.10m][Process Time:    0.05s]- Epoch: 9 [0800/1330 ( 60%)]
	Losses: ce_loss-0.3307(0.3531) loss_tacl-0.0001(0.0001) loss_sacl-0.0110(0.0117) loss_event-0.0051(0.0058) loss_eviden
ce-0.0000(0.0002) loss_query_diversity-0.0044(0.0043) loss_position-0.0000(0.0000) total_loss-0.3307(0.3531) 
[2026-09-18 17:43:34,885]-[trainutils.py line:416]:[EST:    1.69m][Process Time:    0.06s]- Epoch: 9 [0900/1330 ( 68%)]
	Losses: ce_loss-0.3447(0.3536) loss_tacl-0.0001(0.0001) loss_sacl-0.0118(0.0116) loss_event-0.0065(0.0058) loss_eviden
ce-0.0009(0.0002) loss_query_diversity-0.0043(0.0043) loss_position-0.0000(0.0000) total_loss-0.3447(0.3536) 
[2026-09-18 17:43:57,018]-[trainutils.py line:416]:[EST:    1.29m][Process Time:    0.06s]- Epoch: 9 [1000/1330 ( 75%)]
	Losses: ce_loss-0.3400(0.3534) loss_tacl-0.0001(0.0001) loss_sacl-0.0117(0.0116) loss_event-0.0057(0.0058) loss_eviden
ce-0.0000(0.0002) loss_query_diversity-0.0043(0.0043) loss_position-0.0000(0.0000) total_loss-0.3400(0.3534) 
[2026-09-18 17:44:20,657]-[trainutils.py line:416]:[EST:    0.90m][Process Time:    0.06s]- Epoch: 9 [1100/1330 ( 83%)]
	Losses: ce_loss-0.2668(0.3537) loss_tacl-0.0001(0.0001) loss_sacl-0.0114(0.0116) loss_event-0.0053(0.0058) loss_eviden
ce-0.0000(0.0002) loss_query_diversity-0.0043(0.0043) loss_position-0.0000(0.0000) total_loss-0.2668(0.3537) 
[2026-09-18 17:44:44,485]-[trainutils.py line:416]:[EST:    0.51m][Process Time:    0.06s]- Epoch: 9 [1200/1330 ( 90%)]
	Losses: ce_loss-0.3320(0.3554) loss_tacl-0.0001(0.0001) loss_sacl-0.0121(0.0116) loss_event-0.0062(0.0058) loss_eviden
ce-0.0000(0.0002) loss_query_diversity-0.0043(0.0043) loss_position-0.0000(0.0000) total_loss-0.3320(0.3554) 
[2026-09-18 17:45:06,871]-[trainutils.py line:416]:[EST:    0.11m][Process Time:    0.06s]- Epoch: 9 [1300/1330 ( 98%)]
	Losses: ce_loss-0.3182(0.3558) loss_tacl-0.0001(0.0001) loss_sacl-0.0121(0.0116) loss_event-0.0070(0.0058) loss_eviden
ce-0.0000(0.0002) loss_query_diversity-0.0043(0.0043) loss_position-0.0000(0.0000) total_loss-0.3182(0.3558) 
[2026-09-18 17:45:13,196]-[trainutils.py line:416]:[EST:   -0.00m][Process Time:    0.08s]- Epoch: 9 [1330/1330 (100%)]
	Losses: ce_loss-0.4947(0.3569) loss_tacl-0.0001(0.0001) loss_sacl-0.0082(0.0116) loss_event-0.0051(0.0058) loss_eviden
ce-0.0000(0.0002) loss_query_diversity-0.0043(0.0043) loss_position-0.0000(0.0000) total_loss-0.4947(0.3569) 
[2026-09-18 17:45:16,166]-[train.py line:106]:
-------------- validation epoch 9 -------------- 
[2026-09-18 17:45:16,581]-[trainutils.py line:461]:Test progress:   0/95 
[2026-09-18 17:45:47,934]-[trainutils.py line:461]:Test progress:  95/95 
[2026-09-18 17:45:47,935]-[trainutils.py line:492]:Epoch 9 -           Audio/Counting accuracy: 87.67(448/511) 
[2026-09-18 17:45:47,936]-[trainutils.py line:492]:Epoch 9 -        Audio/Comparative accuracy: 58.64(173/295) 
[2026-09-18 17:45:47,936]-[trainutils.py line:497]:Epoch 9 -                    Audio accuracy: 77.05(621/806) 
[2026-09-18 17:45:47,936]-[trainutils.py line:492]:Epoch 9 -          Visual/Counting accuracy: 83.67(502/600) 
[2026-09-18 17:45:47,936]-[trainutils.py line:492]:Epoch 9 -          Visual/Location accuracy: 87.93(539/613) 
[2026-09-18 17:45:47,937]-[trainutils.py line:497]:Epoch 9 -                   Visual accuracy: 85.82(1041/1213) 
[2026-09-18 17:45:47,937]-[trainutils.py line:492]:Epoch 9 - Audio-Visual/Existential accuracy: 83.84(415/495) 
[2026-09-18 17:45:47,937]-[trainutils.py line:492]:Epoch 9 -    Audio-Visual/Counting accuracy: 76.46(484/633) 
[2026-09-18 17:45:47,938]-[trainutils.py line:492]:Epoch 9 -    Audio-Visual/Location accuracy: 68.11(314/461) 
[2026-09-18 17:45:47,938]-[trainutils.py line:492]:Epoch 9 - Audio-Visual/Comparative accuracy: 64.66(355/549) 
[2026-09-18 17:45:47,938]-[trainutils.py line:492]:Epoch 9 -    Audio-Visual/Temporal accuracy: 71.53(294/411) 
[2026-09-18 17:45:47,938]-[trainutils.py line:497]:Epoch 9 -             Audio-Visual accuracy: 73.05(1862/2549) 
[2026-09-18 17:45:47,938]-[trainutils.py line:501]:Epoch 9 -                    Total accuracy: 77.15(3524/4568) 
[2026-09-18 17:45:48,291]-[trainutils.py line:461]:Test progress:   0/95 
[2026-09-18 17:46:19,252]-[trainutils.py line:461]:Test progress:  95/95 
[2026-09-18 17:46:19,253]-[trainutils.py line:492]:Epoch 9 -           Audio/Counting accuracy: 88.26(451/511) 
[2026-09-18 17:46:19,253]-[trainutils.py line:492]:Epoch 9 -        Audio/Comparative accuracy: 64.41(190/295) 
[2026-09-18 17:46:19,253]-[trainutils.py line:497]:Epoch 9 -                    Audio accuracy: 79.53(641/806) 
[2026-09-18 17:46:19,253]-[trainutils.py line:492]:Epoch 9 -          Visual/Counting accuracy: 85.17(511/600) 
[2026-09-18 17:46:19,253]-[trainutils.py line:492]:Epoch 9 -          Visual/Location accuracy: 89.89(551/613) 
[2026-09-18 17:46:19,254]-[trainutils.py line:497]:Epoch 9 -                   Visual accuracy: 87.55(1062/1213) 
[2026-09-18 17:46:19,254]-[trainutils.py line:492]:Epoch 9 - Audio-Visual/Existential accuracy: 84.44(418/495) 
[2026-09-18 17:46:19,254]-[trainutils.py line:492]:Epoch 9 -    Audio-Visual/Counting accuracy: 79.78(505/633) 
[2026-09-18 17:46:19,254]-[trainutils.py line:492]:Epoch 9 -    Audio-Visual/Location accuracy: 66.38(306/461) 
[2026-09-18 17:46:19,255]-[trainutils.py line:492]:Epoch 9 - Audio-Visual/Comparative accuracy: 64.85(356/549) 
[2026-09-18 17:46:19,255]-[trainutils.py line:492]:Epoch 9 -    Audio-Visual/Temporal accuracy: 74.70(307/411) 
[2026-09-18 17:46:19,255]-[trainutils.py line:497]:Epoch 9 -             Audio-Visual accuracy: 74.23(1892/2549) 
[2026-09-18 17:46:19,255]-[trainutils.py line:501]:Epoch 9 -                    Total accuracy: 78.70(3595/4568) 
[2026-09-18 17:46:19,327]-[train.py line:151]:best model saved at epoch 9 with acc 78.69964973730298 (ema) 
[2026-09-18 17:46:19,416]-[train.py line:167]:Epoch 9 done with 78.70 and loss 0.54688. 
[2026-09-18 17:46:19,416]-[train.py line:168]:At epoch9 best acc: 78.70. 
[2026-09-18 17:46:19,416]-[train.py line:102]:
-------------- training epoch 10 -------------- 
[2026-09-18 17:46:19,646]-[trainutils.py line:416]:[EST:    5.03m][Process Time:    0.05s]- Epoch: 10 [0000/1330 (  0%)
]	Losses: ce_loss-0.2575(0.2575) loss_tacl-0.0001(0.0001) loss_sacl-0.0103(0.0103) loss_event-0.0055(0.0055) loss_evide
nce-0.0009(0.0009) loss_query_diversity-0.0043(0.0043) loss_position-0.0000(0.0000) total_loss-0.2575(0.2575) 
[2026-09-18 17:46:43,478]-[trainutils.py line:416]:[EST:    4.88m][Process Time:    0.05s]- Epoch: 10 [0100/1330 (  8%)
]	Losses: ce_loss-0.1621(0.3052) loss_tacl-0.0001(0.0001) loss_sacl-0.0123(0.0114) loss_event-0.0071(0.0059) loss_evide
nce-0.0000(0.0002) loss_query_diversity-0.0043(0.0043) loss_position-0.0000(0.0000) total_loss-0.1621(0.3052) 
[2026-09-18 17:47:06,735]-[trainutils.py line:416]:[EST:    4.43m][Process Time:    0.06s]- Epoch: 10 [0200/1330 ( 15%)
]	Losses: ce_loss-0.5788(0.3152) loss_tacl-0.0001(0.0001) loss_sacl-0.0109(0.0114) loss_event-0.0059(0.0059) loss_evide
nce-0.0000(0.0002) loss_query_diversity-0.0044(0.0043) loss_position-0.0000(0.0000) total_loss-0.5788(0.3152) 
[2026-09-18 17:47:29,269]-[trainutils.py line:416]:[EST:    3.98m][Process Time:    0.06s]- Epoch: 10 [0300/1330 ( 23%)
]	Losses: ce_loss-0.3252(0.3178) loss_tacl-0.0001(0.0001) loss_sacl-0.0102(0.0114) loss_event-0.0044(0.0059) loss_evide
nce-0.0000(0.0002) loss_query_diversity-0.0043(0.0043) loss_position-0.0000(0.0000) total_loss-0.3252(0.3178) 
[2026-09-18 17:47:52,201]-[trainutils.py line:416]:[EST:    3.58m][Process Time:    0.05s]- Epoch: 10 [0400/1330 ( 30%)
]	Losses: ce_loss-0.4358(0.3160) loss_tacl-0.0001(0.0001) loss_sacl-0.0113(0.0114) loss_event-0.0057(0.0059) loss_evide
nce-0.0000(0.0002) loss_query_diversity-0.0042(0.0043) loss_position-0.0000(0.0000) total_loss-0.4358(0.3160) 
[2026-09-18 17:48:14,918]-[trainutils.py line:416]:[EST:    3.19m][Process Time:    0.06s]- Epoch: 10 [0500/1330 ( 38%)
]	Losses: ce_loss-0.2643(0.3139) loss_tacl-0.0001(0.0001) loss_sacl-0.0106(0.0114) loss_event-0.0055(0.0059) loss_evide
nce-0.0000(0.0002) loss_query_diversity-0.0043(0.0043) loss_position-0.0000(0.0000) total_loss-0.2643(0.3139) 
[2026-09-18 17:48:37,800]-[trainutils.py line:416]:[EST:    2.80m][Process Time:    0.06s]- Epoch: 10 [0600/1330 ( 45%)
]	Losses: ce_loss-0.2250(0.3159) loss_tacl-0.0001(0.0001) loss_sacl-0.0117(0.0114) loss_event-0.0063(0.0059) loss_evide
nce-0.0000(0.0002) loss_query_diversity-0.0043(0.0043) loss_position-0.0000(0.0000) total_loss-0.2250(0.3159) 
[2026-09-18 17:49:01,499]-[trainutils.py line:416]:[EST:    2.42m][Process Time:    0.06s]- Epoch: 10 [0700/1330 ( 53%)
]	Losses: ce_loss-0.2920(0.3157) loss_tacl-0.0001(0.0001) loss_sacl-0.0112(0.0114) loss_event-0.0060(0.0059) loss_evide
nce-0.0005(0.0002) loss_query_diversity-0.0044(0.0043) loss_position-0.0000(0.0000) total_loss-0.2920(0.3157) 
[2026-09-18 17:49:24,470]-[trainutils.py line:416]:[EST:    2.04m][Process Time:    0.05s]- Epoch: 10 [0800/1330 ( 60%)
]	Losses: ce_loss-0.3536(0.3138) loss_tacl-0.0001(0.0001) loss_sacl-0.0091(0.0114) loss_event-0.0054(0.0060) loss_evide
nce-0.0000(0.0002) loss_query_diversity-0.0043(0.0043) loss_position-0.0000(0.0000) total_loss-0.3536(0.3138) 
[2026-09-18 17:49:47,954]-[trainutils.py line:416]:[EST:    1.65m][Process Time:    0.06s]- Epoch: 10 [0900/1330 ( 68%)
]	Losses: ce_loss-0.4772(0.3140) loss_tacl-0.0001(0.0001) loss_sacl-0.0112(0.0114) loss_event-0.0058(0.0060) loss_evide
nce-0.0000(0.0002) loss_query_diversity-0.0044(0.0043) loss_position-0.0000(0.0000) total_loss-0.4772(0.3140) 
[2026-09-18 17:50:11,978]-[trainutils.py line:416]:[EST:    1.27m][Process Time:    0.06s]- Epoch: 10 [1000/1330 ( 75%)
]	Losses: ce_loss-0.2093(0.3157) loss_tacl-0.0001(0.0001) loss_sacl-0.0111(0.0114) loss_event-0.0050(0.0060) loss_evide
nce-0.0011(0.0002) loss_query_diversity-0.0043(0.0043) loss_position-0.0000(0.0000) total_loss-0.2093(0.3157) 
[2026-09-18 17:50:36,733]-[trainutils.py line:416]:[EST:    0.89m][Process Time:    0.06s]- Epoch: 10 [1100/1330 ( 83%)
]	Losses: ce_loss-0.3671(0.3166) loss_tacl-0.0001(0.0001) loss_sacl-0.0130(0.0114) loss_event-0.0060(0.0060) loss_evide
nce-0.0000(0.0002) loss_query_diversity-0.0043(0.0043) loss_position-0.0000(0.0000) total_loss-0.3671(0.3166) 
[2026-09-18 17:51:00,230]-[trainutils.py line:416]:[EST:    0.50m][Process Time:    0.06s]- Epoch: 10 [1200/1330 ( 90%)
]	Losses: ce_loss-0.3527(0.3169) loss_tacl-0.0001(0.0001) loss_sacl-0.0123(0.0113) loss_event-0.0066(0.0060) loss_evide
nce-0.0000(0.0002) loss_query_diversity-0.0043(0.0043) loss_position-0.0000(0.0000) total_loss-0.3527(0.3169) 
[2026-09-18 17:51:23,058]-[trainutils.py line:416]:[EST:    0.11m][Process Time:    0.06s]- Epoch: 10 [1300/1330 ( 98%)
]	Losses: ce_loss-0.2285(0.3183) loss_tacl-0.0001(0.0001) loss_sacl-0.0122(0.0113) loss_event-0.0065(0.0059) loss_evide
nce-0.0000(0.0002) loss_query_diversity-0.0043(0.0043) loss_position-0.0000(0.0000) total_loss-0.2285(0.3183) 
[2026-09-18 17:51:29,931]-[trainutils.py line:416]:[EST:   -0.00m][Process Time:    0.06s]- Epoch: 10 [1330/1330 (100%)
]	Losses: ce_loss-0.2165(0.3178) loss_tacl-0.0001(0.0001) loss_sacl-0.0084(0.0113) loss_event-0.0053(0.0059) loss_evide
nce-0.0000(0.0002) loss_query_diversity-0.0043(0.0043) loss_position-0.0000(0.0000) total_loss-0.2165(0.3178) 
[2026-09-18 17:51:30,651]-[train.py line:106]:
-------------- validation epoch 10 -------------- 
[2026-09-18 17:51:31,017]-[trainutils.py line:461]:Test progress:   0/95 
[2026-09-18 17:52:04,920]-[trainutils.py line:461]:Test progress:  95/95 
[2026-09-18 17:52:04,921]-[trainutils.py line:492]:Epoch 10 -           Audio/Counting accuracy: 87.67(448/511) 
[2026-09-18 17:52:04,921]-[trainutils.py line:492]:Epoch 10 -        Audio/Comparative accuracy: 62.03(183/295) 
[2026-09-18 17:52:04,921]-[trainutils.py line:497]:Epoch 10 -                    Audio accuracy: 78.29(631/806) 
[2026-09-18 17:52:04,921]-[trainutils.py line:492]:Epoch 10 -          Visual/Counting accuracy: 83.17(499/600) 
[2026-09-18 17:52:04,921]-[trainutils.py line:492]:Epoch 10 -          Visual/Location accuracy: 89.23(547/613) 
[2026-09-18 17:52:04,922]-[trainutils.py line:497]:Epoch 10 -                   Visual accuracy: 86.23(1046/1213) 
[2026-09-18 17:52:04,922]-[trainutils.py line:492]:Epoch 10 - Audio-Visual/Existential accuracy: 83.23(412/495) 
[2026-09-18 17:52:04,922]-[trainutils.py line:492]:Epoch 10 -    Audio-Visual/Counting accuracy: 78.04(494/633) 
[2026-09-18 17:52:04,922]-[trainutils.py line:492]:Epoch 10 -    Audio-Visual/Location accuracy: 68.11(314/461) 
[2026-09-18 17:52:04,922]-[trainutils.py line:492]:Epoch 10 - Audio-Visual/Comparative accuracy: 64.66(355/549) 
[2026-09-18 17:52:04,922]-[trainutils.py line:492]:Epoch 10 -    Audio-Visual/Temporal accuracy: 70.07(288/411) 
[2026-09-18 17:52:04,923]-[trainutils.py line:497]:Epoch 10 -             Audio-Visual accuracy: 73.09(1863/2549) 
[2026-09-18 17:52:04,923]-[trainutils.py line:501]:Epoch 10 -                    Total accuracy: 77.50(3540/4568) 
[2026-09-18 17:52:05,304]-[trainutils.py line:461]:Test progress:   0/95 
[2026-09-18 17:52:38,371]-[trainutils.py line:461]:Test progress:  95/95 
[2026-09-18 17:52:38,372]-[trainutils.py line:492]:Epoch 10 -           Audio/Counting accuracy: 88.85(454/511) 
[2026-09-18 17:52:38,372]-[trainutils.py line:492]:Epoch 10 -        Audio/Comparative accuracy: 63.05(186/295) 
[2026-09-18 17:52:38,372]-[trainutils.py line:497]:Epoch 10 -                    Audio accuracy: 79.40(640/806) 
[2026-09-18 17:52:38,372]-[trainutils.py line:492]:Epoch 10 -          Visual/Counting accuracy: 84.50(507/600) 
[2026-09-18 17:52:38,372]-[trainutils.py line:492]:Epoch 10 -          Visual/Location accuracy: 89.23(547/613) 
[2026-09-18 17:52:38,372]-[trainutils.py line:497]:Epoch 10 -                   Visual accuracy: 86.89(1054/1213) 
[2026-09-18 17:52:38,373]-[trainutils.py line:492]:Epoch 10 - Audio-Visual/Existential accuracy: 84.04(416/495) 
[2026-09-18 17:52:38,373]-[trainutils.py line:492]:Epoch 10 -    Audio-Visual/Counting accuracy: 80.41(509/633) 
[2026-09-18 17:52:38,373]-[trainutils.py line:492]:Epoch 10 -    Audio-Visual/Location accuracy: 66.59(307/461) 
[2026-09-18 17:52:38,373]-[trainutils.py line:492]:Epoch 10 - Audio-Visual/Comparative accuracy: 66.30(364/549) 
[2026-09-18 17:52:38,373]-[trainutils.py line:492]:Epoch 10 -    Audio-Visual/Temporal accuracy: 73.97(304/411) 
[2026-09-18 17:52:38,373]-[trainutils.py line:497]:Epoch 10 -             Audio-Visual accuracy: 74.54(1900/2549) 
[2026-09-18 17:52:38,373]-[trainutils.py line:501]:Epoch 10 -                    Total accuracy: 78.68(3594/4568) 
[2026-09-18 17:52:38,378]-[train.py line:167]:Epoch 10 done with 78.68 and loss 0.55859. 
[2026-09-18 17:52:38,378]-[train.py line:168]:At epoch9 best acc: 78.70. 
[2026-09-18 17:52:38,379]-[train.py line:102]:
-------------- training epoch 11 -------------- 
[2026-09-18 17:52:38,613]-[trainutils.py line:416]:[EST:    5.12m][Process Time:    0.06s]- Epoch: 11 [0000/1330 (  0%)
]	Losses: ce_loss-0.5606(0.5606) loss_tacl-0.0001(0.0001) loss_sacl-0.0093(0.0093) loss_event-0.0047(0.0047) loss_evide
nce-0.0000(0.0000) loss_query_diversity-0.0043(0.0043) loss_position-0.0000(0.0000) total_loss-0.5606(0.5606) 
[2026-09-18 17:53:01,701]-[trainutils.py line:416]:[EST:    4.73m][Process Time:    0.06s]- Epoch: 11 [0100/1330 (  8%)
]	Losses: ce_loss-0.1876(0.2747) loss_tacl-0.0001(0.0001) loss_sacl-0.0104(0.0112) loss_event-0.0052(0.0060) loss_evide
nce-0.0000(0.0002) loss_query_diversity-0.0043(0.0043) loss_position-0.0000(0.0000) total_loss-0.1876(0.2747) 
[2026-09-18 17:53:24,983]-[trainutils.py line:416]:[EST:    4.36m][Process Time:    0.06s]- Epoch: 11 [0200/1330 ( 15%)
]	Losses: ce_loss-0.2716(0.2667) loss_tacl-0.0001(0.0001) loss_sacl-0.0109(0.0111) loss_event-0.0067(0.0060) loss_evide
nce-0.0027(0.0001) loss_query_diversity-0.0043(0.0043) loss_position-0.0000(0.0000) total_loss-0.2716(0.2667) 
[2026-09-18 17:53:48,200]-[trainutils.py line:416]:[EST:    3.98m][Process Time:    0.05s]- Epoch: 11 [0300/1330 ( 23%)
]	Losses: ce_loss-0.1034(0.2675) loss_tacl-0.0001(0.0001) loss_sacl-0.0124(0.0112) loss_event-0.0066(0.0060) loss_evide
nce-0.0000(0.0001) loss_query_diversity-0.0044(0.0043) loss_position-0.0000(0.0000) total_loss-0.1034(0.2675) 
[2026-09-18 17:54:11,304]-[trainutils.py line:416]:[EST:    3.59m][Process Time:    0.06s]- Epoch: 11 [0400/1330 ( 30%)
]	Losses: ce_loss-0.0936(0.2673) loss_tacl-0.0001(0.0001) loss_sacl-0.0129(0.0111) loss_event-0.0055(0.0060) loss_evide
nce-0.0006(0.0001) loss_query_diversity-0.0043(0.0043) loss_position-0.0000(0.0000) total_loss-0.0936(0.2673) 
[2026-09-18 17:54:34,556]-[trainutils.py line:416]:[EST:    3.20m][Process Time:    0.06s]- Epoch: 11 [0500/1330 ( 38%)
]	Losses: ce_loss-0.4568(0.2718) loss_tacl-0.0001(0.0001) loss_sacl-0.0096(0.0111) loss_event-0.0048(0.0060) loss_evide
nce-0.0000(0.0001) loss_query_diversity-0.0043(0.0043) loss_position-0.0000(0.0000) total_loss-0.4568(0.2718) 
[2026-09-18 17:54:57,763]-[trainutils.py line:416]:[EST:    2.82m][Process Time:    0.06s]- Epoch: 11 [0600/1330 ( 45%)
]	Losses: ce_loss-0.1932(0.2730) loss_tacl-0.0001(0.0001) loss_sacl-0.0105(0.0111) loss_event-0.0053(0.0060) loss_evide
nce-0.0000(0.0001) loss_query_diversity-0.0043(0.0043) loss_position-0.0000(0.0000) total_loss-0.1932(0.2730) 
[2026-09-18 17:55:20,816]-[trainutils.py line:416]:[EST:    2.43m][Process Time:    0.06s]- Epoch: 11 [0700/1330 ( 53%)
]	Losses: ce_loss-0.2700(0.2734) loss_tacl-0.0001(0.0001) loss_sacl-0.0099(0.0111) loss_event-0.0052(0.0060) loss_evide
nce-0.0000(0.0001) loss_query_diversity-0.0043(0.0043) loss_position-0.0000(0.0000) total_loss-0.2700(0.2734) 
[2026-09-18 17:55:43,713]-[trainutils.py line:416]:[EST:    2.04m][Process Time:    0.06s]- Epoch: 11 [0800/1330 ( 60%)
]	Losses: ce_loss-0.1146(0.2750) loss_tacl-0.0001(0.0001) loss_sacl-0.0113(0.0111) loss_event-0.0063(0.0060) loss_evide
nce-0.0002(0.0001) loss_query_diversity-0.0043(0.0043) loss_position-0.0000(0.0000) total_loss-0.1146(0.2750) 
[2026-09-18 17:56:06,725]-[trainutils.py line:416]:[EST:    1.65m][Process Time:    0.06s]- Epoch: 11 [0900/1330 ( 68%)
]	Losses: ce_loss-0.3455(0.2755) loss_tacl-0.0001(0.0001) loss_sacl-0.0100(0.0111) loss_event-0.0060(0.0060) loss_evide
nce-0.0011(0.0001) loss_query_diversity-0.0043(0.0043) loss_position-0.0000(0.0000) total_loss-0.3455(0.2755) 
[2026-09-18 17:56:29,822]-[trainutils.py line:416]:[EST:    1.27m][Process Time:    0.06s]- Epoch: 11 [1000/1330 ( 75%)
]	Losses: ce_loss-0.4319(0.2762) loss_tacl-0.0001(0.0001) loss_sacl-0.0095(0.0111) loss_event-0.0065(0.0060) loss_evide
nce-0.0000(0.0001) loss_query_diversity-0.0043(0.0043) loss_position-0.0000(0.0000) total_loss-0.4319(0.2762) 
[2026-09-18 17:56:52,836]-[trainutils.py line:416]:[EST:    0.88m][Process Time:    0.06s]- Epoch: 11 [1100/1330 ( 83%)
]	Losses: ce_loss-0.1602(0.2752) loss_tacl-0.0001(0.0001) loss_sacl-0.0113(0.0111) loss_event-0.0070(0.0060) loss_evide
nce-0.0003(0.0001) loss_query_diversity-0.0043(0.0043) loss_position-0.0000(0.0000) total_loss-0.1602(0.2752) 
[2026-09-18 17:57:15,791]-[trainutils.py line:416]:[EST:    0.50m][Process Time:    0.06s]- Epoch: 11 [1200/1330 ( 90%)
]	Losses: ce_loss-0.1894(0.2765) loss_tacl-0.0001(0.0001) loss_sacl-0.0113(0.0111) loss_event-0.0058(0.0061) loss_evide
nce-0.0000(0.0001) loss_query_diversity-0.0043(0.0043) loss_position-0.0000(0.0000) total_loss-0.1894(0.2765) 
[2026-09-18 17:57:38,942]-[trainutils.py line:416]:[EST:    0.11m][Process Time:    0.06s]- Epoch: 11 [1300/1330 ( 98%)
]	Losses: ce_loss-0.2238(0.2768) loss_tacl-0.0001(0.0001) loss_sacl-0.0110(0.0110) loss_event-0.0062(0.0061) loss_evide
nce-0.0000(0.0001) loss_query_diversity-0.0043(0.0043) loss_position-0.0000(0.0000) total_loss-0.2238(0.2768) 
[2026-09-18 17:57:45,793]-[trainutils.py line:416]:[EST:   -0.00m][Process Time:    0.06s]- Epoch: 11 [1330/1330 (100%)
]	Losses: ce_loss-0.0275(0.2770) loss_tacl-0.0001(0.0001) loss_sacl-0.0115(0.0110) loss_event-0.0071(0.0061) loss_evide
nce-0.0000(0.0001) loss_query_diversity-0.0043(0.0043) loss_position-0.0000(0.0000) total_loss-0.0275(0.2770) 
[2026-09-18 17:57:46,519]-[train.py line:106]:
-------------- validation epoch 11 -------------- 
[2026-09-18 17:57:46,863]-[trainutils.py line:461]:Test progress:   0/95 
[2026-09-18 17:58:20,145]-[trainutils.py line:461]:Test progress:  95/95 
[2026-09-18 17:58:20,146]-[trainutils.py line:492]:Epoch 11 -           Audio/Counting accuracy: 87.67(448/511) 
[2026-09-18 17:58:20,146]-[trainutils.py line:492]:Epoch 11 -        Audio/Comparative accuracy: 59.32(175/295) 
[2026-09-18 17:58:20,146]-[trainutils.py line:497]:Epoch 11 -                    Audio accuracy: 77.30(623/806) 
[2026-09-18 17:58:20,146]-[trainutils.py line:492]:Epoch 11 -          Visual/Counting accuracy: 83.33(500/600) 
[2026-09-18 17:58:20,146]-[trainutils.py line:492]:Epoch 11 -          Visual/Location accuracy: 90.21(553/613) 
[2026-09-18 17:58:20,147]-[trainutils.py line:497]:Epoch 11 -                   Visual accuracy: 86.81(1053/1213) 
[2026-09-18 17:58:20,148]-[trainutils.py line:492]:Epoch 11 - Audio-Visual/Existential accuracy: 84.04(416/495) 
[2026-09-18 17:58:20,148]-[trainutils.py line:492]:Epoch 11 -    Audio-Visual/Counting accuracy: 78.04(494/633) 
[2026-09-18 17:58:20,148]-[trainutils.py line:492]:Epoch 11 -    Audio-Visual/Location accuracy: 67.46(311/461) 
[2026-09-18 17:58:20,148]-[trainutils.py line:492]:Epoch 11 - Audio-Visual/Comparative accuracy: 64.85(356/549) 
[2026-09-18 17:58:20,149]-[trainutils.py line:492]:Epoch 11 -    Audio-Visual/Temporal accuracy: 71.29(293/411) 
[2026-09-18 17:58:20,149]-[trainutils.py line:497]:Epoch 11 -             Audio-Visual accuracy: 73.36(1870/2549) 
[2026-09-18 17:58:20,149]-[trainutils.py line:501]:Epoch 11 -                    Total accuracy: 77.63(3546/4568) 
[2026-09-18 17:58:20,521]-[trainutils.py line:461]:Test progress:   0/95 
[2026-09-18 17:58:53,523]-[trainutils.py line:461]:Test progress:  95/95 
[2026-09-18 17:58:53,524]-[trainutils.py line:492]:Epoch 11 -           Audio/Counting accuracy: 88.06(450/511) 
[2026-09-18 17:58:53,524]-[trainutils.py line:492]:Epoch 11 -        Audio/Comparative accuracy: 62.03(183/295) 
[2026-09-18 17:58:53,524]-[trainutils.py line:497]:Epoch 11 -                    Audio accuracy: 78.54(633/806) 
[2026-09-18 17:58:53,524]-[trainutils.py line:492]:Epoch 11 -          Visual/Counting accuracy: 84.17(505/600) 
[2026-09-18 17:58:53,525]-[trainutils.py line:492]:Epoch 11 -          Visual/Location accuracy: 89.89(551/613) 
[2026-09-18 17:58:53,525]-[trainutils.py line:497]:Epoch 11 -                   Visual accuracy: 87.06(1056/1213) 
[2026-09-18 17:58:53,525]-[trainutils.py line:492]:Epoch 11 - Audio-Visual/Existential accuracy: 84.65(419/495) 
[2026-09-18 17:58:53,525]-[trainutils.py line:492]:Epoch 11 -    Audio-Visual/Counting accuracy: 80.41(509/633) 
[2026-09-18 17:58:53,525]-[trainutils.py line:492]:Epoch 11 -    Audio-Visual/Location accuracy: 67.68(312/461) 
[2026-09-18 17:58:53,526]-[trainutils.py line:492]:Epoch 11 - Audio-Visual/Comparative accuracy: 65.76(361/549) 
[2026-09-18 17:58:53,526]-[trainutils.py line:492]:Epoch 11 -    Audio-Visual/Temporal accuracy: 74.45(306/411) 
[2026-09-18 17:58:53,526]-[trainutils.py line:497]:Epoch 11 -             Audio-Visual accuracy: 74.81(1907/2549) 
[2026-09-18 17:58:53,526]-[trainutils.py line:501]:Epoch 11 -                    Total accuracy: 78.72(3596/4568) 
[2026-09-18 17:58:53,584]-[train.py line:151]:best model saved at epoch 11 with acc 78.7215411558669 (ema) 
[2026-09-18 17:58:53,657]-[train.py line:167]:Epoch 11 done with 78.72 and loss 0.58203. 
[2026-09-18 17:58:53,658]-[train.py line:168]:At epoch11 best acc: 78.72. 
[2026-09-18 17:58:53,658]-[train.py line:102]:
-------------- training epoch 12 -------------- 
[2026-09-18 17:58:53,893]-[trainutils.py line:416]:[EST:    5.14m][Process Time:    0.05s]- Epoch: 12 [0000/1330 (  0%)
]	Losses: ce_loss-0.1621(0.1621) loss_tacl-0.0001(0.0001) loss_sacl-0.0129(0.0129) loss_event-0.0076(0.0076) loss_evide
nce-0.0000(0.0000) loss_query_diversity-0.0043(0.0043) loss_position-0.0000(0.0000) total_loss-0.1621(0.1621) 
[2026-09-18 17:59:16,956]-[trainutils.py line:416]:[EST:    4.72m][Process Time:    0.05s]- Epoch: 12 [0100/1330 (  8%)
]	Losses: ce_loss-0.1935(0.2380) loss_tacl-0.0001(0.0001) loss_sacl-0.0105(0.0108) loss_event-0.0061(0.0062) loss_evide
nce-0.0000(0.0000) loss_query_diversity-0.0043(0.0043) loss_position-0.0000(0.0000) total_loss-0.1935(0.2380) 
[2026-09-18 17:59:39,799]-[trainutils.py line:416]:[EST:    4.32m][Process Time:    0.06s]- Epoch: 12 [0200/1330 ( 15%)
]	Losses: ce_loss-0.2010(0.2343) loss_tacl-0.0001(0.0001) loss_sacl-0.0102(0.0109) loss_event-0.0061(0.0062) loss_evide
nce-0.0000(0.0001) loss_query_diversity-0.0043(0.0043) loss_position-0.0000(0.0000) total_loss-0.2010(0.2343) 
[2026-09-18 18:00:02,901]-[trainutils.py line:416]:[EST:    3.95m][Process Time:    0.06s]- Epoch: 12 [0300/1330 ( 23%)
]	Losses: ce_loss-0.1327(0.2381) loss_tacl-0.0001(0.0001) loss_sacl-0.0101(0.0108) loss_event-0.0058(0.0061) loss_evide
nce-0.0000(0.0001) loss_query_diversity-0.0044(0.0043) loss_position-0.0000(0.0000) total_loss-0.1327(0.2381) 
[2026-09-18 18:00:26,262]-[trainutils.py line:416]:[EST:    3.58m][Process Time:    0.06s]- Epoch: 12 [0400/1330 ( 30%)
]	Losses: ce_loss-0.2214(0.2378) loss_tacl-0.0001(0.0001) loss_sacl-0.0096(0.0108) loss_event-0.0058(0.0061) loss_evide
nce-0.0000(0.0001) loss_query_diversity-0.0043(0.0043) loss_position-0.0000(0.0000) total_loss-0.2214(0.2378) 
[2026-09-18 18:00:49,432]-[trainutils.py line:416]:[EST:    3.19m][Process Time:    0.06s]- Epoch: 12 [0500/1330 ( 38%)
]	Losses: ce_loss-0.2517(0.2389) loss_tacl-0.0001(0.0001) loss_sacl-0.0128(0.0107) loss_event-0.0068(0.0061) loss_evide
nce-0.0000(0.0001) loss_query_diversity-0.0043(0.0043) loss_position-0.0000(0.0000) total_loss-0.2517(0.2389) 
[2026-09-18 18:01:12,522]-[trainutils.py line:416]:[EST:    2.81m][Process Time:    0.05s]- Epoch: 12 [0600/1330 ( 45%)
]	Losses: ce_loss-0.2531(0.2409) loss_tacl-0.0001(0.0001) loss_sacl-0.0118(0.0107) loss_event-0.0065(0.0061) loss_evide
nce-0.0009(0.0001) loss_query_diversity-0.0044(0.0043) loss_position-0.0000(0.0000) total_loss-0.2531(0.2409) 
[2026-09-18 18:01:35,718]-[trainutils.py line:416]:[EST:    2.42m][Process Time:    0.06s]- Epoch: 12 [0700/1330 ( 53%)
]	Losses: ce_loss-0.2513(0.2405) loss_tacl-0.0001(0.0001) loss_sacl-0.0095(0.0108) loss_event-0.0057(0.0061) loss_evide
nce-0.0000(0.0001) loss_query_diversity-0.0043(0.0043) loss_position-0.0000(0.0000) total_loss-0.2513(0.2405) 
[2026-09-18 18:01:58,839]-[trainutils.py line:416]:[EST:    2.04m][Process Time:    0.05s]- Epoch: 12 [0800/1330 ( 60%)
]	Losses: ce_loss-0.1958(0.2409) loss_tacl-0.0001(0.0001) loss_sacl-0.0098(0.0108) loss_event-0.0049(0.0061) loss_evide
nce-0.0000(0.0001) loss_query_diversity-0.0043(0.0043) loss_position-0.0000(0.0000) total_loss-0.1958(0.2409) 
[2026-09-18 18:02:21,899]-[trainutils.py line:416]:[EST:    1.65m][Process Time:    0.06s]- Epoch: 12 [0900/1330 ( 68%)
]	Losses: ce_loss-0.1063(0.2412) loss_tacl-0.0001(0.0001) loss_sacl-0.0122(0.0108) loss_event-0.0075(0.0061) loss_evide
nce-0.0000(0.0001) loss_query_diversity-0.0043(0.0043) loss_position-0.0000(0.0000) total_loss-0.1063(0.2412) 
[2026-09-18 18:02:45,111]-[trainutils.py line:416]:[EST:    1.27m][Process Time:    0.06s]- Epoch: 12 [1000/1330 ( 75%)
]	Losses: ce_loss-0.2909(0.2415) loss_tacl-0.0001(0.0001) loss_sacl-0.0096(0.0107) loss_event-0.0057(0.0061) loss_evide
nce-0.0000(0.0001) loss_query_diversity-0.0043(0.0043) loss_position-0.0000(0.0000) total_loss-0.2909(0.2415) 
[2026-09-18 18:03:08,012]-[trainutils.py line:416]:[EST:    0.88m][Process Time:    0.06s]- Epoch: 12 [1100/1330 ( 83%)
]	Losses: ce_loss-0.2382(0.2435) loss_tacl-0.0001(0.0001) loss_sacl-0.0102(0.0107) loss_event-0.0058(0.0061) loss_evide
nce-0.0000(0.0001) loss_query_diversity-0.0043(0.0043) loss_position-0.0000(0.0000) total_loss-0.2382(0.2435) 
[2026-09-18 18:03:31,047]-[trainutils.py line:416]:[EST:    0.50m][Process Time:    0.05s]- Epoch: 12 [1200/1330 ( 90%)
]	Losses: ce_loss-0.2310(0.2442) loss_tacl-0.0001(0.0001) loss_sacl-0.0119(0.0107) loss_event-0.0067(0.0061) loss_evide
nce-0.0000(0.0001) loss_query_diversity-0.0043(0.0043) loss_position-0.0000(0.0000) total_loss-0.2310(0.2442) 
[2026-09-18 18:03:54,061]-[trainutils.py line:416]:[EST:    0.11m][Process Time:    0.06s]- Epoch: 12 [1300/1330 ( 98%)
]	Losses: ce_loss-0.4175(0.2461) loss_tacl-0.0001(0.0001) loss_sacl-0.0115(0.0107) loss_event-0.0058(0.0061) loss_evide
nce-0.0003(0.0001) loss_query_diversity-0.0044(0.0043) loss_position-0.0000(0.0000) total_loss-0.4175(0.2461) 
[2026-09-18 18:04:00,893]-[trainutils.py line:416]:[EST:   -0.00m][Process Time:    0.06s]- Epoch: 12 [1330/1330 (100%)
]	Losses: ce_loss-0.4454(0.2464) loss_tacl-0.0001(0.0001) loss_sacl-0.0090(0.0107) loss_event-0.0056(0.0061) loss_evide
nce-0.0000(0.0001) loss_query_diversity-0.0044(0.0043) loss_position-0.0000(0.0000) total_loss-0.4454(0.2464) 
[2026-09-18 18:04:01,630]-[train.py line:106]:
-------------- validation epoch 12 -------------- 
[2026-09-18 18:04:01,974]-[trainutils.py line:461]:Test progress:   0/95 
[2026-09-18 18:04:35,515]-[trainutils.py line:461]:Test progress:  95/95 
[2026-09-18 18:04:35,516]-[trainutils.py line:492]:Epoch 12 -           Audio/Counting accuracy: 86.11(440/511) 
[2026-09-18 18:04:35,516]-[trainutils.py line:492]:Epoch 12 -        Audio/Comparative accuracy: 58.98(174/295) 
[2026-09-18 18:04:35,516]-[trainutils.py line:497]:Epoch 12 -                    Audio accuracy: 76.18(614/806) 
[2026-09-18 18:04:35,516]-[trainutils.py line:492]:Epoch 12 -          Visual/Counting accuracy: 83.17(499/600) 
[2026-09-18 18:04:35,516]-[trainutils.py line:492]:Epoch 12 -          Visual/Location accuracy: 89.40(548/613) 
[2026-09-18 18:04:35,516]-[trainutils.py line:497]:Epoch 12 -                   Visual accuracy: 86.31(1047/1213) 
[2026-09-18 18:04:35,516]-[trainutils.py line:492]:Epoch 12 - Audio-Visual/Existential accuracy: 83.23(412/495) 
[2026-09-18 18:04:35,516]-[trainutils.py line:492]:Epoch 12 -    Audio-Visual/Counting accuracy: 77.73(492/633) 
[2026-09-18 18:04:35,517]-[trainutils.py line:492]:Epoch 12 -    Audio-Visual/Location accuracy: 68.11(314/461) 
[2026-09-18 18:04:35,517]-[trainutils.py line:492]:Epoch 12 - Audio-Visual/Comparative accuracy: 62.84(345/549) 
[2026-09-18 18:04:35,517]-[trainutils.py line:492]:Epoch 12 -    Audio-Visual/Temporal accuracy: 71.29(293/411) 
[2026-09-18 18:04:35,518]-[trainutils.py line:497]:Epoch 12 -             Audio-Visual accuracy: 72.81(1856/2549) 
[2026-09-18 18:04:35,518]-[trainutils.py line:501]:Epoch 12 -                    Total accuracy: 76.99(3517/4568) 
[2026-09-18 18:04:35,900]-[trainutils.py line:461]:Test progress:   0/95 
[2026-09-18 18:05:08,998]-[trainutils.py line:461]:Test progress:  95/95 
[2026-09-18 18:05:08,999]-[trainutils.py line:492]:Epoch 12 -           Audio/Counting accuracy: 87.87(449/511) 
[2026-09-18 18:05:08,999]-[trainutils.py line:492]:Epoch 12 -        Audio/Comparative accuracy: 61.02(180/295) 
[2026-09-18 18:05:08,999]-[trainutils.py line:497]:Epoch 12 -                    Audio accuracy: 78.04(629/806) 
[2026-09-18 18:05:08,999]-[trainutils.py line:492]:Epoch 12 -          Visual/Counting accuracy: 84.83(509/600) 
[2026-09-18 18:05:09,000]-[trainutils.py line:492]:Epoch 12 -          Visual/Location accuracy: 90.05(552/613) 
[2026-09-18 18:05:09,000]-[trainutils.py line:497]:Epoch 12 -                   Visual accuracy: 87.47(1061/1213) 
[2026-09-18 18:05:09,000]-[trainutils.py line:492]:Epoch 12 - Audio-Visual/Existential accuracy: 84.24(417/495) 
[2026-09-18 18:05:09,001]-[trainutils.py line:492]:Epoch 12 -    Audio-Visual/Counting accuracy: 79.94(506/633) 
[2026-09-18 18:05:09,001]-[trainutils.py line:492]:Epoch 12 -    Audio-Visual/Location accuracy: 69.63(321/461) 
[2026-09-18 18:05:09,001]-[trainutils.py line:492]:Epoch 12 - Audio-Visual/Comparative accuracy: 65.21(358/549) 
[2026-09-18 18:05:09,001]-[trainutils.py line:492]:Epoch 12 -    Audio-Visual/Temporal accuracy: 73.72(303/411) 
[2026-09-18 18:05:09,001]-[trainutils.py line:497]:Epoch 12 -             Audio-Visual accuracy: 74.74(1905/2549) 
[2026-09-18 18:05:09,001]-[trainutils.py line:501]:Epoch 12 -                    Total accuracy: 78.70(3595/4568) 
[2026-09-18 18:05:09,005]-[train.py line:167]:Epoch 12 done with 78.70 and loss 0.61328. 
[2026-09-18 18:05:09,006]-[train.py line:168]:At epoch11 best acc: 78.72. 
[2026-09-18 18:05:09,006]-[train.py line:102]:
-------------- training epoch 13 -------------- 
[2026-09-18 18:05:09,246]-[trainutils.py line:416]:[EST:    5.26m][Process Time:    0.06s]- Epoch: 13 [0000/1330 (  0%)
]	Losses: ce_loss-0.2904(0.2904) loss_tacl-0.0001(0.0001) loss_sacl-0.0112(0.0112) loss_event-0.0059(0.0059) loss_evide
nce-0.0000(0.0000) loss_query_diversity-0.0044(0.0044) loss_position-0.0000(0.0000) total_loss-0.2904(0.2904) 
[2026-09-18 18:05:32,359]-[trainutils.py line:416]:[EST:    4.74m][Process Time:    0.06s]- Epoch: 13 [0100/1330 (  8%)
]	Losses: ce_loss-0.1318(0.2126) loss_tacl-0.0001(0.0001) loss_sacl-0.0101(0.0107) loss_event-0.0068(0.0062) loss_evide
nce-0.0000(0.0000) loss_query_diversity-0.0043(0.0043) loss_position-0.0000(0.0000) total_loss-0.1318(0.2126) 
[2026-09-18 18:05:55,381]-[trainutils.py line:416]:[EST:    4.34m][Process Time:    0.06s]- Epoch: 13 [0200/1330 ( 15%)
]	Losses: ce_loss-0.1340(0.2058) loss_tacl-0.0001(0.0001) loss_sacl-0.0095(0.0108) loss_event-0.0057(0.0062) loss_evide
nce-0.0000(0.0000) loss_query_diversity-0.0043(0.0043) loss_position-0.0000(0.0000) total_loss-0.1340(0.2058) 
[2026-09-18 18:06:20,234]-[trainutils.py line:416]:[EST:    4.06m][Process Time:    0.05s]- Epoch: 13 [0300/1330 ( 23%)
]	Losses: ce_loss-0.1695(0.2074) loss_tacl-0.0001(0.0001) loss_sacl-0.0095(0.0107) loss_event-0.0057(0.0061) loss_evide
nce-0.0000(0.0001) loss_query_diversity-0.0043(0.0043) loss_position-0.0000(0.0000) total_loss-0.1695(0.2074) 
[2026-09-18 18:06:43,373]-[trainutils.py line:416]:[EST:    3.64m][Process Time:    0.06s]- Epoch: 13 [0400/1330 ( 30%)
]	Losses: ce_loss-0.2304(0.2101) loss_tacl-0.0001(0.0001) loss_sacl-0.0094(0.0107) loss_event-0.0058(0.0061) loss_evide
nce-0.0000(0.0001) loss_query_diversity-0.0043(0.0043) loss_position-0.0000(0.0000) total_loss-0.2304(0.2101) 
[2026-09-18 18:07:08,558]-[trainutils.py line:416]:[EST:    3.30m][Process Time:    0.06s]- Epoch: 13 [0500/1330 ( 38%)
]	Losses: ce_loss-0.1975(0.2089) loss_tacl-0.0001(0.0001) loss_sacl-0.0095(0.0107) loss_event-0.0058(0.0061) loss_evide
nce-0.0000(0.0001) loss_query_diversity-0.0043(0.0043) loss_position-0.0000(0.0000) total_loss-0.1975(0.2089) 
[2026-09-18 18:07:33,067]-[trainutils.py line:416]:[EST:    2.91m][Process Time:    0.06s]- Epoch: 13 [0600/1330 ( 45%)
]	Losses: ce_loss-0.0925(0.2111) loss_tacl-0.0001(0.0001) loss_sacl-0.0100(0.0107) loss_event-0.0057(0.0061) loss_evide
nce-0.0000(0.0001) loss_query_diversity-0.0044(0.0043) loss_position-0.0000(0.0000) total_loss-0.0925(0.2111) 
[2026-09-18 18:07:57,277]-[trainutils.py line:416]:[EST:    2.52m][Process Time:    0.06s]- Epoch: 13 [0700/1330 ( 53%)
]	Losses: ce_loss-0.2625(0.2112) loss_tacl-0.0001(0.0001) loss_sacl-0.0099(0.0107) loss_event-0.0051(0.0061) loss_evide
nce-0.0000(0.0001) loss_query_diversity-0.0043(0.0043) loss_position-0.0000(0.0000) total_loss-0.2625(0.2112) 
[2026-09-18 18:08:20,803]-[trainutils.py line:416]:[EST:    2.11m][Process Time:    0.06s]- Epoch: 13 [0800/1330 ( 60%)
]	Losses: ce_loss-0.1438(0.2115) loss_tacl-0.0001(0.0001) loss_sacl-0.0105(0.0106) loss_event-0.0060(0.0061) loss_evide
nce-0.0000(0.0001) loss_query_diversity-0.0043(0.0043) loss_position-0.0000(0.0000) total_loss-0.1438(0.2115) 
[2026-09-18 18:08:44,268]-[trainutils.py line:416]:[EST:    1.71m][Process Time:    0.06s]- Epoch: 13 [0900/1330 ( 68%)
]	Losses: ce_loss-0.1865(0.2107) loss_tacl-0.0001(0.0001) loss_sacl-0.0101(0.0106) loss_event-0.0061(0.0061) loss_evide
nce-0.0000(0.0001) loss_query_diversity-0.0043(0.0043) loss_position-0.0000(0.0000) total_loss-0.1865(0.2107) 
[2026-09-18 18:09:07,779]-[trainutils.py line:416]:[EST:    1.31m][Process Time:    0.06s]- Epoch: 13 [1000/1330 ( 75%)
]	Losses: ce_loss-0.1828(0.2105) loss_tacl-0.0001(0.0001) loss_sacl-0.0102(0.0106) loss_event-0.0058(0.0061) loss_evide
nce-0.0000(0.0001) loss_query_diversity-0.0043(0.0043) loss_position-0.0000(0.0000) total_loss-0.1828(0.2105) 
[2026-09-18 18:09:31,424]-[trainutils.py line:416]:[EST:    0.91m][Process Time:    0.06s]- Epoch: 13 [1100/1330 ( 83%)
]	Losses: ce_loss-0.1752(0.2122) loss_tacl-0.0001(0.0001) loss_sacl-0.0094(0.0106) loss_event-0.0058(0.0061) loss_evide
nce-0.0000(0.0001) loss_query_diversity-0.0043(0.0043) loss_position-0.0000(0.0000) total_loss-0.1752(0.2122) 
[2026-09-18 18:09:54,898]-[trainutils.py line:416]:[EST:    0.51m][Process Time:    0.06s]- Epoch: 13 [1200/1330 ( 90%)
]	Losses: ce_loss-0.1768(0.2138) loss_tacl-0.0001(0.0001) loss_sacl-0.0119(0.0106) loss_event-0.0060(0.0061) loss_evide
nce-0.0000(0.0001) loss_query_diversity-0.0043(0.0043) loss_position-0.0000(0.0000) total_loss-0.1768(0.2138) 
[2026-09-18 18:10:18,198]-[trainutils.py line:416]:[EST:    0.11m][Process Time:    0.06s]- Epoch: 13 [1300/1330 ( 98%)
]	Losses: ce_loss-0.1924(0.2156) loss_tacl-0.0001(0.0001) loss_sacl-0.0110(0.0106) loss_event-0.0066(0.0061) loss_evide
nce-0.0000(0.0001) loss_query_diversity-0.0043(0.0043) loss_position-0.0000(0.0000) total_loss-0.1924(0.2156) 
[2026-09-18 18:10:25,153]-[trainutils.py line:416]:[EST:   -0.00m][Process Time:    0.06s]- Epoch: 13 [1330/1330 (100%)
]	Losses: ce_loss-0.5741(0.2163) loss_tacl-0.0001(0.0001) loss_sacl-0.0101(0.0106) loss_event-0.0059(0.0061) loss_evide
nce-0.0000(0.0001) loss_query_diversity-0.0042(0.0043) loss_position-0.0000(0.0000) total_loss-0.5741(0.2163) 
[2026-09-18 18:10:25,863]-[train.py line:106]:
-------------- validation epoch 13 -------------- 
[2026-09-18 18:10:26,202]-[trainutils.py line:461]:Test progress:   0/95 
[2026-09-18 18:10:59,785]-[trainutils.py line:461]:Test progress:  95/95 
[2026-09-18 18:10:59,787]-[trainutils.py line:492]:Epoch 13 -           Audio/Counting accuracy: 86.69(443/511) 
[2026-09-18 18:10:59,787]-[trainutils.py line:492]:Epoch 13 -        Audio/Comparative accuracy: 58.98(174/295) 
[2026-09-18 18:10:59,787]-[trainutils.py line:497]:Epoch 13 -                    Audio accuracy: 76.55(617/806) 
[2026-09-18 18:10:59,787]-[trainutils.py line:492]:Epoch 13 -          Visual/Counting accuracy: 83.33(500/600) 
[2026-09-18 18:10:59,787]-[trainutils.py line:492]:Epoch 13 -          Visual/Location accuracy: 89.40(548/613) 
[2026-09-18 18:10:59,787]-[trainutils.py line:497]:Epoch 13 -                   Visual accuracy: 86.40(1048/1213) 
[2026-09-18 18:10:59,787]-[trainutils.py line:492]:Epoch 13 - Audio-Visual/Existential accuracy: 82.83(410/495) 
[2026-09-18 18:10:59,788]-[trainutils.py line:492]:Epoch 13 -    Audio-Visual/Counting accuracy: 78.83(499/633) 
[2026-09-18 18:10:59,788]-[trainutils.py line:492]:Epoch 13 -    Audio-Visual/Location accuracy: 68.98(318/461) 
[2026-09-18 18:10:59,788]-[trainutils.py line:492]:Epoch 13 - Audio-Visual/Comparative accuracy: 64.30(353/549) 
[2026-09-18 18:10:59,788]-[trainutils.py line:492]:Epoch 13 -    Audio-Visual/Temporal accuracy: 71.29(293/411) 
[2026-09-18 18:10:59,788]-[trainutils.py line:497]:Epoch 13 -             Audio-Visual accuracy: 73.48(1873/2549) 
[2026-09-18 18:10:59,789]-[trainutils.py line:501]:Epoch 13 -                    Total accuracy: 77.45(3538/4568) 
[2026-09-18 18:11:00,159]-[trainutils.py line:461]:Test progress:   0/95 
[2026-09-18 18:11:33,305]-[trainutils.py line:461]:Test progress:  95/95 
[2026-09-18 18:11:33,305]-[trainutils.py line:492]:Epoch 13 -           Audio/Counting accuracy: 87.67(448/511) 
[2026-09-18 18:11:33,305]-[trainutils.py line:492]:Epoch 13 -        Audio/Comparative accuracy: 59.66(176/295) 
[2026-09-18 18:11:33,305]-[trainutils.py line:497]:Epoch 13 -                    Audio accuracy: 77.42(624/806) 
[2026-09-18 18:11:33,307]-[trainutils.py line:492]:Epoch 13 -          Visual/Counting accuracy: 84.33(506/600) 
[2026-09-18 18:11:33,307]-[trainutils.py line:492]:Epoch 13 -          Visual/Location accuracy: 90.21(553/613) 
[2026-09-18 18:11:33,307]-[trainutils.py line:497]:Epoch 13 -                   Visual accuracy: 87.30(1059/1213) 
[2026-09-18 18:11:33,307]-[trainutils.py line:492]:Epoch 13 - Audio-Visual/Existential accuracy: 83.64(414/495) 
[2026-09-18 18:11:33,308]-[trainutils.py line:492]:Epoch 13 -    Audio-Visual/Counting accuracy: 78.99(500/633) 
[2026-09-18 18:11:33,308]-[trainutils.py line:492]:Epoch 13 -    Audio-Visual/Location accuracy: 69.63(321/461) 
[2026-09-18 18:11:33,308]-[trainutils.py line:492]:Epoch 13 - Audio-Visual/Comparative accuracy: 65.57(360/549) 
[2026-09-18 18:11:33,309]-[trainutils.py line:492]:Epoch 13 -    Audio-Visual/Temporal accuracy: 72.51(298/411) 
[2026-09-18 18:11:33,309]-[trainutils.py line:497]:Epoch 13 -             Audio-Visual accuracy: 74.26(1893/2549) 
[2026-09-18 18:11:33,309]-[trainutils.py line:501]:Epoch 13 -                    Total accuracy: 78.28(3576/4568) 
[2026-09-18 18:11:33,314]-[train.py line:167]:Epoch 13 done with 78.28 and loss 0.64453. 
[2026-09-18 18:11:33,314]-[train.py line:168]:At epoch11 best acc: 78.72. 
[2026-09-18 18:11:33,314]-[train.py line:102]:
-------------- training epoch 14 -------------- 
[2026-09-18 18:11:33,567]-[trainutils.py line:416]:[EST:    5.55m][Process Time:    0.07s]- Epoch: 14 [0000/1330 (  0%)
]	Losses: ce_loss-0.2102(0.2102) loss_tacl-0.0001(0.0001) loss_sacl-0.0107(0.0107) loss_event-0.0061(0.0061) loss_evide
nce-0.0000(0.0000) loss_query_diversity-0.0043(0.0043) loss_position-0.0000(0.0000) total_loss-0.2102(0.2102) 
[2026-09-18 18:11:56,481]-[trainutils.py line:416]:[EST:    4.70m][Process Time:    0.05s]- Epoch: 14 [0100/1330 (  8%)
]	Losses: ce_loss-0.1827(0.1917) loss_tacl-0.0001(0.0001) loss_sacl-0.0101(0.0103) loss_event-0.0061(0.0060) loss_evide
nce-0.0000(0.0001) loss_query_diversity-0.0043(0.0043) loss_position-0.0000(0.0000) total_loss-0.1827(0.1917) 
[2026-09-18 18:12:19,698]-[trainutils.py line:416]:[EST:    4.34m][Process Time:    0.06s]- Epoch: 14 [0200/1330 ( 15%)
]	Losses: ce_loss-0.1208(0.1870) loss_tacl-0.0001(0.0001) loss_sacl-0.0110(0.0104) loss_event-0.0075(0.0060) loss_evide
nce-0.0008(0.0001) loss_query_diversity-0.0043(0.0043) loss_position-0.0000(0.0000) total_loss-0.1208(0.1870) 
[2026-09-18 18:12:43,055]-[trainutils.py line:416]:[EST:    3.97m][Process Time:    0.06s]- Epoch: 14 [0300/1330 ( 23%)
]	Losses: ce_loss-0.2515(0.1913) loss_tacl-0.0001(0.0001) loss_sacl-0.0094(0.0104) loss_event-0.0053(0.0060) loss_evide
nce-0.0000(0.0001) loss_query_diversity-0.0043(0.0043) loss_position-0.0000(0.0000) total_loss-0.2515(0.1913) 
[2026-09-18 18:13:06,587]-[trainutils.py line:416]:[EST:    3.60m][Process Time:    0.07s]- Epoch: 14 [0400/1330 ( 30%)
]	Losses: ce_loss-0.2314(0.1930) loss_tacl-0.0001(0.0001) loss_sacl-0.0101(0.0104) loss_event-0.0056(0.0060) loss_evide
nce-0.0000(0.0001) loss_query_diversity-0.0043(0.0043) loss_position-0.0000(0.0000) total_loss-0.2314(0.1930) 
[2026-09-18 18:13:29,691]-[trainutils.py line:416]:[EST:    3.21m][Process Time:    0.06s]- Epoch: 14 [0500/1330 ( 38%)
]	Losses: ce_loss-0.3030(0.1936) loss_tacl-0.0001(0.0001) loss_sacl-0.0110(0.0104) loss_event-0.0070(0.0061) loss_evide
nce-0.0000(0.0001) loss_query_diversity-0.0043(0.0043) loss_position-0.0000(0.0000) total_loss-0.3030(0.1936) 
[2026-09-18 18:13:52,873]-[trainutils.py line:416]:[EST:    2.82m][Process Time:    0.06s]- Epoch: 14 [0600/1330 ( 45%)
]	Losses: ce_loss-0.1839(0.1939) loss_tacl-0.0001(0.0001) loss_sacl-0.0093(0.0104) loss_event-0.0058(0.0061) loss_evide
nce-0.0000(0.0001) loss_query_diversity-0.0043(0.0043) loss_position-0.0000(0.0000) total_loss-0.1839(0.1939) 
[2026-09-18 18:14:16,031]-[trainutils.py line:416]:[EST:    2.43m][Process Time:    0.05s]- Epoch: 14 [0700/1330 ( 53%)
]	Losses: ce_loss-0.1346(0.1949) loss_tacl-0.0001(0.0001) loss_sacl-0.0097(0.0104) loss_event-0.0067(0.0061) loss_evide
nce-0.0000(0.0001) loss_query_diversity-0.0043(0.0043) loss_position-0.0000(0.0000) total_loss-0.1346(0.1949) 
[2026-09-18 18:14:39,269]-[trainutils.py line:416]:[EST:    2.05m][Process Time:    0.05s]- Epoch: 14 [0800/1330 ( 60%)
]	Losses: ce_loss-0.1650(0.1921) loss_tacl-0.0001(0.0001) loss_sacl-0.0100(0.0104) loss_event-0.0062(0.0061) loss_evide
nce-0.0000(0.0001) loss_query_diversity-0.0043(0.0043) loss_position-0.0000(0.0000) total_loss-0.1650(0.1921) 
[2026-09-18 18:15:02,449]-[trainutils.py line:416]:[EST:    1.66m][Process Time:    0.06s]- Epoch: 14 [0900/1330 ( 68%)
]	Losses: ce_loss-0.2982(0.1906) loss_tacl-0.0001(0.0001) loss_sacl-0.0094(0.0104) loss_event-0.0048(0.0061) loss_evide
nce-0.0000(0.0001) loss_query_diversity-0.0043(0.0043) loss_position-0.0000(0.0000) total_loss-0.2982(0.1906) 
[2026-09-18 18:15:25,621]-[trainutils.py line:416]:[EST:    1.27m][Process Time:    0.06s]- Epoch: 14 [1000/1330 ( 75%)
]	Losses: ce_loss-0.1934(0.1918) loss_tacl-0.0001(0.0001) loss_sacl-0.0103(0.0104) loss_event-0.0071(0.0061) loss_evide
nce-0.0000(0.0001) loss_query_diversity-0.0043(0.0043) loss_position-0.0000(0.0000) total_loss-0.1934(0.1918) 
[2026-09-18 18:15:48,697]-[trainutils.py line:416]:[EST:    0.89m][Process Time:    0.06s]- Epoch: 14 [1100/1330 ( 83%)
]	Losses: ce_loss-0.0971(0.1934) loss_tacl-0.0001(0.0001) loss_sacl-0.0115(0.0104) loss_event-0.0068(0.0061) loss_evide
nce-0.0000(0.0001) loss_query_diversity-0.0044(0.0043) loss_position-0.0000(0.0000) total_loss-0.0971(0.1934) 
[2026-09-18 18:16:11,921]-[trainutils.py line:416]:[EST:    0.50m][Process Time:    0.05s]- Epoch: 14 [1200/1330 ( 90%)
]	Losses: ce_loss-0.1813(0.1946) loss_tacl-0.0001(0.0001) loss_sacl-0.0091(0.0104) loss_event-0.0059(0.0061) loss_evide
nce-0.0000(0.0001) loss_query_diversity-0.0044(0.0043) loss_position-0.0000(0.0000) total_loss-0.1813(0.1946) 
[2026-09-18 18:16:35,129]-[trainutils.py line:416]:[EST:    0.11m][Process Time:    0.06s]- Epoch: 14 [1300/1330 ( 98%)
]	Losses: ce_loss-0.2533(0.1944) loss_tacl-0.0001(0.0001) loss_sacl-0.0100(0.0104) loss_event-0.0072(0.0061) loss_evide
nce-0.0000(0.0001) loss_query_diversity-0.0043(0.0043) loss_position-0.0000(0.0000) total_loss-0.2533(0.1944) 
[2026-09-18 18:16:41,921]-[trainutils.py line:416]:[EST:   -0.00m][Process Time:    0.07s]- Epoch: 14 [1330/1330 (100%)
]	Losses: ce_loss-0.0934(0.1938) loss_tacl-0.0001(0.0001) loss_sacl-0.0097(0.0104) loss_event-0.0052(0.0061) loss_evide
nce-0.0000(0.0001) loss_query_diversity-0.0043(0.0043) loss_position-0.0000(0.0000) total_loss-0.0934(0.1938) 
[2026-09-18 18:16:42,612]-[train.py line:106]:
-------------- validation epoch 14 -------------- 
[2026-09-18 18:16:42,956]-[trainutils.py line:461]:Test progress:   0/95 
[2026-09-18 18:17:16,262]-[trainutils.py line:461]:Test progress:  95/95 
[2026-09-18 18:17:16,263]-[trainutils.py line:492]:Epoch 14 -           Audio/Counting accuracy: 86.89(444/511) 
[2026-09-18 18:17:16,263]-[trainutils.py line:492]:Epoch 14 -        Audio/Comparative accuracy: 58.64(173/295) 
[2026-09-18 18:17:16,263]-[trainutils.py line:497]:Epoch 14 -                    Audio accuracy: 76.55(617/806) 
[2026-09-18 18:17:16,264]-[trainutils.py line:492]:Epoch 14 -          Visual/Counting accuracy: 83.67(502/600) 
[2026-09-18 18:17:16,264]-[trainutils.py line:492]:Epoch 14 -          Visual/Location accuracy: 90.05(552/613) 
[2026-09-18 18:17:16,264]-[trainutils.py line:497]:Epoch 14 -                   Visual accuracy: 86.89(1054/1213) 
[2026-09-18 18:17:16,264]-[trainutils.py line:492]:Epoch 14 - Audio-Visual/Existential accuracy: 83.64(414/495) 
[2026-09-18 18:17:16,264]-[trainutils.py line:492]:Epoch 14 -    Audio-Visual/Counting accuracy: 78.04(494/633) 
[2026-09-18 18:17:16,265]-[trainutils.py line:492]:Epoch 14 -    Audio-Visual/Location accuracy: 70.93(327/461) 
[2026-09-18 18:17:16,265]-[trainutils.py line:492]:Epoch 14 - Audio-Visual/Comparative accuracy: 64.48(354/549) 
[2026-09-18 18:17:16,265]-[trainutils.py line:492]:Epoch 14 -    Audio-Visual/Temporal accuracy: 71.53(294/411) 
[2026-09-18 18:17:16,265]-[trainutils.py line:497]:Epoch 14 -             Audio-Visual accuracy: 73.87(1883/2549) 
[2026-09-18 18:17:16,265]-[trainutils.py line:501]:Epoch 14 -                    Total accuracy: 77.80(3554/4568) 
[2026-09-18 18:17:16,639]-[trainutils.py line:461]:Test progress:   0/95 
[2026-09-18 18:17:49,408]-[trainutils.py line:461]:Test progress:  95/95 
[2026-09-18 18:17:49,409]-[trainutils.py line:492]:Epoch 14 -           Audio/Counting accuracy: 87.28(446/511) 
[2026-09-18 18:17:49,410]-[trainutils.py line:492]:Epoch 14 -        Audio/Comparative accuracy: 60.00(177/295) 
[2026-09-18 18:17:49,410]-[trainutils.py line:497]:Epoch 14 -                    Audio accuracy: 77.30(623/806) 
[2026-09-18 18:17:49,411]-[trainutils.py line:492]:Epoch 14 -          Visual/Counting accuracy: 84.00(504/600) 
[2026-09-18 18:17:49,411]-[trainutils.py line:492]:Epoch 14 -          Visual/Location accuracy: 90.54(555/613) 
[2026-09-18 18:17:49,411]-[trainutils.py line:497]:Epoch 14 -                   Visual accuracy: 87.30(1059/1213) 
[2026-09-18 18:17:49,411]-[trainutils.py line:492]:Epoch 14 - Audio-Visual/Existential accuracy: 83.64(414/495) 
[2026-09-18 18:17:49,412]-[trainutils.py line:492]:Epoch 14 -    Audio-Visual/Counting accuracy: 79.46(503/633) 
[2026-09-18 18:17:49,412]-[trainutils.py line:492]:Epoch 14 -    Audio-Visual/Location accuracy: 70.72(326/461) 
[2026-09-18 18:17:49,412]-[trainutils.py line:492]:Epoch 14 - Audio-Visual/Comparative accuracy: 66.12(363/549) 
[2026-09-18 18:17:49,412]-[trainutils.py line:492]:Epoch 14 -    Audio-Visual/Temporal accuracy: 72.26(297/411) 
[2026-09-18 18:17:49,412]-[trainutils.py line:497]:Epoch 14 -             Audio-Visual accuracy: 74.66(1903/2549) 
[2026-09-18 18:17:49,413]-[trainutils.py line:501]:Epoch 14 -                    Total accuracy: 78.48(3585/4568) 
[2026-09-18 18:17:49,416]-[train.py line:167]:Epoch 14 done with 78.48 and loss 0.68359. 
[2026-09-18 18:17:49,416]-[train.py line:168]:At epoch11 best acc: 78.72. 
[2026-09-18 18:17:49,416]-[train.py line:102]:
-------------- training epoch 15 -------------- 
[2026-09-18 18:17:49,649]-[trainutils.py line:416]:[EST:    5.10m][Process Time:    0.06s]- Epoch: 15 [0000/1330 (  0%)
]	Losses: ce_loss-0.0766(0.0766) loss_tacl-0.0001(0.0001) loss_sacl-0.0115(0.0115) loss_event-0.0068(0.0068) loss_evide
nce-0.0000(0.0000) loss_query_diversity-0.0043(0.0043) loss_position-0.0000(0.0000) total_loss-0.0766(0.0766) 
[2026-09-18 18:18:12,773]-[trainutils.py line:416]:[EST:    4.74m][Process Time:    0.06s]- Epoch: 15 [0100/1330 (  8%)
]	Losses: ce_loss-0.1667(0.1733) loss_tacl-0.0001(0.0001) loss_sacl-0.0124(0.0104) loss_event-0.0065(0.0060) loss_evide
nce-0.0000(0.0001) loss_query_diversity-0.0043(0.0043) loss_position-0.0000(0.0000) total_loss-0.1667(0.1733) 
[2026-09-18 18:18:36,118]-[trainutils.py line:416]:[EST:    4.37m][Process Time:    0.06s]- Epoch: 15 [0200/1330 ( 15%)
]	Losses: ce_loss-0.2181(0.1752) loss_tacl-0.0001(0.0001) loss_sacl-0.0099(0.0104) loss_event-0.0061(0.0061) loss_evide
nce-0.0000(0.0001) loss_query_diversity-0.0043(0.0043) loss_position-0.0000(0.0000) total_loss-0.2181(0.1752) 
[2026-09-18 18:18:59,309]-[trainutils.py line:416]:[EST:    3.98m][Process Time:    0.06s]- Epoch: 15 [0300/1330 ( 23%)
]	Losses: ce_loss-0.1287(0.1732) loss_tacl-0.0001(0.0001) loss_sacl-0.0096(0.0103) loss_event-0.0062(0.0061) loss_evide
nce-0.0001(0.0001) loss_query_diversity-0.0043(0.0043) loss_position-0.0000(0.0000) total_loss-0.1287(0.1732) 
[2026-09-18 18:19:24,291]-[trainutils.py line:416]:[EST:    3.66m][Process Time:    0.06s]- Epoch: 15 [0400/1330 ( 30%)
]	Losses: ce_loss-0.1917(0.1758) loss_tacl-0.0001(0.0001) loss_sacl-0.0100(0.0103) loss_event-0.0064(0.0061) loss_evide
nce-0.0000(0.0001) loss_query_diversity-0.0043(0.0043) loss_position-0.0000(0.0000) total_loss-0.1917(0.1758) 
[2026-09-18 18:19:46,185]-[trainutils.py line:416]:[EST:    3.22m][Process Time:    0.05s]- Epoch: 15 [0500/1330 ( 38%)
]	Losses: ce_loss-0.1458(0.1789) loss_tacl-0.0001(0.0001) loss_sacl-0.0104(0.0104) loss_event-0.0058(0.0061) loss_evide
nce-0.0000(0.0001) loss_query_diversity-0.0043(0.0043) loss_position-0.0000(0.0000) total_loss-0.1458(0.1789) 
[2026-09-18 18:20:07,027]-[trainutils.py line:416]:[EST:    2.78m][Process Time:    0.05s]- Epoch: 15 [0600/1330 ( 45%)
]	Losses: ce_loss-0.1694(0.1774) loss_tacl-0.0001(0.0001) loss_sacl-0.0085(0.0103) loss_event-0.0044(0.0061) loss_evide
nce-0.0000(0.0001) loss_query_diversity-0.0043(0.0043) loss_position-0.0000(0.0000) total_loss-0.1694(0.1774) 
[2026-09-18 18:20:27,840]-[trainutils.py line:416]:[EST:    2.37m][Process Time:    0.05s]- Epoch: 15 [0700/1330 ( 53%)
]	Losses: ce_loss-0.1606(0.1794) loss_tacl-0.0001(0.0001) loss_sacl-0.0104(0.0103) loss_event-0.0064(0.0061) loss_evide
nce-0.0000(0.0001) loss_query_diversity-0.0044(0.0043) loss_position-0.0000(0.0000) total_loss-0.1606(0.1794) 
[2026-09-18 18:20:48,590]-[trainutils.py line:416]:[EST:    1.97m][Process Time:    0.05s]- Epoch: 15 [0800/1330 ( 60%)
]	Losses: ce_loss-0.1230(0.1781) loss_tacl-0.0001(0.0001) loss_sacl-0.0095(0.0103) loss_event-0.0058(0.0061) loss_evide
nce-0.0000(0.0001) loss_query_diversity-0.0043(0.0043) loss_position-0.0000(0.0000) total_loss-0.1230(0.1781) 
[2026-09-18 18:21:11,072]-[trainutils.py line:416]:[EST:    1.60m][Process Time:    0.05s]- Epoch: 15 [0900/1330 ( 68%)
]	Losses: ce_loss-0.2994(0.1791) loss_tacl-0.0001(0.0001) loss_sacl-0.0110(0.0103) loss_event-0.0067(0.0061) loss_evide
nce-0.0000(0.0001) loss_query_diversity-0.0043(0.0043) loss_position-0.0000(0.0000) total_loss-0.2994(0.1791) 
[2026-09-18 18:21:32,388]-[trainutils.py line:416]:[EST:    1.22m][Process Time:    0.05s]- Epoch: 15 [1000/1330 ( 75%)
]	Losses: ce_loss-0.1815(0.1794) loss_tacl-0.0001(0.0001) loss_sacl-0.0113(0.0103) loss_event-0.0064(0.0061) loss_evide
nce-0.0002(0.0001) loss_query_diversity-0.0043(0.0043) loss_position-0.0000(0.0000) total_loss-0.1815(0.1794) 
[2026-09-18 18:21:52,880]-[trainutils.py line:416]:[EST:    0.84m][Process Time:    0.05s]- Epoch: 15 [1100/1330 ( 83%)
]	Losses: ce_loss-0.1616(0.1797) loss_tacl-0.0001(0.0001) loss_sacl-0.0104(0.0103) loss_event-0.0056(0.0061) loss_evide
nce-0.0000(0.0001) loss_query_diversity-0.0043(0.0043) loss_position-0.0000(0.0000) total_loss-0.1616(0.1797) 
[2026-09-18 18:22:13,364]-[trainutils.py line:416]:[EST:    0.47m][Process Time:    0.05s]- Epoch: 15 [1200/1330 ( 90%)
]	Losses: ce_loss-0.1831(0.1806) loss_tacl-0.0001(0.0001) loss_sacl-0.0107(0.0103) loss_event-0.0059(0.0061) loss_evide
nce-0.0000(0.0001) loss_query_diversity-0.0044(0.0043) loss_position-0.0000(0.0000) total_loss-0.1831(0.1806) 
[2026-09-18 18:22:33,797]-[trainutils.py line:416]:[EST:    0.11m][Process Time:    0.05s]- Epoch: 15 [1300/1330 ( 98%)
]	Losses: ce_loss-0.2156(0.1803) loss_tacl-0.0001(0.0001) loss_sacl-0.0096(0.0103) loss_event-0.0056(0.0061) loss_evide
nce-0.0000(0.0001) loss_query_diversity-0.0044(0.0043) loss_position-0.0000(0.0000) total_loss-0.2156(0.1803) 
[2026-09-18 18:22:39,862]-[trainutils.py line:416]:[EST:   -0.00m][Process Time:    0.05s]- Epoch: 15 [1330/1330 (100%)
]	Losses: ce_loss-0.0534(0.1808) loss_tacl-0.0001(0.0001) loss_sacl-0.0107(0.0103) loss_event-0.0065(0.0061) loss_evide
nce-0.0000(0.0001) loss_query_diversity-0.0043(0.0043) loss_position-0.0000(0.0000) total_loss-0.0534(0.1808) 
[2026-09-18 18:22:40,500]-[train.py line:106]:
-------------- validation epoch 15 -------------- 
[2026-09-18 18:22:40,806]-[trainutils.py line:461]:Test progress:   0/95 
[2026-09-18 18:23:11,159]-[trainutils.py line:461]:Test progress:  95/95 
[2026-09-18 18:23:11,160]-[trainutils.py line:492]:Epoch 15 -           Audio/Counting accuracy: 86.89(444/511) 
[2026-09-18 18:23:11,160]-[trainutils.py line:492]:Epoch 15 -        Audio/Comparative accuracy: 58.64(173/295) 
[2026-09-18 18:23:11,160]-[trainutils.py line:497]:Epoch 15 -                    Audio accuracy: 76.55(617/806) 
[2026-09-18 18:23:11,160]-[trainutils.py line:492]:Epoch 15 -          Visual/Counting accuracy: 84.17(505/600) 
[2026-09-18 18:23:11,161]-[trainutils.py line:492]:Epoch 15 -          Visual/Location accuracy: 90.21(553/613) 
[2026-09-18 18:23:11,161]-[trainutils.py line:497]:Epoch 15 -                   Visual accuracy: 87.22(1058/1213) 
[2026-09-18 18:23:11,161]-[trainutils.py line:492]:Epoch 15 - Audio-Visual/Existential accuracy: 82.63(409/495) 
[2026-09-18 18:23:11,161]-[trainutils.py line:492]:Epoch 15 -    Audio-Visual/Counting accuracy: 78.20(495/633) 
[2026-09-18 18:23:11,161]-[trainutils.py line:492]:Epoch 15 -    Audio-Visual/Location accuracy: 69.85(322/461) 
[2026-09-18 18:23:11,162]-[trainutils.py line:492]:Epoch 15 - Audio-Visual/Comparative accuracy: 64.30(353/549) 
[2026-09-18 18:23:11,162]-[trainutils.py line:492]:Epoch 15 -    Audio-Visual/Temporal accuracy: 71.78(295/411) 
[2026-09-18 18:23:11,162]-[trainutils.py line:497]:Epoch 15 -             Audio-Visual accuracy: 73.52(1874/2549) 
[2026-09-18 18:23:11,162]-[trainutils.py line:501]:Epoch 15 -                    Total accuracy: 77.69(3549/4568) 
[2026-09-18 18:23:11,499]-[trainutils.py line:461]:Test progress:   0/95 
[2026-09-18 18:23:41,083]-[trainutils.py line:461]:Test progress:  95/95 
[2026-09-18 18:23:41,083]-[trainutils.py line:492]:Epoch 15 -           Audio/Counting accuracy: 87.08(445/511) 
[2026-09-18 18:23:41,083]-[trainutils.py line:492]:Epoch 15 -        Audio/Comparative accuracy: 58.31(172/295) 
[2026-09-18 18:23:41,083]-[trainutils.py line:497]:Epoch 15 -                    Audio accuracy: 76.55(617/806) 
[2026-09-18 18:23:41,083]-[trainutils.py line:492]:Epoch 15 -          Visual/Counting accuracy: 83.67(502/600) 
[2026-09-18 18:23:41,084]-[trainutils.py line:492]:Epoch 15 -          Visual/Location accuracy: 90.38(554/613) 
[2026-09-18 18:23:41,084]-[trainutils.py line:497]:Epoch 15 -                   Visual accuracy: 87.06(1056/1213) 
[2026-09-18 18:23:41,084]-[trainutils.py line:492]:Epoch 15 - Audio-Visual/Existential accuracy: 84.44(418/495) 
[2026-09-18 18:23:41,084]-[trainutils.py line:492]:Epoch 15 -    Audio-Visual/Counting accuracy: 79.46(503/633) 
[2026-09-18 18:23:41,084]-[trainutils.py line:492]:Epoch 15 -    Audio-Visual/Location accuracy: 70.50(325/461) 
[2026-09-18 18:23:41,085]-[trainutils.py line:492]:Epoch 15 - Audio-Visual/Comparative accuracy: 65.21(358/549) 
[2026-09-18 18:23:41,085]-[trainutils.py line:492]:Epoch 15 -    Audio-Visual/Temporal accuracy: 72.26(297/411) 
[2026-09-18 18:23:41,085]-[trainutils.py line:497]:Epoch 15 -             Audio-Visual accuracy: 74.58(1901/2549) 
[2026-09-18 18:23:41,085]-[trainutils.py line:501]:Epoch 15 -                    Total accuracy: 78.24(3574/4568) 
[2026-09-18 18:23:41,089]-[train.py line:167]:Epoch 15 done with 78.24 and loss 0.70703. 
[2026-09-18 18:23:41,089]-[train.py line:168]:At epoch11 best acc: 78.72. 
D:\AVQA_experiment\QA-TIGER2\QA-TIGER\reproduce_qast_recent2025_v3_77_24\src\models\net_qast_ehr.py:143: UserWarning: enable_nested_tensor is True, but self.use_nested_tensor is False because encoder_layer.norm_first was True
  self.semantic_context = nn.TransformerEncoder(semantic_layer, num_layers=1)
D:\AVQA_experiment\QA-TIGER2\QA-TIGER\reproduce_qast_recent2025_v3_77_24\src\models\net_qast_ehr.py:143: UserWarning: enable_nested_tensor is True, but self.use_nested_tensor is False because encoder_layer.norm_first was True
  self.semantic_context = nn.TransformerEncoder(semantic_layer, num_layers=1)
python.exe : [2026-09-18 18:24:36,078]-[utils.py line:217]:
所在位置 D:\AVQA_experiment\QA-TIGER2\QA-TIGER\reproduce_qast_recent2025_v3_77_24\experiments\qast_ehr\run_candidates.p
s1:14 字符: 5
+     & $Python -u "src\train.py" --config $Config --mode train --seed  ...
+     ~~~~~~~~~~~~~~~~~~~~~~~~~~~~~~~~~~~~~~~~~~~~~~~~~~~~~~~~~~~~~~~~~
    + CategoryInfo          : NotSpecified: ([2026-09-18 18:...s.py line:217]::String) [], RemoteException
    + FullyQualifiedErrorId : NativeCommandError
 
-------------- config -------------- 
[2026-09-18 18:24:36,079]-[utils.py line:218]:{
    "standard_protocol": true,
    "run_test_after_training": false,
    "amp": true,
    "gradient_accumulation_steps": 2,
    "distill_logits": null,
    "type": "question_aware",
    "seed": 713,
    "epochs": 15,
    "num_labels": 42,
    "log_interval": 100,
    "output_dir": "D:/model/qast_ehr_b_seed713",
    "pretrained_weight": "fixed_features_only",
    "weight": "",
    "data": {
        "root": "D:/AVQA_experiment/QA-TIGER2/QA-TIGER/reproduce_qast_recent2025_v3_77_24",
        "img_size": 336,
        "batch_size": 24,
        "eval_batch_size": 48,
        "num_workers": 0,
        "frame_sample_rate": 1,
        "audios_dir": "D:/data/musicavqa/audio",
        "frames_dir": "D:/data/frames-1fps",
        "train_annot": "D:/AVQA_experiment/QA-TIGER2/QA-TIGER/reproduce_qast_recent2025_v3_77_24/data/annots/music_avqa
/music_avqa_train.json",
        "valid_annot": "D:/AVQA_experiment/QA-TIGER2/QA-TIGER/reproduce_qast_recent2025_v3_77_24/data/annots/music_avqa
/music_avqa_val.json",
        "test_annot": "D:/AVQA_experiment/QA-TIGER2/QA-TIGER/reproduce_qast_recent2025_v3_77_24/data/annots/music_avqa/
music_avqa_test.json",
        "test_annots": null,
        "ans_quelen": "D:/AVQA_experiment/QA-TIGER2/QA-TIGER/reproduce_qast_recent2025_v3_77_24/data/annots/music_avqa/
answer2idx.json",
        "audio_feat": "D:/data/musicavqa/vggish",
        "quest_feat": "D:/data/musicavqa/qst_ViT-L14@336px",
        "prompt_feat": "D:/data/musicavqa/qaPrompt_ViT-L14@336px",
        "patch_feat": "D:/data/musicavqa/visual_tome14_60",
        "video_feat": "D:/data/musicavqa/frames_vit"
    },
    "hyper_params": {
        "gpus": "0",
        "model_type": "QAST-EHR-2025",
        "model": {
            "topK": 10,
            "num_experts": 1,
            "audio_dim": 128,
            "video_dim": 768,
            "patch_dim": 1024,
            "question_dim": 768,
            "d_model": 512,
            "num_labels": 42,
            "num_heads": 8,
            "num_temporal_queries": 10,
            "event_scales": [
                3,
                7,
                15
            ],
            "keep_patches": 4,
            "lambda_tacl": 0.035,
            "lambda_sacl": 0.035,
            "lambda_event": 0.05,
            "lambda_evidence": 0.09,
            "lambda_diversity": 0.005,
            "lambda_position": 0.02,
            "aux_warmup_epochs": 3,
            "position_min_strength": 0.05,
            "position_max_strength": 0.1,
            "position_init_strength": 0.07,
            "evidence_margin": 0.2,
            "dropout": 0.1
        },
        "optim": {
            "name": "AdamW",
            "lr": 0.00015,
            "new_lr": null,
            "encoder_lr": null,
            "min_lr": 1e-06,
            "weight_decay": 0.0002,
            "betas": [
                0.9,
                0.999
            ],
            "grad_clip": 1.0
        },
        "sched": {
            "name": "cosine",
            "mode": "max",
            "gamma": 0.1,
            "step_size": 6,
            "factor": 0.5,
            "patience": 3,
            "verbose": true,
            "warmup_epochs": 1
        },
        "ema": {
            "enabled": true,
            "decay": 0.999
        }
    },
    "mode": "train",
    "debug": false,
    "output_path": "",
    "cur_rank": 0
} 
[2026-09-18 18:24:36,079]-[utils.py line:219]:
-------------- environment -------------- 
[2026-09-18 18:24:36,079]-[utils.py line:220]:OS version:   
[2026-09-18 18:24:36,079]-[utils.py line:221]:Kernel version: Windows-10-10.0.26200-SP0 
[2026-09-18 18:24:36,079]-[utils.py line:222]:Python version: 3.10.20 
[2026-09-18 18:24:36,079]-[utils.py line:223]:torch version: 2.11.0+cu128 
[2026-09-18 18:24:36,079]-[utils.py line:224]:cuda version: 12.8 
[2026-09-18 18:24:36,080]-[utils.py line:225]:cuDNN version: 91900 
[2026-09-18 18:24:36,080]-[utils.py line:226]:gpu device count: 1 
[2026-09-18 18:24:36,080]-[utils.py line:231]:gpu device 0: NVIDIA GeForce RTX 5070 Laptop GPU - 8.0GB 
[2026-09-18 18:24:36,187]-[train.py line:62]:Standard protocol audit passed: train=31927, val=4568, test=9129; no split
 overlap; no test-derived distillation. 
[2026-09-18 18:24:39,115]-[utils.py line:204]:
-------------- parameter info -------------- 
[2026-09-18 18:24:39,115]-[utils.py line:205]:num total params: 17866811 
[2026-09-18 18:24:39,115]-[utils.py line:206]:num tunable params: 17866811 
[2026-09-18 18:24:39,115]-[utils.py line:207]:tunable param ratio: 100.00% 
[2026-09-18 18:24:39,115]-[utils.py line:208]:tunable params: 
[2026-09-18 18:24:39,115]-[utils.py line:209]:[
    "module.audio_projection.weight",
    "module.audio_projection.bias",
    "module.video_projection.weight",
    "module.video_projection.bias",
    "module.patch_projection.weight",
    "module.patch_projection.bias",
    "module.question_projection.weight",
    "module.question_projection.bias",
    "module.prompt_projection.weight",
    "module.prompt_projection.bias",
    "module.evidence_router.norms.0.weight",
    "module.evidence_router.norms.0.bias",
    "module.evidence_router.norms.1.weight",
    "module.evidence_router.norms.1.bias",
    "module.evidence_router.norms.2.weight",
    "module.evidence_router.norms.2.bias",
    "module.evidence_router.norms.3.weight",
    "module.evidence_router.norms.3.bias",
    "module.evidence_router.projections.0.weight",
    "module.evidence_router.projections.0.bias",
    "module.evidence_router.projections.1.weight",
    "module.evidence_router.projections.1.bias",
    "module.evidence_router.projections.2.weight",
    "module.evidence_router.projections.2.bias",
    "module.evidence_router.projections.3.weight",
    "module.evidence_router.projections.3.bias",
    "module.evidence_router.question_gate.0.weight",
    "module.evidence_router.question_gate.0.bias",
    "module.evidence_router.question_gate.1.weight",
    "module.evidence_router.question_gate.1.bias",
    "module.evidence_router.question_gate.3.weight",
    "module.evidence_router.question_gate.3.bias",
    "module.evidence_router.refine.0.weight",
    "module.evidence_router.refine.0.bias",
    "module.evidence_router.refine.1.weight",
    "module.evidence_router.refine.1.bias",
    "module.evidence_router.refine.4.weight",
    "module.evidence_router.refine.4.bias",
    "module.patch_grounder.patch_key.weight",
    "module.patch_grounder.patch_key.bias",
    "module.patch_grounder.audio_query.weight",
    "module.patch_grounder.audio_query.bias",
    "module.patch_grounder.question_query.weight",
    "module.patch_grounder.question_query.bias",
    "module.patch_grounder.value.weight",
    "module.patch_grounder.value.bias",
    "module.patch_grounder.score_gate.0.weight",
    "module.patch_grounder.score_gate.0.bias",
    "module.patch_grounder.score_gate.1.weight",
    "module.patch_grounder.score_gate.1.bias",
    "module.patch_grounder.output.0.weight",
    "module.patch_grounder.output.0.bias",
    "module.patch_grounder.output.2.weight",
    "module.patch_grounder.output.2.bias",
    "module.evidence_norm.weight",
    "module.evidence_norm.bias",
    "module.event_memory.branches.0.0.weight",
    "module.event_memory.branches.0.0.bias",
    "module.event_memory.branches.0.2.weight",
    "module.event_memory.branches.0.2.bias",
    "module.event_memory.branches.1.0.weight",
    "module.event_memory.branches.1.0.bias",
    "module.event_memory.branches.1.2.weight",
    "module.event_memory.branches.1.2.bias",
    "module.event_memory.branches.2.0.weight",
    "module.event_memory.branches.2.0.bias",
    "module.event_memory.branches.2.2.weight",
    "module.event_memory.branches.2.2.bias",
    "module.event_memory.question_queries.0.weight",
    "module.event_memory.question_queries.0.bias",
    "module.event_memory.question_queries.1.weight",
    "module.event_memory.question_queries.1.bias",
    "module.event_memory.question_queries.2.weight",
    "module.event_memory.question_queries.2.bias",
    "module.event_memory.scale_gate.0.weight",
    "module.event_memory.scale_gate.0.bias",
    "module.event_memory.scale_gate.1.weight",
    "module.event_memory.scale_gate.1.bias",
    "module.event_memory.output_norm.weight",
    "module.event_memory.output_norm.bias",
    "module.adaptive_position.strength_bias",
    "module.adaptive_position.strength_gate.0.weight",
    "module.adaptive_position.strength_gate.0.bias",
    "module.adaptive_position.strength_gate.1.weight",
    "module.adaptive_position.strength_gate.1.bias",
    "module.adaptive_position.audio_projection.weight",
    "module.adaptive_position.audio_projection.bias",
    "module.adaptive_position.motion_projection.weight",
    "module.adaptive_position.motion_projection.bias",
    "module.adaptive_position.question_projection.weight",
    "module.adaptive_position.question_projection.bias",
    "module.adaptive_position.relation_projection.weight",
    "module.adaptive_position.relation_projection.bias",
    "module.adaptive_position.phi.0.weight",
    "module.adaptive_position.phi.0.bias",
    "module.adaptive_position.phi.2.weight",
    "module.adaptive_position.phi.2.bias",
    "module.adaptive_position.phi.3.weight",
    "module.adaptive_position.phi.3.bias",
    "module.adaptive_position.time_gate.weight",
    "module.adaptive_position.time_gate.bias",
    "module.cmg.in_proj_weight",
    "module.cmg.in_proj_bias",
    "module.cmg.out_proj.weight",
    "module.cmg.out_proj.bias",
    "module.cmg_norm.weight",
    "module.cmg_norm.bias",
    "module.temporal_reader.query_tokens",
    "module.temporal_reader.condition.0.weight",
    "module.temporal_reader.condition.0.bias",
    "module.temporal_reader.condition.1.weight",
    "module.temporal_reader.condition.1.bias",
    "module.temporal_reader.attention.in_proj_weight",
    "module.temporal_reader.attention.in_proj_bias",
    "module.temporal_reader.attention.out_proj.weight",
    "module.temporal_reader.attention.out_proj.bias",
    "module.temporal_reader.norm.weight",
    "module.temporal_reader.norm.bias",
    "module.temporal_reader.ffn.0.weight",
    "module.temporal_reader.ffn.0.bias",
    "module.temporal_reader.ffn.3.weight",
    "module.temporal_reader.ffn.3.bias",
    "module.semantic_context.layers.0.self_attn.in_proj_weight",
    "module.semantic_context.layers.0.self_attn.in_proj_bias",
    "module.semantic_context.layers.0.self_attn.out_proj.weight",
    "module.semantic_context.layers.0.self_attn.out_proj.bias",
    "module.semantic_context.layers.0.linear1.weight",
    "module.semantic_context.layers.0.linear1.bias",
    "module.semantic_context.layers.0.linear2.weight",
    "module.semantic_context.layers.0.linear2.bias",
    "module.semantic_context.layers.0.norm1.weight",
    "module.semantic_context.layers.0.norm1.bias",
    "module.semantic_context.layers.0.norm2.weight",
    "module.semantic_context.layers.0.norm2.bias",
    "module.fusion_gate.0.weight",
    "module.fusion_gate.0.bias",
    "module.fusion_gate.1.weight",
    "module.fusion_gate.1.bias",
    "module.fusion_gate.3.weight",
    "module.fusion_gate.3.bias",
    "module.fusion_refine.0.weight",
    "module.fusion_refine.0.bias",
    "module.fusion_refine.1.weight",
    "module.fusion_refine.1.bias",
    "module.fusion_refine.4.weight",
    "module.fusion_refine.4.bias",
    "module.fusion_refine.5.weight",
    "module.fusion_refine.5.bias",
    "module.answer_head.weight",
    "module.answer_head.bias"
] 
[2026-09-18 18:24:39,115]-[trainutils.py line:220]:
-------------- optimizer info -------------- 
[2026-09-18 18:24:39,115]-[trainutils.py line:221]:Learning rate: 0.00015 
[2026-09-18 18:24:39,115]-[trainutils.py line:222]:Betas: (0.9, 0.999) 
[2026-09-18 18:24:39,115]-[trainutils.py line:223]:Eps: 1e-08 
[2026-09-18 18:24:39,115]-[trainutils.py line:224]:Weight decay: 0.0002 
[2026-09-18 18:24:39,130]-[train.py line:102]:
-------------- training epoch 1 -------------- 
[2026-09-18 18:24:40,120]-[trainutils.py line:416]:[EST:   21.89m][Process Time:    0.81s]- Epoch: 1 [0000/1330 (  0%)]
	Losses: ce_loss-4.0065(4.0065) loss_tacl-0.0000(0.0000) loss_sacl-0.0114(0.0114) loss_event-0.0336(0.0336) loss_eviden
ce-0.0248(0.0248) loss_query_diversity-0.0044(0.0044) loss_position-0.0000(0.0000) total_loss-4.0065(4.0065) 
[2026-09-18 18:25:00,748]-[trainutils.py line:416]:[EST:    4.38m][Process Time:    0.05s]- Epoch: 1 [0100/1330 (  8%)]
	Losses: ce_loss-3.3654(3.6895) loss_tacl-0.0000(0.0000) loss_sacl-0.0115(0.0113) loss_event-0.0306(0.0324) loss_eviden
ce-0.0156(0.0210) loss_query_diversity-0.0044(0.0044) loss_position-0.0000(0.0000) total_loss-3.3654(3.6895) 
[2026-09-18 18:25:21,167]-[trainutils.py line:416]:[EST:    3.94m][Process Time:    0.05s]- Epoch: 1 [0200/1330 ( 15%)]
	Losses: ce_loss-3.2112(3.4468) loss_tacl-0.0000(0.0000) loss_sacl-0.0115(0.0114) loss_event-0.0265(0.0304) loss_eviden
ce-0.0175(0.0189) loss_query_diversity-0.0044(0.0044) loss_position-0.0000(0.0000) total_loss-3.2112(3.4468) 
[2026-09-18 18:25:41,224]-[trainutils.py line:416]:[EST:    3.54m][Process Time:    0.05s]- Epoch: 1 [0300/1330 ( 23%)]
	Losses: ce_loss-2.6688(3.2675) loss_tacl-0.0000(0.0000) loss_sacl-0.0114(0.0114) loss_event-0.0234(0.0285) loss_eviden
ce-0.0097(0.0175) loss_query_diversity-0.0044(0.0044) loss_position-0.0000(0.0000) total_loss-2.6688(3.2675) 
[2026-09-18 18:26:01,527]-[trainutils.py line:416]:[EST:    3.18m][Process Time:    0.05s]- Epoch: 1 [0400/1330 ( 30%)]
	Losses: ce_loss-2.6880(3.1238) loss_tacl-0.0000(0.0000) loss_sacl-0.0114(0.0114) loss_event-0.0213(0.0268) loss_eviden
ce-0.0096(0.0146) loss_query_diversity-0.0044(0.0044) loss_position-0.0000(0.0000) total_loss-2.6880(3.1238) 
[2026-09-18 18:26:21,572]-[trainutils.py line:416]:[EST:    2.83m][Process Time:    0.04s]- Epoch: 1 [0500/1330 ( 38%)]
	Losses: ce_loss-2.7446(3.0141) loss_tacl-0.0000(0.0000) loss_sacl-0.0115(0.0114) loss_event-0.0191(0.0254) loss_eviden
ce-0.0106(0.0122) loss_query_diversity-0.0044(0.0044) loss_position-0.0000(0.0000) total_loss-2.7446(3.0141) 
[2026-09-18 18:26:41,752]-[trainutils.py line:416]:[EST:    2.48m][Process Time:    0.05s]- Epoch: 1 [0600/1330 ( 45%)]
	Losses: ce_loss-2.1083(2.9209) loss_tacl-0.0000(0.0000) loss_sacl-0.0114(0.0114) loss_event-0.0192(0.0243) loss_eviden
ce-0.0060(0.0107) loss_query_diversity-0.0044(0.0044) loss_position-0.0000(0.0000) total_loss-2.1083(2.9209) 
[2026-09-18 18:27:01,817]-[trainutils.py line:416]:[EST:    2.13m][Process Time:    0.05s]- Epoch: 1 [0700/1330 ( 53%)]
	Losses: ce_loss-2.1755(2.8403) loss_tacl-0.0000(0.0000) loss_sacl-0.0115(0.0114) loss_event-0.0167(0.0234) loss_eviden
ce-0.0085(0.0092) loss_query_diversity-0.0044(0.0044) loss_position-0.0000(0.0000) total_loss-2.1755(2.8403) 
[2026-09-18 18:27:21,973]-[trainutils.py line:416]:[EST:    1.79m][Process Time:    0.05s]- Epoch: 1 [0800/1330 ( 60%)]
	Losses: ce_loss-2.5100(2.7715) loss_tacl-0.0000(0.0000) loss_sacl-0.0115(0.0114) loss_event-0.0168(0.0226) loss_eviden
ce-0.0118(0.0082) loss_query_diversity-0.0044(0.0044) loss_position-0.0000(0.0000) total_loss-2.5100(2.7715) 
[2026-09-18 18:27:42,186]-[trainutils.py line:416]:[EST:    1.45m][Process Time:    0.07s]- Epoch: 1 [0900/1330 ( 68%)]
	Losses: ce_loss-2.2883(2.7113) loss_tacl-0.0000(0.0000) loss_sacl-0.0115(0.0114) loss_event-0.0165(0.0220) loss_eviden
ce-0.0085(0.0074) loss_query_diversity-0.0044(0.0044) loss_position-0.0000(0.0000) total_loss-2.2883(2.7113) 
[2026-09-18 18:28:02,419]-[trainutils.py line:416]:[EST:    1.11m][Process Time:    0.05s]- Epoch: 1 [1000/1330 ( 75%)]
	Losses: ce_loss-2.1620(2.6571) loss_tacl-0.0000(0.0000) loss_sacl-0.0115(0.0115) loss_event-0.0158(0.0215) loss_eviden
ce-0.0028(0.0067) loss_query_diversity-0.0044(0.0044) loss_position-0.0000(0.0000) total_loss-2.1620(2.6571) 
[2026-09-18 18:28:22,534]-[trainutils.py line:416]:[EST:    0.77m][Process Time:    0.05s]- Epoch: 1 [1100/1330 ( 83%)]
	Losses: ce_loss-1.9482(2.6052) loss_tacl-0.0000(0.0000) loss_sacl-0.0114(0.0115) loss_event-0.0179(0.0210) loss_eviden
ce-0.0066(0.0060) loss_query_diversity-0.0044(0.0044) loss_position-0.0000(0.0000) total_loss-1.9482(2.6052) 
[2026-09-18 18:28:42,556]-[trainutils.py line:416]:[EST:    0.44m][Process Time:    0.05s]- Epoch: 1 [1200/1330 ( 90%)]
	Losses: ce_loss-2.2871(2.5606) loss_tacl-0.0000(0.0000) loss_sacl-0.0115(0.0115) loss_event-0.0163(0.0207) loss_eviden
ce-0.0056(0.0056) loss_query_diversity-0.0044(0.0044) loss_position-0.0000(0.0000) total_loss-2.2871(2.5606) 
[2026-09-18 18:29:02,893]-[trainutils.py line:416]:[EST:    0.10m][Process Time:    0.06s]- Epoch: 1 [1300/1330 ( 98%)]
	Losses: ce_loss-1.7901(2.5164) loss_tacl-0.0000(0.0000) loss_sacl-0.0115(0.0115) loss_event-0.0170(0.0204) loss_eviden
ce-0.0032(0.0051) loss_query_diversity-0.0044(0.0044) loss_position-0.0000(0.0000) total_loss-1.7901(2.5164) 
[2026-09-18 18:29:08,800]-[trainutils.py line:416]:[EST:   -0.00m][Process Time:    0.07s]- Epoch: 1 [1330/1330 (100%)]
	Losses: ce_loss-1.3208(2.5023) loss_tacl-0.0000(0.0000) loss_sacl-0.0114(0.0115) loss_event-0.0170(0.0203) loss_eviden
ce-0.0000(0.0050) loss_query_diversity-0.0044(0.0044) loss_position-0.0000(0.0000) total_loss-1.3208(2.5023) 
[2026-09-18 18:29:09,421]-[train.py line:106]:
-------------- validation epoch 1 -------------- 
[2026-09-18 18:29:09,798]-[trainutils.py line:461]:Test progress:   0/95 
[2026-09-18 18:29:40,165]-[trainutils.py line:461]:Test progress:  95/95 
[2026-09-18 18:29:40,166]-[trainutils.py line:492]:Epoch 1 -           Audio/Counting accuracy: 63.41(324/511) 
[2026-09-18 18:29:40,166]-[trainutils.py line:492]:Epoch 1 -        Audio/Comparative accuracy: 47.46(140/295) 
[2026-09-18 18:29:40,166]-[trainutils.py line:497]:Epoch 1 -                    Audio accuracy: 57.57(464/806) 
[2026-09-18 18:29:40,167]-[trainutils.py line:492]:Epoch 1 -          Visual/Counting accuracy: 51.50(309/600) 
[2026-09-18 18:29:40,167]-[trainutils.py line:492]:Epoch 1 -          Visual/Location accuracy: 16.97(104/613) 
[2026-09-18 18:29:40,167]-[trainutils.py line:497]:Epoch 1 -                   Visual accuracy: 34.05(413/1213) 
[2026-09-18 18:29:40,167]-[trainutils.py line:492]:Epoch 1 - Audio-Visual/Existential accuracy: 77.58(384/495) 
[2026-09-18 18:29:40,167]-[trainutils.py line:492]:Epoch 1 -    Audio-Visual/Counting accuracy: 44.23(280/633) 
[2026-09-18 18:29:40,168]-[trainutils.py line:492]:Epoch 1 -    Audio-Visual/Location accuracy: 23.86(110/461) 
[2026-09-18 18:29:40,168]-[trainutils.py line:492]:Epoch 1 - Audio-Visual/Comparative accuracy: 58.47(321/549) 
[2026-09-18 18:29:40,168]-[trainutils.py line:492]:Epoch 1 -    Audio-Visual/Temporal accuracy: 5.60(23/411) 
[2026-09-18 18:29:40,168]-[trainutils.py line:497]:Epoch 1 -             Audio-Visual accuracy: 43.86(1118/2549) 
[2026-09-18 18:29:40,168]-[trainutils.py line:501]:Epoch 1 -                    Total accuracy: 43.67(1995/4568) 
[2026-09-18 18:29:40,196]-[train.py line:151]:best model saved at epoch 1 with acc 43.67338003502627 (raw) 
[2026-09-18 18:29:40,256]-[train.py line:167]:Epoch 1 done with 43.67 and loss 1.84375. 
[2026-09-18 18:29:40,256]-[train.py line:168]:At epoch1 best acc: 43.67. 
[2026-09-18 18:29:40,256]-[train.py line:102]:
-------------- training epoch 2 -------------- 
[2026-09-18 18:29:40,456]-[trainutils.py line:416]:[EST:    4.40m][Process Time:    0.05s]- Epoch: 2 [0000/1330 (  0%)]
	Losses: ce_loss-1.8881(1.8881) loss_tacl-0.0001(0.0001) loss_sacl-0.0229(0.0229) loss_event-0.0159(0.0159) loss_eviden
ce-0.0042(0.0042) loss_query_diversity-0.0044(0.0044) loss_position-0.0000(0.0000) total_loss-1.8881(1.8881) 
[2026-09-18 18:30:00,904]-[trainutils.py line:416]:[EST:    4.19m][Process Time:    0.05s]- Epoch: 2 [0100/1330 (  8%)]
	Losses: ce_loss-0.9122(1.4196) loss_tacl-0.0001(0.0001) loss_sacl-0.0202(0.0215) loss_event-0.0099(0.0116) loss_eviden
ce-0.0009(0.0018) loss_query_diversity-0.0044(0.0044) loss_position-0.0000(0.0000) total_loss-0.9122(1.4196) 
[2026-09-18 18:30:21,367]-[trainutils.py line:416]:[EST:    3.85m][Process Time:    0.04s]- Epoch: 2 [0200/1330 ( 15%)]
	Losses: ce_loss-0.7190(1.2270) loss_tacl-0.0001(0.0001) loss_sacl-0.0190(0.0207) loss_event-0.0087(0.0108) loss_eviden
ce-0.0022(0.0012) loss_query_diversity-0.0044(0.0044) loss_position-0.0000(0.0000) total_loss-0.7190(1.2270) 
[2026-09-18 18:30:41,997]-[trainutils.py line:416]:[EST:    3.52m][Process Time:    0.05s]- Epoch: 2 [0300/1330 ( 23%)]
	Losses: ce_loss-1.1004(1.1678) loss_tacl-0.0001(0.0001) loss_sacl-0.0188(0.0200) loss_event-0.0095(0.0101) loss_eviden
ce-0.0000(0.0010) loss_query_diversity-0.0044(0.0044) loss_position-0.0000(0.0000) total_loss-1.1004(1.1678) 
[2026-09-18 18:31:02,649]-[trainutils.py line:416]:[EST:    3.18m][Process Time:    0.05s]- Epoch: 2 [0400/1330 ( 30%)]
	Losses: ce_loss-0.7297(1.1137) loss_tacl-0.0001(0.0001) loss_sacl-0.0171(0.0195) loss_event-0.0072(0.0096) loss_eviden
ce-0.0000(0.0009) loss_query_diversity-0.0044(0.0044) loss_position-0.0000(0.0000) total_loss-0.7297(1.1137) 
[2026-09-18 18:31:23,159]-[trainutils.py line:416]:[EST:    2.84m][Process Time:    0.05s]- Epoch: 2 [0500/1330 ( 38%)]
	Losses: ce_loss-0.5824(1.0733) loss_tacl-0.0001(0.0001) loss_sacl-0.0159(0.0189) loss_event-0.0087(0.0092) loss_eviden
ce-0.0000(0.0010) loss_query_diversity-0.0044(0.0044) loss_position-0.0000(0.0000) total_loss-0.5824(1.0733) 
[2026-09-18 18:31:44,692]-[trainutils.py line:416]:[EST:    2.52m][Process Time:    0.05s]- Epoch: 2 [0600/1330 ( 45%)]
	Losses: ce_loss-0.6964(1.0402) loss_tacl-0.0001(0.0001) loss_sacl-0.0156(0.0182) loss_event-0.0092(0.0089) loss_eviden
ce-0.0027(0.0009) loss_query_diversity-0.0044(0.0044) loss_position-0.0000(0.0000) total_loss-0.6964(1.0402) 
[2026-09-18 18:32:05,381]-[trainutils.py line:416]:[EST:    2.17m][Process Time:    0.05s]- Epoch: 2 [0700/1330 ( 53%)]
	Losses: ce_loss-0.7565(1.0137) loss_tacl-0.0001(0.0001) loss_sacl-0.0144(0.0176) loss_event-0.0082(0.0086) loss_eviden
ce-0.0018(0.0009) loss_query_diversity-0.0043(0.0044) loss_position-0.0000(0.0000) total_loss-0.7565(1.0137) 
[2026-09-18 18:32:25,819]-[trainutils.py line:416]:[EST:    1.82m][Process Time:    0.05s]- Epoch: 2 [0800/1330 ( 60%)]
	Losses: ce_loss-0.6769(0.9916) loss_tacl-0.0001(0.0001) loss_sacl-0.0140(0.0172) loss_event-0.0070(0.0084) loss_eviden
ce-0.0008(0.0008) loss_query_diversity-0.0043(0.0044) loss_position-0.0000(0.0000) total_loss-0.6769(0.9916) 
[2026-09-18 18:32:46,246]-[trainutils.py line:416]:[EST:    1.48m][Process Time:    0.05s]- Epoch: 2 [0900/1330 ( 68%)]
	Losses: ce_loss-0.7049(0.9710) loss_tacl-0.0001(0.0001) loss_sacl-0.0130(0.0167) loss_event-0.0067(0.0082) loss_eviden
ce-0.0000(0.0008) loss_query_diversity-0.0043(0.0044) loss_position-0.0000(0.0000) total_loss-0.7049(0.9710) 
[2026-09-18 18:33:06,717]-[trainutils.py line:416]:[EST:    1.13m][Process Time:    0.05s]- Epoch: 2 [1000/1330 ( 75%)]
	Losses: ce_loss-0.7386(0.9561) loss_tacl-0.0001(0.0001) loss_sacl-0.0121(0.0163) loss_event-0.0047(0.0080) loss_eviden
ce-0.0011(0.0009) loss_query_diversity-0.0044(0.0044) loss_position-0.0000(0.0000) total_loss-0.7386(0.9561) 
[2026-09-18 18:33:27,062]-[trainutils.py line:416]:[EST:    0.79m][Process Time:    0.05s]- Epoch: 2 [1100/1330 ( 83%)]
	Losses: ce_loss-0.7485(0.9426) loss_tacl-0.0001(0.0001) loss_sacl-0.0131(0.0160) loss_event-0.0072(0.0078) loss_eviden
ce-0.0000(0.0009) loss_query_diversity-0.0043(0.0044) loss_position-0.0000(0.0000) total_loss-0.7485(0.9426) 
[2026-09-18 18:33:47,516]-[trainutils.py line:416]:[EST:    0.44m][Process Time:    0.05s]- Epoch: 2 [1200/1330 ( 90%)]
	Losses: ce_loss-0.8825(0.9323) loss_tacl-0.0001(0.0001) loss_sacl-0.0121(0.0157) loss_event-0.0068(0.0077) loss_eviden
ce-0.0002(0.0008) loss_query_diversity-0.0043(0.0044) loss_position-0.0000(0.0000) total_loss-0.8825(0.9323) 
[2026-09-18 18:34:07,862]-[trainutils.py line:416]:[EST:    0.10m][Process Time:    0.05s]- Epoch: 2 [1300/1330 ( 98%)]
	Losses: ce_loss-0.9769(0.9190) loss_tacl-0.0001(0.0001) loss_sacl-0.0112(0.0154) loss_event-0.0063(0.0076) loss_eviden
ce-0.0028(0.0008) loss_query_diversity-0.0043(0.0044) loss_position-0.0000(0.0000) total_loss-0.9769(0.9190) 
[2026-09-18 18:34:14,022]-[trainutils.py line:416]:[EST:   -0.00m][Process Time:    0.05s]- Epoch: 2 [1330/1330 (100%)]
	Losses: ce_loss-0.1961(0.9153) loss_tacl-0.0001(0.0001) loss_sacl-0.0118(0.0153) loss_event-0.0076(0.0076) loss_eviden
ce-0.0000(0.0008) loss_query_diversity-0.0043(0.0044) loss_position-0.0000(0.0000) total_loss-0.1961(0.9153) 
[2026-09-18 18:34:14,642]-[train.py line:106]:
-------------- validation epoch 2 -------------- 
[2026-09-18 18:34:14,964]-[trainutils.py line:461]:Test progress:   0/95 
[2026-09-18 18:34:45,551]-[trainutils.py line:461]:Test progress:  95/95 
[2026-09-18 18:34:45,551]-[trainutils.py line:492]:Epoch 2 -           Audio/Counting accuracy: 76.71(392/511) 
[2026-09-18 18:34:45,552]-[trainutils.py line:492]:Epoch 2 -        Audio/Comparative accuracy: 57.29(169/295) 
[2026-09-18 18:34:45,552]-[trainutils.py line:497]:Epoch 2 -                    Audio accuracy: 69.60(561/806) 
[2026-09-18 18:34:45,552]-[trainutils.py line:492]:Epoch 2 -          Visual/Counting accuracy: 71.00(426/600) 
[2026-09-18 18:34:45,552]-[trainutils.py line:492]:Epoch 2 -          Visual/Location accuracy: 80.75(495/613) 
[2026-09-18 18:34:45,552]-[trainutils.py line:497]:Epoch 2 -                   Visual accuracy: 75.93(921/1213) 
[2026-09-18 18:34:45,552]-[trainutils.py line:492]:Epoch 2 - Audio-Visual/Existential accuracy: 81.21(402/495) 
[2026-09-18 18:34:45,552]-[trainutils.py line:492]:Epoch 2 -    Audio-Visual/Counting accuracy: 69.19(438/633) 
[2026-09-18 18:34:45,553]-[trainutils.py line:492]:Epoch 2 -    Audio-Visual/Location accuracy: 60.95(281/461) 
[2026-09-18 18:34:45,553]-[trainutils.py line:492]:Epoch 2 - Audio-Visual/Comparative accuracy: 53.55(294/549) 
[2026-09-18 18:34:45,553]-[trainutils.py line:492]:Epoch 2 -    Audio-Visual/Temporal accuracy: 67.88(279/411) 
[2026-09-18 18:34:45,553]-[trainutils.py line:497]:Epoch 2 -             Audio-Visual accuracy: 66.46(1694/2549) 
[2026-09-18 18:34:45,553]-[trainutils.py line:501]:Epoch 2 -                    Total accuracy: 69.53(3176/4568) 
[2026-09-18 18:34:45,901]-[trainutils.py line:461]:Test progress:   0/95 
[2026-09-18 18:35:15,936]-[trainutils.py line:461]:Test progress:  95/95 
[2026-09-18 18:35:15,937]-[trainutils.py line:492]:Epoch 2 -           Audio/Counting accuracy: 72.02(368/511) 
[2026-09-18 18:35:15,937]-[trainutils.py line:492]:Epoch 2 -        Audio/Comparative accuracy: 54.58(161/295) 
[2026-09-18 18:35:15,937]-[trainutils.py line:497]:Epoch 2 -                    Audio accuracy: 65.63(529/806) 
[2026-09-18 18:35:15,937]-[trainutils.py line:492]:Epoch 2 -          Visual/Counting accuracy: 64.33(386/600) 
[2026-09-18 18:35:15,937]-[trainutils.py line:492]:Epoch 2 -          Visual/Location accuracy: 78.96(484/613) 
[2026-09-18 18:35:15,938]-[trainutils.py line:497]:Epoch 2 -                   Visual accuracy: 71.72(870/1213) 
[2026-09-18 18:35:15,938]-[trainutils.py line:492]:Epoch 2 - Audio-Visual/Existential accuracy: 81.62(404/495) 
[2026-09-18 18:35:15,938]-[trainutils.py line:492]:Epoch 2 -    Audio-Visual/Counting accuracy: 63.82(404/633) 
[2026-09-18 18:35:15,938]-[trainutils.py line:492]:Epoch 2 -    Audio-Visual/Location accuracy: 61.17(282/461) 
[2026-09-18 18:35:15,938]-[trainutils.py line:492]:Epoch 2 - Audio-Visual/Comparative accuracy: 54.64(300/549) 
[2026-09-18 18:35:15,938]-[trainutils.py line:492]:Epoch 2 -    Audio-Visual/Temporal accuracy: 72.75(299/411) 
[2026-09-18 18:35:15,939]-[trainutils.py line:497]:Epoch 2 -             Audio-Visual accuracy: 66.26(1689/2549) 
[2026-09-18 18:35:15,939]-[trainutils.py line:501]:Epoch 2 -                    Total accuracy: 67.60(3088/4568) 
[2026-09-18 18:35:15,973]-[train.py line:151]:best model saved at epoch 2 with acc 69.52714535901926 (raw) 
[2026-09-18 18:35:16,029]-[train.py line:167]:Epoch 2 done with 69.53 and loss 0.73438. 
[2026-09-18 18:35:16,029]-[train.py line:168]:At epoch2 best acc: 69.53. 
[2026-09-18 18:35:16,029]-[train.py line:102]:
-------------- training epoch 3 -------------- 
[2026-09-18 18:35:16,228]-[trainutils.py line:416]:[EST:    4.34m][Process Time:    0.04s]- Epoch: 3 [0000/1330 (  0%)]
	Losses: ce_loss-0.6967(0.6967) loss_tacl-0.0001(0.0001) loss_sacl-0.0169(0.0169) loss_event-0.0066(0.0066) loss_eviden
ce-0.0000(0.0000) loss_query_diversity-0.0044(0.0044) loss_position-0.0000(0.0000) total_loss-0.6967(0.6967) 
[2026-09-18 18:35:36,732]-[trainutils.py line:416]:[EST:    4.20m][Process Time:    0.05s]- Epoch: 3 [0100/1330 (  8%)]
	Losses: ce_loss-1.0914(0.6855) loss_tacl-0.0001(0.0001) loss_sacl-0.0178(0.0176) loss_event-0.0071(0.0062) loss_eviden
ce-0.0001(0.0008) loss_query_diversity-0.0043(0.0043) loss_position-0.0000(0.0000) total_loss-1.0914(0.6855) 
[2026-09-18 18:35:57,237]-[trainutils.py line:416]:[EST:    3.86m][Process Time:    0.05s]- Epoch: 3 [0200/1330 ( 15%)]
	Losses: ce_loss-0.5962(0.6995) loss_tacl-0.0001(0.0001) loss_sacl-0.0184(0.0174) loss_event-0.0062(0.0063) loss_eviden
ce-0.0000(0.0009) loss_query_diversity-0.0043(0.0043) loss_position-0.0000(0.0000) total_loss-0.5962(0.6995) 
[2026-09-18 18:36:17,663]-[trainutils.py line:416]:[EST:    3.51m][Process Time:    0.05s]- Epoch: 3 [0300/1330 ( 23%)]
	Losses: ce_loss-0.7223(0.7000) loss_tacl-0.0001(0.0001) loss_sacl-0.0169(0.0171) loss_event-0.0067(0.0061) loss_eviden
ce-0.0014(0.0009) loss_query_diversity-0.0043(0.0043) loss_position-0.0000(0.0000) total_loss-0.7223(0.7000) 
[2026-09-18 18:36:38,072]-[trainutils.py line:416]:[EST:    3.17m][Process Time:    0.05s]- Epoch: 3 [0400/1330 ( 30%)]
	Losses: ce_loss-0.4835(0.7000) loss_tacl-0.0001(0.0001) loss_sacl-0.0181(0.0168) loss_event-0.0065(0.0060) loss_eviden
ce-0.0021(0.0009) loss_query_diversity-0.0043(0.0043) loss_position-0.0000(0.0000) total_loss-0.4835(0.7000) 
[2026-09-18 18:36:58,409]-[trainutils.py line:416]:[EST:    2.82m][Process Time:    0.05s]- Epoch: 3 [0500/1330 ( 38%)]
	Losses: ce_loss-1.0341(0.7102) loss_tacl-0.0001(0.0001) loss_sacl-0.0156(0.0166) loss_event-0.0059(0.0060) loss_eviden
ce-0.0000(0.0009) loss_query_diversity-0.0043(0.0043) loss_position-0.0000(0.0000) total_loss-1.0341(0.7102) 
[2026-09-18 18:37:18,749]-[trainutils.py line:416]:[EST:    2.48m][Process Time:    0.05s]- Epoch: 3 [0600/1330 ( 45%)]
	Losses: ce_loss-0.6378(0.7096) loss_tacl-0.0001(0.0001) loss_sacl-0.0135(0.0164) loss_event-0.0054(0.0060) loss_eviden
ce-0.0000(0.0009) loss_query_diversity-0.0043(0.0043) loss_position-0.0000(0.0000) total_loss-0.6378(0.7096) 
[2026-09-18 18:37:39,187]-[trainutils.py line:416]:[EST:    2.14m][Process Time:    0.05s]- Epoch: 3 [0700/1330 ( 53%)]
	Losses: ce_loss-0.5502(0.7078) loss_tacl-0.0001(0.0001) loss_sacl-0.0148(0.0163) loss_event-0.0053(0.0060) loss_eviden
ce-0.0011(0.0008) loss_query_diversity-0.0043(0.0043) loss_position-0.0000(0.0000) total_loss-0.5502(0.7078) 
[2026-09-18 18:37:59,840]-[trainutils.py line:416]:[EST:    1.80m][Process Time:    0.05s]- Epoch: 3 [0800/1330 ( 60%)]
	Losses: ce_loss-0.8497(0.7073) loss_tacl-0.0001(0.0001) loss_sacl-0.0143(0.0162) loss_event-0.0051(0.0060) loss_eviden
ce-0.0000(0.0008) loss_query_diversity-0.0043(0.0043) loss_position-0.0000(0.0000) total_loss-0.8497(0.7073) 
[2026-09-18 18:38:20,311]-[trainutils.py line:416]:[EST:    1.46m][Process Time:    0.05s]- Epoch: 3 [0900/1330 ( 68%)]
	Losses: ce_loss-0.6324(0.7051) loss_tacl-0.0001(0.0001) loss_sacl-0.0137(0.0161) loss_event-0.0052(0.0060) loss_eviden
ce-0.0000(0.0008) loss_query_diversity-0.0043(0.0043) loss_position-0.0000(0.0000) total_loss-0.6324(0.7051) 
[2026-09-18 18:38:40,769]-[trainutils.py line:416]:[EST:    1.12m][Process Time:    0.06s]- Epoch: 3 [1000/1330 ( 75%)]
	Losses: ce_loss-0.8005(0.7016) loss_tacl-0.0001(0.0001) loss_sacl-0.0152(0.0160) loss_event-0.0056(0.0060) loss_eviden
ce-0.0000(0.0007) loss_query_diversity-0.0043(0.0043) loss_position-0.0000(0.0000) total_loss-0.8005(0.7016) 
[2026-09-18 18:39:01,460]-[trainutils.py line:416]:[EST:    0.78m][Process Time:    0.07s]- Epoch: 3 [1100/1330 ( 83%)]
	Losses: ce_loss-1.1263(0.7007) loss_tacl-0.0001(0.0001) loss_sacl-0.0142(0.0158) loss_event-0.0059(0.0059) loss_eviden
ce-0.0013(0.0007) loss_query_diversity-0.0043(0.0043) loss_position-0.0000(0.0000) total_loss-1.1263(0.7007) 
[2026-09-18 18:39:21,903]-[trainutils.py line:416]:[EST:    0.44m][Process Time:    0.05s]- Epoch: 3 [1200/1330 ( 90%)]
	Losses: ce_loss-0.7435(0.6990) loss_tacl-0.0001(0.0001) loss_sacl-0.0155(0.0157) loss_event-0.0058(0.0059) loss_eviden
ce-0.0001(0.0007) loss_query_diversity-0.0043(0.0043) loss_position-0.0000(0.0000) total_loss-0.7435(0.6990) 
[2026-09-18 18:39:42,240]-[trainutils.py line:416]:[EST:    0.10m][Process Time:    0.05s]- Epoch: 3 [1300/1330 ( 98%)]
	Losses: ce_loss-0.5809(0.6971) loss_tacl-0.0001(0.0001) loss_sacl-0.0129(0.0156) loss_event-0.0051(0.0059) loss_eviden
ce-0.0000(0.0007) loss_query_diversity-0.0042(0.0043) loss_position-0.0000(0.0000) total_loss-0.5809(0.6971) 
[2026-09-18 18:39:48,217]-[trainutils.py line:416]:[EST:   -0.00m][Process Time:    0.05s]- Epoch: 3 [1330/1330 (100%)]
	Losses: ce_loss-0.4719(0.6956) loss_tacl-0.0001(0.0001) loss_sacl-0.0160(0.0156) loss_event-0.0061(0.0059) loss_eviden
ce-0.0000(0.0007) loss_query_diversity-0.0042(0.0043) loss_position-0.0000(0.0000) total_loss-0.4719(0.6956) 
[2026-09-18 18:39:48,824]-[train.py line:106]:
-------------- validation epoch 3 -------------- 
[2026-09-18 18:39:49,144]-[trainutils.py line:461]:Test progress:   0/95 
[2026-09-18 18:40:19,500]-[trainutils.py line:461]:Test progress:  95/95 
[2026-09-18 18:40:19,500]-[trainutils.py line:492]:Epoch 3 -           Audio/Counting accuracy: 82.58(422/511) 
[2026-09-18 18:40:19,501]-[trainutils.py line:492]:Epoch 3 -        Audio/Comparative accuracy: 53.22(157/295) 
[2026-09-18 18:40:19,501]-[trainutils.py line:497]:Epoch 3 -                    Audio accuracy: 71.84(579/806) 
[2026-09-18 18:40:19,501]-[trainutils.py line:492]:Epoch 3 -          Visual/Counting accuracy: 75.00(450/600) 
[2026-09-18 18:40:19,501]-[trainutils.py line:492]:Epoch 3 -          Visual/Location accuracy: 84.34(517/613) 
[2026-09-18 18:40:19,501]-[trainutils.py line:497]:Epoch 3 -                   Visual accuracy: 79.72(967/1213) 
[2026-09-18 18:40:19,501]-[trainutils.py line:492]:Epoch 3 - Audio-Visual/Existential accuracy: 82.42(408/495) 
[2026-09-18 18:40:19,503]-[trainutils.py line:492]:Epoch 3 -    Audio-Visual/Counting accuracy: 72.83(461/633) 
[2026-09-18 18:40:19,503]-[trainutils.py line:492]:Epoch 3 -    Audio-Visual/Location accuracy: 63.56(293/461) 
[2026-09-18 18:40:19,503]-[trainutils.py line:492]:Epoch 3 - Audio-Visual/Comparative accuracy: 55.19(303/549) 
[2026-09-18 18:40:19,503]-[trainutils.py line:492]:Epoch 3 -    Audio-Visual/Temporal accuracy: 72.51(298/411) 
[2026-09-18 18:40:19,503]-[trainutils.py line:497]:Epoch 3 -             Audio-Visual accuracy: 69.16(1763/2549) 
[2026-09-18 18:40:19,504]-[trainutils.py line:501]:Epoch 3 -                    Total accuracy: 72.44(3309/4568) 
[2026-09-18 18:40:19,842]-[trainutils.py line:461]:Test progress:   0/95 
[2026-09-18 18:40:49,897]-[trainutils.py line:461]:Test progress:  95/95 
[2026-09-18 18:40:49,897]-[trainutils.py line:492]:Epoch 3 -           Audio/Counting accuracy: 77.50(396/511) 
[2026-09-18 18:40:49,897]-[trainutils.py line:492]:Epoch 3 -        Audio/Comparative accuracy: 59.32(175/295) 
[2026-09-18 18:40:49,897]-[trainutils.py line:497]:Epoch 3 -                    Audio accuracy: 70.84(571/806) 
[2026-09-18 18:40:49,898]-[trainutils.py line:492]:Epoch 3 -          Visual/Counting accuracy: 72.17(433/600) 
[2026-09-18 18:40:49,898]-[trainutils.py line:492]:Epoch 3 -          Visual/Location accuracy: 84.18(516/613) 
[2026-09-18 18:40:49,898]-[trainutils.py line:497]:Epoch 3 -                   Visual accuracy: 78.24(949/1213) 
[2026-09-18 18:40:49,898]-[trainutils.py line:492]:Epoch 3 - Audio-Visual/Existential accuracy: 83.03(411/495) 
[2026-09-18 18:40:49,899]-[trainutils.py line:492]:Epoch 3 -    Audio-Visual/Counting accuracy: 68.72(435/633) 
[2026-09-18 18:40:49,899]-[trainutils.py line:492]:Epoch 3 -    Audio-Visual/Location accuracy: 65.51(302/461) 
[2026-09-18 18:40:49,899]-[trainutils.py line:492]:Epoch 3 - Audio-Visual/Comparative accuracy: 59.20(325/549) 
[2026-09-18 18:40:49,899]-[trainutils.py line:492]:Epoch 3 -    Audio-Visual/Temporal accuracy: 74.94(308/411) 
[2026-09-18 18:40:49,900]-[trainutils.py line:497]:Epoch 3 -             Audio-Visual accuracy: 69.87(1781/2549) 
[2026-09-18 18:40:49,900]-[trainutils.py line:501]:Epoch 3 -                    Total accuracy: 72.26(3301/4568) 
[2026-09-18 18:40:49,933]-[train.py line:151]:best model saved at epoch 3 with acc 72.43870402802102 (raw) 
[2026-09-18 18:40:49,984]-[train.py line:167]:Epoch 3 done with 72.44 and loss 0.64453. 
[2026-09-18 18:40:49,984]-[train.py line:168]:At epoch3 best acc: 72.44. 
[2026-09-18 18:40:49,984]-[train.py line:102]:
-------------- training epoch 4 -------------- 
[2026-09-18 18:40:50,201]-[trainutils.py line:416]:[EST:    4.75m][Process Time:    0.05s]- Epoch: 4 [0000/1330 (  0%)]
	Losses: ce_loss-0.7154(0.7154) loss_tacl-0.0001(0.0001) loss_sacl-0.0146(0.0146) loss_event-0.0058(0.0058) loss_eviden
ce-0.0000(0.0000) loss_query_diversity-0.0042(0.0042) loss_position-0.0000(0.0000) total_loss-0.7154(0.7154) 
[2026-09-18 18:41:10,442]-[trainutils.py line:416]:[EST:    4.15m][Process Time:    0.05s]- Epoch: 4 [0100/1330 (  8%)]
	Losses: ce_loss-0.6662(0.6363) loss_tacl-0.0001(0.0001) loss_sacl-0.0156(0.0146) loss_event-0.0085(0.0062) loss_eviden
ce-0.0000(0.0004) loss_query_diversity-0.0043(0.0043) loss_position-0.0000(0.0000) total_loss-0.6662(0.6363) 
[2026-09-18 18:41:30,880]-[trainutils.py line:416]:[EST:    3.83m][Process Time:    0.04s]- Epoch: 4 [0200/1330 ( 15%)]
	Losses: ce_loss-0.3830(0.6199) loss_tacl-0.0001(0.0001) loss_sacl-0.0150(0.0146) loss_event-0.0071(0.0061) loss_eviden
ce-0.0000(0.0006) loss_query_diversity-0.0043(0.0043) loss_position-0.0000(0.0000) total_loss-0.3830(0.6199) 
[2026-09-18 18:41:51,327]-[trainutils.py line:416]:[EST:    3.49m][Process Time:    0.05s]- Epoch: 4 [0300/1330 ( 23%)]
	Losses: ce_loss-0.5538(0.6240) loss_tacl-0.0001(0.0001) loss_sacl-0.0161(0.0144) loss_event-0.0063(0.0060) loss_eviden
ce-0.0012(0.0007) loss_query_diversity-0.0043(0.0043) loss_position-0.0000(0.0000) total_loss-0.5538(0.6240) 
[2026-09-18 18:42:12,827]-[trainutils.py line:416]:[EST:    3.20m][Process Time:    0.05s]- Epoch: 4 [0400/1330 ( 30%)]
	Losses: ce_loss-0.6826(0.6186) loss_tacl-0.0001(0.0001) loss_sacl-0.0143(0.0144) loss_event-0.0062(0.0061) loss_eviden
ce-0.0000(0.0007) loss_query_diversity-0.0042(0.0043) loss_position-0.0000(0.0000) total_loss-0.6826(0.6186) 
[2026-09-18 18:42:33,122]-[trainutils.py line:416]:[EST:    2.84m][Process Time:    0.05s]- Epoch: 4 [0500/1330 ( 38%)]
	Losses: ce_loss-0.7836(0.6172) loss_tacl-0.0001(0.0001) loss_sacl-0.0143(0.0143) loss_event-0.0058(0.0061) loss_eviden
ce-0.0000(0.0006) loss_query_diversity-0.0043(0.0043) loss_position-0.0000(0.0000) total_loss-0.7836(0.6172) 
[2026-09-18 18:42:53,423]-[trainutils.py line:416]:[EST:    2.50m][Process Time:    0.05s]- Epoch: 4 [0600/1330 ( 45%)]
	Losses: ce_loss-0.7680(0.6178) loss_tacl-0.0001(0.0001) loss_sacl-0.0152(0.0143) loss_event-0.0075(0.0061) loss_eviden
ce-0.0000(0.0005) loss_query_diversity-0.0042(0.0043) loss_position-0.0000(0.0000) total_loss-0.7680(0.6178) 
[2026-09-18 18:43:14,068]-[trainutils.py line:416]:[EST:    2.15m][Process Time:    0.05s]- Epoch: 4 [0700/1330 ( 53%)]
	Losses: ce_loss-0.6772(0.6123) loss_tacl-0.0001(0.0001) loss_sacl-0.0136(0.0141) loss_event-0.0050(0.0060) loss_eviden
ce-0.0016(0.0005) loss_query_diversity-0.0042(0.0043) loss_position-0.0000(0.0000) total_loss-0.6772(0.6123) 
[2026-09-18 18:43:34,481]-[trainutils.py line:416]:[EST:    1.81m][Process Time:    0.05s]- Epoch: 4 [0800/1330 ( 60%)]
	Losses: ce_loss-0.7278(0.6122) loss_tacl-0.0001(0.0001) loss_sacl-0.0146(0.0140) loss_event-0.0070(0.0060) loss_eviden
ce-0.0006(0.0005) loss_query_diversity-0.0043(0.0043) loss_position-0.0000(0.0000) total_loss-0.7278(0.6122) 
[2026-09-18 18:43:54,716]-[trainutils.py line:416]:[EST:    1.47m][Process Time:    0.05s]- Epoch: 4 [0900/1330 ( 68%)]
	Losses: ce_loss-0.7611(0.6136) loss_tacl-0.0001(0.0001) loss_sacl-0.0136(0.0139) loss_event-0.0059(0.0059) loss_eviden
ce-0.0000(0.0005) loss_query_diversity-0.0042(0.0043) loss_position-0.0000(0.0000) total_loss-0.7611(0.6136) 
[2026-09-18 18:44:14,914]-[trainutils.py line:416]:[EST:    1.12m][Process Time:    0.05s]- Epoch: 4 [1000/1330 ( 75%)]
	Losses: ce_loss-0.7798(0.6162) loss_tacl-0.0001(0.0001) loss_sacl-0.0156(0.0139) loss_event-0.0060(0.0058) loss_eviden
ce-0.0000(0.0005) loss_query_diversity-0.0043(0.0043) loss_position-0.0000(0.0000) total_loss-0.7798(0.6162) 
[2026-09-18 18:44:35,355]-[trainutils.py line:416]:[EST:    0.78m][Process Time:    0.04s]- Epoch: 4 [1100/1330 ( 83%)]
	Losses: ce_loss-0.3860(0.6173) loss_tacl-0.0001(0.0001) loss_sacl-0.0128(0.0138) loss_event-0.0044(0.0057) loss_eviden
ce-0.0000(0.0005) loss_query_diversity-0.0043(0.0043) loss_position-0.0000(0.0000) total_loss-0.3860(0.6173) 
[2026-09-18 18:44:55,705]-[trainutils.py line:416]:[EST:    0.44m][Process Time:    0.05s]- Epoch: 4 [1200/1330 ( 90%)]
	Losses: ce_loss-0.7795(0.6176) loss_tacl-0.0001(0.0001) loss_sacl-0.0130(0.0138) loss_event-0.0056(0.0057) loss_eviden
ce-0.0000(0.0005) loss_query_diversity-0.0042(0.0043) loss_position-0.0000(0.0000) total_loss-0.7795(0.6176) 
[2026-09-18 18:45:16,127]-[trainutils.py line:416]:[EST:    0.10m][Process Time:    0.05s]- Epoch: 4 [1300/1330 ( 98%)]
	Losses: ce_loss-0.6530(0.6166) loss_tacl-0.0001(0.0001) loss_sacl-0.0138(0.0137) loss_event-0.0066(0.0056) loss_eviden
ce-0.0000(0.0005) loss_query_diversity-0.0042(0.0043) loss_position-0.0000(0.0000) total_loss-0.6530(0.6166) 
[2026-09-18 18:45:22,121]-[trainutils.py line:416]:[EST:   -0.00m][Process Time:    0.05s]- Epoch: 4 [1330/1330 (100%)]
	Losses: ce_loss-0.5690(0.6180) loss_tacl-0.0001(0.0001) loss_sacl-0.0118(0.0137) loss_event-0.0044(0.0056) loss_eviden
ce-0.0000(0.0005) loss_query_diversity-0.0042(0.0043) loss_position-0.0000(0.0000) total_loss-0.5690(0.6180) 
[2026-09-18 18:45:22,737]-[train.py line:106]:
-------------- validation epoch 4 -------------- 
[2026-09-18 18:45:23,068]-[trainutils.py line:461]:Test progress:   0/95 
[2026-09-18 18:45:53,361]-[trainutils.py line:461]:Test progress:  95/95 
[2026-09-18 18:45:53,361]-[trainutils.py line:492]:Epoch 4 -           Audio/Counting accuracy: 81.80(418/511) 
[2026-09-18 18:45:53,361]-[trainutils.py line:492]:Epoch 4 -        Audio/Comparative accuracy: 55.25(163/295) 
[2026-09-18 18:45:53,361]-[trainutils.py line:497]:Epoch 4 -                    Audio accuracy: 72.08(581/806) 
[2026-09-18 18:45:53,362]-[trainutils.py line:492]:Epoch 4 -          Visual/Counting accuracy: 78.00(468/600) 
[2026-09-18 18:45:53,362]-[trainutils.py line:492]:Epoch 4 -          Visual/Location accuracy: 83.69(513/613) 
[2026-09-18 18:45:53,362]-[trainutils.py line:497]:Epoch 4 -                   Visual accuracy: 80.87(981/1213) 
[2026-09-18 18:45:53,362]-[trainutils.py line:492]:Epoch 4 - Audio-Visual/Existential accuracy: 83.03(411/495) 
[2026-09-18 18:45:53,362]-[trainutils.py line:492]:Epoch 4 -    Audio-Visual/Counting accuracy: 75.83(480/633) 
[2026-09-18 18:45:53,363]-[trainutils.py line:492]:Epoch 4 -    Audio-Visual/Location accuracy: 64.86(299/461) 
[2026-09-18 18:45:53,363]-[trainutils.py line:492]:Epoch 4 - Audio-Visual/Comparative accuracy: 61.75(339/549) 
[2026-09-18 18:45:53,363]-[trainutils.py line:492]:Epoch 4 -    Audio-Visual/Temporal accuracy: 71.53(294/411) 
[2026-09-18 18:45:53,363]-[trainutils.py line:497]:Epoch 4 -             Audio-Visual accuracy: 71.52(1823/2549) 
[2026-09-18 18:45:53,363]-[trainutils.py line:501]:Epoch 4 -                    Total accuracy: 74.10(3385/4568) 
[2026-09-18 18:45:53,701]-[trainutils.py line:461]:Test progress:   0/95 
[2026-09-18 18:46:23,529]-[trainutils.py line:461]:Test progress:  95/95 
[2026-09-18 18:46:23,529]-[trainutils.py line:492]:Epoch 4 -           Audio/Counting accuracy: 83.17(425/511) 
[2026-09-18 18:46:23,530]-[trainutils.py line:492]:Epoch 4 -        Audio/Comparative accuracy: 59.32(175/295) 
[2026-09-18 18:46:23,530]-[trainutils.py line:497]:Epoch 4 -                    Audio accuracy: 74.44(600/806) 
[2026-09-18 18:46:23,530]-[trainutils.py line:492]:Epoch 4 -          Visual/Counting accuracy: 75.17(451/600) 
[2026-09-18 18:46:23,530]-[trainutils.py line:492]:Epoch 4 -          Visual/Location accuracy: 86.30(529/613) 
[2026-09-18 18:46:23,531]-[trainutils.py line:497]:Epoch 4 -                   Visual accuracy: 80.79(980/1213) 
[2026-09-18 18:46:23,531]-[trainutils.py line:492]:Epoch 4 - Audio-Visual/Existential accuracy: 83.84(415/495) 
[2026-09-18 18:46:23,531]-[trainutils.py line:492]:Epoch 4 -    Audio-Visual/Counting accuracy: 73.30(464/633) 
[2026-09-18 18:46:23,531]-[trainutils.py line:492]:Epoch 4 -    Audio-Visual/Location accuracy: 66.59(307/461) 
[2026-09-18 18:46:23,531]-[trainutils.py line:492]:Epoch 4 - Audio-Visual/Comparative accuracy: 61.75(339/549) 
[2026-09-18 18:46:23,531]-[trainutils.py line:492]:Epoch 4 -    Audio-Visual/Temporal accuracy: 74.45(306/411) 
[2026-09-18 18:46:23,531]-[trainutils.py line:497]:Epoch 4 -             Audio-Visual accuracy: 71.83(1831/2549) 
[2026-09-18 18:46:23,533]-[trainutils.py line:501]:Epoch 4 -                    Total accuracy: 74.67(3411/4568) 
[2026-09-18 18:46:23,569]-[train.py line:151]:best model saved at epoch 4 with acc 74.67162872154117 (ema) 
[2026-09-18 18:46:23,618]-[train.py line:167]:Epoch 4 done with 74.67 and loss 0.57422. 
[2026-09-18 18:46:23,618]-[train.py line:168]:At epoch4 best acc: 74.67. 
[2026-09-18 18:46:23,618]-[train.py line:102]:
-------------- training epoch 5 -------------- 
[2026-09-18 18:46:23,826]-[trainutils.py line:416]:[EST:    4.56m][Process Time:    0.05s]- Epoch: 5 [0000/1330 (  0%)]
	Losses: ce_loss-0.4191(0.4191) loss_tacl-0.0001(0.0001) loss_sacl-0.0120(0.0120) loss_event-0.0048(0.0048) loss_eviden
ce-0.0000(0.0000) loss_query_diversity-0.0042(0.0042) loss_position-0.0000(0.0000) total_loss-0.4191(0.4191) 
[2026-09-18 18:46:44,190]-[trainutils.py line:416]:[EST:    4.17m][Process Time:    0.05s]- Epoch: 5 [0100/1330 (  8%)]
	Losses: ce_loss-0.5936(0.5480) loss_tacl-0.0001(0.0001) loss_sacl-0.0114(0.0129) loss_event-0.0041(0.0048) loss_eviden
ce-0.0013(0.0003) loss_query_diversity-0.0042(0.0043) loss_position-0.0000(0.0000) total_loss-0.5936(0.5480) 
[2026-09-18 18:47:04,751]-[trainutils.py line:416]:[EST:    3.85m][Process Time:    0.05s]- Epoch: 5 [0200/1330 ( 15%)]
	Losses: ce_loss-0.7268(0.5430) loss_tacl-0.0001(0.0001) loss_sacl-0.0126(0.0128) loss_event-0.0053(0.0051) loss_eviden
ce-0.0000(0.0004) loss_query_diversity-0.0042(0.0043) loss_position-0.0000(0.0000) total_loss-0.7268(0.5430) 
[2026-09-18 18:47:25,041]-[trainutils.py line:416]:[EST:    3.50m][Process Time:    0.05s]- Epoch: 5 [0300/1330 ( 23%)]
	Losses: ce_loss-0.6329(0.5483) loss_tacl-0.0001(0.0001) loss_sacl-0.0132(0.0129) loss_event-0.0065(0.0051) loss_eviden
ce-0.0009(0.0004) loss_query_diversity-0.0043(0.0043) loss_position-0.0000(0.0000) total_loss-0.6329(0.5483) 
[2026-09-18 18:47:45,214]-[trainutils.py line:416]:[EST:    3.15m][Process Time:    0.05s]- Epoch: 5 [0400/1330 ( 30%)]
	Losses: ce_loss-0.6470(0.5500) loss_tacl-0.0001(0.0001) loss_sacl-0.0124(0.0129) loss_event-0.0051(0.0051) loss_eviden
ce-0.0000(0.0003) loss_query_diversity-0.0043(0.0043) loss_position-0.0000(0.0000) total_loss-0.6470(0.5500) 
[2026-09-18 18:48:05,560]-[trainutils.py line:416]:[EST:    2.81m][Process Time:    0.05s]- Epoch: 5 [0500/1330 ( 38%)]
	Losses: ce_loss-0.4793(0.5597) loss_tacl-0.0001(0.0001) loss_sacl-0.0122(0.0129) loss_event-0.0057(0.0051) loss_eviden
ce-0.0000(0.0003) loss_query_diversity-0.0042(0.0043) loss_position-0.0000(0.0000) total_loss-0.4793(0.5597) 
[2026-09-18 18:48:25,916]-[trainutils.py line:416]:[EST:    2.47m][Process Time:    0.05s]- Epoch: 5 [0600/1330 ( 45%)]
	Losses: ce_loss-0.5287(0.5598) loss_tacl-0.0001(0.0001) loss_sacl-0.0120(0.0130) loss_event-0.0050(0.0052) loss_eviden
ce-0.0000(0.0004) loss_query_diversity-0.0043(0.0043) loss_position-0.0000(0.0000) total_loss-0.5287(0.5598) 
[2026-09-18 18:48:46,298]-[trainutils.py line:416]:[EST:    2.13m][Process Time:    0.05s]- Epoch: 5 [0700/1330 ( 53%)]
	Losses: ce_loss-0.5029(0.5585) loss_tacl-0.0001(0.0001) loss_sacl-0.0114(0.0129) loss_event-0.0052(0.0052) loss_eviden
ce-0.0000(0.0003) loss_query_diversity-0.0042(0.0043) loss_position-0.0000(0.0000) total_loss-0.5029(0.5585) 
[2026-09-18 18:49:07,145]-[trainutils.py line:416]:[EST:    1.80m][Process Time:    0.05s]- Epoch: 5 [0800/1330 ( 60%)]
	Losses: ce_loss-0.6069(0.5607) loss_tacl-0.0001(0.0001) loss_sacl-0.0123(0.0129) loss_event-0.0052(0.0053) loss_eviden
ce-0.0009(0.0003) loss_query_diversity-0.0042(0.0043) loss_position-0.0000(0.0000) total_loss-0.6069(0.5607) 
[2026-09-18 18:49:28,338]-[trainutils.py line:416]:[EST:    1.47m][Process Time:    0.07s]- Epoch: 5 [0900/1330 ( 68%)]
	Losses: ce_loss-0.4966(0.5583) loss_tacl-0.0001(0.0001) loss_sacl-0.0111(0.0129) loss_event-0.0030(0.0053) loss_eviden
ce-0.0000(0.0003) loss_query_diversity-0.0042(0.0043) loss_position-0.0000(0.0000) total_loss-0.4966(0.5583) 
[2026-09-18 18:49:50,566]-[trainutils.py line:416]:[EST:    1.13m][Process Time:    0.04s]- Epoch: 5 [1000/1330 ( 75%)]
	Losses: ce_loss-0.4243(0.5591) loss_tacl-0.0001(0.0001) loss_sacl-0.0127(0.0129) loss_event-0.0046(0.0053) loss_eviden
ce-0.0000(0.0003) loss_query_diversity-0.0043(0.0043) loss_position-0.0000(0.0000) total_loss-0.4243(0.5591) 
[2026-09-18 18:50:11,345]-[trainutils.py line:416]:[EST:    0.79m][Process Time:    0.05s]- Epoch: 5 [1100/1330 ( 83%)]
	Losses: ce_loss-0.7789(0.5586) loss_tacl-0.0001(0.0001) loss_sacl-0.0116(0.0129) loss_event-0.0036(0.0053) loss_eviden
ce-0.0000(0.0003) loss_query_diversity-0.0043(0.0043) loss_position-0.0000(0.0000) total_loss-0.7789(0.5586) 
[2026-09-18 18:50:32,246]-[trainutils.py line:416]:[EST:    0.45m][Process Time:    0.05s]- Epoch: 5 [1200/1330 ( 90%)]
	Losses: ce_loss-0.7089(0.5600) loss_tacl-0.0001(0.0001) loss_sacl-0.0121(0.0128) loss_event-0.0043(0.0052) loss_eviden
ce-0.0002(0.0003) loss_query_diversity-0.0043(0.0043) loss_position-0.0000(0.0000) total_loss-0.7089(0.5600) 
[2026-09-18 18:50:53,213]-[trainutils.py line:416]:[EST:    0.10m][Process Time:    0.05s]- Epoch: 5 [1300/1330 ( 98%)]
	Losses: ce_loss-0.6677(0.5615) loss_tacl-0.0001(0.0001) loss_sacl-0.0125(0.0128) loss_event-0.0038(0.0052) loss_eviden
ce-0.0026(0.0003) loss_query_diversity-0.0043(0.0043) loss_position-0.0000(0.0000) total_loss-0.6677(0.5615) 
[2026-09-18 18:50:59,365]-[trainutils.py line:416]:[EST:   -0.00m][Process Time:    0.05s]- Epoch: 5 [1330/1330 (100%)]
	Losses: ce_loss-0.4965(0.5616) loss_tacl-0.0001(0.0001) loss_sacl-0.0133(0.0128) loss_event-0.0062(0.0052) loss_eviden
ce-0.0008(0.0003) loss_query_diversity-0.0043(0.0043) loss_position-0.0000(0.0000) total_loss-0.4965(0.5616) 
[2026-09-18 18:51:00,005]-[train.py line:106]:
-------------- validation epoch 5 -------------- 
[2026-09-18 18:51:00,319]-[trainutils.py line:461]:Test progress:   0/95 
[2026-09-18 18:51:30,983]-[trainutils.py line:461]:Test progress:  95/95 
[2026-09-18 18:51:30,985]-[trainutils.py line:492]:Epoch 5 -           Audio/Counting accuracy: 83.95(429/511) 
[2026-09-18 18:51:30,985]-[trainutils.py line:492]:Epoch 5 -        Audio/Comparative accuracy: 58.64(173/295) 
[2026-09-18 18:51:30,985]-[trainutils.py line:497]:Epoch 5 -                    Audio accuracy: 74.69(602/806) 
[2026-09-18 18:51:30,985]-[trainutils.py line:492]:Epoch 5 -          Visual/Counting accuracy: 81.17(487/600) 
[2026-09-18 18:51:30,985]-[trainutils.py line:492]:Epoch 5 -          Visual/Location accuracy: 84.99(521/613) 
[2026-09-18 18:51:30,985]-[trainutils.py line:497]:Epoch 5 -                   Visual accuracy: 83.10(1008/1213) 
[2026-09-18 18:51:30,986]-[trainutils.py line:492]:Epoch 5 - Audio-Visual/Existential accuracy: 83.64(414/495) 
[2026-09-18 18:51:30,986]-[trainutils.py line:492]:Epoch 5 -    Audio-Visual/Counting accuracy: 78.52(497/633) 
[2026-09-18 18:51:30,986]-[trainutils.py line:492]:Epoch 5 -    Audio-Visual/Location accuracy: 65.51(302/461) 
[2026-09-18 18:51:30,986]-[trainutils.py line:492]:Epoch 5 - Audio-Visual/Comparative accuracy: 60.66(333/549) 
[2026-09-18 18:51:30,986]-[trainutils.py line:492]:Epoch 5 -    Audio-Visual/Temporal accuracy: 72.51(298/411) 
[2026-09-18 18:51:30,986]-[trainutils.py line:497]:Epoch 5 -             Audio-Visual accuracy: 72.34(1844/2549) 
[2026-09-18 18:51:30,986]-[trainutils.py line:501]:Epoch 5 -                    Total accuracy: 75.61(3454/4568) 
[2026-09-18 18:51:31,323]-[trainutils.py line:461]:Test progress:   0/95 
[2026-09-18 18:52:01,415]-[trainutils.py line:461]:Test progress:  95/95 
[2026-09-18 18:52:01,415]-[trainutils.py line:492]:Epoch 5 -           Audio/Counting accuracy: 85.71(438/511) 
[2026-09-18 18:52:01,415]-[trainutils.py line:492]:Epoch 5 -        Audio/Comparative accuracy: 57.97(171/295) 
[2026-09-18 18:52:01,416]-[trainutils.py line:497]:Epoch 5 -                    Audio accuracy: 75.56(609/806) 
[2026-09-18 18:52:01,416]-[trainutils.py line:492]:Epoch 5 -          Visual/Counting accuracy: 78.33(470/600) 
[2026-09-18 18:52:01,416]-[trainutils.py line:492]:Epoch 5 -          Visual/Location accuracy: 86.95(533/613) 
[2026-09-18 18:52:01,416]-[trainutils.py line:497]:Epoch 5 -                   Visual accuracy: 82.69(1003/1213) 
[2026-09-18 18:52:01,416]-[trainutils.py line:492]:Epoch 5 - Audio-Visual/Existential accuracy: 83.84(415/495) 
[2026-09-18 18:52:01,417]-[trainutils.py line:492]:Epoch 5 -    Audio-Visual/Counting accuracy: 76.15(482/633) 
[2026-09-18 18:52:01,417]-[trainutils.py line:492]:Epoch 5 -    Audio-Visual/Location accuracy: 67.90(313/461) 
[2026-09-18 18:52:01,417]-[trainutils.py line:492]:Epoch 5 - Audio-Visual/Comparative accuracy: 61.57(338/549) 
[2026-09-18 18:52:01,417]-[trainutils.py line:492]:Epoch 5 -    Audio-Visual/Temporal accuracy: 73.97(304/411) 
[2026-09-18 18:52:01,417]-[trainutils.py line:497]:Epoch 5 -             Audio-Visual accuracy: 72.66(1852/2549) 
[2026-09-18 18:52:01,418]-[trainutils.py line:501]:Epoch 5 -                    Total accuracy: 75.83(3464/4568) 
[2026-09-18 18:52:01,457]-[train.py line:151]:best model saved at epoch 5 with acc 75.83187390542906 (ema) 
[2026-09-18 18:52:01,515]-[train.py line:167]:Epoch 5 done with 75.83 and loss 0.55078. 
[2026-09-18 18:52:01,515]-[train.py line:168]:At epoch5 best acc: 75.83. 
[2026-09-18 18:52:01,515]-[train.py line:102]:
-------------- training epoch 6 -------------- 
[2026-09-18 18:52:01,727]-[trainutils.py line:416]:[EST:    4.66m][Process Time:    0.05s]- Epoch: 6 [0000/1330 (  0%)]
	Losses: ce_loss-0.4170(0.4170) loss_tacl-0.0001(0.0001) loss_sacl-0.0143(0.0143) loss_event-0.0063(0.0063) loss_eviden
ce-0.0009(0.0009) loss_query_diversity-0.0043(0.0043) loss_position-0.0000(0.0000) total_loss-0.4170(0.4170) 
[2026-09-18 18:52:22,468]-[trainutils.py line:416]:[EST:    4.25m][Process Time:    0.06s]- Epoch: 6 [0100/1330 (  8%)]
	Losses: ce_loss-0.3722(0.4800) loss_tacl-0.0001(0.0001) loss_sacl-0.0116(0.0123) loss_event-0.0050(0.0051) loss_eviden
ce-0.0000(0.0003) loss_query_diversity-0.0042(0.0043) loss_position-0.0000(0.0000) total_loss-0.3722(0.4800) 
[2026-09-18 18:52:44,430]-[trainutils.py line:416]:[EST:    4.02m][Process Time:    0.06s]- Epoch: 6 [0200/1330 ( 15%)]
	Losses: ce_loss-0.5122(0.4837) loss_tacl-0.0001(0.0001) loss_sacl-0.0104(0.0124) loss_event-0.0041(0.0052) loss_eviden
ce-0.0000(0.0004) loss_query_diversity-0.0043(0.0043) loss_position-0.0000(0.0000) total_loss-0.5122(0.4837) 
[2026-09-18 18:53:05,235]-[trainutils.py line:416]:[EST:    3.63m][Process Time:    0.05s]- Epoch: 6 [0300/1330 ( 23%)]
	Losses: ce_loss-0.4061(0.4918) loss_tacl-0.0001(0.0001) loss_sacl-0.0138(0.0123) loss_event-0.0052(0.0051) loss_eviden
ce-0.0000(0.0004) loss_query_diversity-0.0042(0.0043) loss_position-0.0000(0.0000) total_loss-0.4061(0.4918) 
[2026-09-18 18:53:25,946]-[trainutils.py line:416]:[EST:    3.26m][Process Time:    0.05s]- Epoch: 6 [0400/1330 ( 30%)]
	Losses: ce_loss-0.7339(0.4967) loss_tacl-0.0001(0.0001) loss_sacl-0.0105(0.0123) loss_event-0.0037(0.0051) loss_eviden
ce-0.0000(0.0003) loss_query_diversity-0.0043(0.0043) loss_position-0.0000(0.0000) total_loss-0.7339(0.4967) 
[2026-09-18 18:53:46,626]-[trainutils.py line:416]:[EST:    2.90m][Process Time:    0.06s]- Epoch: 6 [0500/1330 ( 38%)]
	Losses: ce_loss-0.4041(0.5008) loss_tacl-0.0001(0.0001) loss_sacl-0.0129(0.0123) loss_event-0.0060(0.0051) loss_eviden
ce-0.0005(0.0003) loss_query_diversity-0.0042(0.0043) loss_position-0.0000(0.0000) total_loss-0.4041(0.5008) 
[2026-09-18 18:54:08,102]-[trainutils.py line:416]:[EST:    2.56m][Process Time:    0.05s]- Epoch: 6 [0600/1330 ( 45%)]
	Losses: ce_loss-0.3753(0.5029) loss_tacl-0.0001(0.0001) loss_sacl-0.0126(0.0123) loss_event-0.0060(0.0052) loss_eviden
ce-0.0000(0.0003) loss_query_diversity-0.0043(0.0043) loss_position-0.0000(0.0000) total_loss-0.3753(0.5029) 
[2026-09-18 18:54:28,850]-[trainutils.py line:416]:[EST:    2.20m][Process Time:    0.05s]- Epoch: 6 [0700/1330 ( 53%)]
	Losses: ce_loss-0.3916(0.5007) loss_tacl-0.0001(0.0001) loss_sacl-0.0127(0.0123) loss_event-0.0051(0.0052) loss_eviden
ce-0.0002(0.0003) loss_query_diversity-0.0042(0.0043) loss_position-0.0000(0.0000) total_loss-0.3916(0.5007) 
[2026-09-18 18:54:49,721]-[trainutils.py line:416]:[EST:    1.85m][Process Time:    0.05s]- Epoch: 6 [0800/1330 ( 60%)]
	Losses: ce_loss-1.1151(0.5011) loss_tacl-0.0001(0.0001) loss_sacl-0.0138(0.0122) loss_event-0.0068(0.0052) loss_eviden
ce-0.0000(0.0003) loss_query_diversity-0.0042(0.0043) loss_position-0.0000(0.0000) total_loss-1.1151(0.5011) 
[2026-09-18 18:55:10,427]-[trainutils.py line:416]:[EST:    1.50m][Process Time:    0.05s]- Epoch: 6 [0900/1330 ( 68%)]
	Losses: ce_loss-0.5692(0.5007) loss_tacl-0.0001(0.0001) loss_sacl-0.0111(0.0122) loss_event-0.0041(0.0052) loss_eviden
ce-0.0000(0.0003) loss_query_diversity-0.0042(0.0043) loss_position-0.0000(0.0000) total_loss-0.5692(0.5007) 
[2026-09-18 18:55:31,255]-[trainutils.py line:416]:[EST:    1.15m][Process Time:    0.05s]- Epoch: 6 [1000/1330 ( 75%)]
	Losses: ce_loss-0.7585(0.5037) loss_tacl-0.0001(0.0001) loss_sacl-0.0105(0.0122) loss_event-0.0040(0.0052) loss_eviden
ce-0.0000(0.0003) loss_query_diversity-0.0043(0.0043) loss_position-0.0000(0.0000) total_loss-0.7585(0.5037) 
[2026-09-18 18:55:51,870]-[trainutils.py line:416]:[EST:    0.80m][Process Time:    0.05s]- Epoch: 6 [1100/1330 ( 83%)]
	Losses: ce_loss-0.5541(0.5052) loss_tacl-0.0001(0.0001) loss_sacl-0.0126(0.0122) loss_event-0.0077(0.0052) loss_eviden
ce-0.0002(0.0003) loss_query_diversity-0.0042(0.0043) loss_position-0.0000(0.0000) total_loss-0.5541(0.5052) 
[2026-09-18 18:56:12,429]-[trainutils.py line:416]:[EST:    0.45m][Process Time:    0.05s]- Epoch: 6 [1200/1330 ( 90%)]
	Losses: ce_loss-0.4220(0.5065) loss_tacl-0.0001(0.0001) loss_sacl-0.0101(0.0122) loss_event-0.0044(0.0052) loss_eviden
ce-0.0000(0.0003) loss_query_diversity-0.0042(0.0043) loss_position-0.0000(0.0000) total_loss-0.4220(0.5065) 
[2026-09-18 18:56:33,131]-[trainutils.py line:416]:[EST:    0.10m][Process Time:    0.04s]- Epoch: 6 [1300/1330 ( 98%)]
	Losses: ce_loss-0.4301(0.5065) loss_tacl-0.0001(0.0001) loss_sacl-0.0118(0.0121) loss_event-0.0048(0.0052) loss_eviden
ce-0.0005(0.0003) loss_query_diversity-0.0042(0.0043) loss_position-0.0000(0.0000) total_loss-0.4301(0.5065) 
[2026-09-18 18:56:39,481]-[trainutils.py line:416]:[EST:   -0.00m][Process Time:    0.06s]- Epoch: 6 [1330/1330 (100%)]
	Losses: ce_loss-0.1609(0.5065) loss_tacl-0.0001(0.0001) loss_sacl-0.0103(0.0121) loss_event-0.0066(0.0052) loss_eviden
ce-0.0000(0.0003) loss_query_diversity-0.0043(0.0043) loss_position-0.0000(0.0000) total_loss-0.1609(0.5065) 
[2026-09-18 18:56:40,105]-[train.py line:106]:
-------------- validation epoch 6 -------------- 
[2026-09-18 18:56:40,449]-[trainutils.py line:461]:Test progress:   0/95 
[2026-09-18 18:57:11,708]-[trainutils.py line:461]:Test progress:  95/95 
[2026-09-18 18:57:11,709]-[trainutils.py line:492]:Epoch 6 -           Audio/Counting accuracy: 86.30(441/511) 
[2026-09-18 18:57:11,709]-[trainutils.py line:492]:Epoch 6 -        Audio/Comparative accuracy: 58.31(172/295) 
[2026-09-18 18:57:11,709]-[trainutils.py line:497]:Epoch 6 -                    Audio accuracy: 76.05(613/806) 
[2026-09-18 18:57:11,709]-[trainutils.py line:492]:Epoch 6 -          Visual/Counting accuracy: 80.83(485/600) 
[2026-09-18 18:57:11,710]-[trainutils.py line:492]:Epoch 6 -          Visual/Location accuracy: 86.79(532/613) 
[2026-09-18 18:57:11,710]-[trainutils.py line:497]:Epoch 6 -                   Visual accuracy: 83.84(1017/1213) 
[2026-09-18 18:57:11,710]-[trainutils.py line:492]:Epoch 6 - Audio-Visual/Existential accuracy: 82.83(410/495) 
[2026-09-18 18:57:11,711]-[trainutils.py line:492]:Epoch 6 -    Audio-Visual/Counting accuracy: 77.88(493/633) 
[2026-09-18 18:57:11,711]-[trainutils.py line:492]:Epoch 6 -    Audio-Visual/Location accuracy: 65.94(304/461) 
[2026-09-18 18:57:11,711]-[trainutils.py line:492]:Epoch 6 - Audio-Visual/Comparative accuracy: 57.19(314/549) 
[2026-09-18 18:57:11,711]-[trainutils.py line:492]:Epoch 6 -    Audio-Visual/Temporal accuracy: 72.51(298/411) 
[2026-09-18 18:57:11,711]-[trainutils.py line:497]:Epoch 6 -             Audio-Visual accuracy: 71.36(1819/2549) 
[2026-09-18 18:57:11,711]-[trainutils.py line:501]:Epoch 6 -                    Total accuracy: 75.50(3449/4568) 
[2026-09-18 18:57:12,063]-[trainutils.py line:461]:Test progress:   0/95 
[2026-09-18 18:57:42,754]-[trainutils.py line:461]:Test progress:  95/95 
[2026-09-18 18:57:42,755]-[trainutils.py line:492]:Epoch 6 -           Audio/Counting accuracy: 86.11(440/511) 
[2026-09-18 18:57:42,755]-[trainutils.py line:492]:Epoch 6 -        Audio/Comparative accuracy: 60.68(179/295) 
[2026-09-18 18:57:42,755]-[trainutils.py line:497]:Epoch 6 -                    Audio accuracy: 76.80(619/806) 
[2026-09-18 18:57:42,755]-[trainutils.py line:492]:Epoch 6 -          Visual/Counting accuracy: 80.50(483/600) 
[2026-09-18 18:57:42,755]-[trainutils.py line:492]:Epoch 6 -          Visual/Location accuracy: 86.95(533/613) 
[2026-09-18 18:57:42,755]-[trainutils.py line:497]:Epoch 6 -                   Visual accuracy: 83.76(1016/1213) 
[2026-09-18 18:57:42,756]-[trainutils.py line:492]:Epoch 6 - Audio-Visual/Existential accuracy: 83.64(414/495) 
[2026-09-18 18:57:42,756]-[trainutils.py line:492]:Epoch 6 -    Audio-Visual/Counting accuracy: 78.20(495/633) 
[2026-09-18 18:57:42,756]-[trainutils.py line:492]:Epoch 6 -    Audio-Visual/Location accuracy: 67.46(311/461) 
[2026-09-18 18:57:42,756]-[trainutils.py line:492]:Epoch 6 - Audio-Visual/Comparative accuracy: 62.48(343/549) 
[2026-09-18 18:57:42,756]-[trainutils.py line:492]:Epoch 6 -    Audio-Visual/Temporal accuracy: 74.45(306/411) 
[2026-09-18 18:57:42,757]-[trainutils.py line:497]:Epoch 6 -             Audio-Visual accuracy: 73.32(1869/2549) 
[2026-09-18 18:57:42,757]-[trainutils.py line:501]:Epoch 6 -                    Total accuracy: 76.71(3504/4568) 
[2026-09-18 18:57:42,797]-[train.py line:151]:best model saved at epoch 6 with acc 76.70753064798599 (ema) 
[2026-09-18 18:57:42,856]-[train.py line:167]:Epoch 6 done with 76.71 and loss 0.53125. 
[2026-09-18 18:57:42,856]-[train.py line:168]:At epoch6 best acc: 76.71. 
[2026-09-18 18:57:42,856]-[train.py line:102]:
-------------- training epoch 7 -------------- 
[2026-09-18 18:57:43,066]-[trainutils.py line:416]:[EST:    4.59m][Process Time:    0.05s]- Epoch: 7 [0000/1330 (  0%)]
	Losses: ce_loss-0.5663(0.5663) loss_tacl-0.0001(0.0001) loss_sacl-0.0110(0.0110) loss_event-0.0054(0.0054) loss_eviden
ce-0.0000(0.0000) loss_query_diversity-0.0043(0.0043) loss_position-0.0000(0.0000) total_loss-0.5663(0.5663) 
[2026-09-18 18:58:04,512]-[trainutils.py line:416]:[EST:    4.39m][Process Time:    0.05s]- Epoch: 7 [0100/1330 (  8%)]
	Losses: ce_loss-0.3863(0.4608) loss_tacl-0.0001(0.0001) loss_sacl-0.0118(0.0114) loss_event-0.0060(0.0049) loss_eviden
ce-0.0007(0.0001) loss_query_diversity-0.0043(0.0042) loss_position-0.0000(0.0000) total_loss-0.3863(0.4608) 
[2026-09-18 18:58:25,523]-[trainutils.py line:416]:[EST:    3.99m][Process Time:    0.05s]- Epoch: 7 [0200/1330 ( 15%)]
	Losses: ce_loss-0.4919(0.4587) loss_tacl-0.0001(0.0001) loss_sacl-0.0120(0.0113) loss_event-0.0058(0.0050) loss_eviden
ce-0.0000(0.0001) loss_query_diversity-0.0043(0.0043) loss_position-0.0000(0.0000) total_loss-0.4919(0.4587) 
[2026-09-18 18:58:46,656]-[trainutils.py line:416]:[EST:    3.63m][Process Time:    0.05s]- Epoch: 7 [0300/1330 ( 23%)]
	Losses: ce_loss-0.4391(0.4608) loss_tacl-0.0001(0.0001) loss_sacl-0.0119(0.0113) loss_event-0.0058(0.0051) loss_eviden
ce-0.0000(0.0002) loss_query_diversity-0.0043(0.0043) loss_position-0.0000(0.0000) total_loss-0.4391(0.4608) 
[2026-09-18 18:59:07,978]-[trainutils.py line:416]:[EST:    3.29m][Process Time:    0.07s]- Epoch: 7 [0400/1330 ( 30%)]
	Losses: ce_loss-0.3856(0.4571) loss_tacl-0.0001(0.0001) loss_sacl-0.0123(0.0114) loss_event-0.0045(0.0052) loss_eviden
ce-0.0000(0.0002) loss_query_diversity-0.0043(0.0042) loss_position-0.0000(0.0000) total_loss-0.3856(0.4571) 
[2026-09-18 18:59:29,405]-[trainutils.py line:416]:[EST:    2.94m][Process Time:    0.05s]- Epoch: 7 [0500/1330 ( 38%)]
	Losses: ce_loss-0.3494(0.4573) loss_tacl-0.0001(0.0001) loss_sacl-0.0108(0.0114) loss_event-0.0069(0.0052) loss_eviden
ce-0.0000(0.0002) loss_query_diversity-0.0042(0.0042) loss_position-0.0000(0.0000) total_loss-0.3494(0.4573) 
[2026-09-18 18:59:50,842]-[trainutils.py line:416]:[EST:    2.59m][Process Time:    0.07s]- Epoch: 7 [0600/1330 ( 45%)]
	Losses: ce_loss-0.3937(0.4603) loss_tacl-0.0001(0.0001) loss_sacl-0.0113(0.0114) loss_event-0.0052(0.0052) loss_eviden
ce-0.0000(0.0002) loss_query_diversity-0.0042(0.0043) loss_position-0.0000(0.0000) total_loss-0.3937(0.4603) 
[2026-09-18 19:00:12,286]-[trainutils.py line:416]:[EST:    2.23m][Process Time:    0.05s]- Epoch: 7 [0700/1330 ( 53%)]
	Losses: ce_loss-0.4868(0.4600) loss_tacl-0.0001(0.0001) loss_sacl-0.0119(0.0115) loss_event-0.0058(0.0052) loss_eviden
ce-0.0000(0.0002) loss_query_diversity-0.0043(0.0043) loss_position-0.0000(0.0000) total_loss-0.4868(0.4600) 
[2026-09-18 19:00:33,193]-[trainutils.py line:416]:[EST:    1.87m][Process Time:    0.05s]- Epoch: 7 [0800/1330 ( 60%)]
	Losses: ce_loss-0.4038(0.4564) loss_tacl-0.0001(0.0001) loss_sacl-0.0111(0.0116) loss_event-0.0036(0.0051) loss_eviden
ce-0.0000(0.0002) loss_query_diversity-0.0042(0.0043) loss_position-0.0000(0.0000) total_loss-0.4038(0.4564) 
[2026-09-18 19:00:54,535]-[trainutils.py line:416]:[EST:    1.52m][Process Time:    0.05s]- Epoch: 7 [0900/1330 ( 68%)]
	Losses: ce_loss-0.6107(0.4565) loss_tacl-0.0001(0.0001) loss_sacl-0.0102(0.0116) loss_event-0.0051(0.0051) loss_eviden
ce-0.0000(0.0002) loss_query_diversity-0.0043(0.0043) loss_position-0.0000(0.0000) total_loss-0.6107(0.4565) 
[2026-09-18 19:01:15,352]-[trainutils.py line:416]:[EST:    1.16m][Process Time:    0.05s]- Epoch: 7 [1000/1330 ( 75%)]
	Losses: ce_loss-0.2504(0.4575) loss_tacl-0.0001(0.0001) loss_sacl-0.0103(0.0116) loss_event-0.0052(0.0051) loss_eviden
ce-0.0000(0.0002) loss_query_diversity-0.0042(0.0043) loss_position-0.0000(0.0000) total_loss-0.2504(0.4575) 
[2026-09-18 19:01:35,904]-[trainutils.py line:416]:[EST:    0.81m][Process Time:    0.05s]- Epoch: 7 [1100/1330 ( 83%)]
	Losses: ce_loss-0.4977(0.4586) loss_tacl-0.0001(0.0001) loss_sacl-0.0098(0.0116) loss_event-0.0037(0.0051) loss_eviden
ce-0.0000(0.0002) loss_query_diversity-0.0042(0.0043) loss_position-0.0000(0.0000) total_loss-0.4977(0.4586) 
[2026-09-18 19:01:56,732]-[trainutils.py line:416]:[EST:    0.45m][Process Time:    0.06s]- Epoch: 7 [1200/1330 ( 90%)]
	Losses: ce_loss-0.4378(0.4595) loss_tacl-0.0001(0.0001) loss_sacl-0.0093(0.0115) loss_event-0.0036(0.0051) loss_eviden
ce-0.0000(0.0002) loss_query_diversity-0.0042(0.0043) loss_position-0.0000(0.0000) total_loss-0.4378(0.4595) 
[2026-09-18 19:02:18,498]-[trainutils.py line:416]:[EST:    0.10m][Process Time:    0.05s]- Epoch: 7 [1300/1330 ( 98%)]
	Losses: ce_loss-0.5769(0.4588) loss_tacl-0.0001(0.0001) loss_sacl-0.0106(0.0115) loss_event-0.0042(0.0051) loss_eviden
ce-0.0002(0.0002) loss_query_diversity-0.0043(0.0043) loss_position-0.0000(0.0000) total_loss-0.5769(0.4588) 
[2026-09-18 19:02:24,635]-[trainutils.py line:416]:[EST:   -0.00m][Process Time:    0.05s]- Epoch: 7 [1330/1330 (100%)]
	Losses: ce_loss-0.7392(0.4593) loss_tacl-0.0001(0.0001) loss_sacl-0.0127(0.0115) loss_event-0.0044(0.0051) loss_eviden
ce-0.0000(0.0002) loss_query_diversity-0.0043(0.0043) loss_position-0.0000(0.0000) total_loss-0.7392(0.4593) 
[2026-09-18 19:02:25,302]-[train.py line:106]:
-------------- validation epoch 7 -------------- 
[2026-09-18 19:02:25,614]-[trainutils.py line:461]:Test progress:   0/95 
[2026-09-18 19:02:57,031]-[trainutils.py line:461]:Test progress:  95/95 
[2026-09-18 19:02:57,032]-[trainutils.py line:492]:Epoch 7 -           Audio/Counting accuracy: 85.71(438/511) 
[2026-09-18 19:02:57,032]-[trainutils.py line:492]:Epoch 7 -        Audio/Comparative accuracy: 61.69(182/295) 
[2026-09-18 19:02:57,032]-[trainutils.py line:497]:Epoch 7 -                    Audio accuracy: 76.92(620/806) 
[2026-09-18 19:02:57,032]-[trainutils.py line:492]:Epoch 7 -          Visual/Counting accuracy: 81.83(491/600) 
[2026-09-18 19:02:57,032]-[trainutils.py line:492]:Epoch 7 -          Visual/Location accuracy: 85.48(524/613) 
[2026-09-18 19:02:57,033]-[trainutils.py line:497]:Epoch 7 -                   Visual accuracy: 83.68(1015/1213) 
[2026-09-18 19:02:57,033]-[trainutils.py line:492]:Epoch 7 - Audio-Visual/Existential accuracy: 83.23(412/495) 
[2026-09-18 19:02:57,033]-[trainutils.py line:492]:Epoch 7 -    Audio-Visual/Counting accuracy: 79.15(501/633) 
[2026-09-18 19:02:57,033]-[trainutils.py line:492]:Epoch 7 -    Audio-Visual/Location accuracy: 68.33(315/461) 
[2026-09-18 19:02:57,034]-[trainutils.py line:492]:Epoch 7 - Audio-Visual/Comparative accuracy: 58.29(320/549) 
[2026-09-18 19:02:57,034]-[trainutils.py line:492]:Epoch 7 -    Audio-Visual/Temporal accuracy: 70.80(291/411) 
[2026-09-18 19:02:57,034]-[trainutils.py line:497]:Epoch 7 -             Audio-Visual accuracy: 72.15(1839/2549) 
[2026-09-18 19:02:57,034]-[trainutils.py line:501]:Epoch 7 -                    Total accuracy: 76.05(3474/4568) 
[2026-09-18 19:02:57,384]-[trainutils.py line:461]:Test progress:   0/95 
[2026-09-18 19:03:28,185]-[trainutils.py line:461]:Test progress:  95/95 
[2026-09-18 19:03:28,186]-[trainutils.py line:492]:Epoch 7 -           Audio/Counting accuracy: 85.71(438/511) 
[2026-09-18 19:03:28,186]-[trainutils.py line:492]:Epoch 7 -        Audio/Comparative accuracy: 65.08(192/295) 
[2026-09-18 19:03:28,186]-[trainutils.py line:497]:Epoch 7 -                    Audio accuracy: 78.16(630/806) 
[2026-09-18 19:03:28,186]-[trainutils.py line:492]:Epoch 7 -          Visual/Counting accuracy: 82.33(494/600) 
[2026-09-18 19:03:28,186]-[trainutils.py line:492]:Epoch 7 -          Visual/Location accuracy: 88.25(541/613) 
[2026-09-18 19:03:28,186]-[trainutils.py line:497]:Epoch 7 -                   Visual accuracy: 85.33(1035/1213) 
[2026-09-18 19:03:28,186]-[trainutils.py line:492]:Epoch 7 - Audio-Visual/Existential accuracy: 83.23(412/495) 
[2026-09-18 19:03:28,186]-[trainutils.py line:492]:Epoch 7 -    Audio-Visual/Counting accuracy: 78.99(500/633) 
[2026-09-18 19:03:28,187]-[trainutils.py line:492]:Epoch 7 -    Audio-Visual/Location accuracy: 70.07(323/461) 
[2026-09-18 19:03:28,187]-[trainutils.py line:492]:Epoch 7 - Audio-Visual/Comparative accuracy: 61.75(339/549) 
[2026-09-18 19:03:28,187]-[trainutils.py line:492]:Epoch 7 -    Audio-Visual/Temporal accuracy: 72.99(300/411) 
[2026-09-18 19:03:28,187]-[trainutils.py line:497]:Epoch 7 -             Audio-Visual accuracy: 73.52(1874/2549) 
[2026-09-18 19:03:28,187]-[trainutils.py line:501]:Epoch 7 -                    Total accuracy: 77.47(3539/4568) 
[2026-09-18 19:03:28,230]-[train.py line:151]:best model saved at epoch 7 with acc 77.47373029772329 (ema) 
[2026-09-18 19:03:28,288]-[train.py line:167]:Epoch 7 done with 77.47 and loss 0.53125. 
[2026-09-18 19:03:28,288]-[train.py line:168]:At epoch7 best acc: 77.47. 
[2026-09-18 19:03:28,289]-[train.py line:102]:
-------------- training epoch 8 -------------- 
[2026-09-18 19:03:28,506]-[trainutils.py line:416]:[EST:    4.76m][Process Time:    0.05s]- Epoch: 8 [0000/1330 (  0%)]
	Losses: ce_loss-0.3169(0.3169) loss_tacl-0.0001(0.0001) loss_sacl-0.0097(0.0097) loss_event-0.0041(0.0041) loss_eviden
ce-0.0000(0.0000) loss_query_diversity-0.0042(0.0042) loss_position-0.0000(0.0000) total_loss-0.3169(0.3169) 
[2026-09-18 19:03:50,287]-[trainutils.py line:416]:[EST:    4.46m][Process Time:    0.05s]- Epoch: 8 [0100/1330 (  8%)]
	Losses: ce_loss-0.3046(0.3879) loss_tacl-0.0001(0.0001) loss_sacl-0.0124(0.0114) loss_event-0.0066(0.0054) loss_eviden
ce-0.0000(0.0002) loss_query_diversity-0.0043(0.0042) loss_position-0.0000(0.0000) total_loss-0.3046(0.3879) 
[2026-09-18 19:04:11,622]-[trainutils.py line:416]:[EST:    4.06m][Process Time:    0.05s]- Epoch: 8 [0200/1330 ( 15%)]
	Losses: ce_loss-0.5761(0.3996) loss_tacl-0.0001(0.0001) loss_sacl-0.0118(0.0114) loss_event-0.0060(0.0053) loss_eviden
ce-0.0000(0.0001) loss_query_diversity-0.0043(0.0042) loss_position-0.0000(0.0000) total_loss-0.5761(0.3996) 
[2026-09-18 19:04:33,042]-[trainutils.py line:416]:[EST:    3.69m][Process Time:    0.05s]- Epoch: 8 [0300/1330 ( 23%)]
	Losses: ce_loss-0.2979(0.4018) loss_tacl-0.0001(0.0001) loss_sacl-0.0127(0.0115) loss_event-0.0042(0.0052) loss_eviden
ce-0.0000(0.0001) loss_query_diversity-0.0043(0.0043) loss_position-0.0000(0.0000) total_loss-0.2979(0.4018) 
[2026-09-18 19:04:54,657]-[trainutils.py line:416]:[EST:    3.33m][Process Time:    0.05s]- Epoch: 8 [0400/1330 ( 30%)]
	Losses: ce_loss-0.1943(0.4036) loss_tacl-0.0001(0.0001) loss_sacl-0.0137(0.0115) loss_event-0.0053(0.0052) loss_eviden
ce-0.0000(0.0002) loss_query_diversity-0.0043(0.0043) loss_position-0.0000(0.0000) total_loss-0.1943(0.4036) 
[2026-09-18 19:05:15,995]-[trainutils.py line:416]:[EST:    2.97m][Process Time:    0.05s]- Epoch: 8 [0500/1330 ( 38%)]
	Losses: ce_loss-0.3743(0.4058) loss_tacl-0.0001(0.0001) loss_sacl-0.0099(0.0115) loss_event-0.0040(0.0052) loss_eviden
ce-0.0000(0.0002) loss_query_diversity-0.0043(0.0043) loss_position-0.0000(0.0000) total_loss-0.3743(0.4058) 
[2026-09-18 19:05:37,028]-[trainutils.py line:416]:[EST:    2.60m][Process Time:    0.06s]- Epoch: 8 [0600/1330 ( 45%)]
	Losses: ce_loss-0.4986(0.4076) loss_tacl-0.0001(0.0001) loss_sacl-0.0103(0.0115) loss_event-0.0051(0.0051) loss_eviden
ce-0.0000(0.0002) loss_query_diversity-0.0042(0.0043) loss_position-0.0000(0.0000) total_loss-0.4986(0.4076) 
[2026-09-18 19:05:57,961]-[trainutils.py line:416]:[EST:    2.24m][Process Time:    0.05s]- Epoch: 8 [0700/1330 ( 53%)]
	Losses: ce_loss-0.4971(0.4086) loss_tacl-0.0001(0.0001) loss_sacl-0.0117(0.0114) loss_event-0.0049(0.0051) loss_eviden
ce-0.0000(0.0002) loss_query_diversity-0.0043(0.0043) loss_position-0.0000(0.0000) total_loss-0.4971(0.4086) 
[2026-09-18 19:06:18,679]-[trainutils.py line:416]:[EST:    1.88m][Process Time:    0.07s]- Epoch: 8 [0800/1330 ( 60%)]
	Losses: ce_loss-0.1697(0.4087) loss_tacl-0.0001(0.0001) loss_sacl-0.0115(0.0114) loss_event-0.0050(0.0051) loss_eviden
ce-0.0000(0.0002) loss_query_diversity-0.0043(0.0043) loss_position-0.0000(0.0000) total_loss-0.1697(0.4087) 
[2026-09-18 19:06:39,543]-[trainutils.py line:416]:[EST:    1.52m][Process Time:    0.05s]- Epoch: 8 [0900/1330 ( 68%)]
	Losses: ce_loss-0.2880(0.4097) loss_tacl-0.0001(0.0001) loss_sacl-0.0138(0.0114) loss_event-0.0059(0.0051) loss_eviden
ce-0.0000(0.0002) loss_query_diversity-0.0043(0.0043) loss_position-0.0000(0.0000) total_loss-0.2880(0.4097) 
[2026-09-18 19:07:00,442]-[trainutils.py line:416]:[EST:    1.16m][Process Time:    0.05s]- Epoch: 8 [1000/1330 ( 75%)]
	Losses: ce_loss-0.5840(0.4105) loss_tacl-0.0001(0.0001) loss_sacl-0.0106(0.0113) loss_event-0.0044(0.0051) loss_eviden
ce-0.0000(0.0002) loss_query_diversity-0.0043(0.0043) loss_position-0.0000(0.0000) total_loss-0.5840(0.4105) 
[2026-09-18 19:07:21,262]-[trainutils.py line:416]:[EST:    0.81m][Process Time:    0.07s]- Epoch: 8 [1100/1330 ( 83%)]
	Losses: ce_loss-0.5439(0.4114) loss_tacl-0.0001(0.0001) loss_sacl-0.0103(0.0113) loss_event-0.0045(0.0051) loss_eviden
ce-0.0000(0.0002) loss_query_diversity-0.0043(0.0043) loss_position-0.0000(0.0000) total_loss-0.5439(0.4114) 
[2026-09-18 19:07:42,506]-[trainutils.py line:416]:[EST:    0.46m][Process Time:    0.05s]- Epoch: 8 [1200/1330 ( 90%)]
	Losses: ce_loss-0.6892(0.4114) loss_tacl-0.0001(0.0001) loss_sacl-0.0123(0.0113) loss_event-0.0068(0.0051) loss_eviden
ce-0.0000(0.0002) loss_query_diversity-0.0042(0.0043) loss_position-0.0000(0.0000) total_loss-0.6892(0.4114) 
[2026-09-18 19:08:03,504]-[trainutils.py line:416]:[EST:    0.10m][Process Time:    0.05s]- Epoch: 8 [1300/1330 ( 98%)]
	Losses: ce_loss-0.5177(0.4136) loss_tacl-0.0001(0.0001) loss_sacl-0.0103(0.0113) loss_event-0.0039(0.0051) loss_eviden
ce-0.0000(0.0002) loss_query_diversity-0.0042(0.0043) loss_position-0.0000(0.0000) total_loss-0.5177(0.4136) 
[2026-09-18 19:08:09,712]-[trainutils.py line:416]:[EST:   -0.00m][Process Time:    0.05s]- Epoch: 8 [1330/1330 (100%)]
	Losses: ce_loss-0.3152(0.4144) loss_tacl-0.0001(0.0001) loss_sacl-0.0100(0.0113) loss_event-0.0054(0.0051) loss_eviden
ce-0.0000(0.0002) loss_query_diversity-0.0043(0.0043) loss_position-0.0000(0.0000) total_loss-0.3152(0.4144) 
[2026-09-18 19:08:10,346]-[train.py line:106]:
-------------- validation epoch 8 -------------- 
[2026-09-18 19:08:10,661]-[trainutils.py line:461]:Test progress:   0/95 
[2026-09-18 19:08:41,420]-[trainutils.py line:461]:Test progress:  95/95 
[2026-09-18 19:08:41,420]-[trainutils.py line:492]:Epoch 8 -           Audio/Counting accuracy: 87.48(447/511) 
[2026-09-18 19:08:41,420]-[trainutils.py line:492]:Epoch 8 -        Audio/Comparative accuracy: 62.03(183/295) 
[2026-09-18 19:08:41,421]-[trainutils.py line:497]:Epoch 8 -                    Audio accuracy: 78.16(630/806) 
[2026-09-18 19:08:41,421]-[trainutils.py line:492]:Epoch 8 -          Visual/Counting accuracy: 81.17(487/600) 
[2026-09-18 19:08:41,421]-[trainutils.py line:492]:Epoch 8 -          Visual/Location accuracy: 87.28(535/613) 
[2026-09-18 19:08:41,421]-[trainutils.py line:497]:Epoch 8 -                   Visual accuracy: 84.25(1022/1213) 
[2026-09-18 19:08:41,421]-[trainutils.py line:492]:Epoch 8 - Audio-Visual/Existential accuracy: 82.02(406/495) 
[2026-09-18 19:08:41,422]-[trainutils.py line:492]:Epoch 8 -    Audio-Visual/Counting accuracy: 79.30(502/633) 
[2026-09-18 19:08:41,422]-[trainutils.py line:492]:Epoch 8 -    Audio-Visual/Location accuracy: 67.03(309/461) 
[2026-09-18 19:08:41,422]-[trainutils.py line:492]:Epoch 8 - Audio-Visual/Comparative accuracy: 65.39(359/549) 
[2026-09-18 19:08:41,422]-[trainutils.py line:492]:Epoch 8 -    Audio-Visual/Temporal accuracy: 71.05(292/411) 
[2026-09-18 19:08:41,422]-[trainutils.py line:497]:Epoch 8 -             Audio-Visual accuracy: 73.28(1868/2549) 
[2026-09-18 19:08:41,422]-[trainutils.py line:501]:Epoch 8 -                    Total accuracy: 77.06(3520/4568) 
[2026-09-18 19:08:41,785]-[trainutils.py line:461]:Test progress:   0/95 
[2026-09-18 19:09:13,394]-[trainutils.py line:461]:Test progress:  95/95 
[2026-09-18 19:09:13,395]-[trainutils.py line:492]:Epoch 8 -           Audio/Counting accuracy: 87.08(445/511) 
[2026-09-18 19:09:13,395]-[trainutils.py line:492]:Epoch 8 -        Audio/Comparative accuracy: 64.41(190/295) 
[2026-09-18 19:09:13,395]-[trainutils.py line:497]:Epoch 8 -                    Audio accuracy: 78.78(635/806) 
[2026-09-18 19:09:13,395]-[trainutils.py line:492]:Epoch 8 -          Visual/Counting accuracy: 83.00(498/600) 
[2026-09-18 19:09:13,396]-[trainutils.py line:492]:Epoch 8 -          Visual/Location accuracy: 88.74(544/613) 
[2026-09-18 19:09:13,396]-[trainutils.py line:497]:Epoch 8 -                   Visual accuracy: 85.90(1042/1213) 
[2026-09-18 19:09:13,396]-[trainutils.py line:492]:Epoch 8 - Audio-Visual/Existential accuracy: 83.23(412/495) 
[2026-09-18 19:09:13,396]-[trainutils.py line:492]:Epoch 8 -    Audio-Visual/Counting accuracy: 80.73(511/633) 
[2026-09-18 19:09:13,396]-[trainutils.py line:492]:Epoch 8 -    Audio-Visual/Location accuracy: 67.46(311/461) 
[2026-09-18 19:09:13,396]-[trainutils.py line:492]:Epoch 8 - Audio-Visual/Comparative accuracy: 62.48(343/549) 
[2026-09-18 19:09:13,396]-[trainutils.py line:492]:Epoch 8 -    Audio-Visual/Temporal accuracy: 73.24(301/411) 
[2026-09-18 19:09:13,397]-[trainutils.py line:497]:Epoch 8 -             Audio-Visual accuracy: 73.68(1878/2549) 
[2026-09-18 19:09:13,397]-[trainutils.py line:501]:Epoch 8 -                    Total accuracy: 77.82(3555/4568) 
[2026-09-18 19:09:13,443]-[train.py line:151]:best model saved at epoch 8 with acc 77.82399299474606 (ema) 
[2026-09-18 19:09:13,505]-[train.py line:167]:Epoch 8 done with 77.82 and loss 0.52344. 
[2026-09-18 19:09:13,505]-[train.py line:168]:At epoch8 best acc: 77.82. 
[2026-09-18 19:09:13,505]-[train.py line:102]:
-------------- training epoch 9 -------------- 
[2026-09-18 19:09:13,737]-[trainutils.py line:416]:[EST:    5.10m][Process Time:    0.06s]- Epoch: 9 [0000/1330 (  0%)]
	Losses: ce_loss-0.3106(0.3106) loss_tacl-0.0001(0.0001) loss_sacl-0.0114(0.0114) loss_event-0.0051(0.0051) loss_eviden
ce-0.0000(0.0000) loss_query_diversity-0.0042(0.0042) loss_position-0.0000(0.0000) total_loss-0.3106(0.3106) 
[2026-09-18 19:09:38,038]-[trainutils.py line:416]:[EST:    4.97m][Process Time:    0.05s]- Epoch: 9 [0100/1330 (  8%)]
	Losses: ce_loss-0.2412(0.3454) loss_tacl-0.0001(0.0001) loss_sacl-0.0113(0.0110) loss_event-0.0047(0.0051) loss_eviden
ce-0.0000(0.0002) loss_query_diversity-0.0043(0.0043) loss_position-0.0000(0.0000) total_loss-0.2412(0.3454) 
[2026-09-18 19:10:03,770]-[trainutils.py line:416]:[EST:    4.71m][Process Time:    0.07s]- Epoch: 9 [0200/1330 ( 15%)]
	Losses: ce_loss-0.2142(0.3555) loss_tacl-0.0001(0.0001) loss_sacl-0.0106(0.0111) loss_event-0.0049(0.0052) loss_eviden
ce-0.0000(0.0003) loss_query_diversity-0.0043(0.0043) loss_position-0.0000(0.0000) total_loss-0.2142(0.3555) 
[2026-09-18 19:10:26,270]-[trainutils.py line:416]:[EST:    4.15m][Process Time:    0.05s]- Epoch: 9 [0300/1330 ( 23%)]
	Losses: ce_loss-0.2947(0.3563) loss_tacl-0.0001(0.0001) loss_sacl-0.0100(0.0110) loss_event-0.0049(0.0052) loss_eviden
ce-0.0000(0.0003) loss_query_diversity-0.0042(0.0043) loss_position-0.0000(0.0000) total_loss-0.2947(0.3563) 
[2026-09-18 19:10:51,350]-[trainutils.py line:416]:[EST:    3.78m][Process Time:    0.06s]- Epoch: 9 [0400/1330 ( 30%)]
	Losses: ce_loss-0.3791(0.3599) loss_tacl-0.0001(0.0001) loss_sacl-0.0124(0.0109) loss_event-0.0058(0.0051) loss_eviden
ce-0.0009(0.0002) loss_query_diversity-0.0043(0.0043) loss_position-0.0000(0.0000) total_loss-0.3791(0.3599) 
[2026-09-18 19:11:13,960]-[trainutils.py line:416]:[EST:    3.32m][Process Time:    0.07s]- Epoch: 9 [0500/1330 ( 38%)]
	Losses: ce_loss-0.2711(0.3584) loss_tacl-0.0001(0.0001) loss_sacl-0.0101(0.0109) loss_event-0.0050(0.0051) loss_eviden
ce-0.0000(0.0002) loss_query_diversity-0.0042(0.0043) loss_position-0.0000(0.0000) total_loss-0.2711(0.3584) 
[2026-09-18 19:11:37,942]-[trainutils.py line:416]:[EST:    2.92m][Process Time:    0.06s]- Epoch: 9 [0600/1330 ( 45%)]
	Losses: ce_loss-0.3036(0.3606) loss_tacl-0.0001(0.0001) loss_sacl-0.0103(0.0108) loss_event-0.0042(0.0050) loss_eviden
ce-0.0000(0.0002) loss_query_diversity-0.0043(0.0043) loss_position-0.0000(0.0000) total_loss-0.3036(0.3606) 
[2026-09-18 19:12:07,400]-[trainutils.py line:416]:[EST:    2.60m][Process Time:    0.08s]- Epoch: 9 [0700/1330 ( 53%)]
	Losses: ce_loss-0.6017(0.3629) loss_tacl-0.0001(0.0001) loss_sacl-0.0097(0.0108) loss_event-0.0040(0.0050) loss_eviden
ce-0.0000(0.0002) loss_query_diversity-0.0043(0.0043) loss_position-0.0000(0.0000) total_loss-0.6017(0.3629) 
[2026-09-18 19:12:37,902]-[trainutils.py line:416]:[EST:    2.25m][Process Time:    0.07s]- Epoch: 9 [0800/1330 ( 60%)]
	Losses: ce_loss-0.4661(0.3641) loss_tacl-0.0001(0.0001) loss_sacl-0.0105(0.0107) loss_event-0.0042(0.0050) loss_eviden
ce-0.0000(0.0002) loss_query_diversity-0.0043(0.0043) loss_position-0.0000(0.0000) total_loss-0.4661(0.3641) 
[2026-09-18 19:13:11,397]-[trainutils.py line:416]:[EST:    1.89m][Process Time:    0.09s]- Epoch: 9 [0900/1330 ( 68%)]
	Losses: ce_loss-0.4085(0.3649) loss_tacl-0.0001(0.0001) loss_sacl-0.0114(0.0107) loss_event-0.0049(0.0050) loss_eviden
ce-0.0000(0.0002) loss_query_diversity-0.0043(0.0043) loss_position-0.0000(0.0000) total_loss-0.4085(0.3649) 
[2026-09-18 19:13:44,667]-[trainutils.py line:416]:[EST:    1.49m][Process Time:    0.08s]- Epoch: 9 [1000/1330 ( 75%)]
	Losses: ce_loss-0.3583(0.3652) loss_tacl-0.0001(0.0001) loss_sacl-0.0109(0.0107) loss_event-0.0052(0.0050) loss_eviden
ce-0.0000(0.0002) loss_query_diversity-0.0042(0.0043) loss_position-0.0000(0.0000) total_loss-0.3583(0.3652) 
[2026-09-18 19:14:17,583]-[trainutils.py line:416]:[EST:    1.05m][Process Time:    0.09s]- Epoch: 9 [1100/1330 ( 83%)]
	Losses: ce_loss-0.3084(0.3666) loss_tacl-0.0001(0.0001) loss_sacl-0.0101(0.0107) loss_event-0.0041(0.0050) loss_eviden
ce-0.0000(0.0002) loss_query_diversity-0.0042(0.0043) loss_position-0.0000(0.0000) total_loss-0.3084(0.3666) 
[2026-09-18 19:14:51,701]-[trainutils.py line:416]:[EST:    0.61m][Process Time:    0.07s]- Epoch: 9 [1200/1330 ( 90%)]
	Losses: ce_loss-0.3117(0.3678) loss_tacl-0.0001(0.0001) loss_sacl-0.0126(0.0107) loss_event-0.0055(0.0050) loss_eviden
ce-0.0000(0.0002) loss_query_diversity-0.0042(0.0043) loss_position-0.0000(0.0000) total_loss-0.3117(0.3678) 
[2026-09-18 19:15:24,407]-[trainutils.py line:416]:[EST:    0.14m][Process Time:    0.08s]- Epoch: 9 [1300/1330 ( 98%)]
	Losses: ce_loss-0.3635(0.3688) loss_tacl-0.0001(0.0001) loss_sacl-0.0108(0.0107) loss_event-0.0048(0.0049) loss_eviden
ce-0.0000(0.0001) loss_query_diversity-0.0043(0.0043) loss_position-0.0000(0.0000) total_loss-0.3635(0.3688) 
[2026-09-18 19:15:34,039]-[trainutils.py line:416]:[EST:   -0.00m][Process Time:    0.11s]- Epoch: 9 [1330/1330 (100%)]
	Losses: ce_loss-0.5564(0.3701) loss_tacl-0.0001(0.0001) loss_sacl-0.0079(0.0107) loss_event-0.0032(0.0049) loss_eviden
ce-0.0000(0.0002) loss_query_diversity-0.0043(0.0043) loss_position-0.0000(0.0000) total_loss-0.5564(0.3701) 
[2026-09-18 19:15:37,812]-[train.py line:106]:
-------------- validation epoch 9 -------------- 
[2026-09-18 19:15:38,384]-[trainutils.py line:461]:Test progress:   0/95 
[2026-09-18 19:16:23,754]-[trainutils.py line:461]:Test progress:  95/95 
[2026-09-18 19:16:23,757]-[trainutils.py line:492]:Epoch 9 -           Audio/Counting accuracy: 86.69(443/511) 
[2026-09-18 19:16:23,757]-[trainutils.py line:492]:Epoch 9 -        Audio/Comparative accuracy: 61.69(182/295) 
[2026-09-18 19:16:23,757]-[trainutils.py line:497]:Epoch 9 -                    Audio accuracy: 77.54(625/806) 
[2026-09-18 19:16:23,757]-[trainutils.py line:492]:Epoch 9 -          Visual/Counting accuracy: 82.67(496/600) 
[2026-09-18 19:16:23,758]-[trainutils.py line:492]:Epoch 9 -          Visual/Location accuracy: 87.28(535/613) 
[2026-09-18 19:16:23,758]-[trainutils.py line:497]:Epoch 9 -                   Visual accuracy: 85.00(1031/1213) 
[2026-09-18 19:16:23,758]-[trainutils.py line:492]:Epoch 9 - Audio-Visual/Existential accuracy: 84.04(416/495) 
[2026-09-18 19:16:23,759]-[trainutils.py line:492]:Epoch 9 -    Audio-Visual/Counting accuracy: 76.30(483/633) 
[2026-09-18 19:16:23,759]-[trainutils.py line:492]:Epoch 9 -    Audio-Visual/Location accuracy: 67.03(309/461) 
[2026-09-18 19:16:23,759]-[trainutils.py line:492]:Epoch 9 - Audio-Visual/Comparative accuracy: 61.38(337/549) 
[2026-09-18 19:16:23,760]-[trainutils.py line:492]:Epoch 9 -    Audio-Visual/Temporal accuracy: 71.53(294/411) 
[2026-09-18 19:16:23,760]-[trainutils.py line:497]:Epoch 9 -             Audio-Visual accuracy: 72.15(1839/2549) 
[2026-09-18 19:16:23,760]-[trainutils.py line:501]:Epoch 9 -                    Total accuracy: 76.51(3495/4568) 
[2026-09-18 19:16:24,257]-[trainutils.py line:461]:Test progress:   0/95 
[2026-09-18 19:17:09,391]-[trainutils.py line:461]:Test progress:  95/95 
[2026-09-18 19:17:09,392]-[trainutils.py line:492]:Epoch 9 -           Audio/Counting accuracy: 87.87(449/511) 
[2026-09-18 19:17:09,392]-[trainutils.py line:492]:Epoch 9 -        Audio/Comparative accuracy: 63.39(187/295) 
[2026-09-18 19:17:09,392]-[trainutils.py line:497]:Epoch 9 -                    Audio accuracy: 78.91(636/806) 
[2026-09-18 19:17:09,392]-[trainutils.py line:492]:Epoch 9 -          Visual/Counting accuracy: 83.67(502/600) 
[2026-09-18 19:17:09,393]-[trainutils.py line:492]:Epoch 9 -          Visual/Location accuracy: 89.23(547/613) 
[2026-09-18 19:17:09,393]-[trainutils.py line:497]:Epoch 9 -                   Visual accuracy: 86.48(1049/1213) 
[2026-09-18 19:17:09,394]-[trainutils.py line:492]:Epoch 9 - Audio-Visual/Existential accuracy: 83.84(415/495) 
[2026-09-18 19:17:09,394]-[trainutils.py line:492]:Epoch 9 -    Audio-Visual/Counting accuracy: 81.04(513/633) 
[2026-09-18 19:17:09,394]-[trainutils.py line:492]:Epoch 9 -    Audio-Visual/Location accuracy: 67.90(313/461) 
[2026-09-18 19:17:09,394]-[trainutils.py line:492]:Epoch 9 - Audio-Visual/Comparative accuracy: 64.30(353/549) 
[2026-09-18 19:17:09,395]-[trainutils.py line:492]:Epoch 9 -    Audio-Visual/Temporal accuracy: 73.48(302/411) 
[2026-09-18 19:17:09,395]-[trainutils.py line:497]:Epoch 9 -             Audio-Visual accuracy: 74.38(1896/2549) 
[2026-09-18 19:17:09,395]-[trainutils.py line:501]:Epoch 9 -                    Total accuracy: 78.39(3581/4568) 
[2026-09-18 19:17:09,492]-[train.py line:151]:best model saved at epoch 9 with acc 78.39316987740806 (ema) 
[2026-09-18 19:17:09,621]-[train.py line:167]:Epoch 9 done with 78.39 and loss 0.53516. 
[2026-09-18 19:17:09,621]-[train.py line:168]:At epoch9 best acc: 78.39. 
[2026-09-18 19:17:09,622]-[train.py line:102]:
-------------- training epoch 10 -------------- 
[2026-09-18 19:17:09,952]-[trainutils.py line:416]:[EST:    7.25m][Process Time:    0.09s]- Epoch: 10 [0000/1330 (  0%)
]	Losses: ce_loss-0.2814(0.2814) loss_tacl-0.0001(0.0001) loss_sacl-0.0102(0.0102) loss_event-0.0049(0.0049) loss_evide
nce-0.0000(0.0000) loss_query_diversity-0.0043(0.0043) loss_position-0.0000(0.0000) total_loss-0.2814(0.2814) 
[2026-09-18 19:17:41,839]-[trainutils.py line:416]:[EST:    6.53m][Process Time:    0.08s]- Epoch: 10 [0100/1330 (  8%)
]	Losses: ce_loss-0.2107(0.3270) loss_tacl-0.0001(0.0001) loss_sacl-0.0111(0.0105) loss_event-0.0057(0.0048) loss_evide
nce-0.0000(0.0001) loss_query_diversity-0.0043(0.0043) loss_position-0.0000(0.0000) total_loss-0.2107(0.3270) 
[2026-09-18 19:18:13,886]-[trainutils.py line:416]:[EST:    6.02m][Process Time:    0.08s]- Epoch: 10 [0200/1330 ( 15%)
]	Losses: ce_loss-0.4517(0.3250) loss_tacl-0.0001(0.0001) loss_sacl-0.0100(0.0105) loss_event-0.0044(0.0049) loss_evide
nce-0.0000(0.0001) loss_query_diversity-0.0042(0.0043) loss_position-0.0000(0.0000) total_loss-0.4517(0.3250) 
[2026-09-18 19:18:45,687]-[trainutils.py line:416]:[EST:    5.47m][Process Time:    0.09s]- Epoch: 10 [0300/1330 ( 23%)
]	Losses: ce_loss-0.2785(0.3305) loss_tacl-0.0001(0.0001) loss_sacl-0.0088(0.0104) loss_event-0.0032(0.0048) loss_evide
nce-0.0000(0.0001) loss_query_diversity-0.0042(0.0043) loss_position-0.0000(0.0000) total_loss-0.2785(0.3305) 
[2026-09-18 19:19:18,151]-[trainutils.py line:416]:[EST:    4.96m][Process Time:    0.09s]- Epoch: 10 [0400/1330 ( 30%)
]	Losses: ce_loss-0.4252(0.3270) loss_tacl-0.0001(0.0001) loss_sacl-0.0100(0.0104) loss_event-0.0047(0.0049) loss_evide
nce-0.0016(0.0001) loss_query_diversity-0.0042(0.0042) loss_position-0.0000(0.0000) total_loss-0.4252(0.3270) 
[2026-09-18 19:19:50,651]-[trainutils.py line:416]:[EST:    4.44m][Process Time:    0.09s]- Epoch: 10 [0500/1330 ( 38%)
]	Losses: ce_loss-0.2673(0.3250) loss_tacl-0.0001(0.0001) loss_sacl-0.0097(0.0103) loss_event-0.0043(0.0049) loss_evide
nce-0.0000(0.0001) loss_query_diversity-0.0043(0.0043) loss_position-0.0000(0.0000) total_loss-0.2673(0.3250) 
[2026-09-18 19:20:21,181]-[trainutils.py line:416]:[EST:    3.87m][Process Time:    0.08s]- Epoch: 10 [0600/1330 ( 45%)
]	Losses: ce_loss-0.2105(0.3263) loss_tacl-0.0001(0.0001) loss_sacl-0.0096(0.0103) loss_event-0.0043(0.0048) loss_evide
nce-0.0000(0.0001) loss_query_diversity-0.0043(0.0043) loss_position-0.0000(0.0000) total_loss-0.2105(0.3263) 
[2026-09-18 19:20:52,599]-[trainutils.py line:416]:[EST:    3.33m][Process Time:    0.08s]- Epoch: 10 [0700/1330 ( 53%)
]	Losses: ce_loss-0.2902(0.3270) loss_tacl-0.0001(0.0001) loss_sacl-0.0109(0.0102) loss_event-0.0058(0.0048) loss_evide
nce-0.0000(0.0001) loss_query_diversity-0.0042(0.0043) loss_position-0.0000(0.0000) total_loss-0.2902(0.3270) 
[2026-09-18 19:21:25,073]-[trainutils.py line:416]:[EST:    2.81m][Process Time:    0.08s]- Epoch: 10 [0800/1330 ( 60%)
]	Losses: ce_loss-0.2778(0.3259) loss_tacl-0.0001(0.0001) loss_sacl-0.0085(0.0102) loss_event-0.0040(0.0048) loss_evide
nce-0.0000(0.0001) loss_query_diversity-0.0042(0.0043) loss_position-0.0000(0.0000) total_loss-0.2778(0.3259) 
[2026-09-18 19:21:57,945]-[trainutils.py line:416]:[EST:    2.29m][Process Time:    0.09s]- Epoch: 10 [0900/1330 ( 68%)
]	Losses: ce_loss-0.4682(0.3256) loss_tacl-0.0001(0.0001) loss_sacl-0.0108(0.0102) loss_event-0.0046(0.0048) loss_evide
nce-0.0000(0.0001) loss_query_diversity-0.0043(0.0043) loss_position-0.0000(0.0000) total_loss-0.4682(0.3256) 
[2026-09-18 19:22:29,999]-[trainutils.py line:416]:[EST:    1.75m][Process Time:    0.08s]- Epoch: 10 [1000/1330 ( 75%)
]	Losses: ce_loss-0.2255(0.3267) loss_tacl-0.0001(0.0001) loss_sacl-0.0099(0.0102) loss_event-0.0042(0.0049) loss_evide
nce-0.0000(0.0001) loss_query_diversity-0.0043(0.0043) loss_position-0.0000(0.0000) total_loss-0.2255(0.3267) 
[2026-09-18 19:23:03,535]-[trainutils.py line:416]:[EST:    1.23m][Process Time:    0.08s]- Epoch: 10 [1100/1330 ( 83%)
]	Losses: ce_loss-0.3133(0.3268) loss_tacl-0.0001(0.0001) loss_sacl-0.0108(0.0102) loss_event-0.0050(0.0049) loss_evide
nce-0.0002(0.0001) loss_query_diversity-0.0042(0.0043) loss_position-0.0000(0.0000) total_loss-0.3133(0.3268) 
[2026-09-18 19:23:34,908]-[trainutils.py line:416]:[EST:    0.69m][Process Time:    0.09s]- Epoch: 10 [1200/1330 ( 90%)
]	Losses: ce_loss-0.2829(0.3273) loss_tacl-0.0001(0.0001) loss_sacl-0.0107(0.0102) loss_event-0.0046(0.0049) loss_evide
nce-0.0000(0.0001) loss_query_diversity-0.0043(0.0043) loss_position-0.0000(0.0000) total_loss-0.2829(0.3273) 
[2026-09-18 19:24:07,023]-[trainutils.py line:416]:[EST:    0.16m][Process Time:    0.08s]- Epoch: 10 [1300/1330 ( 98%)
]	Losses: ce_loss-0.2422(0.3286) loss_tacl-0.0001(0.0001) loss_sacl-0.0109(0.0102) loss_event-0.0050(0.0049) loss_evide
nce-0.0000(0.0001) loss_query_diversity-0.0042(0.0043) loss_position-0.0000(0.0000) total_loss-0.2422(0.3286) 
[2026-09-18 19:24:16,548]-[trainutils.py line:416]:[EST:   -0.01m][Process Time:    0.09s]- Epoch: 10 [1330/1330 (100%)
]	Losses: ce_loss-0.2096(0.3278) loss_tacl-0.0001(0.0001) loss_sacl-0.0081(0.0102) loss_event-0.0041(0.0049) loss_evide
nce-0.0000(0.0001) loss_query_diversity-0.0042(0.0043) loss_position-0.0000(0.0000) total_loss-0.2096(0.3278) 
[2026-09-18 19:24:17,852]-[train.py line:106]:
-------------- validation epoch 10 -------------- 
[2026-09-18 19:24:18,335]-[trainutils.py line:461]:Test progress:   0/95 
[2026-09-18 19:25:04,207]-[trainutils.py line:461]:Test progress:  95/95 
[2026-09-18 19:25:04,207]-[trainutils.py line:492]:Epoch 10 -           Audio/Counting accuracy: 85.71(438/511) 
[2026-09-18 19:25:04,208]-[trainutils.py line:492]:Epoch 10 -        Audio/Comparative accuracy: 63.39(187/295) 
[2026-09-18 19:25:04,208]-[trainutils.py line:497]:Epoch 10 -                    Audio accuracy: 77.54(625/806) 
[2026-09-18 19:25:04,208]-[trainutils.py line:492]:Epoch 10 -          Visual/Counting accuracy: 82.83(497/600) 
[2026-09-18 19:25:04,209]-[trainutils.py line:492]:Epoch 10 -          Visual/Location accuracy: 88.25(541/613) 
[2026-09-18 19:25:04,209]-[trainutils.py line:497]:Epoch 10 -                   Visual accuracy: 85.57(1038/1213) 
[2026-09-18 19:25:04,209]-[trainutils.py line:492]:Epoch 10 - Audio-Visual/Existential accuracy: 83.64(414/495) 
[2026-09-18 19:25:04,210]-[trainutils.py line:492]:Epoch 10 -    Audio-Visual/Counting accuracy: 75.83(480/633) 
[2026-09-18 19:25:04,210]-[trainutils.py line:492]:Epoch 10 -    Audio-Visual/Location accuracy: 67.03(309/461) 
[2026-09-18 19:25:04,210]-[trainutils.py line:492]:Epoch 10 - Audio-Visual/Comparative accuracy: 61.02(335/549) 
[2026-09-18 19:25:04,210]-[trainutils.py line:492]:Epoch 10 -    Audio-Visual/Temporal accuracy: 72.51(298/411) 
[2026-09-18 19:25:04,210]-[trainutils.py line:497]:Epoch 10 -             Audio-Visual accuracy: 72.03(1836/2549) 
[2026-09-18 19:25:04,211]-[trainutils.py line:501]:Epoch 10 -                    Total accuracy: 76.60(3499/4568) 
[2026-09-18 19:25:04,735]-[trainutils.py line:461]:Test progress:   0/95 
[2026-09-18 19:25:50,467]-[trainutils.py line:461]:Test progress:  95/95 
[2026-09-18 19:25:50,469]-[trainutils.py line:492]:Epoch 10 -           Audio/Counting accuracy: 88.06(450/511) 
[2026-09-18 19:25:50,469]-[trainutils.py line:492]:Epoch 10 -        Audio/Comparative accuracy: 63.39(187/295) 
[2026-09-18 19:25:50,470]-[trainutils.py line:497]:Epoch 10 -                    Audio accuracy: 79.03(637/806) 
[2026-09-18 19:25:50,470]-[trainutils.py line:492]:Epoch 10 -          Visual/Counting accuracy: 84.17(505/600) 
[2026-09-18 19:25:50,470]-[trainutils.py line:492]:Epoch 10 -          Visual/Location accuracy: 89.56(549/613) 
[2026-09-18 19:25:50,470]-[trainutils.py line:497]:Epoch 10 -                   Visual accuracy: 86.89(1054/1213) 
[2026-09-18 19:25:50,472]-[trainutils.py line:492]:Epoch 10 - Audio-Visual/Existential accuracy: 84.65(419/495) 
[2026-09-18 19:25:50,472]-[trainutils.py line:492]:Epoch 10 -    Audio-Visual/Counting accuracy: 81.04(513/633) 
[2026-09-18 19:25:50,472]-[trainutils.py line:492]:Epoch 10 -    Audio-Visual/Location accuracy: 67.03(309/461) 
[2026-09-18 19:25:50,472]-[trainutils.py line:492]:Epoch 10 - Audio-Visual/Comparative accuracy: 64.48(354/549) 
[2026-09-18 19:25:50,472]-[trainutils.py line:492]:Epoch 10 -    Audio-Visual/Temporal accuracy: 74.21(305/411) 
[2026-09-18 19:25:50,472]-[trainutils.py line:497]:Epoch 10 -             Audio-Visual accuracy: 74.54(1900/2549) 
[2026-09-18 19:25:50,472]-[trainutils.py line:501]:Epoch 10 -                    Total accuracy: 78.61(3591/4568) 
[2026-09-18 19:25:50,539]-[train.py line:151]:best model saved at epoch 10 with acc 78.61208406304728 (ema) 
[2026-09-18 19:25:50,610]-[train.py line:167]:Epoch 10 done with 78.61 and loss 0.54297. 
[2026-09-18 19:25:50,610]-[train.py line:168]:At epoch10 best acc: 78.61. 
[2026-09-18 19:25:50,610]-[train.py line:102]:
-------------- training epoch 11 -------------- 
[2026-09-18 19:25:50,943]-[trainutils.py line:416]:[EST:    7.31m][Process Time:    0.08s]- Epoch: 11 [0000/1330 (  0%)
]	Losses: ce_loss-0.5479(0.5479) loss_tacl-0.0001(0.0001) loss_sacl-0.0093(0.0093) loss_event-0.0035(0.0035) loss_evide
nce-0.0000(0.0000) loss_query_diversity-0.0043(0.0043) loss_position-0.0000(0.0000) total_loss-0.5479(0.5479) 
[2026-09-18 19:26:23,218]-[trainutils.py line:416]:[EST:    6.61m][Process Time:    0.08s]- Epoch: 11 [0100/1330 (  8%)
]	Losses: ce_loss-0.2315(0.2818) loss_tacl-0.0001(0.0001) loss_sacl-0.0096(0.0099) loss_event-0.0041(0.0046) loss_evide
nce-0.0000(0.0001) loss_query_diversity-0.0043(0.0043) loss_position-0.0000(0.0000) total_loss-0.2315(0.2818) 
[2026-09-18 19:26:55,334]-[trainutils.py line:416]:[EST:    6.06m][Process Time:    0.08s]- Epoch: 11 [0200/1330 ( 15%)
]	Losses: ce_loss-0.1971(0.2761) loss_tacl-0.0001(0.0001) loss_sacl-0.0095(0.0099) loss_event-0.0062(0.0047) loss_evide
nce-0.0000(0.0001) loss_query_diversity-0.0042(0.0043) loss_position-0.0000(0.0000) total_loss-0.1971(0.2761) 
[2026-09-18 19:27:26,999]-[trainutils.py line:416]:[EST:    5.49m][Process Time:    0.07s]- Epoch: 11 [0300/1330 ( 23%)
]	Losses: ce_loss-0.1365(0.2747) loss_tacl-0.0001(0.0001) loss_sacl-0.0116(0.0099) loss_event-0.0055(0.0047) loss_evide
nce-0.0000(0.0001) loss_query_diversity-0.0044(0.0043) loss_position-0.0000(0.0000) total_loss-0.1365(0.2747) 
[2026-09-18 19:27:53,605]-[trainutils.py line:416]:[EST:    4.75m][Process Time:    0.06s]- Epoch: 11 [0400/1330 ( 30%)
]	Losses: ce_loss-0.1813(0.2747) loss_tacl-0.0001(0.0001) loss_sacl-0.0114(0.0099) loss_event-0.0042(0.0047) loss_evide
nce-0.0000(0.0001) loss_query_diversity-0.0042(0.0043) loss_position-0.0000(0.0000) total_loss-0.1813(0.2747) 
[2026-09-18 19:28:24,484]-[trainutils.py line:416]:[EST:    4.24m][Process Time:    0.08s]- Epoch: 11 [0500/1330 ( 38%)
]	Losses: ce_loss-0.3679(0.2786) loss_tacl-0.0001(0.0001) loss_sacl-0.0085(0.0098) loss_event-0.0041(0.0047) loss_evide
nce-0.0000(0.0001) loss_query_diversity-0.0042(0.0043) loss_position-0.0000(0.0000) total_loss-0.3679(0.2786) 
[2026-09-18 19:28:57,346]-[trainutils.py line:416]:[EST:    3.78m][Process Time:    0.09s]- Epoch: 11 [0600/1330 ( 45%)
]	Losses: ce_loss-0.2239(0.2792) loss_tacl-0.0001(0.0001) loss_sacl-0.0092(0.0098) loss_event-0.0039(0.0047) loss_evide
nce-0.0000(0.0001) loss_query_diversity-0.0043(0.0043) loss_position-0.0000(0.0000) total_loss-0.2239(0.2792) 
[2026-09-18 19:29:30,223]-[trainutils.py line:416]:[EST:    3.28m][Process Time:    0.08s]- Epoch: 11 [0700/1330 ( 53%)
]	Losses: ce_loss-0.3456(0.2806) loss_tacl-0.0001(0.0001) loss_sacl-0.0098(0.0098) loss_event-0.0042(0.0047) loss_evide
nce-0.0000(0.0001) loss_query_diversity-0.0042(0.0043) loss_position-0.0000(0.0000) total_loss-0.3456(0.2806) 
[2026-09-18 19:30:02,925]-[trainutils.py line:416]:[EST:    2.78m][Process Time:    0.08s]- Epoch: 11 [0800/1330 ( 60%)
]	Losses: ce_loss-0.1227(0.2821) loss_tacl-0.0001(0.0001) loss_sacl-0.0098(0.0097) loss_event-0.0048(0.0047) loss_evide
nce-0.0000(0.0001) loss_query_diversity-0.0043(0.0043) loss_position-0.0000(0.0000) total_loss-0.1227(0.2821) 
[2026-09-18 19:30:35,614]-[trainutils.py line:416]:[EST:    2.26m][Process Time:    0.08s]- Epoch: 11 [0900/1330 ( 68%)
]	Losses: ce_loss-0.3836(0.2826) loss_tacl-0.0001(0.0001) loss_sacl-0.0085(0.0097) loss_event-0.0044(0.0047) loss_evide
nce-0.0032(0.0001) loss_query_diversity-0.0043(0.0043) loss_position-0.0000(0.0000) total_loss-0.3836(0.2826) 
[2026-09-18 19:31:09,403]-[trainutils.py line:416]:[EST:    1.75m][Process Time:    0.08s]- Epoch: 11 [1000/1330 ( 75%)
]	Losses: ce_loss-0.3737(0.2834) loss_tacl-0.0001(0.0001) loss_sacl-0.0086(0.0097) loss_event-0.0061(0.0047) loss_evide
nce-0.0000(0.0001) loss_query_diversity-0.0043(0.0043) loss_position-0.0000(0.0000) total_loss-0.3737(0.2834) 
[2026-09-18 19:31:41,349]-[trainutils.py line:416]:[EST:    1.22m][Process Time:    0.08s]- Epoch: 11 [1100/1330 ( 83%)
]	Losses: ce_loss-0.2688(0.2830) loss_tacl-0.0001(0.0001) loss_sacl-0.0110(0.0097) loss_event-0.0059(0.0047) loss_evide
nce-0.0002(0.0001) loss_query_diversity-0.0042(0.0043) loss_position-0.0000(0.0000) total_loss-0.2688(0.2830) 
[2026-09-18 19:32:13,924]-[trainutils.py line:416]:[EST:    0.69m][Process Time:    0.07s]- Epoch: 11 [1200/1330 ( 90%)
]	Losses: ce_loss-0.2058(0.2853) loss_tacl-0.0001(0.0001) loss_sacl-0.0097(0.0097) loss_event-0.0048(0.0047) loss_evide
nce-0.0000(0.0001) loss_query_diversity-0.0043(0.0043) loss_position-0.0000(0.0000) total_loss-0.2058(0.2853) 
[2026-09-18 19:32:45,840]-[trainutils.py line:416]:[EST:    0.15m][Process Time:    0.08s]- Epoch: 11 [1300/1330 ( 98%)
]	Losses: ce_loss-0.2113(0.2850) loss_tacl-0.0001(0.0001) loss_sacl-0.0100(0.0097) loss_event-0.0042(0.0047) loss_evide
nce-0.0000(0.0001) loss_query_diversity-0.0042(0.0043) loss_position-0.0000(0.0000) total_loss-0.2113(0.2850) 
[2026-09-18 19:32:55,311]-[trainutils.py line:416]:[EST:   -0.01m][Process Time:    0.09s]- Epoch: 11 [1330/1330 (100%)
]	Losses: ce_loss-0.0317(0.2851) loss_tacl-0.0001(0.0001) loss_sacl-0.0115(0.0097) loss_event-0.0053(0.0047) loss_evide
nce-0.0000(0.0001) loss_query_diversity-0.0043(0.0043) loss_position-0.0000(0.0000) total_loss-0.0317(0.2851) 
[2026-09-18 19:32:56,592]-[train.py line:106]:
-------------- validation epoch 11 -------------- 
[2026-09-18 19:32:57,051]-[trainutils.py line:461]:Test progress:   0/95 
[2026-09-18 19:33:43,476]-[trainutils.py line:461]:Test progress:  95/95 
[2026-09-18 19:33:43,476]-[trainutils.py line:492]:Epoch 11 -           Audio/Counting accuracy: 86.69(443/511) 
[2026-09-18 19:33:43,477]-[trainutils.py line:492]:Epoch 11 -        Audio/Comparative accuracy: 60.34(178/295) 
[2026-09-18 19:33:43,477]-[trainutils.py line:497]:Epoch 11 -                    Audio accuracy: 77.05(621/806) 
[2026-09-18 19:33:43,477]-[trainutils.py line:492]:Epoch 11 -          Visual/Counting accuracy: 82.50(495/600) 
[2026-09-18 19:33:43,477]-[trainutils.py line:492]:Epoch 11 -          Visual/Location accuracy: 88.25(541/613) 
[2026-09-18 19:33:43,477]-[trainutils.py line:497]:Epoch 11 -                   Visual accuracy: 85.41(1036/1213) 
[2026-09-18 19:33:43,478]-[trainutils.py line:492]:Epoch 11 - Audio-Visual/Existential accuracy: 84.44(418/495) 
[2026-09-18 19:33:43,479]-[trainutils.py line:492]:Epoch 11 -    Audio-Visual/Counting accuracy: 76.94(487/633) 
[2026-09-18 19:33:43,479]-[trainutils.py line:492]:Epoch 11 -    Audio-Visual/Location accuracy: 67.03(309/461) 
[2026-09-18 19:33:43,480]-[trainutils.py line:492]:Epoch 11 - Audio-Visual/Comparative accuracy: 62.48(343/549) 
[2026-09-18 19:33:43,480]-[trainutils.py line:492]:Epoch 11 -    Audio-Visual/Temporal accuracy: 70.80(291/411) 
[2026-09-18 19:33:43,480]-[trainutils.py line:497]:Epoch 11 -             Audio-Visual accuracy: 72.50(1848/2549) 
[2026-09-18 19:33:43,480]-[trainutils.py line:501]:Epoch 11 -                    Total accuracy: 76.73(3505/4568) 
[2026-09-18 19:33:44,024]-[trainutils.py line:461]:Test progress:   0/95 
[2026-09-18 19:34:29,312]-[trainutils.py line:461]:Test progress:  95/95 
[2026-09-18 19:34:29,313]-[trainutils.py line:492]:Epoch 11 -           Audio/Counting accuracy: 87.08(445/511) 
[2026-09-18 19:34:29,313]-[trainutils.py line:492]:Epoch 11 -        Audio/Comparative accuracy: 61.69(182/295) 
[2026-09-18 19:34:29,313]-[trainutils.py line:497]:Epoch 11 -                    Audio accuracy: 77.79(627/806) 
[2026-09-18 19:34:29,313]-[trainutils.py line:492]:Epoch 11 -          Visual/Counting accuracy: 83.17(499/600) 
[2026-09-18 19:34:29,314]-[trainutils.py line:492]:Epoch 11 -          Visual/Location accuracy: 89.07(546/613) 
[2026-09-18 19:34:29,314]-[trainutils.py line:497]:Epoch 11 -                   Visual accuracy: 86.15(1045/1213) 
[2026-09-18 19:34:29,314]-[trainutils.py line:492]:Epoch 11 - Audio-Visual/Existential accuracy: 84.04(416/495) 
[2026-09-18 19:34:29,314]-[trainutils.py line:492]:Epoch 11 -    Audio-Visual/Counting accuracy: 80.73(511/633) 
[2026-09-18 19:34:29,314]-[trainutils.py line:492]:Epoch 11 -    Audio-Visual/Location accuracy: 66.81(308/461) 
[2026-09-18 19:34:29,315]-[trainutils.py line:492]:Epoch 11 - Audio-Visual/Comparative accuracy: 64.48(354/549) 
[2026-09-18 19:34:29,315]-[trainutils.py line:492]:Epoch 11 -    Audio-Visual/Temporal accuracy: 73.97(304/411) 
[2026-09-18 19:34:29,315]-[trainutils.py line:497]:Epoch 11 -             Audio-Visual accuracy: 74.26(1893/2549) 
[2026-09-18 19:34:29,316]-[trainutils.py line:501]:Epoch 11 -                    Total accuracy: 78.04(3565/4568) 
[2026-09-18 19:34:29,322]-[train.py line:167]:Epoch 11 done with 78.04 and loss 0.57422. 
[2026-09-18 19:34:29,322]-[train.py line:168]:At epoch10 best acc: 78.61. 
[2026-09-18 19:34:29,322]-[train.py line:102]:
-------------- training epoch 12 -------------- 
[2026-09-18 19:34:29,626]-[trainutils.py line:416]:[EST:    6.70m][Process Time:    0.08s]- Epoch: 12 [0000/1330 (  0%)
]	Losses: ce_loss-0.2630(0.2630) loss_tacl-0.0001(0.0001) loss_sacl-0.0113(0.0113) loss_event-0.0055(0.0055) loss_evide
nce-0.0000(0.0000) loss_query_diversity-0.0042(0.0042) loss_position-0.0000(0.0000) total_loss-0.2630(0.2630) 
[2026-09-18 19:35:00,847]-[trainutils.py line:416]:[EST:    6.39m][Process Time:    0.08s]- Epoch: 12 [0100/1330 (  8%)
]	Losses: ce_loss-0.2003(0.2433) loss_tacl-0.0001(0.0001) loss_sacl-0.0099(0.0094) loss_event-0.0046(0.0048) loss_evide
nce-0.0000(0.0001) loss_query_diversity-0.0042(0.0043) loss_position-0.0000(0.0000) total_loss-0.2003(0.2433) 
[2026-09-18 19:35:33,154]-[trainutils.py line:416]:[EST:    5.98m][Process Time:    0.08s]- Epoch: 12 [0200/1330 ( 15%)
]	Losses: ce_loss-0.2662(0.2397) loss_tacl-0.0001(0.0001) loss_sacl-0.0091(0.0095) loss_event-0.0045(0.0049) loss_evide
nce-0.0000(0.0001) loss_query_diversity-0.0043(0.0043) loss_position-0.0000(0.0000) total_loss-0.2662(0.2397) 
[2026-09-18 19:36:05,184]-[trainutils.py line:416]:[EST:    5.46m][Process Time:    0.08s]- Epoch: 12 [0300/1330 ( 23%)
]	Losses: ce_loss-0.1241(0.2388) loss_tacl-0.0001(0.0001) loss_sacl-0.0094(0.0095) loss_event-0.0044(0.0049) loss_evide
nce-0.0000(0.0001) loss_query_diversity-0.0043(0.0043) loss_position-0.0000(0.0000) total_loss-0.1241(0.2388) 
[2026-09-18 19:36:37,333]-[trainutils.py line:416]:[EST:    4.94m][Process Time:    0.08s]- Epoch: 12 [0400/1330 ( 30%)
]	Losses: ce_loss-0.2181(0.2394) loss_tacl-0.0001(0.0001) loss_sacl-0.0086(0.0095) loss_event-0.0042(0.0049) loss_evide
nce-0.0000(0.0001) loss_query_diversity-0.0043(0.0043) loss_position-0.0000(0.0000) total_loss-0.2181(0.2394) 
[2026-09-18 19:37:09,480]-[trainutils.py line:416]:[EST:    4.42m][Process Time:    0.09s]- Epoch: 12 [0500/1330 ( 38%)
]	Losses: ce_loss-0.2707(0.2418) loss_tacl-0.0001(0.0001) loss_sacl-0.0095(0.0095) loss_event-0.0053(0.0048) loss_evide
nce-0.0000(0.0001) loss_query_diversity-0.0043(0.0043) loss_position-0.0000(0.0000) total_loss-0.2707(0.2418) 
[2026-09-18 19:37:41,086]-[trainutils.py line:416]:[EST:    3.88m][Process Time:    0.08s]- Epoch: 12 [0600/1330 ( 45%)
]	Losses: ce_loss-0.2441(0.2439) loss_tacl-0.0001(0.0001) loss_sacl-0.0103(0.0094) loss_event-0.0058(0.0048) loss_evide
nce-0.0005(0.0001) loss_query_diversity-0.0043(0.0043) loss_position-0.0000(0.0000) total_loss-0.2441(0.2439) 
[2026-09-18 19:38:13,212]-[trainutils.py line:416]:[EST:    3.35m][Process Time:    0.08s]- Epoch: 12 [0700/1330 ( 53%)
]	Losses: ce_loss-0.2785(0.2428) loss_tacl-0.0001(0.0001) loss_sacl-0.0077(0.0094) loss_event-0.0045(0.0048) loss_evide
nce-0.0000(0.0001) loss_query_diversity-0.0043(0.0043) loss_position-0.0000(0.0000) total_loss-0.2785(0.2428) 
[2026-09-18 19:38:43,944]-[trainutils.py line:416]:[EST:    2.80m][Process Time:    0.08s]- Epoch: 12 [0800/1330 ( 60%)
]	Losses: ce_loss-0.1967(0.2442) loss_tacl-0.0001(0.0001) loss_sacl-0.0078(0.0094) loss_event-0.0035(0.0048) loss_evide
nce-0.0000(0.0001) loss_query_diversity-0.0043(0.0043) loss_position-0.0000(0.0000) total_loss-0.1967(0.2442) 
[2026-09-18 19:39:14,977]-[trainutils.py line:416]:[EST:    2.27m][Process Time:    0.08s]- Epoch: 12 [0900/1330 ( 68%)
]	Losses: ce_loss-0.1476(0.2449) loss_tacl-0.0001(0.0001) loss_sacl-0.0101(0.0094) loss_event-0.0062(0.0048) loss_evide
nce-0.0000(0.0001) loss_query_diversity-0.0043(0.0043) loss_position-0.0000(0.0000) total_loss-0.1476(0.2449) 
[2026-09-18 19:39:44,185]-[trainutils.py line:416]:[EST:    1.72m][Process Time:    0.07s]- Epoch: 12 [1000/1330 ( 75%)
]	Losses: ce_loss-0.3630(0.2447) loss_tacl-0.0001(0.0001) loss_sacl-0.0088(0.0094) loss_event-0.0041(0.0048) loss_evide
nce-0.0000(0.0001) loss_query_diversity-0.0043(0.0043) loss_position-0.0000(0.0000) total_loss-0.3630(0.2447) 
[2026-09-18 19:40:11,077]-[trainutils.py line:416]:[EST:    1.18m][Process Time:    0.08s]- Epoch: 12 [1100/1330 ( 83%)
]	Losses: ce_loss-0.2579(0.2470) loss_tacl-0.0001(0.0001) loss_sacl-0.0091(0.0093) loss_event-0.0046(0.0048) loss_evide
nce-0.0000(0.0001) loss_query_diversity-0.0042(0.0043) loss_position-0.0000(0.0000) total_loss-0.2579(0.2470) 
[2026-09-18 19:40:43,129]-[trainutils.py line:416]:[EST:    0.67m][Process Time:    0.08s]- Epoch: 12 [1200/1330 ( 90%)
]	Losses: ce_loss-0.2296(0.2478) loss_tacl-0.0001(0.0001) loss_sacl-0.0106(0.0093) loss_event-0.0047(0.0048) loss_evide
nce-0.0000(0.0001) loss_query_diversity-0.0043(0.0043) loss_position-0.0000(0.0000) total_loss-0.2296(0.2478) 
[2026-09-18 19:41:13,875]-[trainutils.py line:416]:[EST:    0.15m][Process Time:    0.08s]- Epoch: 12 [1300/1330 ( 98%)
]	Losses: ce_loss-0.3338(0.2494) loss_tacl-0.0001(0.0001) loss_sacl-0.0098(0.0093) loss_event-0.0048(0.0048) loss_evide
nce-0.0000(0.0001) loss_query_diversity-0.0043(0.0043) loss_position-0.0000(0.0000) total_loss-0.3338(0.2494) 
[2026-09-18 19:41:23,090]-[trainutils.py line:416]:[EST:   -0.01m][Process Time:    0.09s]- Epoch: 12 [1330/1330 (100%)
]	Losses: ce_loss-0.3760(0.2498) loss_tacl-0.0001(0.0001) loss_sacl-0.0077(0.0093) loss_event-0.0049(0.0048) loss_evide
nce-0.0000(0.0001) loss_query_diversity-0.0043(0.0043) loss_position-0.0000(0.0000) total_loss-0.3760(0.2498) 
[2026-09-18 19:41:24,329]-[train.py line:106]:
-------------- validation epoch 12 -------------- 
[2026-09-18 19:41:24,791]-[trainutils.py line:461]:Test progress:   0/95 
[2026-09-18 19:42:10,176]-[trainutils.py line:461]:Test progress:  95/95 
[2026-09-18 19:42:10,176]-[trainutils.py line:492]:Epoch 12 -           Audio/Counting accuracy: 85.91(439/511) 
[2026-09-18 19:42:10,176]-[trainutils.py line:492]:Epoch 12 -        Audio/Comparative accuracy: 61.36(181/295) 
[2026-09-18 19:42:10,176]-[trainutils.py line:497]:Epoch 12 -                    Audio accuracy: 76.92(620/806) 
[2026-09-18 19:42:10,178]-[trainutils.py line:492]:Epoch 12 -          Visual/Counting accuracy: 83.17(499/600) 
[2026-09-18 19:42:10,178]-[trainutils.py line:492]:Epoch 12 -          Visual/Location accuracy: 88.91(545/613) 
[2026-09-18 19:42:10,178]-[trainutils.py line:497]:Epoch 12 -                   Visual accuracy: 86.07(1044/1213) 
[2026-09-18 19:42:10,178]-[trainutils.py line:492]:Epoch 12 - Audio-Visual/Existential accuracy: 83.03(411/495) 
[2026-09-18 19:42:10,178]-[trainutils.py line:492]:Epoch 12 -    Audio-Visual/Counting accuracy: 77.73(492/633) 
[2026-09-18 19:42:10,179]-[trainutils.py line:492]:Epoch 12 -    Audio-Visual/Location accuracy: 65.73(303/461) 
[2026-09-18 19:42:10,179]-[trainutils.py line:492]:Epoch 12 - Audio-Visual/Comparative accuracy: 63.75(350/549) 
[2026-09-18 19:42:10,179]-[trainutils.py line:492]:Epoch 12 -    Audio-Visual/Temporal accuracy: 72.75(299/411) 
[2026-09-18 19:42:10,179]-[trainutils.py line:497]:Epoch 12 -             Audio-Visual accuracy: 72.77(1855/2549) 
[2026-09-18 19:42:10,179]-[trainutils.py line:501]:Epoch 12 -                    Total accuracy: 77.04(3519/4568) 
[2026-09-18 19:42:10,690]-[trainutils.py line:461]:Test progress:   0/95 
[2026-09-18 19:42:55,275]-[trainutils.py line:461]:Test progress:  95/95 
[2026-09-18 19:42:55,276]-[trainutils.py line:492]:Epoch 12 -           Audio/Counting accuracy: 87.28(446/511) 
[2026-09-18 19:42:55,277]-[trainutils.py line:492]:Epoch 12 -        Audio/Comparative accuracy: 61.36(181/295) 
[2026-09-18 19:42:55,277]-[trainutils.py line:497]:Epoch 12 -                    Audio accuracy: 77.79(627/806) 
[2026-09-18 19:42:55,277]-[trainutils.py line:492]:Epoch 12 -          Visual/Counting accuracy: 83.17(499/600) 
[2026-09-18 19:42:55,277]-[trainutils.py line:492]:Epoch 12 -          Visual/Location accuracy: 89.56(549/613) 
[2026-09-18 19:42:55,277]-[trainutils.py line:497]:Epoch 12 -                   Visual accuracy: 86.40(1048/1213) 
[2026-09-18 19:42:55,277]-[trainutils.py line:492]:Epoch 12 - Audio-Visual/Existential accuracy: 83.43(413/495) 
[2026-09-18 19:42:55,279]-[trainutils.py line:492]:Epoch 12 -    Audio-Visual/Counting accuracy: 80.09(507/633) 
[2026-09-18 19:42:55,279]-[trainutils.py line:492]:Epoch 12 -    Audio-Visual/Location accuracy: 66.59(307/461) 
[2026-09-18 19:42:55,279]-[trainutils.py line:492]:Epoch 12 - Audio-Visual/Comparative accuracy: 63.39(348/549) 
[2026-09-18 19:42:55,279]-[trainutils.py line:492]:Epoch 12 -    Audio-Visual/Temporal accuracy: 72.75(299/411) 
[2026-09-18 19:42:55,279]-[trainutils.py line:497]:Epoch 12 -             Audio-Visual accuracy: 73.52(1874/2549) 
[2026-09-18 19:42:55,279]-[trainutils.py line:501]:Epoch 12 -                    Total accuracy: 77.69(3549/4568) 
[2026-09-18 19:42:55,286]-[train.py line:167]:Epoch 12 done with 77.69 and loss 0.60938. 
[2026-09-18 19:42:55,286]-[train.py line:168]:At epoch10 best acc: 78.61. 
[2026-09-18 19:42:55,287]-[train.py line:102]:
-------------- training epoch 13 -------------- 
[2026-09-18 19:42:55,594]-[trainutils.py line:416]:[EST:    6.78m][Process Time:    0.08s]- Epoch: 13 [0000/1330 (  0%)
]	Losses: ce_loss-0.4023(0.4023) loss_tacl-0.0001(0.0001) loss_sacl-0.0098(0.0098) loss_event-0.0048(0.0048) loss_evide
nce-0.0000(0.0000) loss_query_diversity-0.0043(0.0043) loss_position-0.0000(0.0000) total_loss-0.4023(0.4023) 
[2026-09-18 19:43:27,450]-[trainutils.py line:416]:[EST:    6.52m][Process Time:    0.09s]- Epoch: 13 [0100/1330 (  8%)
]	Losses: ce_loss-0.1305(0.2162) loss_tacl-0.0001(0.0001) loss_sacl-0.0092(0.0093) loss_event-0.0057(0.0047) loss_evide
nce-0.0000(0.0001) loss_query_diversity-0.0043(0.0043) loss_position-0.0000(0.0000) total_loss-0.1305(0.2162) 
[2026-09-18 19:44:01,722]-[trainutils.py line:416]:[EST:    6.22m][Process Time:    0.07s]- Epoch: 13 [0200/1330 ( 15%)
]	Losses: ce_loss-0.1334(0.2088) loss_tacl-0.0001(0.0001) loss_sacl-0.0086(0.0093) loss_event-0.0043(0.0047) loss_evide
nce-0.0000(0.0001) loss_query_diversity-0.0043(0.0043) loss_position-0.0000(0.0000) total_loss-0.1334(0.2088) 
[2026-09-18 19:44:34,665]-[trainutils.py line:416]:[EST:    5.66m][Process Time:    0.08s]- Epoch: 13 [0300/1330 ( 23%)
]	Losses: ce_loss-0.1616(0.2128) loss_tacl-0.0001(0.0001) loss_sacl-0.0081(0.0092) loss_event-0.0046(0.0047) loss_evide
nce-0.0000(0.0001) loss_query_diversity-0.0043(0.0043) loss_position-0.0000(0.0000) total_loss-0.1616(0.2128) 
[2026-09-18 19:45:07,593]-[trainutils.py line:416]:[EST:    5.11m][Process Time:    0.08s]- Epoch: 13 [0400/1330 ( 30%)
]	Losses: ce_loss-0.2177(0.2131) loss_tacl-0.0001(0.0001) loss_sacl-0.0075(0.0092) loss_event-0.0039(0.0047) loss_evide
nce-0.0000(0.0001) loss_query_diversity-0.0042(0.0043) loss_position-0.0000(0.0000) total_loss-0.2177(0.2131) 
[2026-09-18 19:45:40,143]-[trainutils.py line:416]:[EST:    4.55m][Process Time:    0.08s]- Epoch: 13 [0500/1330 ( 38%)
]	Losses: ce_loss-0.2706(0.2125) loss_tacl-0.0001(0.0001) loss_sacl-0.0087(0.0092) loss_event-0.0047(0.0047) loss_evide
nce-0.0000(0.0001) loss_query_diversity-0.0042(0.0043) loss_position-0.0000(0.0000) total_loss-0.2706(0.2125) 
[2026-09-18 19:46:13,096]-[trainutils.py line:416]:[EST:    4.00m][Process Time:    0.08s]- Epoch: 13 [0600/1330 ( 45%)
]	Losses: ce_loss-0.0524(0.2134) loss_tacl-0.0001(0.0001) loss_sacl-0.0085(0.0092) loss_event-0.0044(0.0047) loss_evide
nce-0.0000(0.0001) loss_query_diversity-0.0042(0.0043) loss_position-0.0000(0.0000) total_loss-0.0524(0.2134) 
[2026-09-18 19:46:45,917]-[trainutils.py line:416]:[EST:    3.45m][Process Time:    0.09s]- Epoch: 13 [0700/1330 ( 53%)
]	Losses: ce_loss-0.2364(0.2138) loss_tacl-0.0001(0.0001) loss_sacl-0.0079(0.0092) loss_event-0.0037(0.0047) loss_evide
nce-0.0000(0.0001) loss_query_diversity-0.0043(0.0043) loss_position-0.0000(0.0000) total_loss-0.2364(0.2138) 
[2026-09-18 19:47:19,135]-[trainutils.py line:416]:[EST:    2.90m][Process Time:    0.09s]- Epoch: 13 [0800/1330 ( 60%)
]	Losses: ce_loss-0.0663(0.2139) loss_tacl-0.0001(0.0001) loss_sacl-0.0085(0.0091) loss_event-0.0043(0.0047) loss_evide
nce-0.0000(0.0001) loss_query_diversity-0.0042(0.0043) loss_position-0.0000(0.0000) total_loss-0.0663(0.2139) 
[2026-09-18 19:47:51,528]-[trainutils.py line:416]:[EST:    2.35m][Process Time:    0.08s]- Epoch: 13 [0900/1330 ( 68%)
]	Losses: ce_loss-0.2801(0.2135) loss_tacl-0.0001(0.0001) loss_sacl-0.0083(0.0091) loss_event-0.0050(0.0047) loss_evide
nce-0.0000(0.0001) loss_query_diversity-0.0042(0.0043) loss_position-0.0000(0.0000) total_loss-0.2801(0.2135) 
[2026-09-18 19:48:17,771]-[trainutils.py line:416]:[EST:    1.77m][Process Time:    0.05s]- Epoch: 13 [1000/1330 ( 75%)
]	Losses: ce_loss-0.2728(0.2132) loss_tacl-0.0001(0.0001) loss_sacl-0.0083(0.0091) loss_event-0.0043(0.0047) loss_evide
nce-0.0000(0.0001) loss_query_diversity-0.0042(0.0043) loss_position-0.0000(0.0000) total_loss-0.2728(0.2132) 
[2026-09-18 19:48:39,694]-[trainutils.py line:416]:[EST:    1.19m][Process Time:    0.05s]- Epoch: 13 [1100/1330 ( 83%)
]	Losses: ce_loss-0.2395(0.2150) loss_tacl-0.0001(0.0001) loss_sacl-0.0083(0.0091) loss_event-0.0041(0.0047) loss_evide
nce-0.0000(0.0001) loss_query_diversity-0.0042(0.0043) loss_position-0.0000(0.0000) total_loss-0.2395(0.2150) 
[2026-09-18 19:49:01,395]-[trainutils.py line:416]:[EST:    0.66m][Process Time:    0.05s]- Epoch: 13 [1200/1330 ( 90%)
]	Losses: ce_loss-0.2226(0.2173) loss_tacl-0.0001(0.0001) loss_sacl-0.0100(0.0090) loss_event-0.0047(0.0047) loss_evide
nce-0.0000(0.0001) loss_query_diversity-0.0042(0.0043) loss_position-0.0000(0.0000) total_loss-0.2226(0.2173) 
[2026-09-18 19:49:23,296]-[trainutils.py line:416]:[EST:    0.14m][Process Time:    0.05s]- Epoch: 13 [1300/1330 ( 98%)
]	Losses: ce_loss-0.1866(0.2184) loss_tacl-0.0001(0.0001) loss_sacl-0.0092(0.0090) loss_event-0.0050(0.0047) loss_evide
nce-0.0000(0.0001) loss_query_diversity-0.0042(0.0043) loss_position-0.0000(0.0000) total_loss-0.1866(0.2184) 
[2026-09-18 19:49:29,813]-[trainutils.py line:416]:[EST:   -0.00m][Process Time:    0.05s]- Epoch: 13 [1330/1330 (100%)
]	Losses: ce_loss-0.2087(0.2191) loss_tacl-0.0001(0.0001) loss_sacl-0.0087(0.0090) loss_event-0.0037(0.0047) loss_evide
nce-0.0000(0.0001) loss_query_diversity-0.0043(0.0043) loss_position-0.0000(0.0000) total_loss-0.2087(0.2191) 
[2026-09-18 19:49:30,492]-[train.py line:106]:
-------------- validation epoch 13 -------------- 
[2026-09-18 19:49:30,813]-[trainutils.py line:461]:Test progress:   0/95 
[2026-09-18 19:50:02,703]-[trainutils.py line:461]:Test progress:  95/95 
[2026-09-18 19:50:02,704]-[trainutils.py line:492]:Epoch 13 -           Audio/Counting accuracy: 85.52(437/511) 
[2026-09-18 19:50:02,704]-[trainutils.py line:492]:Epoch 13 -        Audio/Comparative accuracy: 61.36(181/295) 
[2026-09-18 19:50:02,704]-[trainutils.py line:497]:Epoch 13 -                    Audio accuracy: 76.67(618/806) 
[2026-09-18 19:50:02,704]-[trainutils.py line:492]:Epoch 13 -          Visual/Counting accuracy: 81.67(490/600) 
[2026-09-18 19:50:02,704]-[trainutils.py line:492]:Epoch 13 -          Visual/Location accuracy: 88.42(542/613) 
[2026-09-18 19:50:02,704]-[trainutils.py line:497]:Epoch 13 -                   Visual accuracy: 85.08(1032/1213) 
[2026-09-18 19:50:02,704]-[trainutils.py line:492]:Epoch 13 - Audio-Visual/Existential accuracy: 82.42(408/495) 
[2026-09-18 19:50:02,705]-[trainutils.py line:492]:Epoch 13 -    Audio-Visual/Counting accuracy: 77.09(488/633) 
[2026-09-18 19:50:02,705]-[trainutils.py line:492]:Epoch 13 -    Audio-Visual/Location accuracy: 66.38(306/461) 
[2026-09-18 19:50:02,705]-[trainutils.py line:492]:Epoch 13 - Audio-Visual/Comparative accuracy: 62.11(341/549) 
[2026-09-18 19:50:02,705]-[trainutils.py line:492]:Epoch 13 -    Audio-Visual/Temporal accuracy: 73.72(303/411) 
[2026-09-18 19:50:02,705]-[trainutils.py line:497]:Epoch 13 -             Audio-Visual accuracy: 72.42(1846/2549) 
[2026-09-18 19:50:02,705]-[trainutils.py line:501]:Epoch 13 -                    Total accuracy: 76.53(3496/4568) 
[2026-09-18 19:50:03,063]-[trainutils.py line:461]:Test progress:   0/95 
[2026-09-18 19:50:34,610]-[trainutils.py line:461]:Test progress:  95/95 
[2026-09-18 19:50:34,610]-[trainutils.py line:492]:Epoch 13 -           Audio/Counting accuracy: 86.50(442/511) 
[2026-09-18 19:50:34,611]-[trainutils.py line:492]:Epoch 13 -        Audio/Comparative accuracy: 61.02(180/295) 
[2026-09-18 19:50:34,611]-[trainutils.py line:497]:Epoch 13 -                    Audio accuracy: 77.17(622/806) 
[2026-09-18 19:50:34,611]-[trainutils.py line:492]:Epoch 13 -          Visual/Counting accuracy: 82.67(496/600) 
[2026-09-18 19:50:34,612]-[trainutils.py line:492]:Epoch 13 -          Visual/Location accuracy: 89.07(546/613) 
[2026-09-18 19:50:34,612]-[trainutils.py line:497]:Epoch 13 -                   Visual accuracy: 85.90(1042/1213) 
[2026-09-18 19:50:34,612]-[trainutils.py line:492]:Epoch 13 - Audio-Visual/Existential accuracy: 83.84(415/495) 
[2026-09-18 19:50:34,612]-[trainutils.py line:492]:Epoch 13 -    Audio-Visual/Counting accuracy: 79.46(503/633) 
[2026-09-18 19:50:34,612]-[trainutils.py line:492]:Epoch 13 -    Audio-Visual/Location accuracy: 66.38(306/461) 
[2026-09-18 19:50:34,612]-[trainutils.py line:492]:Epoch 13 - Audio-Visual/Comparative accuracy: 63.02(346/549) 
[2026-09-18 19:50:34,612]-[trainutils.py line:492]:Epoch 13 -    Audio-Visual/Temporal accuracy: 73.24(301/411) 
[2026-09-18 19:50:34,612]-[trainutils.py line:497]:Epoch 13 -             Audio-Visual accuracy: 73.40(1871/2549) 
[2026-09-18 19:50:34,612]-[trainutils.py line:501]:Epoch 13 -                    Total accuracy: 77.39(3535/4568) 
[2026-09-18 19:50:34,617]-[train.py line:167]:Epoch 13 done with 77.39 and loss 0.64844. 
[2026-09-18 19:50:34,617]-[train.py line:168]:At epoch10 best acc: 78.61. 
[2026-09-18 19:50:34,617]-[train.py line:102]:
-------------- training epoch 14 -------------- 
[2026-09-18 19:50:34,841]-[trainutils.py line:416]:[EST:    4.92m][Process Time:    0.06s]- Epoch: 14 [0000/1330 (  0%)
]	Losses: ce_loss-0.1935(0.1935) loss_tacl-0.0001(0.0001) loss_sacl-0.0094(0.0094) loss_event-0.0047(0.0047) loss_evide
nce-0.0000(0.0000) loss_query_diversity-0.0043(0.0043) loss_position-0.0000(0.0000) total_loss-0.1935(0.1935) 
[2026-09-18 19:50:56,448]-[trainutils.py line:416]:[EST:    4.43m][Process Time:    0.05s]- Epoch: 14 [0100/1330 (  8%)
]	Losses: ce_loss-0.0995(0.1997) loss_tacl-0.0001(0.0001) loss_sacl-0.0090(0.0088) loss_event-0.0049(0.0045) loss_evide
nce-0.0000(0.0000) loss_query_diversity-0.0042(0.0043) loss_position-0.0000(0.0000) total_loss-0.0995(0.1997) 
[2026-09-18 19:51:18,183]-[trainutils.py line:416]:[EST:    4.08m][Process Time:    0.06s]- Epoch: 14 [0200/1330 ( 15%)
]	Losses: ce_loss-0.1212(0.1948) loss_tacl-0.0001(0.0001) loss_sacl-0.0089(0.0089) loss_event-0.0055(0.0045) loss_evide
nce-0.0000(0.0000) loss_query_diversity-0.0042(0.0043) loss_position-0.0000(0.0000) total_loss-0.1212(0.1948) 
[2026-09-18 19:51:40,784]-[trainutils.py line:416]:[EST:    3.77m][Process Time:    0.05s]- Epoch: 14 [0300/1330 ( 23%)
]	Losses: ce_loss-0.2918(0.1962) loss_tacl-0.0001(0.0001) loss_sacl-0.0082(0.0089) loss_event-0.0037(0.0046) loss_evide
nce-0.0000(0.0001) loss_query_diversity-0.0042(0.0043) loss_position-0.0000(0.0000) total_loss-0.2918(0.1962) 
[2026-09-18 19:52:01,946]-[trainutils.py line:416]:[EST:    3.37m][Process Time:    0.05s]- Epoch: 14 [0400/1330 ( 30%)
]	Losses: ce_loss-0.2452(0.1968) loss_tacl-0.0001(0.0001) loss_sacl-0.0088(0.0089) loss_event-0.0044(0.0046) loss_evide
nce-0.0000(0.0000) loss_query_diversity-0.0042(0.0043) loss_position-0.0000(0.0000) total_loss-0.2452(0.1968) 
[2026-09-18 19:52:22,804]-[trainutils.py line:416]:[EST:    2.98m][Process Time:    0.05s]- Epoch: 14 [0500/1330 ( 38%)
]	Losses: ce_loss-0.4384(0.1971) loss_tacl-0.0001(0.0001) loss_sacl-0.0091(0.0089) loss_event-0.0057(0.0046) loss_evide
nce-0.0000(0.0000) loss_query_diversity-0.0043(0.0043) loss_position-0.0000(0.0000) total_loss-0.4384(0.1971) 
[2026-09-18 19:52:43,860]-[trainutils.py line:416]:[EST:    2.61m][Process Time:    0.06s]- Epoch: 14 [0600/1330 ( 45%)
]	Losses: ce_loss-0.1987(0.1982) loss_tacl-0.0001(0.0001) loss_sacl-0.0082(0.0089) loss_event-0.0040(0.0046) loss_evide
nce-0.0000(0.0000) loss_query_diversity-0.0042(0.0043) loss_position-0.0000(0.0000) total_loss-0.1987(0.1982) 
[2026-09-18 19:53:04,454]-[trainutils.py line:416]:[EST:    2.24m][Process Time:    0.05s]- Epoch: 14 [0700/1330 ( 53%)
]	Losses: ce_loss-0.1757(0.1992) loss_tacl-0.0001(0.0001) loss_sacl-0.0085(0.0089) loss_event-0.0050(0.0046) loss_evide
nce-0.0000(0.0000) loss_query_diversity-0.0043(0.0043) loss_position-0.0000(0.0000) total_loss-0.1757(0.1992) 
[2026-09-18 19:53:25,133]-[trainutils.py line:416]:[EST:    1.88m][Process Time:    0.05s]- Epoch: 14 [0800/1330 ( 60%)
]	Losses: ce_loss-0.1238(0.1964) loss_tacl-0.0001(0.0001) loss_sacl-0.0084(0.0089) loss_event-0.0050(0.0046) loss_evide
nce-0.0000(0.0000) loss_query_diversity-0.0043(0.0043) loss_position-0.0000(0.0000) total_loss-0.1238(0.1964) 
[2026-09-18 19:53:45,755]-[trainutils.py line:416]:[EST:    1.52m][Process Time:    0.05s]- Epoch: 14 [0900/1330 ( 68%)
]	Losses: ce_loss-0.3053(0.1955) loss_tacl-0.0001(0.0001) loss_sacl-0.0085(0.0089) loss_event-0.0033(0.0046) loss_evide
nce-0.0000(0.0000) loss_query_diversity-0.0043(0.0043) loss_position-0.0000(0.0000) total_loss-0.3053(0.1955) 
[2026-09-18 19:54:06,505]-[trainutils.py line:416]:[EST:    1.16m][Process Time:    0.05s]- Epoch: 14 [1000/1330 ( 75%)
]	Losses: ce_loss-0.2001(0.1971) loss_tacl-0.0001(0.0001) loss_sacl-0.0082(0.0089) loss_event-0.0052(0.0046) loss_evide
nce-0.0000(0.0000) loss_query_diversity-0.0043(0.0043) loss_position-0.0000(0.0000) total_loss-0.2001(0.1971) 
[2026-09-18 19:54:27,185]-[trainutils.py line:416]:[EST:    0.81m][Process Time:    0.05s]- Epoch: 14 [1100/1330 ( 83%)
]	Losses: ce_loss-0.2006(0.1977) loss_tacl-0.0001(0.0001) loss_sacl-0.0102(0.0089) loss_event-0.0058(0.0046) loss_evide
nce-0.0000(0.0000) loss_query_diversity-0.0043(0.0043) loss_position-0.0000(0.0000) total_loss-0.2006(0.1977) 
[2026-09-18 19:54:48,304]-[trainutils.py line:416]:[EST:    0.45m][Process Time:    0.05s]- Epoch: 14 [1200/1330 ( 90%)
]	Losses: ce_loss-0.1808(0.1982) loss_tacl-0.0001(0.0001) loss_sacl-0.0080(0.0088) loss_event-0.0050(0.0046) loss_evide
nce-0.0000(0.0000) loss_query_diversity-0.0043(0.0043) loss_position-0.0000(0.0000) total_loss-0.1808(0.1982) 
[2026-09-18 19:55:09,027]-[trainutils.py line:416]:[EST:    0.10m][Process Time:    0.05s]- Epoch: 14 [1300/1330 ( 98%)
]	Losses: ce_loss-0.1904(0.1980) loss_tacl-0.0001(0.0001) loss_sacl-0.0091(0.0088) loss_event-0.0058(0.0046) loss_evide
nce-0.0000(0.0001) loss_query_diversity-0.0043(0.0043) loss_position-0.0000(0.0000) total_loss-0.1904(0.1980) 
[2026-09-18 19:55:15,210]-[trainutils.py line:416]:[EST:   -0.00m][Process Time:    0.06s]- Epoch: 14 [1330/1330 (100%)
]	Losses: ce_loss-0.0792(0.1975) loss_tacl-0.0001(0.0001) loss_sacl-0.0101(0.0088) loss_event-0.0035(0.0046) loss_evide
nce-0.0000(0.0001) loss_query_diversity-0.0043(0.0043) loss_position-0.0000(0.0000) total_loss-0.0792(0.1975) 
[2026-09-18 19:55:15,862]-[train.py line:106]:
-------------- validation epoch 14 -------------- 
[2026-09-18 19:55:16,178]-[trainutils.py line:461]:Test progress:   0/95 
[2026-09-18 19:55:47,561]-[trainutils.py line:461]:Test progress:  95/95 
[2026-09-18 19:55:47,595]-[trainutils.py line:492]:Epoch 14 -           Audio/Counting accuracy: 86.50(442/511) 
[2026-09-18 19:55:47,602]-[trainutils.py line:492]:Epoch 14 -        Audio/Comparative accuracy: 60.68(179/295) 
[2026-09-18 19:55:47,602]-[trainutils.py line:497]:Epoch 14 -                    Audio accuracy: 77.05(621/806) 
[2026-09-18 19:55:47,602]-[trainutils.py line:492]:Epoch 14 -          Visual/Counting accuracy: 82.33(494/600) 
[2026-09-18 19:55:47,602]-[trainutils.py line:492]:Epoch 14 -          Visual/Location accuracy: 88.91(545/613) 
[2026-09-18 19:55:47,602]-[trainutils.py line:497]:Epoch 14 -                   Visual accuracy: 85.66(1039/1213) 
[2026-09-18 19:55:47,604]-[trainutils.py line:492]:Epoch 14 - Audio-Visual/Existential accuracy: 82.42(408/495) 
[2026-09-18 19:55:47,604]-[trainutils.py line:492]:Epoch 14 -    Audio-Visual/Counting accuracy: 78.20(495/633) 
[2026-09-18 19:55:47,605]-[trainutils.py line:492]:Epoch 14 -    Audio-Visual/Location accuracy: 66.59(307/461) 
[2026-09-18 19:55:47,605]-[trainutils.py line:492]:Epoch 14 - Audio-Visual/Comparative accuracy: 63.02(346/549) 
[2026-09-18 19:55:47,605]-[trainutils.py line:492]:Epoch 14 -    Audio-Visual/Temporal accuracy: 73.72(303/411) 
[2026-09-18 19:55:47,605]-[trainutils.py line:497]:Epoch 14 -             Audio-Visual accuracy: 72.93(1859/2549) 
[2026-09-18 19:55:47,606]-[trainutils.py line:501]:Epoch 14 -                    Total accuracy: 77.04(3519/4568) 
[2026-09-18 19:55:48,073]-[trainutils.py line:461]:Test progress:   0/95 
[2026-09-18 19:56:18,150]-[trainutils.py line:461]:Test progress:  95/95 
[2026-09-18 19:56:18,152]-[trainutils.py line:492]:Epoch 14 -           Audio/Counting accuracy: 86.11(440/511) 
[2026-09-18 19:56:18,152]-[trainutils.py line:492]:Epoch 14 -        Audio/Comparative accuracy: 60.00(177/295) 
[2026-09-18 19:56:18,152]-[trainutils.py line:497]:Epoch 14 -                    Audio accuracy: 76.55(617/806) 
[2026-09-18 19:56:18,152]-[trainutils.py line:492]:Epoch 14 -          Visual/Counting accuracy: 82.83(497/600) 
[2026-09-18 19:56:18,152]-[trainutils.py line:492]:Epoch 14 -          Visual/Location accuracy: 88.91(545/613) 
[2026-09-18 19:56:18,153]-[trainutils.py line:497]:Epoch 14 -                   Visual accuracy: 85.90(1042/1213) 
[2026-09-18 19:56:18,153]-[trainutils.py line:492]:Epoch 14 - Audio-Visual/Existential accuracy: 83.23(412/495) 
[2026-09-18 19:56:18,153]-[trainutils.py line:492]:Epoch 14 -    Audio-Visual/Counting accuracy: 79.15(501/633) 
[2026-09-18 19:56:18,153]-[trainutils.py line:492]:Epoch 14 -    Audio-Visual/Location accuracy: 66.81(308/461) 
[2026-09-18 19:56:18,153]-[trainutils.py line:492]:Epoch 14 - Audio-Visual/Comparative accuracy: 63.93(351/549) 
[2026-09-18 19:56:18,153]-[trainutils.py line:492]:Epoch 14 -    Audio-Visual/Temporal accuracy: 72.99(300/411) 
[2026-09-18 19:56:18,154]-[trainutils.py line:497]:Epoch 14 -             Audio-Visual accuracy: 73.44(1872/2549) 
[2026-09-18 19:56:18,154]-[trainutils.py line:501]:Epoch 14 -                    Total accuracy: 77.30(3531/4568) 
[2026-09-18 19:56:18,163]-[train.py line:167]:Epoch 14 done with 77.30 and loss 0.68359. 
[2026-09-18 19:56:18,163]-[train.py line:168]:At epoch10 best acc: 78.61. 
[2026-09-18 19:56:18,163]-[train.py line:102]:
-------------- training epoch 15 -------------- 
[2026-09-18 19:56:18,576]-[trainutils.py line:416]:[EST:    9.07m][Process Time:    0.21s]- Epoch: 15 [0000/1330 (  0%)
]	Losses: ce_loss-0.0731(0.0731) loss_tacl-0.0001(0.0001) loss_sacl-0.0095(0.0095) loss_event-0.0054(0.0054) loss_evide
nce-0.0000(0.0000) loss_query_diversity-0.0043(0.0043) loss_position-0.0000(0.0000) total_loss-0.0731(0.0731) 
[2026-09-18 19:56:40,454]-[trainutils.py line:416]:[EST:    4.52m][Process Time:    0.05s]- Epoch: 15 [0100/1330 (  8%)
]	Losses: ce_loss-0.2361(0.1855) loss_tacl-0.0001(0.0001) loss_sacl-0.0105(0.0087) loss_event-0.0054(0.0045) loss_evide
nce-0.0000(0.0001) loss_query_diversity-0.0043(0.0043) loss_position-0.0000(0.0000) total_loss-0.2361(0.1855) 
[2026-09-18 19:57:01,279]-[trainutils.py line:416]:[EST:    4.04m][Process Time:    0.05s]- Epoch: 15 [0200/1330 ( 15%)
]	Losses: ce_loss-0.1779(0.1827) loss_tacl-0.0001(0.0001) loss_sacl-0.0085(0.0087) loss_event-0.0048(0.0046) loss_evide
nce-0.0000(0.0001) loss_query_diversity-0.0043(0.0043) loss_position-0.0000(0.0000) total_loss-0.1779(0.1827) 
[2026-09-18 19:57:22,175]-[trainutils.py line:416]:[EST:    3.65m][Process Time:    0.05s]- Epoch: 15 [0300/1330 ( 23%)
]	Losses: ce_loss-0.1659(0.1817) loss_tacl-0.0001(0.0001) loss_sacl-0.0086(0.0087) loss_event-0.0048(0.0046) loss_evide
nce-0.0000(0.0001) loss_query_diversity-0.0043(0.0043) loss_position-0.0000(0.0000) total_loss-0.1659(0.1817) 
[2026-09-18 19:57:43,617]-[trainutils.py line:416]:[EST:    3.30m][Process Time:    0.05s]- Epoch: 15 [0400/1330 ( 30%)
]	Losses: ce_loss-0.2575(0.1830) loss_tacl-0.0001(0.0001) loss_sacl-0.0082(0.0087) loss_event-0.0049(0.0046) loss_evide
nce-0.0000(0.0001) loss_query_diversity-0.0043(0.0043) loss_position-0.0000(0.0000) total_loss-0.2575(0.1830) 
[2026-09-18 19:58:04,518]-[trainutils.py line:416]:[EST:    2.93m][Process Time:    0.05s]- Epoch: 15 [0500/1330 ( 38%)
]	Losses: ce_loss-0.1399(0.1850) loss_tacl-0.0001(0.0001) loss_sacl-0.0087(0.0087) loss_event-0.0046(0.0046) loss_evide
nce-0.0000(0.0001) loss_query_diversity-0.0043(0.0043) loss_position-0.0000(0.0000) total_loss-0.1399(0.1850) 
[2026-09-18 19:58:25,542]-[trainutils.py line:416]:[EST:    2.58m][Process Time:    0.05s]- Epoch: 15 [0600/1330 ( 45%)
]	Losses: ce_loss-0.2703(0.1843) loss_tacl-0.0001(0.0001) loss_sacl-0.0073(0.0087) loss_event-0.0030(0.0046) loss_evide
nce-0.0000(0.0001) loss_query_diversity-0.0042(0.0043) loss_position-0.0000(0.0000) total_loss-0.2703(0.1843) 
[2026-09-18 19:58:45,997]-[trainutils.py line:416]:[EST:    2.21m][Process Time:    0.05s]- Epoch: 15 [0700/1330 ( 53%)
]	Losses: ce_loss-0.2752(0.1857) loss_tacl-0.0001(0.0001) loss_sacl-0.0086(0.0087) loss_event-0.0054(0.0046) loss_evide
nce-0.0000(0.0001) loss_query_diversity-0.0043(0.0043) loss_position-0.0000(0.0000) total_loss-0.2752(0.1857) 
[2026-09-18 19:59:06,386]-[trainutils.py line:416]:[EST:    1.85m][Process Time:    0.05s]- Epoch: 15 [0800/1330 ( 60%)
]	Losses: ce_loss-0.1186(0.1847) loss_tacl-0.0001(0.0001) loss_sacl-0.0082(0.0087) loss_event-0.0045(0.0046) loss_evide
nce-0.0000(0.0001) loss_query_diversity-0.0042(0.0043) loss_position-0.0000(0.0000) total_loss-0.1186(0.1847) 
[2026-09-18 19:59:26,858]-[trainutils.py line:416]:[EST:    1.50m][Process Time:    0.05s]- Epoch: 15 [0900/1330 ( 68%)
]	Losses: ce_loss-0.1324(0.1845) loss_tacl-0.0001(0.0001) loss_sacl-0.0087(0.0087) loss_event-0.0043(0.0046) loss_evide
nce-0.0000(0.0001) loss_query_diversity-0.0043(0.0043) loss_position-0.0000(0.0000) total_loss-0.1324(0.1845) 
[2026-09-18 19:59:47,457]-[trainutils.py line:416]:[EST:    1.15m][Process Time:    0.06s]- Epoch: 15 [1000/1330 ( 75%)
]	Losses: ce_loss-0.1121(0.1841) loss_tacl-0.0001(0.0001) loss_sacl-0.0086(0.0087) loss_event-0.0045(0.0046) loss_evide
nce-0.0000(0.0001) loss_query_diversity-0.0043(0.0043) loss_position-0.0000(0.0000) total_loss-0.1121(0.1841) 
[2026-09-18 20:00:08,342]-[trainutils.py line:416]:[EST:    0.80m][Process Time:    0.05s]- Epoch: 15 [1100/1330 ( 83%)
]	Losses: ce_loss-0.2930(0.1842) loss_tacl-0.0001(0.0001) loss_sacl-0.0087(0.0087) loss_event-0.0041(0.0046) loss_evide
nce-0.0000(0.0001) loss_query_diversity-0.0042(0.0043) loss_position-0.0000(0.0000) total_loss-0.2930(0.1842) 
[2026-09-18 20:00:29,285]-[trainutils.py line:416]:[EST:    0.45m][Process Time:    0.05s]- Epoch: 15 [1200/1330 ( 90%)
]	Losses: ce_loss-0.2214(0.1845) loss_tacl-0.0001(0.0001) loss_sacl-0.0090(0.0087) loss_event-0.0042(0.0046) loss_evide
nce-0.0000(0.0001) loss_query_diversity-0.0043(0.0043) loss_position-0.0000(0.0000) total_loss-0.2214(0.1845) 
[2026-09-18 20:00:51,224]-[trainutils.py line:416]:[EST:    0.10m][Process Time:    0.05s]- Epoch: 15 [1300/1330 ( 98%)
]	Losses: ce_loss-0.1859(0.1840) loss_tacl-0.0001(0.0001) loss_sacl-0.0082(0.0087) loss_event-0.0044(0.0046) loss_evide
nce-0.0000(0.0001) loss_query_diversity-0.0043(0.0043) loss_position-0.0000(0.0000) total_loss-0.1859(0.1840) 
[2026-09-18 20:00:57,460]-[trainutils.py line:416]:[EST:   -0.00m][Process Time:    0.07s]- Epoch: 15 [1330/1330 (100%)
]	Losses: ce_loss-0.0393(0.1843) loss_tacl-0.0001(0.0001) loss_sacl-0.0089(0.0087) loss_event-0.0050(0.0046) loss_evide
nce-0.0000(0.0001) loss_query_diversity-0.0042(0.0043) loss_position-0.0000(0.0000) total_loss-0.0393(0.1843) 
[2026-09-18 20:00:59,905]-[train.py line:106]:
-------------- validation epoch 15 -------------- 
[2026-09-18 20:01:00,268]-[trainutils.py line:461]:Test progress:   0/95 
[2026-09-18 20:01:31,352]-[trainutils.py line:461]:Test progress:  95/95 
[2026-09-18 20:01:31,353]-[trainutils.py line:492]:Epoch 15 -           Audio/Counting accuracy: 86.89(444/511) 
[2026-09-18 20:01:31,353]-[trainutils.py line:492]:Epoch 15 -        Audio/Comparative accuracy: 60.68(179/295) 
[2026-09-18 20:01:31,353]-[trainutils.py line:497]:Epoch 15 -                    Audio accuracy: 77.30(623/806) 
[2026-09-18 20:01:31,354]-[trainutils.py line:492]:Epoch 15 -          Visual/Counting accuracy: 82.50(495/600) 
[2026-09-18 20:01:31,354]-[trainutils.py line:492]:Epoch 15 -          Visual/Location accuracy: 88.58(543/613) 
[2026-09-18 20:01:31,354]-[trainutils.py line:497]:Epoch 15 -                   Visual accuracy: 85.57(1038/1213) 
[2026-09-18 20:01:31,354]-[trainutils.py line:492]:Epoch 15 - Audio-Visual/Existential accuracy: 82.63(409/495) 
[2026-09-18 20:01:31,354]-[trainutils.py line:492]:Epoch 15 -    Audio-Visual/Counting accuracy: 77.57(491/633) 
[2026-09-18 20:01:31,355]-[trainutils.py line:492]:Epoch 15 -    Audio-Visual/Location accuracy: 66.16(305/461) 
[2026-09-18 20:01:31,355]-[trainutils.py line:492]:Epoch 15 - Audio-Visual/Comparative accuracy: 64.30(353/549) 
[2026-09-18 20:01:31,355]-[trainutils.py line:492]:Epoch 15 -    Audio-Visual/Temporal accuracy: 73.48(302/411) 
[2026-09-18 20:01:31,356]-[trainutils.py line:497]:Epoch 15 -             Audio-Visual accuracy: 72.97(1860/2549) 
[2026-09-18 20:01:31,356]-[trainutils.py line:501]:Epoch 15 -                    Total accuracy: 77.08(3521/4568) 
[2026-09-18 20:01:31,716]-[trainutils.py line:461]:Test progress:   0/95 
[2026-09-18 20:02:02,068]-[trainutils.py line:461]:Test progress:  95/95 
[2026-09-18 20:02:02,068]-[trainutils.py line:492]:Epoch 15 -           Audio/Counting accuracy: 86.69(443/511) 
[2026-09-18 20:02:02,068]-[trainutils.py line:492]:Epoch 15 -        Audio/Comparative accuracy: 59.66(176/295) 
[2026-09-18 20:02:02,069]-[trainutils.py line:497]:Epoch 15 -                    Audio accuracy: 76.80(619/806) 
[2026-09-18 20:02:02,069]-[trainutils.py line:492]:Epoch 15 -          Visual/Counting accuracy: 82.00(492/600) 
[2026-09-18 20:02:02,069]-[trainutils.py line:492]:Epoch 15 -          Visual/Location accuracy: 88.91(545/613) 
[2026-09-18 20:02:02,069]-[trainutils.py line:497]:Epoch 15 -                   Visual accuracy: 85.49(1037/1213) 
[2026-09-18 20:02:02,069]-[trainutils.py line:492]:Epoch 15 - Audio-Visual/Existential accuracy: 83.64(414/495) 
[2026-09-18 20:02:02,069]-[trainutils.py line:492]:Epoch 15 -    Audio-Visual/Counting accuracy: 78.52(497/633) 
[2026-09-18 20:02:02,069]-[trainutils.py line:492]:Epoch 15 -    Audio-Visual/Location accuracy: 66.16(305/461) 
[2026-09-18 20:02:02,075]-[trainutils.py line:492]:Epoch 15 - Audio-Visual/Comparative accuracy: 63.93(351/549) 
[2026-09-18 20:02:02,075]-[trainutils.py line:492]:Epoch 15 -    Audio-Visual/Temporal accuracy: 74.21(305/411) 
[2026-09-18 20:02:02,075]-[trainutils.py line:497]:Epoch 15 -             Audio-Visual accuracy: 73.44(1872/2549) 
[2026-09-18 20:02:02,075]-[trainutils.py line:501]:Epoch 15 -                    Total accuracy: 77.23(3528/4568) 
[2026-09-18 20:02:02,080]-[train.py line:167]:Epoch 15 done with 77.23 and loss 0.71094. 
[2026-09-18 20:02:02,080]-[train.py line:168]:At epoch10 best acc: 78.61. 
D:\AVQA_experiment\QA-TIGER2\QA-TIGER\reproduce_qast_recent2025_v3_77_24\src\models\net_qast_ehr.py:143: UserWarning: enable_nested_tensor is True, but self.use_nested_tensor is False because encoder_layer.norm_first was True
  self.semantic_context = nn.TransformerEncoder(semantic_layer, num_layers=1)
D:\AVQA_experiment\QA-TIGER2\QA-TIGER\reproduce_qast_recent2025_v3_77_24\src\models\net_qast_ehr.py:143: UserWarning: enable_nested_tensor is True, but self.use_nested_tensor is False because encoder_layer.norm_first was True
  self.semantic_context = nn.TransformerEncoder(semantic_layer, num_layers=1)
python.exe : [2026-09-18 20:02:58,360]-[utils.py line:217]:
所在位置 D:\AVQA_experiment\QA-TIGER2\QA-TIGER\reproduce_qast_recent2025_v3_77_24\experiments\qast_ehr\run_candidates.p
s1:14 字符: 5
+     & $Python -u "src\train.py" --config $Config --mode train --seed  ...
+     ~~~~~~~~~~~~~~~~~~~~~~~~~~~~~~~~~~~~~~~~~~~~~~~~~~~~~~~~~~~~~~~~~
    + CategoryInfo          : NotSpecified: ([2026-09-18 20:...s.py line:217]::String) [], RemoteException
    + FullyQualifiedErrorId : NativeCommandError
 
-------------- config -------------- 
[2026-09-18 20:02:58,360]-[utils.py line:218]:{
    "standard_protocol": true,
    "run_test_after_training": false,
    "amp": true,
    "gradient_accumulation_steps": 2,
    "distill_logits": null,
    "type": "question_aware",
    "seed": 713,
    "epochs": 15,
    "num_labels": 42,
    "log_interval": 100,
    "output_dir": "D:/model/qast_ehr_c_seed713",
    "pretrained_weight": "fixed_features_only",
    "weight": "",
    "data": {
        "root": "D:/AVQA_experiment/QA-TIGER2/QA-TIGER/reproduce_qast_recent2025_v3_77_24",
        "img_size": 336,
        "batch_size": 24,
        "eval_batch_size": 48,
        "num_workers": 0,
        "frame_sample_rate": 1,
        "audios_dir": "D:/data/musicavqa/audio",
        "frames_dir": "D:/data/frames-1fps",
        "train_annot": "D:/AVQA_experiment/QA-TIGER2/QA-TIGER/reproduce_qast_recent2025_v3_77_24/data/annots/music_avqa
/music_avqa_train.json",
        "valid_annot": "D:/AVQA_experiment/QA-TIGER2/QA-TIGER/reproduce_qast_recent2025_v3_77_24/data/annots/music_avqa
/music_avqa_val.json",
        "test_annot": "D:/AVQA_experiment/QA-TIGER2/QA-TIGER/reproduce_qast_recent2025_v3_77_24/data/annots/music_avqa/
music_avqa_test.json",
        "test_annots": null,
        "ans_quelen": "D:/AVQA_experiment/QA-TIGER2/QA-TIGER/reproduce_qast_recent2025_v3_77_24/data/annots/music_avqa/
answer2idx.json",
        "audio_feat": "D:/data/musicavqa/vggish",
        "quest_feat": "D:/data/musicavqa/qst_ViT-L14@336px",
        "prompt_feat": "D:/data/musicavqa/qaPrompt_ViT-L14@336px",
        "patch_feat": "D:/data/musicavqa/visual_tome14_60",
        "video_feat": "D:/data/musicavqa/frames_vit"
    },
    "hyper_params": {
        "gpus": "0",
        "model_type": "QAST-EHR-2025",
        "model": {
            "topK": 10,
            "num_experts": 1,
            "audio_dim": 128,
            "video_dim": 768,
            "patch_dim": 1024,
            "question_dim": 768,
            "d_model": 512,
            "num_labels": 42,
            "num_heads": 8,
            "num_temporal_queries": 12,
            "event_scales": [
                3,
                9,
                21
            ],
            "keep_patches": 4,
            "lambda_tacl": 0.035,
            "lambda_sacl": 0.035,
            "lambda_event": 0.03,
            "lambda_evidence": 0.08,
            "lambda_diversity": 0.005,
            "lambda_position": 0.02,
            "aux_warmup_epochs": 3,
            "position_min_strength": 0.05,
            "position_max_strength": 0.11,
            "position_init_strength": 0.07,
            "evidence_margin": 0.2,
            "dropout": 0.1
        },
        "optim": {
            "name": "AdamW",
            "lr": 0.0001,
            "new_lr": null,
            "encoder_lr": null,
            "min_lr": 1e-06,
            "weight_decay": 0.0002,
            "betas": [
                0.9,
                0.999
            ],
            "grad_clip": 1.0
        },
        "sched": {
            "name": "cosine",
            "mode": "max",
            "gamma": 0.1,
            "step_size": 6,
            "factor": 0.5,
            "patience": 3,
            "verbose": true,
            "warmup_epochs": 1
        },
        "ema": {
            "enabled": true,
            "decay": 0.999
        }
    },
    "mode": "train",
    "debug": false,
    "output_path": "",
    "cur_rank": 0
} 
[2026-09-18 20:02:58,360]-[utils.py line:219]:
-------------- environment -------------- 
[2026-09-18 20:02:58,360]-[utils.py line:220]:OS version:   
[2026-09-18 20:02:58,360]-[utils.py line:221]:Kernel version: Windows-10-10.0.26200-SP0 
[2026-09-18 20:02:58,360]-[utils.py line:222]:Python version: 3.10.20 
[2026-09-18 20:02:58,360]-[utils.py line:223]:torch version: 2.11.0+cu128 
[2026-09-18 20:02:58,360]-[utils.py line:224]:cuda version: 12.8 
[2026-09-18 20:02:58,362]-[utils.py line:225]:cuDNN version: 91900 
[2026-09-18 20:02:58,362]-[utils.py line:226]:gpu device count: 1 
[2026-09-18 20:02:58,362]-[utils.py line:231]:gpu device 0: NVIDIA GeForce RTX 5070 Laptop GPU - 8.0GB 
[2026-09-18 20:02:58,471]-[train.py line:62]:Standard protocol audit passed: train=31927, val=4568, test=9129; no split
 overlap; no test-derived distillation. 
[2026-09-18 20:03:01,446]-[utils.py line:204]:
-------------- parameter info -------------- 
[2026-09-18 20:03:01,446]-[utils.py line:205]:num total params: 17871931 
[2026-09-18 20:03:01,446]-[utils.py line:206]:num tunable params: 17871931 
[2026-09-18 20:03:01,446]-[utils.py line:207]:tunable param ratio: 100.00% 
[2026-09-18 20:03:01,446]-[utils.py line:208]:tunable params: 
[2026-09-18 20:03:01,446]-[utils.py line:209]:[
    "module.audio_projection.weight",
    "module.audio_projection.bias",
    "module.video_projection.weight",
    "module.video_projection.bias",
    "module.patch_projection.weight",
    "module.patch_projection.bias",
    "module.question_projection.weight",
    "module.question_projection.bias",
    "module.prompt_projection.weight",
    "module.prompt_projection.bias",
    "module.evidence_router.norms.0.weight",
    "module.evidence_router.norms.0.bias",
    "module.evidence_router.norms.1.weight",
    "module.evidence_router.norms.1.bias",
    "module.evidence_router.norms.2.weight",
    "module.evidence_router.norms.2.bias",
    "module.evidence_router.norms.3.weight",
    "module.evidence_router.norms.3.bias",
    "module.evidence_router.projections.0.weight",
    "module.evidence_router.projections.0.bias",
    "module.evidence_router.projections.1.weight",
    "module.evidence_router.projections.1.bias",
    "module.evidence_router.projections.2.weight",
    "module.evidence_router.projections.2.bias",
    "module.evidence_router.projections.3.weight",
    "module.evidence_router.projections.3.bias",
    "module.evidence_router.question_gate.0.weight",
    "module.evidence_router.question_gate.0.bias",
    "module.evidence_router.question_gate.1.weight",
    "module.evidence_router.question_gate.1.bias",
    "module.evidence_router.question_gate.3.weight",
    "module.evidence_router.question_gate.3.bias",
    "module.evidence_router.refine.0.weight",
    "module.evidence_router.refine.0.bias",
    "module.evidence_router.refine.1.weight",
    "module.evidence_router.refine.1.bias",
    "module.evidence_router.refine.4.weight",
    "module.evidence_router.refine.4.bias",
    "module.patch_grounder.patch_key.weight",
    "module.patch_grounder.patch_key.bias",
    "module.patch_grounder.audio_query.weight",
    "module.patch_grounder.audio_query.bias",
    "module.patch_grounder.question_query.weight",
    "module.patch_grounder.question_query.bias",
    "module.patch_grounder.value.weight",
    "module.patch_grounder.value.bias",
    "module.patch_grounder.score_gate.0.weight",
    "module.patch_grounder.score_gate.0.bias",
    "module.patch_grounder.score_gate.1.weight",
    "module.patch_grounder.score_gate.1.bias",
    "module.patch_grounder.output.0.weight",
    "module.patch_grounder.output.0.bias",
    "module.patch_grounder.output.2.weight",
    "module.patch_grounder.output.2.bias",
    "module.evidence_norm.weight",
    "module.evidence_norm.bias",
    "module.event_memory.branches.0.0.weight",
    "module.event_memory.branches.0.0.bias",
    "module.event_memory.branches.0.2.weight",
    "module.event_memory.branches.0.2.bias",
    "module.event_memory.branches.1.0.weight",
    "module.event_memory.branches.1.0.bias",
    "module.event_memory.branches.1.2.weight",
    "module.event_memory.branches.1.2.bias",
    "module.event_memory.branches.2.0.weight",
    "module.event_memory.branches.2.0.bias",
    "module.event_memory.branches.2.2.weight",
    "module.event_memory.branches.2.2.bias",
    "module.event_memory.question_queries.0.weight",
    "module.event_memory.question_queries.0.bias",
    "module.event_memory.question_queries.1.weight",
    "module.event_memory.question_queries.1.bias",
    "module.event_memory.question_queries.2.weight",
    "module.event_memory.question_queries.2.bias",
    "module.event_memory.scale_gate.0.weight",
    "module.event_memory.scale_gate.0.bias",
    "module.event_memory.scale_gate.1.weight",
    "module.event_memory.scale_gate.1.bias",
    "module.event_memory.output_norm.weight",
    "module.event_memory.output_norm.bias",
    "module.adaptive_position.strength_bias",
    "module.adaptive_position.strength_gate.0.weight",
    "module.adaptive_position.strength_gate.0.bias",
    "module.adaptive_position.strength_gate.1.weight",
    "module.adaptive_position.strength_gate.1.bias",
    "module.adaptive_position.audio_projection.weight",
    "module.adaptive_position.audio_projection.bias",
    "module.adaptive_position.motion_projection.weight",
    "module.adaptive_position.motion_projection.bias",
    "module.adaptive_position.question_projection.weight",
    "module.adaptive_position.question_projection.bias",
    "module.adaptive_position.relation_projection.weight",
    "module.adaptive_position.relation_projection.bias",
    "module.adaptive_position.phi.0.weight",
    "module.adaptive_position.phi.0.bias",
    "module.adaptive_position.phi.2.weight",
    "module.adaptive_position.phi.2.bias",
    "module.adaptive_position.phi.3.weight",
    "module.adaptive_position.phi.3.bias",
    "module.adaptive_position.time_gate.weight",
    "module.adaptive_position.time_gate.bias",
    "module.cmg.in_proj_weight",
    "module.cmg.in_proj_bias",
    "module.cmg.out_proj.weight",
    "module.cmg.out_proj.bias",
    "module.cmg_norm.weight",
    "module.cmg_norm.bias",
    "module.temporal_reader.query_tokens",
    "module.temporal_reader.condition.0.weight",
    "module.temporal_reader.condition.0.bias",
    "module.temporal_reader.condition.1.weight",
    "module.temporal_reader.condition.1.bias",
    "module.temporal_reader.attention.in_proj_weight",
    "module.temporal_reader.attention.in_proj_bias",
    "module.temporal_reader.attention.out_proj.weight",
    "module.temporal_reader.attention.out_proj.bias",
    "module.temporal_reader.norm.weight",
    "module.temporal_reader.norm.bias",
    "module.temporal_reader.ffn.0.weight",
    "module.temporal_reader.ffn.0.bias",
    "module.temporal_reader.ffn.3.weight",
    "module.temporal_reader.ffn.3.bias",
    "module.semantic_context.layers.0.self_attn.in_proj_weight",
    "module.semantic_context.layers.0.self_attn.in_proj_bias",
    "module.semantic_context.layers.0.self_attn.out_proj.weight",
    "module.semantic_context.layers.0.self_attn.out_proj.bias",
    "module.semantic_context.layers.0.linear1.weight",
    "module.semantic_context.layers.0.linear1.bias",
    "module.semantic_context.layers.0.linear2.weight",
    "module.semantic_context.layers.0.linear2.bias",
    "module.semantic_context.layers.0.norm1.weight",
    "module.semantic_context.layers.0.norm1.bias",
    "module.semantic_context.layers.0.norm2.weight",
    "module.semantic_context.layers.0.norm2.bias",
    "module.fusion_gate.0.weight",
    "module.fusion_gate.0.bias",
    "module.fusion_gate.1.weight",
    "module.fusion_gate.1.bias",
    "module.fusion_gate.3.weight",
    "module.fusion_gate.3.bias",
    "module.fusion_refine.0.weight",
    "module.fusion_refine.0.bias",
    "module.fusion_refine.1.weight",
    "module.fusion_refine.1.bias",
    "module.fusion_refine.4.weight",
    "module.fusion_refine.4.bias",
    "module.fusion_refine.5.weight",
    "module.fusion_refine.5.bias",
    "module.answer_head.weight",
    "module.answer_head.bias"
] 
[2026-09-18 20:03:01,447]-[trainutils.py line:220]:
-------------- optimizer info -------------- 
[2026-09-18 20:03:01,447]-[trainutils.py line:221]:Learning rate: 0.0001 
[2026-09-18 20:03:01,447]-[trainutils.py line:222]:Betas: (0.9, 0.999) 
[2026-09-18 20:03:01,447]-[trainutils.py line:223]:Eps: 1e-08 
[2026-09-18 20:03:01,447]-[trainutils.py line:224]:Weight decay: 0.0002 
[2026-09-18 20:03:01,462]-[train.py line:102]:
-------------- training epoch 1 -------------- 
[2026-09-18 20:03:02,528]-[trainutils.py line:416]:[EST:   23.58m][Process Time:    0.88s]- Epoch: 1 [0000/1330 (  0%)]
	Losses: ce_loss-3.9834(3.9834) loss_tacl-0.0000(0.0000) loss_sacl-0.0113(0.0113) loss_event-0.0205(0.0205) loss_eviden
ce-0.0238(0.0238) loss_query_diversity-0.0045(0.0045) loss_position-0.0000(0.0000) total_loss-3.9834(3.9834) 
[2026-09-18 20:03:24,037]-[trainutils.py line:416]:[EST:    4.58m][Process Time:    0.05s]- Epoch: 1 [0100/1330 (  8%)]
	Losses: ce_loss-3.2126(3.6277) loss_tacl-0.0000(0.0000) loss_sacl-0.0114(0.0113) loss_event-0.0178(0.0196) loss_eviden
ce-0.0188(0.0195) loss_query_diversity-0.0045(0.0045) loss_position-0.0000(0.0000) total_loss-3.2126(3.6277) 
[2026-09-18 20:03:45,074]-[trainutils.py line:416]:[EST:    4.08m][Process Time:    0.05s]- Epoch: 1 [0200/1330 ( 15%)]
	Losses: ce_loss-3.2086(3.3987) loss_tacl-0.0000(0.0000) loss_sacl-0.0114(0.0113) loss_event-0.0165(0.0187) loss_eviden
ce-0.0150(0.0178) loss_query_diversity-0.0045(0.0045) loss_position-0.0000(0.0000) total_loss-3.2086(3.3987) 
[2026-09-18 20:04:05,898]-[trainutils.py line:416]:[EST:    3.67m][Process Time:    0.05s]- Epoch: 1 [0300/1330 ( 23%)]
	Losses: ce_loss-2.8423(3.1983) loss_tacl-0.0000(0.0000) loss_sacl-0.0114(0.0113) loss_event-0.0154(0.0177) loss_eviden
ce-0.0086(0.0148) loss_query_diversity-0.0045(0.0045) loss_position-0.0000(0.0000) total_loss-2.8423(3.1983) 
[2026-09-18 20:04:26,786]-[trainutils.py line:416]:[EST:    3.29m][Process Time:    0.05s]- Epoch: 1 [0400/1330 ( 30%)]
	Losses: ce_loss-2.5684(3.0615) loss_tacl-0.0000(0.0000) loss_sacl-0.0114(0.0113) loss_event-0.0144(0.0170) loss_eviden
ce-0.0092(0.0121) loss_query_diversity-0.0045(0.0045) loss_position-0.0000(0.0000) total_loss-2.5684(3.0615) 
[2026-09-18 20:04:48,045]-[trainutils.py line:416]:[EST:    2.94m][Process Time:    0.05s]- Epoch: 1 [0500/1330 ( 38%)]
	Losses: ce_loss-2.8047(2.9478) loss_tacl-0.0000(0.0000) loss_sacl-0.0114(0.0113) loss_event-0.0133(0.0165) loss_eviden
ce-0.0149(0.0101) loss_query_diversity-0.0045(0.0045) loss_position-0.0000(0.0000) total_loss-2.8047(2.9478) 
[2026-09-18 20:05:10,297]-[trainutils.py line:416]:[EST:    2.60m][Process Time:    0.05s]- Epoch: 1 [0600/1330 ( 45%)]
	Losses: ce_loss-2.2814(2.8695) loss_tacl-0.0000(0.0000) loss_sacl-0.0113(0.0113) loss_event-0.0138(0.0161) loss_eviden
ce-0.0020(0.0084) loss_query_diversity-0.0045(0.0045) loss_position-0.0000(0.0000) total_loss-2.2814(2.8695) 
[2026-09-18 20:05:30,852]-[trainutils.py line:416]:[EST:    2.23m][Process Time:    0.06s]- Epoch: 1 [0700/1330 ( 53%)]
	Losses: ce_loss-2.6982(2.7960) loss_tacl-0.0000(0.0000) loss_sacl-0.0112(0.0113) loss_event-0.0144(0.0158) loss_eviden
ce-0.0085(0.0073) loss_query_diversity-0.0045(0.0045) loss_position-0.0000(0.0000) total_loss-2.6982(2.7960) 
[2026-09-18 20:05:51,176]-[trainutils.py line:416]:[EST:    1.87m][Process Time:    0.05s]- Epoch: 1 [0800/1330 ( 60%)]
	Losses: ce_loss-1.7970(2.7336) loss_tacl-0.0000(0.0000) loss_sacl-0.0113(0.0113) loss_event-0.0130(0.0156) loss_eviden
ce-0.0016(0.0063) loss_query_diversity-0.0045(0.0045) loss_position-0.0000(0.0000) total_loss-1.7970(2.7336) 
[2026-09-18 20:06:11,444]-[trainutils.py line:416]:[EST:    1.51m][Process Time:    0.05s]- Epoch: 1 [0900/1330 ( 68%)]
	Losses: ce_loss-2.2735(2.6735) loss_tacl-0.0000(0.0000) loss_sacl-0.0112(0.0113) loss_event-0.0144(0.0153) loss_eviden
ce-0.0053(0.0056) loss_query_diversity-0.0045(0.0045) loss_position-0.0000(0.0000) total_loss-2.2735(2.6735) 
[2026-09-18 20:06:31,761]-[trainutils.py line:416]:[EST:    1.15m][Process Time:    0.05s]- Epoch: 1 [1000/1330 ( 75%)]
	Losses: ce_loss-2.0222(2.6195) loss_tacl-0.0000(0.0000) loss_sacl-0.0111(0.0113) loss_event-0.0130(0.0151) loss_eviden
ce-0.0017(0.0051) loss_query_diversity-0.0045(0.0045) loss_position-0.0000(0.0000) total_loss-2.0222(2.6195) 
[2026-09-18 20:06:51,971]-[trainutils.py line:416]:[EST:    0.80m][Process Time:    0.05s]- Epoch: 1 [1100/1330 ( 83%)]
	Losses: ce_loss-1.4147(2.5633) loss_tacl-0.0000(0.0000) loss_sacl-0.0110(0.0113) loss_event-0.0144(0.0149) loss_eviden
ce-0.0015(0.0047) loss_query_diversity-0.0045(0.0045) loss_position-0.0000(0.0000) total_loss-1.4147(2.5633) 
[2026-09-18 20:07:12,187]-[trainutils.py line:416]:[EST:    0.45m][Process Time:    0.05s]- Epoch: 1 [1200/1330 ( 90%)]
	Losses: ce_loss-1.8194(2.5152) loss_tacl-0.0000(0.0000) loss_sacl-0.0111(0.0112) loss_event-0.0122(0.0146) loss_eviden
ce-0.0029(0.0043) loss_query_diversity-0.0045(0.0045) loss_position-0.0000(0.0000) total_loss-1.8194(2.5152) 
[2026-09-18 20:07:33,672]-[trainutils.py line:416]:[EST:    0.10m][Process Time:    0.05s]- Epoch: 1 [1300/1330 ( 98%)]
	Losses: ce_loss-2.1301(2.4703) loss_tacl-0.0000(0.0000) loss_sacl-0.0111(0.0112) loss_event-0.0118(0.0144) loss_eviden
ce-0.0071(0.0039) loss_query_diversity-0.0045(0.0045) loss_position-0.0000(0.0000) total_loss-2.1301(2.4703) 
[2026-09-18 20:07:40,167]-[trainutils.py line:416]:[EST:   -0.00m][Process Time:    0.23s]- Epoch: 1 [1330/1330 (100%)]
	Losses: ce_loss-1.3470(2.4564) loss_tacl-0.0000(0.0000) loss_sacl-0.0109(0.0112) loss_event-0.0124(0.0144) loss_eviden
ce-0.0000(0.0038) loss_query_diversity-0.0045(0.0045) loss_position-0.0000(0.0000) total_loss-1.3470(2.4564) 
[2026-09-18 20:07:43,101]-[train.py line:106]:
-------------- validation epoch 1 -------------- 
[2026-09-18 20:07:43,597]-[trainutils.py line:461]:Test progress:   0/95 
[2026-09-18 20:08:14,706]-[trainutils.py line:461]:Test progress:  95/95 
[2026-09-18 20:08:14,709]-[trainutils.py line:492]:Epoch 1 -           Audio/Counting accuracy: 65.95(337/511) 
[2026-09-18 20:08:14,709]-[trainutils.py line:492]:Epoch 1 -        Audio/Comparative accuracy: 52.88(156/295) 
[2026-09-18 20:08:14,709]-[trainutils.py line:497]:Epoch 1 -                    Audio accuracy: 61.17(493/806) 
[2026-09-18 20:08:14,709]-[trainutils.py line:492]:Epoch 1 -          Visual/Counting accuracy: 54.33(326/600) 
[2026-09-18 20:08:14,709]-[trainutils.py line:492]:Epoch 1 -          Visual/Location accuracy: 16.97(104/613) 
[2026-09-18 20:08:14,709]-[trainutils.py line:497]:Epoch 1 -                   Visual accuracy: 35.45(430/1213) 
[2026-09-18 20:08:14,710]-[trainutils.py line:492]:Epoch 1 - Audio-Visual/Existential accuracy: 78.79(390/495) 
[2026-09-18 20:08:14,711]-[trainutils.py line:492]:Epoch 1 -    Audio-Visual/Counting accuracy: 48.03(304/633) 
[2026-09-18 20:08:14,711]-[trainutils.py line:492]:Epoch 1 -    Audio-Visual/Location accuracy: 23.21(107/461) 
[2026-09-18 20:08:14,711]-[trainutils.py line:492]:Epoch 1 - Audio-Visual/Comparative accuracy: 60.29(331/549) 
[2026-09-18 20:08:14,711]-[trainutils.py line:492]:Epoch 1 -    Audio-Visual/Temporal accuracy: 3.41(14/411) 
[2026-09-18 20:08:14,711]-[trainutils.py line:497]:Epoch 1 -             Audio-Visual accuracy: 44.96(1146/2549) 
[2026-09-18 20:08:14,712]-[trainutils.py line:501]:Epoch 1 -                    Total accuracy: 45.29(2069/4568) 
[2026-09-18 20:08:14,753]-[train.py line:151]:best model saved at epoch 1 with acc 45.29334500875657 (raw) 
[2026-09-18 20:08:14,895]-[train.py line:167]:Epoch 1 done with 45.29 and loss 1.79688. 
[2026-09-18 20:08:14,895]-[train.py line:168]:At epoch1 best acc: 45.29. 
[2026-09-18 20:08:14,895]-[train.py line:102]:
-------------- training epoch 2 -------------- 
[2026-09-18 20:08:15,097]-[trainutils.py line:416]:[EST:    4.43m][Process Time:    0.06s]- Epoch: 2 [0000/1330 (  0%)]
	Losses: ce_loss-1.9826(1.9826) loss_tacl-0.0001(0.0001) loss_sacl-0.0221(0.0221) loss_event-0.0118(0.0118) loss_eviden
ce-0.0025(0.0025) loss_query_diversity-0.0045(0.0045) loss_position-0.0000(0.0000) total_loss-1.9826(1.9826) 
[2026-09-18 20:08:36,787]-[trainutils.py line:416]:[EST:    4.44m][Process Time:    0.05s]- Epoch: 2 [0100/1330 (  8%)]
	Losses: ce_loss-1.3785(1.4137) loss_tacl-0.0001(0.0001) loss_sacl-0.0200(0.0213) loss_event-0.0095(0.0093) loss_eviden
ce-0.0027(0.0015) loss_query_diversity-0.0045(0.0045) loss_position-0.0000(0.0000) total_loss-1.3785(1.4137) 
[2026-09-18 20:08:58,572]-[trainutils.py line:416]:[EST:    4.09m][Process Time:    0.05s]- Epoch: 2 [0200/1330 ( 15%)]
	Losses: ce_loss-0.8617(1.2604) loss_tacl-0.0001(0.0001) loss_sacl-0.0183(0.0203) loss_event-0.0061(0.0081) loss_eviden
ce-0.0005(0.0011) loss_query_diversity-0.0045(0.0045) loss_position-0.0000(0.0000) total_loss-0.8617(1.2604) 
[2026-09-18 20:09:19,143]-[trainutils.py line:416]:[EST:    3.66m][Process Time:    0.05s]- Epoch: 2 [0300/1330 ( 23%)]
	Losses: ce_loss-0.7769(1.1862) loss_tacl-0.0001(0.0001) loss_sacl-0.0182(0.0196) loss_event-0.0074(0.0076) loss_eviden
ce-0.0023(0.0009) loss_query_diversity-0.0045(0.0045) loss_position-0.0000(0.0000) total_loss-0.7769(1.1862) 
[2026-09-18 20:09:39,410]-[trainutils.py line:416]:[EST:    3.26m][Process Time:    0.05s]- Epoch: 2 [0400/1330 ( 30%)]
	Losses: ce_loss-0.8738(1.1241) loss_tacl-0.0001(0.0001) loss_sacl-0.0157(0.0189) loss_event-0.0054(0.0072) loss_eviden
ce-0.0001(0.0008) loss_query_diversity-0.0045(0.0045) loss_position-0.0000(0.0000) total_loss-0.8738(1.1241) 
[2026-09-18 20:09:59,889]-[trainutils.py line:416]:[EST:    2.90m][Process Time:    0.06s]- Epoch: 2 [0500/1330 ( 38%)]
	Losses: ce_loss-0.7510(1.0736) loss_tacl-0.0001(0.0001) loss_sacl-0.0147(0.0181) loss_event-0.0054(0.0069) loss_eviden
ce-0.0000(0.0007) loss_query_diversity-0.0044(0.0045) loss_position-0.0000(0.0000) total_loss-0.7510(1.0736) 
[2026-09-18 20:10:20,896]-[trainutils.py line:416]:[EST:    2.55m][Process Time:    0.05s]- Epoch: 2 [0600/1330 ( 45%)]
	Losses: ce_loss-0.8676(1.0366) loss_tacl-0.0001(0.0001) loss_sacl-0.0140(0.0175) loss_event-0.0055(0.0068) loss_eviden
ce-0.0000(0.0007) loss_query_diversity-0.0044(0.0045) loss_position-0.0000(0.0000) total_loss-0.8676(1.0366) 
[2026-09-18 20:10:41,242]-[trainutils.py line:416]:[EST:    2.19m][Process Time:    0.05s]- Epoch: 2 [0700/1330 ( 53%)]
	Losses: ce_loss-0.7391(1.0097) loss_tacl-0.0001(0.0001) loss_sacl-0.0154(0.0170) loss_event-0.0086(0.0066) loss_eviden
ce-0.0000(0.0007) loss_query_diversity-0.0044(0.0045) loss_position-0.0000(0.0000) total_loss-0.7391(1.0097) 
[2026-09-18 20:11:01,573]-[trainutils.py line:416]:[EST:    1.83m][Process Time:    0.05s]- Epoch: 2 [0800/1330 ( 60%)]
	Losses: ce_loss-0.7930(0.9893) loss_tacl-0.0001(0.0001) loss_sacl-0.0157(0.0166) loss_event-0.0067(0.0065) loss_eviden
ce-0.0003(0.0006) loss_query_diversity-0.0044(0.0045) loss_position-0.0000(0.0000) total_loss-0.7930(0.9893) 
[2026-09-18 20:11:23,538]-[trainutils.py line:416]:[EST:    1.50m][Process Time:    0.05s]- Epoch: 2 [0900/1330 ( 68%)]
	Losses: ce_loss-0.5644(0.9710) loss_tacl-0.0001(0.0001) loss_sacl-0.0129(0.0162) loss_event-0.0052(0.0064) loss_eviden
ce-0.0000(0.0006) loss_query_diversity-0.0045(0.0045) loss_position-0.0000(0.0000) total_loss-0.5644(0.9710) 
[2026-09-18 20:11:44,344]-[trainutils.py line:416]:[EST:    1.15m][Process Time:    0.05s]- Epoch: 2 [1000/1330 ( 75%)]
	Losses: ce_loss-0.7494(0.9547) loss_tacl-0.0001(0.0001) loss_sacl-0.0130(0.0159) loss_event-0.0066(0.0063) loss_eviden
ce-0.0019(0.0006) loss_query_diversity-0.0044(0.0045) loss_position-0.0000(0.0000) total_loss-0.7494(0.9547) 
[2026-09-18 20:12:07,021]-[trainutils.py line:416]:[EST:    0.80m][Process Time:    0.05s]- Epoch: 2 [1100/1330 ( 83%)]
	Losses: ce_loss-1.2015(0.9419) loss_tacl-0.0001(0.0001) loss_sacl-0.0133(0.0155) loss_event-0.0061(0.0062) loss_eviden
ce-0.0007(0.0006) loss_query_diversity-0.0044(0.0045) loss_position-0.0000(0.0000) total_loss-1.2015(0.9419) 
[2026-09-18 20:12:32,894]-[trainutils.py line:416]:[EST:    0.46m][Process Time:    0.07s]- Epoch: 2 [1200/1330 ( 90%)]
	Losses: ce_loss-0.9793(0.9285) loss_tacl-0.0001(0.0001) loss_sacl-0.0124(0.0152) loss_event-0.0059(0.0061) loss_eviden
ce-0.0008(0.0006) loss_query_diversity-0.0044(0.0045) loss_position-0.0000(0.0000) total_loss-0.9793(0.9285) 
[2026-09-18 20:12:55,895]-[trainutils.py line:416]:[EST:    0.10m][Process Time:    0.07s]- Epoch: 2 [1300/1330 ( 98%)]
	Losses: ce_loss-0.8106(0.9149) loss_tacl-0.0001(0.0001) loss_sacl-0.0109(0.0150) loss_event-0.0055(0.0061) loss_eviden
ce-0.0009(0.0005) loss_query_diversity-0.0044(0.0045) loss_position-0.0000(0.0000) total_loss-0.8106(0.9149) 
[2026-09-18 20:13:03,549]-[trainutils.py line:416]:[EST:   -0.00m][Process Time:    0.11s]- Epoch: 2 [1330/1330 (100%)]
	Losses: ce_loss-1.6103(0.9122) loss_tacl-0.0001(0.0001) loss_sacl-0.0127(0.0149) loss_event-0.0079(0.0060) loss_eviden
ce-0.0000(0.0005) loss_query_diversity-0.0044(0.0045) loss_position-0.0000(0.0000) total_loss-1.6103(0.9122) 
[2026-09-18 20:13:08,584]-[train.py line:106]:
-------------- validation epoch 2 -------------- 
[2026-09-18 20:13:08,977]-[trainutils.py line:461]:Test progress:   0/95 
[2026-09-18 20:13:43,127]-[trainutils.py line:461]:Test progress:  95/95 
[2026-09-18 20:13:43,128]-[trainutils.py line:492]:Epoch 2 -           Audio/Counting accuracy: 75.34(385/511) 
[2026-09-18 20:13:43,128]-[trainutils.py line:492]:Epoch 2 -        Audio/Comparative accuracy: 51.19(151/295) 
[2026-09-18 20:13:43,128]-[trainutils.py line:497]:Epoch 2 -                    Audio accuracy: 66.50(536/806) 
[2026-09-18 20:13:43,129]-[trainutils.py line:492]:Epoch 2 -          Visual/Counting accuracy: 67.50(405/600) 
[2026-09-18 20:13:43,129]-[trainutils.py line:492]:Epoch 2 -          Visual/Location accuracy: 81.57(500/613) 
[2026-09-18 20:13:43,129]-[trainutils.py line:497]:Epoch 2 -                   Visual accuracy: 74.61(905/1213) 
[2026-09-18 20:13:43,129]-[trainutils.py line:492]:Epoch 2 - Audio-Visual/Existential accuracy: 79.39(393/495) 
[2026-09-18 20:13:43,130]-[trainutils.py line:492]:Epoch 2 -    Audio-Visual/Counting accuracy: 66.82(423/633) 
[2026-09-18 20:13:43,130]-[trainutils.py line:492]:Epoch 2 -    Audio-Visual/Location accuracy: 63.34(292/461) 
[2026-09-18 20:13:43,130]-[trainutils.py line:492]:Epoch 2 - Audio-Visual/Comparative accuracy: 53.37(293/549) 
[2026-09-18 20:13:43,130]-[trainutils.py line:492]:Epoch 2 -    Audio-Visual/Temporal accuracy: 72.02(296/411) 
[2026-09-18 20:13:43,130]-[trainutils.py line:497]:Epoch 2 -             Audio-Visual accuracy: 66.58(1697/2549) 
[2026-09-18 20:13:43,130]-[trainutils.py line:501]:Epoch 2 -                    Total accuracy: 68.70(3138/4568) 
[2026-09-18 20:13:43,503]-[trainutils.py line:461]:Test progress:   0/95 
[2026-09-18 20:14:16,768]-[trainutils.py line:461]:Test progress:  95/95 
[2026-09-18 20:14:16,769]-[trainutils.py line:492]:Epoch 2 -           Audio/Counting accuracy: 73.78(377/511) 
[2026-09-18 20:14:16,769]-[trainutils.py line:492]:Epoch 2 -        Audio/Comparative accuracy: 61.36(181/295) 
[2026-09-18 20:14:16,769]-[trainutils.py line:497]:Epoch 2 -                    Audio accuracy: 69.23(558/806) 
[2026-09-18 20:14:16,769]-[trainutils.py line:492]:Epoch 2 -          Visual/Counting accuracy: 64.83(389/600) 
[2026-09-18 20:14:16,769]-[trainutils.py line:492]:Epoch 2 -          Visual/Location accuracy: 79.77(489/613) 
[2026-09-18 20:14:16,769]-[trainutils.py line:497]:Epoch 2 -                   Visual accuracy: 72.38(878/1213) 
[2026-09-18 20:14:16,771]-[trainutils.py line:492]:Epoch 2 - Audio-Visual/Existential accuracy: 80.61(399/495) 
[2026-09-18 20:14:16,771]-[trainutils.py line:492]:Epoch 2 -    Audio-Visual/Counting accuracy: 66.35(420/633) 
[2026-09-18 20:14:16,771]-[trainutils.py line:492]:Epoch 2 -    Audio-Visual/Location accuracy: 61.17(282/461) 
[2026-09-18 20:14:16,771]-[trainutils.py line:492]:Epoch 2 - Audio-Visual/Comparative accuracy: 56.83(312/549) 
[2026-09-18 20:14:16,771]-[trainutils.py line:492]:Epoch 2 -    Audio-Visual/Temporal accuracy: 70.32(289/411) 
[2026-09-18 20:14:16,771]-[trainutils.py line:497]:Epoch 2 -             Audio-Visual accuracy: 66.77(1702/2549) 
[2026-09-18 20:14:16,771]-[trainutils.py line:501]:Epoch 2 -                    Total accuracy: 68.70(3138/4568) 
[2026-09-18 20:14:16,832]-[train.py line:151]:best model saved at epoch 2 with acc 68.6952714535902 (raw) 
[2026-09-18 20:14:16,933]-[train.py line:167]:Epoch 2 done with 68.70 and loss 0.71875. 
[2026-09-18 20:14:16,934]-[train.py line:168]:At epoch2 best acc: 68.70. 
[2026-09-18 20:14:16,934]-[train.py line:102]:
-------------- training epoch 3 -------------- 
[2026-09-18 20:14:17,247]-[trainutils.py line:416]:[EST:    6.86m][Process Time:    0.07s]- Epoch: 3 [0000/1330 (  0%)]
	Losses: ce_loss-0.7084(0.7084) loss_tacl-0.0001(0.0001) loss_sacl-0.0142(0.0142) loss_event-0.0053(0.0053) loss_eviden
ce-0.0000(0.0000) loss_query_diversity-0.0044(0.0044) loss_position-0.0000(0.0000) total_loss-0.7084(0.7084) 
[2026-09-18 20:14:41,525]-[trainutils.py line:416]:[EST:    4.99m][Process Time:    0.06s]- Epoch: 3 [0100/1330 (  8%)]
	Losses: ce_loss-0.4521(0.6921) loss_tacl-0.0001(0.0001) loss_sacl-0.0169(0.0170) loss_event-0.0053(0.0051) loss_eviden
ce-0.0006(0.0005) loss_query_diversity-0.0044(0.0044) loss_position-0.0000(0.0000) total_loss-0.4521(0.6921) 
[2026-09-18 20:15:04,957]-[trainutils.py line:416]:[EST:    4.50m][Process Time:    0.05s]- Epoch: 3 [0200/1330 ( 15%)]
	Losses: ce_loss-0.8051(0.7126) loss_tacl-0.0001(0.0001) loss_sacl-0.0159(0.0169) loss_event-0.0052(0.0051) loss_eviden
ce-0.0000(0.0007) loss_query_diversity-0.0044(0.0044) loss_position-0.0000(0.0000) total_loss-0.8051(0.7126) 
[2026-09-18 20:15:28,959]-[trainutils.py line:416]:[EST:    4.10m][Process Time:    0.06s]- Epoch: 3 [0300/1330 ( 23%)]
	Losses: ce_loss-0.6320(0.7277) loss_tacl-0.0001(0.0001) loss_sacl-0.0163(0.0167) loss_event-0.0042(0.0051) loss_eviden
ce-0.0056(0.0007) loss_query_diversity-0.0045(0.0044) loss_position-0.0000(0.0000) total_loss-0.6320(0.7277) 
[2026-09-18 20:15:53,007]-[trainutils.py line:416]:[EST:    3.71m][Process Time:    0.05s]- Epoch: 3 [0400/1330 ( 30%)]
	Losses: ce_loss-0.5858(0.7286) loss_tacl-0.0001(0.0001) loss_sacl-0.0197(0.0166) loss_event-0.0054(0.0051) loss_eviden
ce-0.0000(0.0008) loss_query_diversity-0.0045(0.0044) loss_position-0.0000(0.0000) total_loss-0.5858(0.7286) 
[2026-09-18 20:16:17,179]-[trainutils.py line:416]:[EST:    3.32m][Process Time:    0.06s]- Epoch: 3 [0500/1330 ( 38%)]
	Losses: ce_loss-1.0774(0.7248) loss_tacl-0.0001(0.0001) loss_sacl-0.0149(0.0165) loss_event-0.0049(0.0051) loss_eviden
ce-0.0028(0.0008) loss_query_diversity-0.0045(0.0044) loss_position-0.0000(0.0000) total_loss-1.0774(0.7248) 
[2026-09-18 20:16:42,214]-[trainutils.py line:416]:[EST:    2.94m][Process Time:    0.06s]- Epoch: 3 [0600/1330 ( 45%)]
	Losses: ce_loss-0.8165(0.7234) loss_tacl-0.0001(0.0001) loss_sacl-0.0146(0.0163) loss_event-0.0054(0.0051) loss_eviden
ce-0.0010(0.0008) loss_query_diversity-0.0045(0.0044) loss_position-0.0000(0.0000) total_loss-0.8165(0.7234) 
[2026-09-18 20:17:07,132]-[trainutils.py line:416]:[EST:    2.55m][Process Time:    0.06s]- Epoch: 3 [0700/1330 ( 53%)]
	Losses: ce_loss-0.8676(0.7178) loss_tacl-0.0001(0.0001) loss_sacl-0.0150(0.0161) loss_event-0.0056(0.0051) loss_eviden
ce-0.0000(0.0008) loss_query_diversity-0.0044(0.0044) loss_position-0.0000(0.0000) total_loss-0.8676(0.7178) 
[2026-09-18 20:17:31,292]-[trainutils.py line:416]:[EST:    2.14m][Process Time:    0.06s]- Epoch: 3 [0800/1330 ( 60%)]
	Losses: ce_loss-0.4043(0.7145) loss_tacl-0.0001(0.0001) loss_sacl-0.0163(0.0160) loss_event-0.0046(0.0052) loss_eviden
ce-0.0000(0.0007) loss_query_diversity-0.0044(0.0044) loss_position-0.0000(0.0000) total_loss-0.4043(0.7145) 
[2026-09-18 20:17:55,317]-[trainutils.py line:416]:[EST:    1.73m][Process Time:    0.06s]- Epoch: 3 [0900/1330 ( 68%)]
	Losses: ce_loss-0.7213(0.7152) loss_tacl-0.0001(0.0001) loss_sacl-0.0130(0.0159) loss_event-0.0047(0.0052) loss_eviden
ce-0.0017(0.0007) loss_query_diversity-0.0045(0.0044) loss_position-0.0000(0.0000) total_loss-0.7213(0.7152) 
[2026-09-18 20:18:19,564]-[trainutils.py line:416]:[EST:    1.33m][Process Time:    0.06s]- Epoch: 3 [1000/1330 ( 75%)]
	Losses: ce_loss-0.7885(0.7110) loss_tacl-0.0001(0.0001) loss_sacl-0.0128(0.0158) loss_event-0.0039(0.0052) loss_eviden
ce-0.0000(0.0007) loss_query_diversity-0.0044(0.0044) loss_position-0.0000(0.0000) total_loss-0.7885(0.7110) 
[2026-09-18 20:18:44,158]-[trainutils.py line:416]:[EST:    0.93m][Process Time:    0.06s]- Epoch: 3 [1100/1330 ( 83%)]
	Losses: ce_loss-0.5999(0.7089) loss_tacl-0.0001(0.0001) loss_sacl-0.0139(0.0157) loss_event-0.0050(0.0052) loss_eviden
ce-0.0000(0.0007) loss_query_diversity-0.0044(0.0044) loss_position-0.0000(0.0000) total_loss-0.5999(0.7089) 
[2026-09-18 20:19:08,856]-[trainutils.py line:416]:[EST:    0.52m][Process Time:    0.06s]- Epoch: 3 [1200/1330 ( 90%)]
	Losses: ce_loss-0.6701(0.7038) loss_tacl-0.0001(0.0001) loss_sacl-0.0139(0.0156) loss_event-0.0050(0.0052) loss_eviden
ce-0.0000(0.0006) loss_query_diversity-0.0044(0.0044) loss_position-0.0000(0.0000) total_loss-0.6701(0.7038) 
[2026-09-18 20:19:33,423]-[trainutils.py line:416]:[EST:    0.12m][Process Time:    0.06s]- Epoch: 3 [1300/1330 ( 98%)]
	Losses: ce_loss-1.0422(0.7021) loss_tacl-0.0001(0.0001) loss_sacl-0.0144(0.0155) loss_event-0.0070(0.0052) loss_eviden
ce-0.0006(0.0006) loss_query_diversity-0.0044(0.0044) loss_position-0.0000(0.0000) total_loss-1.0422(0.7021) 
[2026-09-18 20:19:40,642]-[trainutils.py line:416]:[EST:   -0.00m][Process Time:    0.07s]- Epoch: 3 [1330/1330 (100%)]
	Losses: ce_loss-0.3095(0.7002) loss_tacl-0.0001(0.0001) loss_sacl-0.0112(0.0155) loss_event-0.0032(0.0052) loss_eviden
ce-0.0000(0.0006) loss_query_diversity-0.0044(0.0044) loss_position-0.0000(0.0000) total_loss-0.3095(0.7002) 
[2026-09-18 20:19:41,409]-[train.py line:106]:
-------------- validation epoch 3 -------------- 
[2026-09-18 20:19:41,778]-[trainutils.py line:461]:Test progress:   0/95 
[2026-09-18 20:20:16,592]-[trainutils.py line:461]:Test progress:  95/95 
[2026-09-18 20:20:16,592]-[trainutils.py line:492]:Epoch 3 -           Audio/Counting accuracy: 83.37(426/511) 
[2026-09-18 20:20:16,593]-[trainutils.py line:492]:Epoch 3 -        Audio/Comparative accuracy: 55.59(164/295) 
[2026-09-18 20:20:16,593]-[trainutils.py line:497]:Epoch 3 -                    Audio accuracy: 73.20(590/806) 
[2026-09-18 20:20:16,593]-[trainutils.py line:492]:Epoch 3 -          Visual/Counting accuracy: 71.50(429/600) 
[2026-09-18 20:20:16,593]-[trainutils.py line:492]:Epoch 3 -          Visual/Location accuracy: 83.36(511/613) 
[2026-09-18 20:20:16,593]-[trainutils.py line:497]:Epoch 3 -                   Visual accuracy: 77.49(940/1213) 
[2026-09-18 20:20:16,593]-[trainutils.py line:492]:Epoch 3 - Audio-Visual/Existential accuracy: 83.64(414/495) 
[2026-09-18 20:20:16,593]-[trainutils.py line:492]:Epoch 3 -    Audio-Visual/Counting accuracy: 70.14(444/633) 
[2026-09-18 20:20:16,594]-[trainutils.py line:492]:Epoch 3 -    Audio-Visual/Location accuracy: 61.82(285/461) 
[2026-09-18 20:20:16,594]-[trainutils.py line:492]:Epoch 3 - Audio-Visual/Comparative accuracy: 64.30(353/549) 
[2026-09-18 20:20:16,594]-[trainutils.py line:492]:Epoch 3 -    Audio-Visual/Temporal accuracy: 69.34(285/411) 
[2026-09-18 20:20:16,594]-[trainutils.py line:497]:Epoch 3 -             Audio-Visual accuracy: 69.87(1781/2549) 
[2026-09-18 20:20:16,594]-[trainutils.py line:501]:Epoch 3 -                    Total accuracy: 72.48(3311/4568) 
[2026-09-18 20:20:16,993]-[trainutils.py line:461]:Test progress:   0/95 
[2026-09-18 20:20:51,529]-[trainutils.py line:461]:Test progress:  95/95 
[2026-09-18 20:20:51,529]-[trainutils.py line:492]:Epoch 3 -           Audio/Counting accuracy: 76.71(392/511) 
[2026-09-18 20:20:51,529]-[trainutils.py line:492]:Epoch 3 -        Audio/Comparative accuracy: 60.00(177/295) 
[2026-09-18 20:20:51,529]-[trainutils.py line:497]:Epoch 3 -                    Audio accuracy: 70.60(569/806) 
[2026-09-18 20:20:51,530]-[trainutils.py line:492]:Epoch 3 -          Visual/Counting accuracy: 69.00(414/600) 
[2026-09-18 20:20:51,530]-[trainutils.py line:492]:Epoch 3 -          Visual/Location accuracy: 84.01(515/613) 
[2026-09-18 20:20:51,530]-[trainutils.py line:497]:Epoch 3 -                   Visual accuracy: 76.59(929/1213) 
[2026-09-18 20:20:51,530]-[trainutils.py line:492]:Epoch 3 - Audio-Visual/Existential accuracy: 82.22(407/495) 
[2026-09-18 20:20:51,531]-[trainutils.py line:492]:Epoch 3 -    Audio-Visual/Counting accuracy: 69.35(439/633) 
[2026-09-18 20:20:51,531]-[trainutils.py line:492]:Epoch 3 -    Audio-Visual/Location accuracy: 64.64(298/461) 
[2026-09-18 20:20:51,531]-[trainutils.py line:492]:Epoch 3 - Audio-Visual/Comparative accuracy: 59.74(328/549) 
[2026-09-18 20:20:51,531]-[trainutils.py line:492]:Epoch 3 -    Audio-Visual/Temporal accuracy: 72.75(299/411) 
[2026-09-18 20:20:51,531]-[trainutils.py line:497]:Epoch 3 -             Audio-Visual accuracy: 69.48(1771/2549) 
[2026-09-18 20:20:51,532]-[trainutils.py line:501]:Epoch 3 -                    Total accuracy: 71.56(3269/4568) 
[2026-09-18 20:20:51,570]-[train.py line:151]:best model saved at epoch 3 with acc 72.48248686514887 (raw) 
[2026-09-18 20:20:51,629]-[train.py line:167]:Epoch 3 done with 72.48 and loss 0.65234. 
[2026-09-18 20:20:51,629]-[train.py line:168]:At epoch3 best acc: 72.48. 
[2026-09-18 20:20:51,629]-[train.py line:102]:
-------------- training epoch 4 -------------- 
[2026-09-18 20:20:51,875]-[trainutils.py line:416]:[EST:    5.41m][Process Time:    0.06s]- Epoch: 4 [0000/1330 (  0%)]
	Losses: ce_loss-0.4483(0.4483) loss_tacl-0.0001(0.0001) loss_sacl-0.0158(0.0158) loss_event-0.0052(0.0052) loss_eviden
ce-0.0019(0.0019) loss_query_diversity-0.0044(0.0044) loss_position-0.0000(0.0000) total_loss-0.4483(0.4483) 
[2026-09-18 20:21:16,143]-[trainutils.py line:416]:[EST:    4.97m][Process Time:    0.05s]- Epoch: 4 [0100/1330 (  8%)]
	Losses: ce_loss-0.7282(0.5991) loss_tacl-0.0001(0.0001) loss_sacl-0.0158(0.0151) loss_event-0.0063(0.0054) loss_eviden
ce-0.0008(0.0006) loss_query_diversity-0.0044(0.0044) loss_position-0.0000(0.0000) total_loss-0.7282(0.5991) 
[2026-09-18 20:21:40,298]-[trainutils.py line:416]:[EST:    4.56m][Process Time:    0.05s]- Epoch: 4 [0200/1330 ( 15%)]
	Losses: ce_loss-0.5157(0.5981) loss_tacl-0.0001(0.0001) loss_sacl-0.0116(0.0147) loss_event-0.0050(0.0054) loss_eviden
ce-0.0002(0.0007) loss_query_diversity-0.0044(0.0044) loss_position-0.0000(0.0000) total_loss-0.5157(0.5981) 
[2026-09-18 20:22:05,408]-[trainutils.py line:416]:[EST:    4.20m][Process Time:    0.06s]- Epoch: 4 [0300/1330 ( 23%)]
	Losses: ce_loss-0.7354(0.6034) loss_tacl-0.0001(0.0001) loss_sacl-0.0132(0.0144) loss_event-0.0058(0.0054) loss_eviden
ce-0.0020(0.0006) loss_query_diversity-0.0045(0.0044) loss_position-0.0000(0.0000) total_loss-0.7354(0.6034) 
[2026-09-18 20:22:29,360]-[trainutils.py line:416]:[EST:    3.77m][Process Time:    0.06s]- Epoch: 4 [0400/1330 ( 30%)]
	Losses: ce_loss-0.8228(0.6082) loss_tacl-0.0001(0.0001) loss_sacl-0.0123(0.0143) loss_event-0.0043(0.0053) loss_eviden
ce-0.0024(0.0005) loss_query_diversity-0.0044(0.0044) loss_position-0.0000(0.0000) total_loss-0.8228(0.6082) 
[2026-09-18 20:22:53,384]-[trainutils.py line:416]:[EST:    3.36m][Process Time:    0.06s]- Epoch: 4 [0500/1330 ( 38%)]
	Losses: ce_loss-0.6733(0.6126) loss_tacl-0.0001(0.0001) loss_sacl-0.0161(0.0143) loss_event-0.0057(0.0053) loss_eviden
ce-0.0030(0.0005) loss_query_diversity-0.0044(0.0044) loss_position-0.0000(0.0000) total_loss-0.6733(0.6126) 
[2026-09-18 20:23:17,562]-[trainutils.py line:416]:[EST:    2.95m][Process Time:    0.06s]- Epoch: 4 [0600/1330 ( 45%)]
	Losses: ce_loss-0.6580(0.6139) loss_tacl-0.0001(0.0001) loss_sacl-0.0153(0.0144) loss_event-0.0064(0.0053) loss_eviden
ce-0.0006(0.0005) loss_query_diversity-0.0044(0.0044) loss_position-0.0000(0.0000) total_loss-0.6580(0.6139) 
[2026-09-18 20:23:42,542]-[trainutils.py line:416]:[EST:    2.56m][Process Time:    0.06s]- Epoch: 4 [0700/1330 ( 53%)]
	Losses: ce_loss-0.6238(0.6147) loss_tacl-0.0001(0.0001) loss_sacl-0.0128(0.0144) loss_event-0.0046(0.0053) loss_eviden
ce-0.0000(0.0005) loss_query_diversity-0.0044(0.0044) loss_position-0.0000(0.0000) total_loss-0.6238(0.6147) 
[2026-09-18 20:24:07,033]-[trainutils.py line:416]:[EST:    2.15m][Process Time:    0.06s]- Epoch: 4 [0800/1330 ( 60%)]
	Losses: ce_loss-0.6862(0.6165) loss_tacl-0.0001(0.0001) loss_sacl-0.0132(0.0143) loss_event-0.0047(0.0053) loss_eviden
ce-0.0022(0.0005) loss_query_diversity-0.0044(0.0044) loss_position-0.0000(0.0000) total_loss-0.6862(0.6165) 
[2026-09-18 20:24:31,224]-[trainutils.py line:416]:[EST:    1.74m][Process Time:    0.06s]- Epoch: 4 [0900/1330 ( 68%)]
	Losses: ce_loss-0.7466(0.6162) loss_tacl-0.0001(0.0001) loss_sacl-0.0151(0.0142) loss_event-0.0060(0.0053) loss_eviden
ce-0.0000(0.0005) loss_query_diversity-0.0044(0.0044) loss_position-0.0000(0.0000) total_loss-0.7466(0.6162) 
[2026-09-18 20:24:55,236]-[trainutils.py line:416]:[EST:    1.33m][Process Time:    0.06s]- Epoch: 4 [1000/1330 ( 75%)]
	Losses: ce_loss-0.6199(0.6160) loss_tacl-0.0001(0.0001) loss_sacl-0.0149(0.0142) loss_event-0.0065(0.0053) loss_eviden
ce-0.0004(0.0005) loss_query_diversity-0.0044(0.0044) loss_position-0.0000(0.0000) total_loss-0.6199(0.6160) 
[2026-09-18 20:25:19,410]-[trainutils.py line:416]:[EST:    0.93m][Process Time:    0.06s]- Epoch: 4 [1100/1330 ( 83%)]
	Losses: ce_loss-0.4597(0.6156) loss_tacl-0.0001(0.0001) loss_sacl-0.0117(0.0142) loss_event-0.0047(0.0053) loss_eviden
ce-0.0000(0.0005) loss_query_diversity-0.0044(0.0044) loss_position-0.0000(0.0000) total_loss-0.4597(0.6156) 
[2026-09-18 20:25:43,491]-[trainutils.py line:416]:[EST:    0.52m][Process Time:    0.05s]- Epoch: 4 [1200/1330 ( 90%)]
	Losses: ce_loss-0.4964(0.6152) loss_tacl-0.0001(0.0001) loss_sacl-0.0163(0.0141) loss_event-0.0061(0.0053) loss_eviden
ce-0.0006(0.0004) loss_query_diversity-0.0044(0.0044) loss_position-0.0000(0.0000) total_loss-0.4964(0.6152) 
[2026-09-18 20:26:07,470]-[trainutils.py line:416]:[EST:    0.12m][Process Time:    0.06s]- Epoch: 4 [1300/1330 ( 98%)]
	Losses: ce_loss-0.6013(0.6143) loss_tacl-0.0001(0.0001) loss_sacl-0.0151(0.0141) loss_event-0.0058(0.0052) loss_eviden
ce-0.0003(0.0004) loss_query_diversity-0.0044(0.0044) loss_position-0.0000(0.0000) total_loss-0.6013(0.6143) 
[2026-09-18 20:26:14,569]-[trainutils.py line:416]:[EST:   -0.00m][Process Time:    0.06s]- Epoch: 4 [1330/1330 (100%)]
	Losses: ce_loss-1.0560(0.6143) loss_tacl-0.0001(0.0001) loss_sacl-0.0162(0.0141) loss_event-0.0061(0.0052) loss_eviden
ce-0.0000(0.0004) loss_query_diversity-0.0044(0.0044) loss_position-0.0000(0.0000) total_loss-1.0560(0.6143) 
[2026-09-18 20:26:15,374]-[train.py line:106]:
-------------- validation epoch 4 -------------- 
[2026-09-18 20:26:15,711]-[trainutils.py line:461]:Test progress:   0/95 
[2026-09-18 20:26:50,583]-[trainutils.py line:461]:Test progress:  95/95 
[2026-09-18 20:26:50,585]-[trainutils.py line:492]:Epoch 4 -           Audio/Counting accuracy: 84.74(433/511) 
[2026-09-18 20:26:50,585]-[trainutils.py line:492]:Epoch 4 -        Audio/Comparative accuracy: 57.29(169/295) 
[2026-09-18 20:26:50,585]-[trainutils.py line:497]:Epoch 4 -                    Audio accuracy: 74.69(602/806) 
[2026-09-18 20:26:50,585]-[trainutils.py line:492]:Epoch 4 -          Visual/Counting accuracy: 77.50(465/600) 
[2026-09-18 20:26:50,586]-[trainutils.py line:492]:Epoch 4 -          Visual/Location accuracy: 86.79(532/613) 
[2026-09-18 20:26:50,586]-[trainutils.py line:497]:Epoch 4 -                   Visual accuracy: 82.19(997/1213) 
[2026-09-18 20:26:50,586]-[trainutils.py line:492]:Epoch 4 - Audio-Visual/Existential accuracy: 83.84(415/495) 
[2026-09-18 20:26:50,586]-[trainutils.py line:492]:Epoch 4 -    Audio-Visual/Counting accuracy: 73.14(463/633) 
[2026-09-18 20:26:50,586]-[trainutils.py line:492]:Epoch 4 -    Audio-Visual/Location accuracy: 66.38(306/461) 
[2026-09-18 20:26:50,586]-[trainutils.py line:492]:Epoch 4 - Audio-Visual/Comparative accuracy: 59.74(328/549) 
[2026-09-18 20:26:50,586]-[trainutils.py line:492]:Epoch 4 -    Audio-Visual/Temporal accuracy: 71.29(293/411) 
[2026-09-18 20:26:50,586]-[trainutils.py line:497]:Epoch 4 -             Audio-Visual accuracy: 70.81(1805/2549) 
[2026-09-18 20:26:50,587]-[trainutils.py line:501]:Epoch 4 -                    Total accuracy: 74.52(3404/4568) 
[2026-09-18 20:26:50,970]-[trainutils.py line:461]:Test progress:   0/95 
[2026-09-18 20:27:25,294]-[trainutils.py line:461]:Test progress:  95/95 
[2026-09-18 20:27:25,295]-[trainutils.py line:492]:Epoch 4 -           Audio/Counting accuracy: 81.21(415/511) 
[2026-09-18 20:27:25,295]-[trainutils.py line:492]:Epoch 4 -        Audio/Comparative accuracy: 59.32(175/295) 
[2026-09-18 20:27:25,295]-[trainutils.py line:497]:Epoch 4 -                    Audio accuracy: 73.20(590/806) 
[2026-09-18 20:27:25,295]-[trainutils.py line:492]:Epoch 4 -          Visual/Counting accuracy: 74.67(448/600) 
[2026-09-18 20:27:25,295]-[trainutils.py line:492]:Epoch 4 -          Visual/Location accuracy: 86.62(531/613) 
[2026-09-18 20:27:25,296]-[trainutils.py line:497]:Epoch 4 -                   Visual accuracy: 80.71(979/1213) 
[2026-09-18 20:27:25,296]-[trainutils.py line:492]:Epoch 4 - Audio-Visual/Existential accuracy: 83.43(413/495) 
[2026-09-18 20:27:25,296]-[trainutils.py line:492]:Epoch 4 -    Audio-Visual/Counting accuracy: 73.14(463/633) 
[2026-09-18 20:27:25,296]-[trainutils.py line:492]:Epoch 4 -    Audio-Visual/Location accuracy: 64.21(296/461) 
[2026-09-18 20:27:25,296]-[trainutils.py line:492]:Epoch 4 - Audio-Visual/Comparative accuracy: 62.11(341/549) 
[2026-09-18 20:27:25,296]-[trainutils.py line:492]:Epoch 4 -    Audio-Visual/Temporal accuracy: 73.48(302/411) 
[2026-09-18 20:27:25,296]-[trainutils.py line:497]:Epoch 4 -             Audio-Visual accuracy: 71.20(1815/2549) 
[2026-09-18 20:27:25,296]-[trainutils.py line:501]:Epoch 4 -                    Total accuracy: 74.08(3384/4568) 
[2026-09-18 20:27:25,338]-[train.py line:151]:best model saved at epoch 4 with acc 74.5183887915937 (raw) 
[2026-09-18 20:27:25,399]-[train.py line:167]:Epoch 4 done with 74.52 and loss 0.59375. 
[2026-09-18 20:27:25,399]-[train.py line:168]:At epoch4 best acc: 74.52. 
[2026-09-18 20:27:25,399]-[train.py line:102]:
-------------- training epoch 5 -------------- 
[2026-09-18 20:27:25,639]-[trainutils.py line:416]:[EST:    5.28m][Process Time:    0.05s]- Epoch: 5 [0000/1330 (  0%)]
	Losses: ce_loss-0.4687(0.4687) loss_tacl-0.0001(0.0001) loss_sacl-0.0126(0.0126) loss_event-0.0043(0.0043) loss_eviden
ce-0.0000(0.0000) loss_query_diversity-0.0044(0.0044) loss_position-0.0000(0.0000) total_loss-0.4687(0.4687) 
[2026-09-18 20:27:49,528]-[trainutils.py line:416]:[EST:    4.89m][Process Time:    0.06s]- Epoch: 5 [0100/1330 (  8%)]
	Losses: ce_loss-0.3917(0.5433) loss_tacl-0.0001(0.0001) loss_sacl-0.0131(0.0137) loss_event-0.0045(0.0051) loss_eviden
ce-0.0001(0.0003) loss_query_diversity-0.0044(0.0044) loss_position-0.0000(0.0000) total_loss-0.3917(0.5433) 
[2026-09-18 20:28:13,578]-[trainutils.py line:416]:[EST:    4.51m][Process Time:    0.06s]- Epoch: 5 [0200/1330 ( 15%)]
	Losses: ce_loss-0.7260(0.5440) loss_tacl-0.0001(0.0001) loss_sacl-0.0137(0.0137) loss_event-0.0061(0.0052) loss_eviden
ce-0.0000(0.0004) loss_query_diversity-0.0044(0.0044) loss_position-0.0000(0.0000) total_loss-0.7260(0.5440) 
[2026-09-18 20:28:37,630]-[trainutils.py line:416]:[EST:    4.12m][Process Time:    0.06s]- Epoch: 5 [0300/1330 ( 23%)]
	Losses: ce_loss-0.2912(0.5403) loss_tacl-0.0001(0.0001) loss_sacl-0.0117(0.0135) loss_event-0.0046(0.0052) loss_eviden
ce-0.0003(0.0004) loss_query_diversity-0.0044(0.0044) loss_position-0.0000(0.0000) total_loss-0.2912(0.5403) 
[2026-09-18 20:29:01,808]-[trainutils.py line:416]:[EST:    3.72m][Process Time:    0.06s]- Epoch: 5 [0400/1330 ( 30%)]
	Losses: ce_loss-0.9170(0.5497) loss_tacl-0.0001(0.0001) loss_sacl-0.0138(0.0134) loss_event-0.0046(0.0052) loss_eviden
ce-0.0000(0.0004) loss_query_diversity-0.0044(0.0044) loss_position-0.0000(0.0000) total_loss-0.9170(0.5497) 
[2026-09-18 20:29:25,924]-[trainutils.py line:416]:[EST:    3.32m][Process Time:    0.06s]- Epoch: 5 [0500/1330 ( 38%)]
	Losses: ce_loss-0.9056(0.5530) loss_tacl-0.0001(0.0001) loss_sacl-0.0132(0.0134) loss_event-0.0059(0.0052) loss_eviden
ce-0.0003(0.0004) loss_query_diversity-0.0044(0.0044) loss_position-0.0000(0.0000) total_loss-0.9056(0.5530) 
[2026-09-18 20:29:50,427]-[trainutils.py line:416]:[EST:    2.93m][Process Time:    0.06s]- Epoch: 5 [0600/1330 ( 45%)]
	Losses: ce_loss-0.5364(0.5501) loss_tacl-0.0001(0.0001) loss_sacl-0.0111(0.0132) loss_event-0.0046(0.0051) loss_eviden
ce-0.0000(0.0004) loss_query_diversity-0.0044(0.0044) loss_position-0.0000(0.0000) total_loss-0.5364(0.5501) 
[2026-09-18 20:30:14,445]-[trainutils.py line:416]:[EST:    2.53m][Process Time:    0.06s]- Epoch: 5 [0700/1330 ( 53%)]
	Losses: ce_loss-0.4961(0.5468) loss_tacl-0.0001(0.0001) loss_sacl-0.0141(0.0131) loss_event-0.0056(0.0051) loss_eviden
ce-0.0000(0.0004) loss_query_diversity-0.0044(0.0044) loss_position-0.0000(0.0000) total_loss-0.4961(0.5468) 
[2026-09-18 20:30:38,865]-[trainutils.py line:416]:[EST:    2.13m][Process Time:    0.06s]- Epoch: 5 [0800/1330 ( 60%)]
	Losses: ce_loss-0.6289(0.5487) loss_tacl-0.0001(0.0001) loss_sacl-0.0137(0.0131) loss_event-0.0059(0.0052) loss_eviden
ce-0.0000(0.0004) loss_query_diversity-0.0044(0.0044) loss_position-0.0000(0.0000) total_loss-0.6289(0.5487) 
[2026-09-18 20:31:03,074]-[trainutils.py line:416]:[EST:    1.73m][Process Time:    0.05s]- Epoch: 5 [0900/1330 ( 68%)]
	Losses: ce_loss-0.4663(0.5494) loss_tacl-0.0001(0.0001) loss_sacl-0.0136(0.0131) loss_event-0.0063(0.0052) loss_eviden
ce-0.0000(0.0004) loss_query_diversity-0.0044(0.0044) loss_position-0.0000(0.0000) total_loss-0.4663(0.5494) 
[2026-09-18 20:31:27,127]-[trainutils.py line:416]:[EST:    1.32m][Process Time:    0.06s]- Epoch: 5 [1000/1330 ( 75%)]
	Losses: ce_loss-0.5422(0.5502) loss_tacl-0.0001(0.0001) loss_sacl-0.0143(0.0132) loss_event-0.0069(0.0052) loss_eviden
ce-0.0000(0.0004) loss_query_diversity-0.0044(0.0044) loss_position-0.0000(0.0000) total_loss-0.5422(0.5502) 
[2026-09-18 20:31:51,955]-[trainutils.py line:416]:[EST:    0.92m][Process Time:    0.06s]- Epoch: 5 [1100/1330 ( 83%)]
	Losses: ce_loss-0.3169(0.5515) loss_tacl-0.0001(0.0001) loss_sacl-0.0121(0.0132) loss_event-0.0041(0.0053) loss_eviden
ce-0.0000(0.0004) loss_query_diversity-0.0044(0.0044) loss_position-0.0000(0.0000) total_loss-0.3169(0.5515) 
[2026-09-18 20:32:15,977]-[trainutils.py line:416]:[EST:    0.52m][Process Time:    0.05s]- Epoch: 5 [1200/1330 ( 90%)]
	Losses: ce_loss-0.6750(0.5504) loss_tacl-0.0001(0.0001) loss_sacl-0.0125(0.0132) loss_event-0.0049(0.0053) loss_eviden
ce-0.0004(0.0004) loss_query_diversity-0.0044(0.0044) loss_position-0.0000(0.0000) total_loss-0.6750(0.5504) 
[2026-09-18 20:32:39,645]-[trainutils.py line:416]:[EST:    0.12m][Process Time:    0.07s]- Epoch: 5 [1300/1330 ( 98%)]
	Losses: ce_loss-0.4346(0.5497) loss_tacl-0.0001(0.0001) loss_sacl-0.0127(0.0131) loss_event-0.0053(0.0053) loss_eviden
ce-0.0008(0.0004) loss_query_diversity-0.0044(0.0044) loss_position-0.0000(0.0000) total_loss-0.4346(0.5497) 
[2026-09-18 20:32:46,575]-[trainutils.py line:416]:[EST:   -0.00m][Process Time:    0.06s]- Epoch: 5 [1330/1330 (100%)]
	Losses: ce_loss-0.5336(0.5498) loss_tacl-0.0001(0.0001) loss_sacl-0.0103(0.0131) loss_event-0.0036(0.0053) loss_eviden
ce-0.0000(0.0004) loss_query_diversity-0.0044(0.0044) loss_position-0.0000(0.0000) total_loss-0.5336(0.5498) 
[2026-09-18 20:32:47,300]-[train.py line:106]:
-------------- validation epoch 5 -------------- 
[2026-09-18 20:32:47,621]-[trainutils.py line:461]:Test progress:   0/95 
[2026-09-18 20:33:21,743]-[trainutils.py line:461]:Test progress:  95/95 
[2026-09-18 20:33:21,744]-[trainutils.py line:492]:Epoch 5 -           Audio/Counting accuracy: 85.13(435/511) 
[2026-09-18 20:33:21,744]-[trainutils.py line:492]:Epoch 5 -        Audio/Comparative accuracy: 60.68(179/295) 
[2026-09-18 20:33:21,744]-[trainutils.py line:497]:Epoch 5 -                    Audio accuracy: 76.18(614/806) 
[2026-09-18 20:33:21,744]-[trainutils.py line:492]:Epoch 5 -          Visual/Counting accuracy: 79.17(475/600) 
[2026-09-18 20:33:21,744]-[trainutils.py line:492]:Epoch 5 -          Visual/Location accuracy: 83.52(512/613) 
[2026-09-18 20:33:21,745]-[trainutils.py line:497]:Epoch 5 -                   Visual accuracy: 81.37(987/1213) 
[2026-09-18 20:33:21,745]-[trainutils.py line:492]:Epoch 5 - Audio-Visual/Existential accuracy: 83.23(412/495) 
[2026-09-18 20:33:21,745]-[trainutils.py line:492]:Epoch 5 -    Audio-Visual/Counting accuracy: 76.15(482/633) 
[2026-09-18 20:33:21,745]-[trainutils.py line:492]:Epoch 5 -    Audio-Visual/Location accuracy: 68.55(316/461) 
[2026-09-18 20:33:21,746]-[trainutils.py line:492]:Epoch 5 - Audio-Visual/Comparative accuracy: 61.57(338/549) 
[2026-09-18 20:33:21,746]-[trainutils.py line:492]:Epoch 5 -    Audio-Visual/Temporal accuracy: 72.75(299/411) 
[2026-09-18 20:33:21,746]-[trainutils.py line:497]:Epoch 5 -             Audio-Visual accuracy: 72.46(1847/2549) 
[2026-09-18 20:33:21,747]-[trainutils.py line:501]:Epoch 5 -                    Total accuracy: 75.48(3448/4568) 
[2026-09-18 20:33:22,100]-[trainutils.py line:461]:Test progress:   0/95 
[2026-09-18 20:33:56,320]-[trainutils.py line:461]:Test progress:  95/95 
[2026-09-18 20:33:56,320]-[trainutils.py line:492]:Epoch 5 -           Audio/Counting accuracy: 84.74(433/511) 
[2026-09-18 20:33:56,320]-[trainutils.py line:492]:Epoch 5 -        Audio/Comparative accuracy: 59.66(176/295) 
[2026-09-18 20:33:56,321]-[trainutils.py line:497]:Epoch 5 -                    Audio accuracy: 75.56(609/806) 
[2026-09-18 20:33:56,321]-[trainutils.py line:492]:Epoch 5 -          Visual/Counting accuracy: 78.67(472/600) 
[2026-09-18 20:33:56,321]-[trainutils.py line:492]:Epoch 5 -          Visual/Location accuracy: 87.28(535/613) 
[2026-09-18 20:33:56,321]-[trainutils.py line:497]:Epoch 5 -                   Visual accuracy: 83.02(1007/1213) 
[2026-09-18 20:33:56,321]-[trainutils.py line:492]:Epoch 5 - Audio-Visual/Existential accuracy: 84.24(417/495) 
[2026-09-18 20:33:56,322]-[trainutils.py line:492]:Epoch 5 -    Audio-Visual/Counting accuracy: 75.36(477/633) 
[2026-09-18 20:33:56,322]-[trainutils.py line:492]:Epoch 5 -    Audio-Visual/Location accuracy: 65.51(302/461) 
[2026-09-18 20:33:56,322]-[trainutils.py line:492]:Epoch 5 - Audio-Visual/Comparative accuracy: 62.66(344/549) 
[2026-09-18 20:33:56,322]-[trainutils.py line:492]:Epoch 5 -    Audio-Visual/Temporal accuracy: 73.72(303/411) 
[2026-09-18 20:33:56,322]-[trainutils.py line:497]:Epoch 5 -             Audio-Visual accuracy: 72.30(1843/2549) 
[2026-09-18 20:33:56,322]-[trainutils.py line:501]:Epoch 5 -                    Total accuracy: 75.72(3459/4568) 
[2026-09-18 20:33:56,377]-[train.py line:151]:best model saved at epoch 5 with acc 75.72241681260947 (ema) 
[2026-09-18 20:33:56,438]-[train.py line:167]:Epoch 5 done with 75.72 and loss 0.56250. 
[2026-09-18 20:33:56,438]-[train.py line:168]:At epoch5 best acc: 75.72. 
[2026-09-18 20:33:56,438]-[train.py line:102]:
-------------- training epoch 6 -------------- 
[2026-09-18 20:33:56,680]-[trainutils.py line:416]:[EST:    5.27m][Process Time:    0.05s]- Epoch: 6 [0000/1330 (  0%)]
	Losses: ce_loss-0.2463(0.2463) loss_tacl-0.0001(0.0001) loss_sacl-0.0111(0.0111) loss_event-0.0042(0.0042) loss_eviden
ce-0.0000(0.0000) loss_query_diversity-0.0044(0.0044) loss_position-0.0000(0.0000) total_loss-0.2463(0.2463) 
[2026-09-18 20:34:20,739]-[trainutils.py line:416]:[EST:    4.93m][Process Time:    0.05s]- Epoch: 6 [0100/1330 (  8%)]
	Losses: ce_loss-0.7449(0.4914) loss_tacl-0.0001(0.0001) loss_sacl-0.0128(0.0128) loss_event-0.0056(0.0052) loss_eviden
ce-0.0000(0.0002) loss_query_diversity-0.0044(0.0044) loss_position-0.0000(0.0000) total_loss-0.7449(0.4914) 
[2026-09-18 20:34:44,759]-[trainutils.py line:416]:[EST:    4.52m][Process Time:    0.06s]- Epoch: 6 [0200/1330 ( 15%)]
	Losses: ce_loss-0.3425(0.4857) loss_tacl-0.0001(0.0001) loss_sacl-0.0121(0.0127) loss_event-0.0050(0.0053) loss_eviden
ce-0.0004(0.0003) loss_query_diversity-0.0044(0.0044) loss_position-0.0000(0.0000) total_loss-0.3425(0.4857) 
[2026-09-18 20:35:08,990]-[trainutils.py line:416]:[EST:    4.13m][Process Time:    0.06s]- Epoch: 6 [0300/1330 ( 23%)]
	Losses: ce_loss-0.5354(0.4900) loss_tacl-0.0001(0.0001) loss_sacl-0.0138(0.0127) loss_event-0.0060(0.0054) loss_eviden
ce-0.0002(0.0003) loss_query_diversity-0.0043(0.0044) loss_position-0.0000(0.0000) total_loss-0.5354(0.4900) 
[2026-09-18 20:35:33,000]-[trainutils.py line:416]:[EST:    3.73m][Process Time:    0.06s]- Epoch: 6 [0400/1330 ( 30%)]
	Losses: ce_loss-0.3677(0.4882) loss_tacl-0.0001(0.0001) loss_sacl-0.0142(0.0127) loss_event-0.0062(0.0055) loss_eviden
ce-0.0000(0.0003) loss_query_diversity-0.0044(0.0044) loss_position-0.0000(0.0000) total_loss-0.3677(0.4882) 
[2026-09-18 20:35:56,850]-[trainutils.py line:416]:[EST:    3.32m][Process Time:    0.06s]- Epoch: 6 [0500/1330 ( 38%)]
	Losses: ce_loss-0.6856(0.4927) loss_tacl-0.0001(0.0001) loss_sacl-0.0136(0.0127) loss_event-0.0073(0.0055) loss_eviden
ce-0.0004(0.0003) loss_query_diversity-0.0044(0.0044) loss_position-0.0000(0.0000) total_loss-0.6856(0.4927) 
[2026-09-18 20:36:20,791]-[trainutils.py line:416]:[EST:    2.92m][Process Time:    0.06s]- Epoch: 6 [0600/1330 ( 45%)]
	Losses: ce_loss-0.3643(0.4944) loss_tacl-0.0001(0.0001) loss_sacl-0.0109(0.0127) loss_event-0.0053(0.0055) loss_eviden
ce-0.0000(0.0003) loss_query_diversity-0.0043(0.0044) loss_position-0.0000(0.0000) total_loss-0.3643(0.4944) 
[2026-09-18 20:36:44,646]-[trainutils.py line:416]:[EST:    2.52m][Process Time:    0.06s]- Epoch: 6 [0700/1330 ( 53%)]
	Losses: ce_loss-0.3255(0.4937) loss_tacl-0.0001(0.0001) loss_sacl-0.0121(0.0126) loss_event-0.0057(0.0055) loss_eviden
ce-0.0002(0.0003) loss_query_diversity-0.0043(0.0044) loss_position-0.0000(0.0000) total_loss-0.3255(0.4937) 
[2026-09-18 20:37:08,457]-[trainutils.py line:416]:[EST:    2.11m][Process Time:    0.06s]- Epoch: 6 [0800/1330 ( 60%)]
	Losses: ce_loss-0.3447(0.4914) loss_tacl-0.0001(0.0001) loss_sacl-0.0117(0.0126) loss_event-0.0042(0.0055) loss_eviden
ce-0.0002(0.0003) loss_query_diversity-0.0044(0.0044) loss_position-0.0000(0.0000) total_loss-0.3447(0.4914) 
[2026-09-18 20:37:32,210]-[trainutils.py line:416]:[EST:    1.71m][Process Time:    0.06s]- Epoch: 6 [0900/1330 ( 68%)]
	Losses: ce_loss-0.4158(0.4925) loss_tacl-0.0001(0.0001) loss_sacl-0.0109(0.0125) loss_event-0.0050(0.0055) loss_eviden
ce-0.0000(0.0003) loss_query_diversity-0.0044(0.0044) loss_position-0.0000(0.0000) total_loss-0.4158(0.4925) 
[2026-09-18 20:37:56,438]-[trainutils.py line:416]:[EST:    1.31m][Process Time:    0.06s]- Epoch: 6 [1000/1330 ( 75%)]
	Losses: ce_loss-0.3687(0.4933) loss_tacl-0.0001(0.0001) loss_sacl-0.0138(0.0125) loss_event-0.0060(0.0055) loss_eviden
ce-0.0000(0.0003) loss_query_diversity-0.0044(0.0044) loss_position-0.0000(0.0000) total_loss-0.3687(0.4933) 
[2026-09-18 20:38:20,748]-[trainutils.py line:416]:[EST:    0.92m][Process Time:    0.06s]- Epoch: 6 [1100/1330 ( 83%)]
	Losses: ce_loss-0.7714(0.4948) loss_tacl-0.0001(0.0001) loss_sacl-0.0108(0.0125) loss_event-0.0052(0.0055) loss_eviden
ce-0.0000(0.0003) loss_query_diversity-0.0044(0.0044) loss_position-0.0000(0.0000) total_loss-0.7714(0.4948) 
[2026-09-18 20:38:44,933]-[trainutils.py line:416]:[EST:    0.52m][Process Time:    0.06s]- Epoch: 6 [1200/1330 ( 90%)]
	Losses: ce_loss-0.3354(0.4959) loss_tacl-0.0001(0.0001) loss_sacl-0.0124(0.0125) loss_event-0.0049(0.0055) loss_eviden
ce-0.0000(0.0003) loss_query_diversity-0.0044(0.0044) loss_position-0.0000(0.0000) total_loss-0.3354(0.4959) 
[2026-09-18 20:39:09,012]-[trainutils.py line:416]:[EST:    0.12m][Process Time:    0.06s]- Epoch: 6 [1300/1330 ( 98%)]
	Losses: ce_loss-0.4927(0.4962) loss_tacl-0.0001(0.0001) loss_sacl-0.0126(0.0124) loss_event-0.0051(0.0055) loss_eviden
ce-0.0000(0.0003) loss_query_diversity-0.0044(0.0044) loss_position-0.0000(0.0000) total_loss-0.4927(0.4962) 
[2026-09-18 20:39:16,191]-[trainutils.py line:416]:[EST:   -0.00m][Process Time:    0.06s]- Epoch: 6 [1330/1330 (100%)]
	Losses: ce_loss-0.6993(0.4962) loss_tacl-0.0001(0.0001) loss_sacl-0.0128(0.0124) loss_event-0.0065(0.0055) loss_eviden
ce-0.0000(0.0003) loss_query_diversity-0.0043(0.0044) loss_position-0.0000(0.0000) total_loss-0.6993(0.4962) 
[2026-09-18 20:39:16,950]-[train.py line:106]:
-------------- validation epoch 6 -------------- 
[2026-09-18 20:39:17,303]-[trainutils.py line:461]:Test progress:   0/95 
[2026-09-18 20:39:52,136]-[trainutils.py line:461]:Test progress:  95/95 
[2026-09-18 20:39:52,137]-[trainutils.py line:492]:Epoch 6 -           Audio/Counting accuracy: 85.52(437/511) 
[2026-09-18 20:39:52,137]-[trainutils.py line:492]:Epoch 6 -        Audio/Comparative accuracy: 58.98(174/295) 
[2026-09-18 20:39:52,137]-[trainutils.py line:497]:Epoch 6 -                    Audio accuracy: 75.81(611/806) 
[2026-09-18 20:39:52,137]-[trainutils.py line:492]:Epoch 6 -          Visual/Counting accuracy: 81.17(487/600) 
[2026-09-18 20:39:52,137]-[trainutils.py line:492]:Epoch 6 -          Visual/Location accuracy: 86.13(528/613) 
[2026-09-18 20:39:52,137]-[trainutils.py line:497]:Epoch 6 -                   Visual accuracy: 83.68(1015/1213) 
[2026-09-18 20:39:52,139]-[trainutils.py line:492]:Epoch 6 - Audio-Visual/Existential accuracy: 82.42(408/495) 
[2026-09-18 20:39:52,139]-[trainutils.py line:492]:Epoch 6 -    Audio-Visual/Counting accuracy: 76.62(485/633) 
[2026-09-18 20:39:52,139]-[trainutils.py line:492]:Epoch 6 -    Audio-Visual/Location accuracy: 65.08(300/461) 
[2026-09-18 20:39:52,140]-[trainutils.py line:492]:Epoch 6 - Audio-Visual/Comparative accuracy: 63.39(348/549) 
[2026-09-18 20:39:52,140]-[trainutils.py line:492]:Epoch 6 -    Audio-Visual/Temporal accuracy: 70.56(290/411) 
[2026-09-18 20:39:52,140]-[trainutils.py line:497]:Epoch 6 -             Audio-Visual accuracy: 71.83(1831/2549) 
[2026-09-18 20:39:52,140]-[trainutils.py line:501]:Epoch 6 -                    Total accuracy: 75.68(3457/4568) 
[2026-09-18 20:39:52,524]-[trainutils.py line:461]:Test progress:   0/95 
[2026-09-18 20:40:26,940]-[trainutils.py line:461]:Test progress:  95/95 
[2026-09-18 20:40:26,941]-[trainutils.py line:492]:Epoch 6 -           Audio/Counting accuracy: 86.89(444/511) 
[2026-09-18 20:40:26,941]-[trainutils.py line:492]:Epoch 6 -        Audio/Comparative accuracy: 61.36(181/295) 
[2026-09-18 20:40:26,942]-[trainutils.py line:497]:Epoch 6 -                    Audio accuracy: 77.54(625/806) 
[2026-09-18 20:40:26,942]-[trainutils.py line:492]:Epoch 6 -          Visual/Counting accuracy: 80.00(480/600) 
[2026-09-18 20:40:26,942]-[trainutils.py line:492]:Epoch 6 -          Visual/Location accuracy: 88.74(544/613) 
[2026-09-18 20:40:26,942]-[trainutils.py line:497]:Epoch 6 -                   Visual accuracy: 84.42(1024/1213) 
[2026-09-18 20:40:26,942]-[trainutils.py line:492]:Epoch 6 - Audio-Visual/Existential accuracy: 84.44(418/495) 
[2026-09-18 20:40:26,942]-[trainutils.py line:492]:Epoch 6 -    Audio-Visual/Counting accuracy: 77.73(492/633) 
[2026-09-18 20:40:26,942]-[trainutils.py line:492]:Epoch 6 -    Audio-Visual/Location accuracy: 65.94(304/461) 
[2026-09-18 20:40:26,942]-[trainutils.py line:492]:Epoch 6 - Audio-Visual/Comparative accuracy: 63.02(346/549) 
[2026-09-18 20:40:26,944]-[trainutils.py line:492]:Epoch 6 -    Audio-Visual/Temporal accuracy: 73.97(304/411) 
[2026-09-18 20:40:26,944]-[trainutils.py line:497]:Epoch 6 -             Audio-Visual accuracy: 73.13(1864/2549) 
[2026-09-18 20:40:26,944]-[trainutils.py line:501]:Epoch 6 -                    Total accuracy: 76.90(3513/4568) 
[2026-09-18 20:40:26,989]-[train.py line:151]:best model saved at epoch 6 with acc 76.9045534150613 (ema) 
[2026-09-18 20:40:27,049]-[train.py line:167]:Epoch 6 done with 76.90 and loss 0.54297. 
[2026-09-18 20:40:27,049]-[train.py line:168]:At epoch6 best acc: 76.90. 
[2026-09-18 20:40:27,049]-[train.py line:102]:
-------------- training epoch 7 -------------- 
[2026-09-18 20:40:27,291]-[trainutils.py line:416]:[EST:    5.28m][Process Time:    0.06s]- Epoch: 7 [0000/1330 (  0%)]
	Losses: ce_loss-0.3877(0.3877) loss_tacl-0.0001(0.0001) loss_sacl-0.0121(0.0121) loss_event-0.0047(0.0047) loss_eviden
ce-0.0000(0.0000) loss_query_diversity-0.0044(0.0044) loss_position-0.0000(0.0000) total_loss-0.3877(0.3877) 
[2026-09-18 20:40:51,126]-[trainutils.py line:416]:[EST:    4.88m][Process Time:    0.06s]- Epoch: 7 [0100/1330 (  8%)]
	Losses: ce_loss-0.4275(0.4446) loss_tacl-0.0001(0.0001) loss_sacl-0.0132(0.0122) loss_event-0.0059(0.0055) loss_eviden
ce-0.0000(0.0003) loss_query_diversity-0.0043(0.0044) loss_position-0.0000(0.0000) total_loss-0.4275(0.4446) 
[2026-09-18 20:41:14,650]-[trainutils.py line:416]:[EST:    4.46m][Process Time:    0.06s]- Epoch: 7 [0200/1330 ( 15%)]
	Losses: ce_loss-0.3475(0.4477) loss_tacl-0.0001(0.0001) loss_sacl-0.0135(0.0122) loss_event-0.0064(0.0056) loss_eviden
ce-0.0001(0.0003) loss_query_diversity-0.0044(0.0044) loss_position-0.0000(0.0000) total_loss-0.3475(0.4477) 
[2026-09-18 20:41:38,559]-[trainutils.py line:416]:[EST:    4.07m][Process Time:    0.07s]- Epoch: 7 [0300/1330 ( 23%)]
	Losses: ce_loss-0.5248(0.4414) loss_tacl-0.0001(0.0001) loss_sacl-0.0132(0.0122) loss_event-0.0060(0.0056) loss_eviden
ce-0.0000(0.0003) loss_query_diversity-0.0043(0.0044) loss_position-0.0000(0.0000) total_loss-0.5248(0.4414) 
[2026-09-18 20:42:02,405]-[trainutils.py line:416]:[EST:    3.68m][Process Time:    0.05s]- Epoch: 7 [0400/1330 ( 30%)]
	Losses: ce_loss-0.3032(0.4412) loss_tacl-0.0001(0.0001) loss_sacl-0.0109(0.0122) loss_event-0.0060(0.0057) loss_eviden
ce-0.0002(0.0003) loss_query_diversity-0.0044(0.0044) loss_position-0.0000(0.0000) total_loss-0.3032(0.4412) 
[2026-09-18 20:42:26,166]-[trainutils.py line:416]:[EST:    3.28m][Process Time:    0.06s]- Epoch: 7 [0500/1330 ( 38%)]
	Losses: ce_loss-0.2301(0.4473) loss_tacl-0.0001(0.0001) loss_sacl-0.0132(0.0121) loss_event-0.0061(0.0057) loss_eviden
ce-0.0000(0.0003) loss_query_diversity-0.0044(0.0044) loss_position-0.0000(0.0000) total_loss-0.2301(0.4473) 
[2026-09-18 20:42:50,055]-[trainutils.py line:416]:[EST:    2.89m][Process Time:    0.06s]- Epoch: 7 [0600/1330 ( 45%)]
	Losses: ce_loss-0.4084(0.4451) loss_tacl-0.0001(0.0001) loss_sacl-0.0110(0.0121) loss_event-0.0052(0.0057) loss_eviden
ce-0.0000(0.0003) loss_query_diversity-0.0044(0.0044) loss_position-0.0000(0.0000) total_loss-0.4084(0.4451) 
[2026-09-18 20:43:14,098]-[trainutils.py line:416]:[EST:    2.50m][Process Time:    0.06s]- Epoch: 7 [0700/1330 ( 53%)]
	Losses: ce_loss-0.3862(0.4433) loss_tacl-0.0001(0.0001) loss_sacl-0.0109(0.0121) loss_event-0.0042(0.0057) loss_eviden
ce-0.0000(0.0003) loss_query_diversity-0.0044(0.0044) loss_position-0.0000(0.0000) total_loss-0.3862(0.4433) 
[2026-09-18 20:43:38,012]-[trainutils.py line:416]:[EST:    2.10m][Process Time:    0.06s]- Epoch: 7 [0800/1330 ( 60%)]
	Losses: ce_loss-0.1996(0.4429) loss_tacl-0.0001(0.0001) loss_sacl-0.0114(0.0121) loss_event-0.0056(0.0057) loss_eviden
ce-0.0006(0.0002) loss_query_diversity-0.0044(0.0044) loss_position-0.0000(0.0000) total_loss-0.1996(0.4429) 
[2026-09-18 20:44:01,736]-[trainutils.py line:416]:[EST:    1.70m][Process Time:    0.06s]- Epoch: 7 [0900/1330 ( 68%)]
	Losses: ce_loss-0.3355(0.4433) loss_tacl-0.0001(0.0001) loss_sacl-0.0132(0.0120) loss_event-0.0060(0.0057) loss_eviden
ce-0.0000(0.0002) loss_query_diversity-0.0043(0.0044) loss_position-0.0000(0.0000) total_loss-0.3355(0.4433) 
[2026-09-18 20:44:26,823]-[trainutils.py line:416]:[EST:    1.31m][Process Time:    0.06s]- Epoch: 7 [1000/1330 ( 75%)]
	Losses: ce_loss-0.5626(0.4440) loss_tacl-0.0001(0.0001) loss_sacl-0.0108(0.0120) loss_event-0.0048(0.0056) loss_eviden
ce-0.0000(0.0002) loss_query_diversity-0.0044(0.0044) loss_position-0.0000(0.0000) total_loss-0.5626(0.4440) 
[2026-09-18 20:44:49,265]-[trainutils.py line:416]:[EST:    0.91m][Process Time:    0.06s]- Epoch: 7 [1100/1330 ( 83%)]
	Losses: ce_loss-0.4566(0.4443) loss_tacl-0.0001(0.0001) loss_sacl-0.0115(0.0120) loss_event-0.0038(0.0056) loss_eviden
ce-0.0000(0.0002) loss_query_diversity-0.0043(0.0044) loss_position-0.0000(0.0000) total_loss-0.4566(0.4443) 
[2026-09-18 20:45:12,316]-[trainutils.py line:416]:[EST:    0.51m][Process Time:    0.05s]- Epoch: 7 [1200/1330 ( 90%)]
	Losses: ce_loss-0.3668(0.4440) loss_tacl-0.0001(0.0001) loss_sacl-0.0123(0.0120) loss_event-0.0060(0.0056) loss_eviden
ce-0.0000(0.0002) loss_query_diversity-0.0043(0.0044) loss_position-0.0000(0.0000) total_loss-0.3668(0.4440) 
[2026-09-18 20:45:36,000]-[trainutils.py line:416]:[EST:    0.11m][Process Time:    0.06s]- Epoch: 7 [1300/1330 ( 98%)]
	Losses: ce_loss-0.4186(0.4459) loss_tacl-0.0001(0.0001) loss_sacl-0.0123(0.0119) loss_event-0.0060(0.0056) loss_eviden
ce-0.0000(0.0002) loss_query_diversity-0.0044(0.0044) loss_position-0.0000(0.0000) total_loss-0.4186(0.4459) 
[2026-09-18 20:45:43,115]-[trainutils.py line:416]:[EST:   -0.00m][Process Time:    0.06s]- Epoch: 7 [1330/1330 (100%)]
	Losses: ce_loss-1.0798(0.4475) loss_tacl-0.0001(0.0001) loss_sacl-0.0098(0.0119) loss_event-0.0052(0.0056) loss_eviden
ce-0.0005(0.0002) loss_query_diversity-0.0043(0.0044) loss_position-0.0000(0.0000) total_loss-1.0798(0.4475) 
[2026-09-18 20:45:43,889]-[train.py line:106]:
-------------- validation epoch 7 -------------- 
[2026-09-18 20:45:44,250]-[trainutils.py line:461]:Test progress:   0/95 
[2026-09-18 20:46:17,901]-[trainutils.py line:461]:Test progress:  95/95 
[2026-09-18 20:46:17,903]-[trainutils.py line:492]:Epoch 7 -           Audio/Counting accuracy: 86.30(441/511) 
[2026-09-18 20:46:17,904]-[trainutils.py line:492]:Epoch 7 -        Audio/Comparative accuracy: 56.95(168/295) 
[2026-09-18 20:46:17,904]-[trainutils.py line:497]:Epoch 7 -                    Audio accuracy: 75.56(609/806) 
[2026-09-18 20:46:17,904]-[trainutils.py line:492]:Epoch 7 -          Visual/Counting accuracy: 81.67(490/600) 
[2026-09-18 20:46:17,904]-[trainutils.py line:492]:Epoch 7 -          Visual/Location accuracy: 88.25(541/613) 
[2026-09-18 20:46:17,904]-[trainutils.py line:497]:Epoch 7 -                   Visual accuracy: 85.00(1031/1213) 
[2026-09-18 20:46:17,904]-[trainutils.py line:492]:Epoch 7 - Audio-Visual/Existential accuracy: 83.64(414/495) 
[2026-09-18 20:46:17,905]-[trainutils.py line:492]:Epoch 7 -    Audio-Visual/Counting accuracy: 78.04(494/633) 
[2026-09-18 20:46:17,905]-[trainutils.py line:492]:Epoch 7 -    Audio-Visual/Location accuracy: 62.69(289/461) 
[2026-09-18 20:46:17,905]-[trainutils.py line:492]:Epoch 7 - Audio-Visual/Comparative accuracy: 62.30(342/549) 
[2026-09-18 20:46:17,905]-[trainutils.py line:492]:Epoch 7 -    Audio-Visual/Temporal accuracy: 71.78(295/411) 
[2026-09-18 20:46:17,905]-[trainutils.py line:497]:Epoch 7 -             Audio-Visual accuracy: 71.95(1834/2549) 
[2026-09-18 20:46:17,905]-[trainutils.py line:501]:Epoch 7 -                    Total accuracy: 76.05(3474/4568) 
[2026-09-18 20:46:18,287]-[trainutils.py line:461]:Test progress:   0/95 
[2026-09-18 20:46:52,552]-[trainutils.py line:461]:Test progress:  95/95 
[2026-09-18 20:46:52,553]-[trainutils.py line:492]:Epoch 7 -           Audio/Counting accuracy: 87.48(447/511) 
[2026-09-18 20:46:52,553]-[trainutils.py line:492]:Epoch 7 -        Audio/Comparative accuracy: 61.36(181/295) 
[2026-09-18 20:46:52,554]-[trainutils.py line:497]:Epoch 7 -                    Audio accuracy: 77.92(628/806) 
[2026-09-18 20:46:52,554]-[trainutils.py line:492]:Epoch 7 -          Visual/Counting accuracy: 81.83(491/600) 
[2026-09-18 20:46:52,554]-[trainutils.py line:492]:Epoch 7 -          Visual/Location accuracy: 88.91(545/613) 
[2026-09-18 20:46:52,555]-[trainutils.py line:497]:Epoch 7 -                   Visual accuracy: 85.41(1036/1213) 
[2026-09-18 20:46:52,555]-[trainutils.py line:492]:Epoch 7 - Audio-Visual/Existential accuracy: 84.04(416/495) 
[2026-09-18 20:46:52,555]-[trainutils.py line:492]:Epoch 7 -    Audio-Visual/Counting accuracy: 78.20(495/633) 
[2026-09-18 20:46:52,555]-[trainutils.py line:492]:Epoch 7 -    Audio-Visual/Location accuracy: 65.94(304/461) 
[2026-09-18 20:46:52,555]-[trainutils.py line:492]:Epoch 7 - Audio-Visual/Comparative accuracy: 63.57(349/549) 
[2026-09-18 20:46:52,556]-[trainutils.py line:492]:Epoch 7 -    Audio-Visual/Temporal accuracy: 73.48(302/411) 
[2026-09-18 20:46:52,556]-[trainutils.py line:497]:Epoch 7 -             Audio-Visual accuracy: 73.21(1866/2549) 
[2026-09-18 20:46:52,556]-[trainutils.py line:501]:Epoch 7 -                    Total accuracy: 77.28(3530/4568) 
[2026-09-18 20:46:52,599]-[train.py line:151]:best model saved at epoch 7 with acc 77.27670753064798 (ema) 
[2026-09-18 20:46:52,655]-[train.py line:167]:Epoch 7 done with 77.28 and loss 0.53516. 
[2026-09-18 20:46:52,655]-[train.py line:168]:At epoch7 best acc: 77.28. 
[2026-09-18 20:46:52,655]-[train.py line:102]:
-------------- training epoch 8 -------------- 
[2026-09-18 20:46:52,898]-[trainutils.py line:416]:[EST:    5.31m][Process Time:    0.06s]- Epoch: 8 [0000/1330 (  0%)]
	Losses: ce_loss-0.5656(0.5656) loss_tacl-0.0001(0.0001) loss_sacl-0.0119(0.0119) loss_event-0.0067(0.0067) loss_eviden
ce-0.0000(0.0000) loss_query_diversity-0.0044(0.0044) loss_position-0.0000(0.0000) total_loss-0.5656(0.5656) 
[2026-09-18 20:47:16,441]-[trainutils.py line:416]:[EST:    4.82m][Process Time:    0.06s]- Epoch: 8 [0100/1330 (  8%)]
	Losses: ce_loss-0.2392(0.4131) loss_tacl-0.0001(0.0001) loss_sacl-0.0118(0.0117) loss_event-0.0058(0.0056) loss_eviden
ce-0.0000(0.0002) loss_query_diversity-0.0044(0.0043) loss_position-0.0000(0.0000) total_loss-0.2392(0.4131) 
[2026-09-18 20:47:39,985]-[trainutils.py line:416]:[EST:    4.43m][Process Time:    0.06s]- Epoch: 8 [0200/1330 ( 15%)]
	Losses: ce_loss-0.4699(0.4083) loss_tacl-0.0001(0.0001) loss_sacl-0.0129(0.0118) loss_event-0.0058(0.0055) loss_eviden
ce-0.0002(0.0001) loss_query_diversity-0.0043(0.0044) loss_position-0.0000(0.0000) total_loss-0.4699(0.4083) 
[2026-09-18 20:48:03,657]-[trainutils.py line:416]:[EST:    4.05m][Process Time:    0.06s]- Epoch: 8 [0300/1330 ( 23%)]
	Losses: ce_loss-0.5508(0.4071) loss_tacl-0.0001(0.0001) loss_sacl-0.0125(0.0118) loss_event-0.0065(0.0056) loss_eviden
ce-0.0000(0.0001) loss_query_diversity-0.0044(0.0044) loss_position-0.0000(0.0000) total_loss-0.5508(0.4071) 
[2026-09-18 20:48:27,184]-[trainutils.py line:416]:[EST:    3.65m][Process Time:    0.06s]- Epoch: 8 [0400/1330 ( 30%)]
	Losses: ce_loss-0.4758(0.4036) loss_tacl-0.0001(0.0001) loss_sacl-0.0119(0.0117) loss_event-0.0050(0.0056) loss_eviden
ce-0.0002(0.0001) loss_query_diversity-0.0043(0.0044) loss_position-0.0000(0.0000) total_loss-0.4758(0.4036) 
[2026-09-18 20:48:50,797]-[trainutils.py line:416]:[EST:    3.26m][Process Time:    0.06s]- Epoch: 8 [0500/1330 ( 38%)]
	Losses: ce_loss-0.2509(0.4037) loss_tacl-0.0001(0.0001) loss_sacl-0.0110(0.0117) loss_event-0.0045(0.0056) loss_eviden
ce-0.0000(0.0001) loss_query_diversity-0.0044(0.0044) loss_position-0.0000(0.0000) total_loss-0.2509(0.4037) 
[2026-09-18 20:49:15,799]-[trainutils.py line:416]:[EST:    2.89m][Process Time:    0.06s]- Epoch: 8 [0600/1330 ( 45%)]
	Losses: ce_loss-0.3726(0.3998) loss_tacl-0.0001(0.0001) loss_sacl-0.0115(0.0116) loss_event-0.0054(0.0056) loss_eviden
ce-0.0000(0.0001) loss_query_diversity-0.0044(0.0044) loss_position-0.0000(0.0000) total_loss-0.3726(0.3998) 
[2026-09-18 20:49:39,408]-[trainutils.py line:416]:[EST:    2.49m][Process Time:    0.05s]- Epoch: 8 [0700/1330 ( 53%)]
	Losses: ce_loss-0.4700(0.3999) loss_tacl-0.0001(0.0001) loss_sacl-0.0111(0.0116) loss_event-0.0056(0.0056) loss_eviden
ce-0.0000(0.0001) loss_query_diversity-0.0043(0.0044) loss_position-0.0000(0.0000) total_loss-0.4700(0.3999) 
[2026-09-18 20:50:02,918]-[trainutils.py line:416]:[EST:    2.09m][Process Time:    0.06s]- Epoch: 8 [0800/1330 ( 60%)]
	Losses: ce_loss-0.2740(0.3994) loss_tacl-0.0001(0.0001) loss_sacl-0.0114(0.0116) loss_event-0.0055(0.0056) loss_eviden
ce-0.0000(0.0001) loss_query_diversity-0.0044(0.0044) loss_position-0.0000(0.0000) total_loss-0.2740(0.3994) 
[2026-09-18 20:50:26,767]-[trainutils.py line:416]:[EST:    1.70m][Process Time:    0.06s]- Epoch: 8 [0900/1330 ( 68%)]
	Losses: ce_loss-0.2311(0.3999) loss_tacl-0.0001(0.0001) loss_sacl-0.0115(0.0116) loss_event-0.0062(0.0056) loss_eviden
ce-0.0000(0.0001) loss_query_diversity-0.0043(0.0044) loss_position-0.0000(0.0000) total_loss-0.2311(0.3999) 
[2026-09-18 20:50:51,408]-[trainutils.py line:416]:[EST:    1.31m][Process Time:    0.06s]- Epoch: 8 [1000/1330 ( 75%)]
	Losses: ce_loss-0.3373(0.3997) loss_tacl-0.0001(0.0001) loss_sacl-0.0112(0.0116) loss_event-0.0058(0.0057) loss_eviden
ce-0.0000(0.0001) loss_query_diversity-0.0044(0.0044) loss_position-0.0000(0.0000) total_loss-0.3373(0.3997) 
[2026-09-18 20:51:16,274]-[trainutils.py line:416]:[EST:    0.91m][Process Time:    0.06s]- Epoch: 8 [1100/1330 ( 83%)]
	Losses: ce_loss-0.3369(0.4011) loss_tacl-0.0001(0.0001) loss_sacl-0.0109(0.0115) loss_event-0.0058(0.0057) loss_eviden
ce-0.0000(0.0001) loss_query_diversity-0.0043(0.0044) loss_position-0.0000(0.0000) total_loss-0.3369(0.4011) 
[2026-09-18 20:51:40,764]-[trainutils.py line:416]:[EST:    0.52m][Process Time:    0.06s]- Epoch: 8 [1200/1330 ( 90%)]
	Losses: ce_loss-0.3449(0.4017) loss_tacl-0.0001(0.0001) loss_sacl-0.0113(0.0115) loss_event-0.0063(0.0057) loss_eviden
ce-0.0000(0.0001) loss_query_diversity-0.0044(0.0043) loss_position-0.0000(0.0000) total_loss-0.3449(0.4017) 
[2026-09-18 20:52:04,990]-[trainutils.py line:416]:[EST:    0.12m][Process Time:    0.05s]- Epoch: 8 [1300/1330 ( 98%)]
	Losses: ce_loss-0.5459(0.4020) loss_tacl-0.0001(0.0001) loss_sacl-0.0104(0.0115) loss_event-0.0046(0.0057) loss_eviden
ce-0.0000(0.0001) loss_query_diversity-0.0043(0.0043) loss_position-0.0000(0.0000) total_loss-0.5459(0.4020) 
[2026-09-18 20:52:12,116]-[trainutils.py line:416]:[EST:   -0.00m][Process Time:    0.06s]- Epoch: 8 [1330/1330 (100%)]
	Losses: ce_loss-0.3333(0.4013) loss_tacl-0.0001(0.0001) loss_sacl-0.0085(0.0115) loss_event-0.0053(0.0057) loss_eviden
ce-0.0000(0.0001) loss_query_diversity-0.0042(0.0043) loss_position-0.0000(0.0000) total_loss-0.3333(0.4013) 
[2026-09-18 20:52:12,864]-[train.py line:106]:
-------------- validation epoch 8 -------------- 
[2026-09-18 20:52:13,202]-[trainutils.py line:461]:Test progress:   0/95 
[2026-09-18 20:52:47,718]-[trainutils.py line:461]:Test progress:  95/95 
[2026-09-18 20:52:47,719]-[trainutils.py line:492]:Epoch 8 -           Audio/Counting accuracy: 86.89(444/511) 
[2026-09-18 20:52:47,719]-[trainutils.py line:492]:Epoch 8 -        Audio/Comparative accuracy: 57.97(171/295) 
[2026-09-18 20:52:47,719]-[trainutils.py line:497]:Epoch 8 -                    Audio accuracy: 76.30(615/806) 
[2026-09-18 20:52:47,719]-[trainutils.py line:492]:Epoch 8 -          Visual/Counting accuracy: 83.33(500/600) 
[2026-09-18 20:52:47,719]-[trainutils.py line:492]:Epoch 8 -          Visual/Location accuracy: 87.77(538/613) 
[2026-09-18 20:52:47,719]-[trainutils.py line:497]:Epoch 8 -                   Visual accuracy: 85.57(1038/1213) 
[2026-09-18 20:52:47,720]-[trainutils.py line:492]:Epoch 8 - Audio-Visual/Existential accuracy: 82.02(406/495) 
[2026-09-18 20:52:47,720]-[trainutils.py line:492]:Epoch 8 -    Audio-Visual/Counting accuracy: 78.83(499/633) 
[2026-09-18 20:52:47,720]-[trainutils.py line:492]:Epoch 8 -    Audio-Visual/Location accuracy: 66.38(306/461) 
[2026-09-18 20:52:47,720]-[trainutils.py line:492]:Epoch 8 - Audio-Visual/Comparative accuracy: 65.03(357/549) 
[2026-09-18 20:52:47,721]-[trainutils.py line:492]:Epoch 8 -    Audio-Visual/Temporal accuracy: 72.02(296/411) 
[2026-09-18 20:52:47,721]-[trainutils.py line:497]:Epoch 8 -             Audio-Visual accuracy: 73.13(1864/2549) 
[2026-09-18 20:52:47,721]-[trainutils.py line:501]:Epoch 8 -                    Total accuracy: 76.99(3517/4568) 
[2026-09-18 20:52:48,093]-[trainutils.py line:461]:Test progress:   0/95 
[2026-09-18 20:53:22,378]-[trainutils.py line:461]:Test progress:  95/95 
[2026-09-18 20:53:22,379]-[trainutils.py line:492]:Epoch 8 -           Audio/Counting accuracy: 88.45(452/511) 
[2026-09-18 20:53:22,379]-[trainutils.py line:492]:Epoch 8 -        Audio/Comparative accuracy: 61.36(181/295) 
[2026-09-18 20:53:22,379]-[trainutils.py line:497]:Epoch 8 -                    Audio accuracy: 78.54(633/806) 
[2026-09-18 20:53:22,379]-[trainutils.py line:492]:Epoch 8 -          Visual/Counting accuracy: 82.00(492/600) 
[2026-09-18 20:53:22,379]-[trainutils.py line:492]:Epoch 8 -          Visual/Location accuracy: 90.05(552/613) 
[2026-09-18 20:53:22,381]-[trainutils.py line:497]:Epoch 8 -                   Visual accuracy: 86.07(1044/1213) 
[2026-09-18 20:53:22,381]-[trainutils.py line:492]:Epoch 8 - Audio-Visual/Existential accuracy: 84.04(416/495) 
[2026-09-18 20:53:22,381]-[trainutils.py line:492]:Epoch 8 -    Audio-Visual/Counting accuracy: 79.15(501/633) 
[2026-09-18 20:53:22,382]-[trainutils.py line:492]:Epoch 8 -    Audio-Visual/Location accuracy: 65.94(304/461) 
[2026-09-18 20:53:22,382]-[trainutils.py line:492]:Epoch 8 - Audio-Visual/Comparative accuracy: 65.21(358/549) 
[2026-09-18 20:53:22,382]-[trainutils.py line:492]:Epoch 8 -    Audio-Visual/Temporal accuracy: 73.97(304/411) 
[2026-09-18 20:53:22,382]-[trainutils.py line:497]:Epoch 8 -             Audio-Visual accuracy: 73.87(1883/2549) 
[2026-09-18 20:53:22,382]-[trainutils.py line:501]:Epoch 8 -                    Total accuracy: 77.93(3560/4568) 
[2026-09-18 20:53:22,437]-[train.py line:151]:best model saved at epoch 8 with acc 77.93345008756567 (ema) 
[2026-09-18 20:53:22,498]-[train.py line:167]:Epoch 8 done with 77.93 and loss 0.53125. 
[2026-09-18 20:53:22,499]-[train.py line:168]:At epoch8 best acc: 77.93. 
[2026-09-18 20:53:22,499]-[train.py line:102]:
-------------- training epoch 9 -------------- 
[2026-09-18 20:53:22,749]-[trainutils.py line:416]:[EST:    5.46m][Process Time:    0.07s]- Epoch: 9 [0000/1330 (  0%)]
	Losses: ce_loss-0.4692(0.4692) loss_tacl-0.0001(0.0001) loss_sacl-0.0111(0.0111) loss_event-0.0057(0.0057) loss_eviden
ce-0.0000(0.0000) loss_query_diversity-0.0043(0.0043) loss_position-0.0000(0.0000) total_loss-0.4692(0.4692) 
[2026-09-18 20:53:47,473]-[trainutils.py line:416]:[EST:    5.06m][Process Time:    0.06s]- Epoch: 9 [0100/1330 (  8%)]
	Losses: ce_loss-0.3733(0.3538) loss_tacl-0.0001(0.0001) loss_sacl-0.0106(0.0112) loss_event-0.0046(0.0058) loss_eviden
ce-0.0000(0.0001) loss_query_diversity-0.0044(0.0043) loss_position-0.0000(0.0000) total_loss-0.3733(0.3538) 
[2026-09-18 20:54:11,868]-[trainutils.py line:416]:[EST:    4.62m][Process Time:    0.06s]- Epoch: 9 [0200/1330 ( 15%)]
	Losses: ce_loss-0.1623(0.3496) loss_tacl-0.0001(0.0001) loss_sacl-0.0114(0.0113) loss_event-0.0061(0.0059) loss_eviden
ce-0.0000(0.0001) loss_query_diversity-0.0043(0.0043) loss_position-0.0000(0.0000) total_loss-0.1623(0.3496) 
[2026-09-18 20:54:36,264]-[trainutils.py line:416]:[EST:    4.20m][Process Time:    0.06s]- Epoch: 9 [0300/1330 ( 23%)]
	Losses: ce_loss-0.3399(0.3480) loss_tacl-0.0001(0.0001) loss_sacl-0.0099(0.0112) loss_event-0.0047(0.0058) loss_eviden
ce-0.0013(0.0001) loss_query_diversity-0.0044(0.0043) loss_position-0.0000(0.0000) total_loss-0.3399(0.3480) 
[2026-09-18 20:55:00,525]-[trainutils.py line:416]:[EST:    3.78m][Process Time:    0.06s]- Epoch: 9 [0400/1330 ( 30%)]
	Losses: ce_loss-0.3682(0.3483) loss_tacl-0.0001(0.0001) loss_sacl-0.0102(0.0111) loss_event-0.0049(0.0058) loss_eviden
ce-0.0000(0.0001) loss_query_diversity-0.0043(0.0043) loss_position-0.0000(0.0000) total_loss-0.3682(0.3483) 
[2026-09-18 20:55:24,855]-[trainutils.py line:416]:[EST:    3.37m][Process Time:    0.06s]- Epoch: 9 [0500/1330 ( 38%)]
	Losses: ce_loss-0.2704(0.3496) loss_tacl-0.0001(0.0001) loss_sacl-0.0102(0.0110) loss_event-0.0059(0.0058) loss_eviden
ce-0.0005(0.0001) loss_query_diversity-0.0043(0.0043) loss_position-0.0000(0.0000) total_loss-0.2704(0.3496) 
[2026-09-18 20:55:49,673]-[trainutils.py line:416]:[EST:    2.98m][Process Time:    0.06s]- Epoch: 9 [0600/1330 ( 45%)]
	Losses: ce_loss-0.2552(0.3486) loss_tacl-0.0001(0.0001) loss_sacl-0.0105(0.0110) loss_event-0.0065(0.0058) loss_eviden
ce-0.0000(0.0001) loss_query_diversity-0.0043(0.0043) loss_position-0.0000(0.0000) total_loss-0.2552(0.3486) 
[2026-09-18 20:56:14,129]-[trainutils.py line:416]:[EST:    2.57m][Process Time:    0.06s]- Epoch: 9 [0700/1330 ( 53%)]
	Losses: ce_loss-0.3159(0.3496) loss_tacl-0.0001(0.0001) loss_sacl-0.0103(0.0109) loss_event-0.0054(0.0058) loss_eviden
ce-0.0000(0.0001) loss_query_diversity-0.0043(0.0043) loss_position-0.0000(0.0000) total_loss-0.3159(0.3496) 
[2026-09-18 20:56:38,547]-[trainutils.py line:416]:[EST:    2.16m][Process Time:    0.06s]- Epoch: 9 [0800/1330 ( 60%)]
	Losses: ce_loss-0.4636(0.3522) loss_tacl-0.0001(0.0001) loss_sacl-0.0100(0.0109) loss_event-0.0063(0.0058) loss_eviden
ce-0.0000(0.0001) loss_query_diversity-0.0043(0.0043) loss_position-0.0000(0.0000) total_loss-0.4636(0.3522) 
[2026-09-18 20:57:04,653]-[trainutils.py line:416]:[EST:    1.76m][Process Time:    0.06s]- Epoch: 9 [0900/1330 ( 68%)]
	Losses: ce_loss-0.3151(0.3529) loss_tacl-0.0001(0.0001) loss_sacl-0.0100(0.0109) loss_event-0.0053(0.0058) loss_eviden
ce-0.0000(0.0001) loss_query_diversity-0.0043(0.0043) loss_position-0.0000(0.0000) total_loss-0.3151(0.3529) 
[2026-09-18 20:57:29,321]-[trainutils.py line:416]:[EST:    1.35m][Process Time:    0.06s]- Epoch: 9 [1000/1330 ( 75%)]
	Losses: ce_loss-0.5530(0.3529) loss_tacl-0.0001(0.0001) loss_sacl-0.0112(0.0109) loss_event-0.0064(0.0058) loss_eviden
ce-0.0010(0.0001) loss_query_diversity-0.0043(0.0043) loss_position-0.0000(0.0000) total_loss-0.5530(0.3529) 
[2026-09-18 20:57:53,964]-[trainutils.py line:416]:[EST:    0.94m][Process Time:    0.07s]- Epoch: 9 [1100/1330 ( 83%)]
	Losses: ce_loss-0.2995(0.3542) loss_tacl-0.0001(0.0001) loss_sacl-0.0114(0.0108) loss_event-0.0074(0.0058) loss_eviden
ce-0.0000(0.0001) loss_query_diversity-0.0043(0.0043) loss_position-0.0000(0.0000) total_loss-0.2995(0.3542) 
[2026-09-18 20:58:18,341]-[trainutils.py line:416]:[EST:    0.53m][Process Time:    0.06s]- Epoch: 9 [1200/1330 ( 90%)]
	Losses: ce_loss-0.3607(0.3547) loss_tacl-0.0001(0.0001) loss_sacl-0.0089(0.0108) loss_event-0.0048(0.0058) loss_eviden
ce-0.0008(0.0001) loss_query_diversity-0.0044(0.0043) loss_position-0.0000(0.0000) total_loss-0.3607(0.3547) 
[2026-09-18 20:58:42,742]-[trainutils.py line:416]:[EST:    0.12m][Process Time:    0.06s]- Epoch: 9 [1300/1330 ( 98%)]
	Losses: ce_loss-0.3605(0.3549) loss_tacl-0.0001(0.0001) loss_sacl-0.0097(0.0108) loss_event-0.0056(0.0058) loss_eviden
ce-0.0000(0.0001) loss_query_diversity-0.0043(0.0043) loss_position-0.0000(0.0000) total_loss-0.3605(0.3549) 
[2026-09-18 20:58:49,939]-[trainutils.py line:416]:[EST:   -0.00m][Process Time:    0.07s]- Epoch: 9 [1330/1330 (100%)]
	Losses: ce_loss-0.1949(0.3552) loss_tacl-0.0001(0.0001) loss_sacl-0.0102(0.0108) loss_event-0.0062(0.0058) loss_eviden
ce-0.0000(0.0001) loss_query_diversity-0.0043(0.0043) loss_position-0.0000(0.0000) total_loss-0.1949(0.3552) 
[2026-09-18 20:58:50,691]-[train.py line:106]:
-------------- validation epoch 9 -------------- 
[2026-09-18 20:58:51,036]-[trainutils.py line:461]:Test progress:   0/95 
[2026-09-18 20:59:26,011]-[trainutils.py line:461]:Test progress:  95/95 
[2026-09-18 20:59:26,012]-[trainutils.py line:492]:Epoch 9 -           Audio/Counting accuracy: 87.08(445/511) 
[2026-09-18 20:59:26,012]-[trainutils.py line:492]:Epoch 9 -        Audio/Comparative accuracy: 57.63(170/295) 
[2026-09-18 20:59:26,012]-[trainutils.py line:497]:Epoch 9 -                    Audio accuracy: 76.30(615/806) 
[2026-09-18 20:59:26,013]-[trainutils.py line:492]:Epoch 9 -          Visual/Counting accuracy: 83.67(502/600) 
[2026-09-18 20:59:26,013]-[trainutils.py line:492]:Epoch 9 -          Visual/Location accuracy: 88.42(542/613) 
[2026-09-18 20:59:26,013]-[trainutils.py line:497]:Epoch 9 -                   Visual accuracy: 86.07(1044/1213) 
[2026-09-18 20:59:26,013]-[trainutils.py line:492]:Epoch 9 - Audio-Visual/Existential accuracy: 80.81(400/495) 
[2026-09-18 20:59:26,013]-[trainutils.py line:492]:Epoch 9 -    Audio-Visual/Counting accuracy: 76.62(485/633) 
[2026-09-18 20:59:26,014]-[trainutils.py line:492]:Epoch 9 -    Audio-Visual/Location accuracy: 68.11(314/461) 
[2026-09-18 20:59:26,014]-[trainutils.py line:492]:Epoch 9 - Audio-Visual/Comparative accuracy: 62.11(341/549) 
[2026-09-18 20:59:26,014]-[trainutils.py line:492]:Epoch 9 -    Audio-Visual/Temporal accuracy: 72.02(296/411) 
[2026-09-18 20:59:26,014]-[trainutils.py line:497]:Epoch 9 -             Audio-Visual accuracy: 72.03(1836/2549) 
[2026-09-18 20:59:26,015]-[trainutils.py line:501]:Epoch 9 -                    Total accuracy: 76.51(3495/4568) 
[2026-09-18 20:59:26,393]-[trainutils.py line:461]:Test progress:   0/95 
[2026-09-18 21:00:00,785]-[trainutils.py line:461]:Test progress:  95/95 
[2026-09-18 21:00:00,786]-[trainutils.py line:492]:Epoch 9 -           Audio/Counting accuracy: 88.06(450/511) 
[2026-09-18 21:00:00,786]-[trainutils.py line:492]:Epoch 9 -        Audio/Comparative accuracy: 62.37(184/295) 
[2026-09-18 21:00:00,786]-[trainutils.py line:497]:Epoch 9 -                    Audio accuracy: 78.66(634/806) 
[2026-09-18 21:00:00,787]-[trainutils.py line:492]:Epoch 9 -          Visual/Counting accuracy: 82.83(497/600) 
[2026-09-18 21:00:00,787]-[trainutils.py line:492]:Epoch 9 -          Visual/Location accuracy: 90.38(554/613) 
[2026-09-18 21:00:00,787]-[trainutils.py line:497]:Epoch 9 -                   Visual accuracy: 86.64(1051/1213) 
[2026-09-18 21:00:00,787]-[trainutils.py line:492]:Epoch 9 - Audio-Visual/Existential accuracy: 84.24(417/495) 
[2026-09-18 21:00:00,787]-[trainutils.py line:492]:Epoch 9 -    Audio-Visual/Counting accuracy: 80.09(507/633) 
[2026-09-18 21:00:00,788]-[trainutils.py line:492]:Epoch 9 -    Audio-Visual/Location accuracy: 65.73(303/461) 
[2026-09-18 21:00:00,788]-[trainutils.py line:492]:Epoch 9 - Audio-Visual/Comparative accuracy: 63.39(348/549) 
[2026-09-18 21:00:00,788]-[trainutils.py line:492]:Epoch 9 -    Audio-Visual/Temporal accuracy: 73.48(302/411) 
[2026-09-18 21:00:00,788]-[trainutils.py line:497]:Epoch 9 -             Audio-Visual accuracy: 73.64(1877/2549) 
[2026-09-18 21:00:00,788]-[trainutils.py line:501]:Epoch 9 -                    Total accuracy: 77.98(3562/4568) 
[2026-09-18 21:00:00,845]-[train.py line:151]:best model saved at epoch 9 with acc 77.97723292469352 (ema) 
[2026-09-18 21:00:00,904]-[train.py line:167]:Epoch 9 done with 77.98 and loss 0.54297. 
[2026-09-18 21:00:00,904]-[train.py line:168]:At epoch9 best acc: 77.98. 
[2026-09-18 21:00:00,905]-[train.py line:102]:
-------------- training epoch 10 -------------- 
[2026-09-18 21:00:01,150]-[trainutils.py line:416]:[EST:    5.40m][Process Time:    0.06s]- Epoch: 10 [0000/1330 (  0%)
]	Losses: ce_loss-0.3061(0.3061) loss_tacl-0.0001(0.0001) loss_sacl-0.0112(0.0112) loss_event-0.0070(0.0070) loss_evide
nce-0.0000(0.0000) loss_query_diversity-0.0044(0.0044) loss_position-0.0000(0.0000) total_loss-0.3061(0.3061) 
[2026-09-18 21:00:25,433]-[trainutils.py line:416]:[EST:    4.97m][Process Time:    0.06s]- Epoch: 10 [0100/1330 (  8%)
]	Losses: ce_loss-0.3959(0.3226) loss_tacl-0.0001(0.0001) loss_sacl-0.0090(0.0106) loss_event-0.0049(0.0058) loss_evide
nce-0.0000(0.0002) loss_query_diversity-0.0044(0.0043) loss_position-0.0000(0.0000) total_loss-0.3959(0.3226) 
[2026-09-18 21:00:49,559]-[trainutils.py line:416]:[EST:    4.55m][Process Time:    0.06s]- Epoch: 10 [0200/1330 ( 15%)
]	Losses: ce_loss-0.3207(0.3213) loss_tacl-0.0001(0.0001) loss_sacl-0.0092(0.0105) loss_event-0.0043(0.0058) loss_evide
nce-0.0000(0.0001) loss_query_diversity-0.0044(0.0043) loss_position-0.0000(0.0000) total_loss-0.3207(0.3213) 
[2026-09-18 21:01:13,800]-[trainutils.py line:416]:[EST:    4.15m][Process Time:    0.06s]- Epoch: 10 [0300/1330 ( 23%)
]	Losses: ce_loss-0.2352(0.3151) loss_tacl-0.0001(0.0001) loss_sacl-0.0095(0.0106) loss_event-0.0058(0.0058) loss_evide
nce-0.0000(0.0001) loss_query_diversity-0.0044(0.0043) loss_position-0.0000(0.0000) total_loss-0.2352(0.3151) 
[2026-09-18 21:01:38,265]-[trainutils.py line:416]:[EST:    3.76m][Process Time:    0.06s]- Epoch: 10 [0400/1330 ( 30%)
]	Losses: ce_loss-0.2620(0.3174) loss_tacl-0.0001(0.0001) loss_sacl-0.0112(0.0105) loss_event-0.0052(0.0058) loss_evide
nce-0.0000(0.0001) loss_query_diversity-0.0043(0.0043) loss_position-0.0000(0.0000) total_loss-0.2620(0.3174) 
[2026-09-18 21:02:02,640]-[trainutils.py line:416]:[EST:    3.36m][Process Time:    0.06s]- Epoch: 10 [0500/1330 ( 38%)
]	Losses: ce_loss-0.1742(0.3178) loss_tacl-0.0001(0.0001) loss_sacl-0.0118(0.0106) loss_event-0.0058(0.0059) loss_evide
nce-0.0000(0.0001) loss_query_diversity-0.0043(0.0043) loss_position-0.0000(0.0000) total_loss-0.1742(0.3178) 
[2026-09-18 21:02:26,905]-[trainutils.py line:416]:[EST:    2.95m][Process Time:    0.06s]- Epoch: 10 [0600/1330 ( 45%)
]	Losses: ce_loss-0.2517(0.3163) loss_tacl-0.0001(0.0001) loss_sacl-0.0111(0.0106) loss_event-0.0076(0.0059) loss_evide
nce-0.0000(0.0001) loss_query_diversity-0.0043(0.0043) loss_position-0.0000(0.0000) total_loss-0.2517(0.3163) 
[2026-09-18 21:02:51,416]-[trainutils.py line:416]:[EST:    2.55m][Process Time:    0.06s]- Epoch: 10 [0700/1330 ( 53%)
]	Losses: ce_loss-0.2399(0.3179) loss_tacl-0.0001(0.0001) loss_sacl-0.0102(0.0105) loss_event-0.0066(0.0059) loss_evide
nce-0.0000(0.0001) loss_query_diversity-0.0043(0.0043) loss_position-0.0000(0.0000) total_loss-0.2399(0.3179) 
[2026-09-18 21:03:15,701]-[trainutils.py line:416]:[EST:    2.14m][Process Time:    0.06s]- Epoch: 10 [0800/1330 ( 60%)
]	Losses: ce_loss-0.1297(0.3152) loss_tacl-0.0001(0.0001) loss_sacl-0.0100(0.0105) loss_event-0.0065(0.0059) loss_evide
nce-0.0000(0.0001) loss_query_diversity-0.0043(0.0043) loss_position-0.0000(0.0000) total_loss-0.1297(0.3152) 
[2026-09-18 21:03:40,030]-[trainutils.py line:416]:[EST:    1.74m][Process Time:    0.06s]- Epoch: 10 [0900/1330 ( 68%)
]	Losses: ce_loss-0.3415(0.3159) loss_tacl-0.0001(0.0001) loss_sacl-0.0090(0.0105) loss_event-0.0057(0.0059) loss_evide
nce-0.0000(0.0001) loss_query_diversity-0.0043(0.0043) loss_position-0.0000(0.0000) total_loss-0.3415(0.3159) 
[2026-09-18 21:04:04,296]-[trainutils.py line:416]:[EST:    1.33m][Process Time:    0.06s]- Epoch: 10 [1000/1330 ( 75%)
]	Losses: ce_loss-0.4968(0.3168) loss_tacl-0.0001(0.0001) loss_sacl-0.0098(0.0105) loss_event-0.0059(0.0059) loss_evide
nce-0.0000(0.0001) loss_query_diversity-0.0043(0.0043) loss_position-0.0000(0.0000) total_loss-0.4968(0.3168) 
[2026-09-18 21:04:28,707]-[trainutils.py line:416]:[EST:    0.93m][Process Time:    0.06s]- Epoch: 10 [1100/1330 ( 83%)
]	Losses: ce_loss-0.2598(0.3163) loss_tacl-0.0001(0.0001) loss_sacl-0.0110(0.0104) loss_event-0.0070(0.0059) loss_evide
nce-0.0000(0.0001) loss_query_diversity-0.0043(0.0043) loss_position-0.0000(0.0000) total_loss-0.2598(0.3163) 
[2026-09-18 21:04:52,902]-[trainutils.py line:416]:[EST:    0.52m][Process Time:    0.06s]- Epoch: 10 [1200/1330 ( 90%)
]	Losses: ce_loss-0.3488(0.3153) loss_tacl-0.0001(0.0001) loss_sacl-0.0101(0.0104) loss_event-0.0057(0.0059) loss_evide
nce-0.0000(0.0001) loss_query_diversity-0.0043(0.0043) loss_position-0.0000(0.0000) total_loss-0.3488(0.3153) 
[2026-09-18 21:05:16,980]-[trainutils.py line:416]:[EST:    0.12m][Process Time:    0.06s]- Epoch: 10 [1300/1330 ( 98%)
]	Losses: ce_loss-0.4405(0.3174) loss_tacl-0.0001(0.0001) loss_sacl-0.0083(0.0104) loss_event-0.0039(0.0059) loss_evide
nce-0.0002(0.0001) loss_query_diversity-0.0043(0.0043) loss_position-0.0000(0.0000) total_loss-0.4405(0.3174) 
[2026-09-18 21:05:24,128]-[trainutils.py line:416]:[EST:   -0.00m][Process Time:    0.06s]- Epoch: 10 [1330/1330 (100%)
]	Losses: ce_loss-0.2909(0.3180) loss_tacl-0.0001(0.0001) loss_sacl-0.0104(0.0104) loss_event-0.0053(0.0059) loss_evide
nce-0.0000(0.0001) loss_query_diversity-0.0043(0.0043) loss_position-0.0000(0.0000) total_loss-0.2909(0.3180) 
[2026-09-18 21:05:24,899]-[train.py line:106]:
-------------- validation epoch 10 -------------- 
[2026-09-18 21:05:25,226]-[trainutils.py line:461]:Test progress:   0/95 
[2026-09-18 21:06:00,069]-[trainutils.py line:461]:Test progress:  95/95 
[2026-09-18 21:06:00,069]-[trainutils.py line:492]:Epoch 10 -           Audio/Counting accuracy: 85.91(439/511) 
[2026-09-18 21:06:00,070]-[trainutils.py line:492]:Epoch 10 -        Audio/Comparative accuracy: 62.37(184/295) 
[2026-09-18 21:06:00,070]-[trainutils.py line:497]:Epoch 10 -                    Audio accuracy: 77.30(623/806) 
[2026-09-18 21:06:00,070]-[trainutils.py line:492]:Epoch 10 -          Visual/Counting accuracy: 83.00(498/600) 
[2026-09-18 21:06:00,070]-[trainutils.py line:492]:Epoch 10 -          Visual/Location accuracy: 90.86(557/613) 
[2026-09-18 21:06:00,070]-[trainutils.py line:497]:Epoch 10 -                   Visual accuracy: 86.97(1055/1213) 
[2026-09-18 21:06:00,070]-[trainutils.py line:492]:Epoch 10 - Audio-Visual/Existential accuracy: 83.03(411/495) 
[2026-09-18 21:06:00,071]-[trainutils.py line:492]:Epoch 10 -    Audio-Visual/Counting accuracy: 78.52(497/633) 
[2026-09-18 21:06:00,071]-[trainutils.py line:492]:Epoch 10 -    Audio-Visual/Location accuracy: 67.90(313/461) 
[2026-09-18 21:06:00,071]-[trainutils.py line:492]:Epoch 10 - Audio-Visual/Comparative accuracy: 63.39(348/549) 
[2026-09-18 21:06:00,071]-[trainutils.py line:492]:Epoch 10 -    Audio-Visual/Temporal accuracy: 72.02(296/411) 
[2026-09-18 21:06:00,072]-[trainutils.py line:497]:Epoch 10 -             Audio-Visual accuracy: 73.17(1865/2549) 
[2026-09-18 21:06:00,072]-[trainutils.py line:501]:Epoch 10 -                    Total accuracy: 77.56(3543/4568) 
[2026-09-18 21:06:00,460]-[trainutils.py line:461]:Test progress:   0/95 
[2026-09-18 21:06:34,586]-[trainutils.py line:461]:Test progress:  95/95 
[2026-09-18 21:06:34,587]-[trainutils.py line:492]:Epoch 10 -           Audio/Counting accuracy: 87.28(446/511) 
[2026-09-18 21:06:34,587]-[trainutils.py line:492]:Epoch 10 -        Audio/Comparative accuracy: 61.02(180/295) 
[2026-09-18 21:06:34,587]-[trainutils.py line:497]:Epoch 10 -                    Audio accuracy: 77.67(626/806) 
[2026-09-18 21:06:34,587]-[trainutils.py line:492]:Epoch 10 -          Visual/Counting accuracy: 83.83(503/600) 
[2026-09-18 21:06:34,587]-[trainutils.py line:492]:Epoch 10 -          Visual/Location accuracy: 90.54(555/613) 
[2026-09-18 21:06:34,588]-[trainutils.py line:497]:Epoch 10 -                   Visual accuracy: 87.22(1058/1213) 
[2026-09-18 21:06:34,588]-[trainutils.py line:492]:Epoch 10 - Audio-Visual/Existential accuracy: 84.24(417/495) 
[2026-09-18 21:06:34,588]-[trainutils.py line:492]:Epoch 10 -    Audio-Visual/Counting accuracy: 79.30(502/633) 
[2026-09-18 21:06:34,588]-[trainutils.py line:492]:Epoch 10 -    Audio-Visual/Location accuracy: 67.25(310/461) 
[2026-09-18 21:06:34,588]-[trainutils.py line:492]:Epoch 10 - Audio-Visual/Comparative accuracy: 62.66(344/549) 
[2026-09-18 21:06:34,590]-[trainutils.py line:492]:Epoch 10 -    Audio-Visual/Temporal accuracy: 73.24(301/411) 
[2026-09-18 21:06:34,590]-[trainutils.py line:497]:Epoch 10 -             Audio-Visual accuracy: 73.52(1874/2549) 
[2026-09-18 21:06:34,590]-[trainutils.py line:501]:Epoch 10 -                    Total accuracy: 77.89(3558/4568) 
[2026-09-18 21:06:34,594]-[train.py line:167]:Epoch 10 done with 77.89 and loss 0.56641. 
[2026-09-18 21:06:34,594]-[train.py line:168]:At epoch9 best acc: 77.98. 
[2026-09-18 21:06:34,594]-[train.py line:102]:
-------------- training epoch 11 -------------- 
[2026-09-18 21:06:34,816]-[trainutils.py line:416]:[EST:    4.87m][Process Time:    0.06s]- Epoch: 11 [0000/1330 (  0%)
]	Losses: ce_loss-0.3350(0.3350) loss_tacl-0.0001(0.0001) loss_sacl-0.0129(0.0129) loss_event-0.0077(0.0077) loss_evide
nce-0.0000(0.0000) loss_query_diversity-0.0043(0.0043) loss_position-0.0000(0.0000) total_loss-0.3350(0.3350) 
[2026-09-18 21:06:58,749]-[trainutils.py line:416]:[EST:    4.90m][Process Time:    0.06s]- Epoch: 11 [0100/1330 (  8%)
]	Losses: ce_loss-0.2635(0.2716) loss_tacl-0.0001(0.0001) loss_sacl-0.0093(0.0103) loss_event-0.0057(0.0059) loss_evide
nce-0.0000(0.0000) loss_query_diversity-0.0044(0.0043) loss_position-0.0000(0.0000) total_loss-0.2635(0.2716) 
[2026-09-18 21:07:22,980]-[trainutils.py line:416]:[EST:    4.53m][Process Time:    0.06s]- Epoch: 11 [0200/1330 ( 15%)
]	Losses: ce_loss-0.2213(0.2749) loss_tacl-0.0001(0.0001) loss_sacl-0.0121(0.0103) loss_event-0.0075(0.0059) loss_evide
nce-0.0000(0.0001) loss_query_diversity-0.0043(0.0043) loss_position-0.0000(0.0000) total_loss-0.2213(0.2749) 
[2026-09-18 21:07:47,202]-[trainutils.py line:416]:[EST:    4.14m][Process Time:    0.06s]- Epoch: 11 [0300/1330 ( 23%)
]	Losses: ce_loss-0.1121(0.2699) loss_tacl-0.0001(0.0001) loss_sacl-0.0108(0.0103) loss_event-0.0063(0.0059) loss_evide
nce-0.0000(0.0001) loss_query_diversity-0.0043(0.0043) loss_position-0.0000(0.0000) total_loss-0.1121(0.2699) 
[2026-09-18 21:08:11,308]-[trainutils.py line:416]:[EST:    3.73m][Process Time:    0.06s]- Epoch: 11 [0400/1330 ( 30%)
]	Losses: ce_loss-0.2640(0.2709) loss_tacl-0.0001(0.0001) loss_sacl-0.0100(0.0102) loss_event-0.0055(0.0059) loss_evide
nce-0.0004(0.0001) loss_query_diversity-0.0043(0.0043) loss_position-0.0000(0.0000) total_loss-0.2640(0.2709) 
[2026-09-18 21:08:35,390]-[trainutils.py line:416]:[EST:    3.33m][Process Time:    0.06s]- Epoch: 11 [0500/1330 ( 38%)
]	Losses: ce_loss-0.4473(0.2725) loss_tacl-0.0001(0.0001) loss_sacl-0.0099(0.0102) loss_event-0.0057(0.0059) loss_evide
nce-0.0000(0.0001) loss_query_diversity-0.0043(0.0043) loss_position-0.0000(0.0000) total_loss-0.4473(0.2725) 
[2026-09-18 21:08:59,499]-[trainutils.py line:416]:[EST:    2.93m][Process Time:    0.06s]- Epoch: 11 [0600/1330 ( 45%)
]	Losses: ce_loss-0.3174(0.2724) loss_tacl-0.0001(0.0001) loss_sacl-0.0077(0.0101) loss_event-0.0050(0.0058) loss_evide
nce-0.0000(0.0001) loss_query_diversity-0.0044(0.0043) loss_position-0.0000(0.0000) total_loss-0.3174(0.2724) 
[2026-09-18 21:09:24,023]-[trainutils.py line:416]:[EST:    2.53m][Process Time:    0.06s]- Epoch: 11 [0700/1330 ( 53%)
]	Losses: ce_loss-0.2593(0.2738) loss_tacl-0.0001(0.0001) loss_sacl-0.0104(0.0101) loss_event-0.0061(0.0058) loss_evide
nce-0.0000(0.0001) loss_query_diversity-0.0043(0.0043) loss_position-0.0000(0.0000) total_loss-0.2593(0.2738) 
[2026-09-18 21:09:48,452]-[trainutils.py line:416]:[EST:    2.13m][Process Time:    0.06s]- Epoch: 11 [0800/1330 ( 60%)
]	Losses: ce_loss-0.3914(0.2762) loss_tacl-0.0001(0.0001) loss_sacl-0.0090(0.0101) loss_event-0.0049(0.0058) loss_evide
nce-0.0000(0.0001) loss_query_diversity-0.0043(0.0043) loss_position-0.0000(0.0000) total_loss-0.3914(0.2762) 
[2026-09-18 21:10:12,636]-[trainutils.py line:416]:[EST:    1.73m][Process Time:    0.06s]- Epoch: 11 [0900/1330 ( 68%)
]	Losses: ce_loss-0.1404(0.2757) loss_tacl-0.0001(0.0001) loss_sacl-0.0113(0.0100) loss_event-0.0076(0.0058) loss_evide
nce-0.0000(0.0001) loss_query_diversity-0.0043(0.0043) loss_position-0.0000(0.0000) total_loss-0.1404(0.2757) 
[2026-09-18 21:10:36,928]-[trainutils.py line:416]:[EST:    1.33m][Process Time:    0.06s]- Epoch: 11 [1000/1330 ( 75%)
]	Losses: ce_loss-0.2692(0.2769) loss_tacl-0.0001(0.0001) loss_sacl-0.0098(0.0100) loss_event-0.0049(0.0058) loss_evide
nce-0.0000(0.0001) loss_query_diversity-0.0043(0.0043) loss_position-0.0000(0.0000) total_loss-0.2692(0.2769) 
[2026-09-18 21:11:01,389]-[trainutils.py line:416]:[EST:    0.92m][Process Time:    0.06s]- Epoch: 11 [1100/1330 ( 83%)
]	Losses: ce_loss-0.1395(0.2774) loss_tacl-0.0001(0.0001) loss_sacl-0.0105(0.0100) loss_event-0.0059(0.0058) loss_evide
nce-0.0000(0.0001) loss_query_diversity-0.0044(0.0043) loss_position-0.0000(0.0000) total_loss-0.1395(0.2774) 
[2026-09-18 21:11:25,839]-[trainutils.py line:416]:[EST:    0.52m][Process Time:    0.06s]- Epoch: 11 [1200/1330 ( 90%)
]	Losses: ce_loss-0.2589(0.2769) loss_tacl-0.0001(0.0001) loss_sacl-0.0106(0.0100) loss_event-0.0063(0.0058) loss_evide
nce-0.0015(0.0001) loss_query_diversity-0.0043(0.0043) loss_position-0.0000(0.0000) total_loss-0.2589(0.2769) 
[2026-09-18 21:11:51,030]-[trainutils.py line:416]:[EST:    0.12m][Process Time:    0.06s]- Epoch: 11 [1300/1330 ( 98%)
]	Losses: ce_loss-0.1764(0.2767) loss_tacl-0.0001(0.0001) loss_sacl-0.0102(0.0100) loss_event-0.0053(0.0058) loss_evide
nce-0.0000(0.0001) loss_query_diversity-0.0043(0.0043) loss_position-0.0000(0.0000) total_loss-0.1764(0.2767) 
[2026-09-18 21:11:58,540]-[trainutils.py line:416]:[EST:   -0.00m][Process Time:    0.07s]- Epoch: 11 [1330/1330 (100%)
]	Losses: ce_loss-0.1802(0.2763) loss_tacl-0.0001(0.0001) loss_sacl-0.0109(0.0100) loss_event-0.0060(0.0058) loss_evide
nce-0.0000(0.0001) loss_query_diversity-0.0042(0.0043) loss_position-0.0000(0.0000) total_loss-0.1802(0.2763) 
[2026-09-18 21:11:59,301]-[train.py line:106]:
-------------- validation epoch 11 -------------- 
[2026-09-18 21:11:59,650]-[trainutils.py line:461]:Test progress:   0/95 
[2026-09-18 21:12:36,212]-[trainutils.py line:461]:Test progress:  95/95 
[2026-09-18 21:12:36,213]-[trainutils.py line:492]:Epoch 11 -           Audio/Counting accuracy: 84.93(434/511) 
[2026-09-18 21:12:36,213]-[trainutils.py line:492]:Epoch 11 -        Audio/Comparative accuracy: 59.66(176/295) 
[2026-09-18 21:12:36,213]-[trainutils.py line:497]:Epoch 11 -                    Audio accuracy: 75.68(610/806) 
[2026-09-18 21:12:36,214]-[trainutils.py line:492]:Epoch 11 -          Visual/Counting accuracy: 84.00(504/600) 
[2026-09-18 21:12:36,214]-[trainutils.py line:492]:Epoch 11 -          Visual/Location accuracy: 90.21(553/613) 
[2026-09-18 21:12:36,214]-[trainutils.py line:497]:Epoch 11 -                   Visual accuracy: 87.14(1057/1213) 
[2026-09-18 21:12:36,214]-[trainutils.py line:492]:Epoch 11 - Audio-Visual/Existential accuracy: 83.84(415/495) 
[2026-09-18 21:12:36,214]-[trainutils.py line:492]:Epoch 11 -    Audio-Visual/Counting accuracy: 78.52(497/633) 
[2026-09-18 21:12:36,214]-[trainutils.py line:492]:Epoch 11 -    Audio-Visual/Location accuracy: 70.72(326/461) 
[2026-09-18 21:12:36,215]-[trainutils.py line:492]:Epoch 11 - Audio-Visual/Comparative accuracy: 61.93(340/549) 
[2026-09-18 21:12:36,215]-[trainutils.py line:492]:Epoch 11 -    Audio-Visual/Temporal accuracy: 71.78(295/411) 
[2026-09-18 21:12:36,215]-[trainutils.py line:497]:Epoch 11 -             Audio-Visual accuracy: 73.48(1873/2549) 
[2026-09-18 21:12:36,215]-[trainutils.py line:501]:Epoch 11 -                    Total accuracy: 77.50(3540/4568) 
[2026-09-18 21:12:36,584]-[trainutils.py line:461]:Test progress:   0/95 
[2026-09-18 21:13:10,344]-[trainutils.py line:461]:Test progress:  95/95 
[2026-09-18 21:13:10,344]-[trainutils.py line:492]:Epoch 11 -           Audio/Counting accuracy: 86.69(443/511) 
[2026-09-18 21:13:10,345]-[trainutils.py line:492]:Epoch 11 -        Audio/Comparative accuracy: 61.36(181/295) 
[2026-09-18 21:13:10,345]-[trainutils.py line:497]:Epoch 11 -                    Audio accuracy: 77.42(624/806) 
[2026-09-18 21:13:10,345]-[trainutils.py line:492]:Epoch 11 -          Visual/Counting accuracy: 84.33(506/600) 
[2026-09-18 21:13:10,345]-[trainutils.py line:492]:Epoch 11 -          Visual/Location accuracy: 90.21(553/613) 
[2026-09-18 21:13:10,345]-[trainutils.py line:497]:Epoch 11 -                   Visual accuracy: 87.30(1059/1213) 
[2026-09-18 21:13:10,346]-[trainutils.py line:492]:Epoch 11 - Audio-Visual/Existential accuracy: 83.84(415/495) 
[2026-09-18 21:13:10,346]-[trainutils.py line:492]:Epoch 11 -    Audio-Visual/Counting accuracy: 79.94(506/633) 
[2026-09-18 21:13:10,346]-[trainutils.py line:492]:Epoch 11 -    Audio-Visual/Location accuracy: 68.33(315/461) 
[2026-09-18 21:13:10,346]-[trainutils.py line:492]:Epoch 11 - Audio-Visual/Comparative accuracy: 64.12(352/549) 
[2026-09-18 21:13:10,346]-[trainutils.py line:492]:Epoch 11 -    Audio-Visual/Temporal accuracy: 73.72(303/411) 
[2026-09-18 21:13:10,347]-[trainutils.py line:497]:Epoch 11 -             Audio-Visual accuracy: 74.19(1891/2549) 
[2026-09-18 21:13:10,347]-[trainutils.py line:501]:Epoch 11 -                    Total accuracy: 78.24(3574/4568) 
[2026-09-18 21:13:10,416]-[train.py line:151]:best model saved at epoch 11 with acc 78.2399299474606 (ema) 
[2026-09-18 21:13:10,477]-[train.py line:167]:Epoch 11 done with 78.24 and loss 0.58203. 
[2026-09-18 21:13:10,477]-[train.py line:168]:At epoch11 best acc: 78.24. 
[2026-09-18 21:13:10,477]-[train.py line:102]:
-------------- training epoch 12 -------------- 
[2026-09-18 21:13:10,723]-[trainutils.py line:416]:[EST:    5.38m][Process Time:    0.06s]- Epoch: 12 [0000/1330 (  0%)
]	Losses: ce_loss-0.2312(0.2312) loss_tacl-0.0001(0.0001) loss_sacl-0.0100(0.0100) loss_event-0.0068(0.0068) loss_evide
nce-0.0000(0.0000) loss_query_diversity-0.0043(0.0043) loss_position-0.0000(0.0000) total_loss-0.2312(0.2312) 
[2026-09-18 21:13:35,078]-[trainutils.py line:416]:[EST:    4.99m][Process Time:    0.06s]- Epoch: 12 [0100/1330 (  8%)
]	Losses: ce_loss-0.0728(0.2492) loss_tacl-0.0001(0.0001) loss_sacl-0.0101(0.0097) loss_event-0.0057(0.0057) loss_evide
nce-0.0000(0.0000) loss_query_diversity-0.0043(0.0043) loss_position-0.0000(0.0000) total_loss-0.0728(0.2492) 
[2026-09-18 21:13:58,604]-[trainutils.py line:416]:[EST:    4.51m][Process Time:    0.06s]- Epoch: 12 [0200/1330 ( 15%)
]	Losses: ce_loss-0.2529(0.2435) loss_tacl-0.0001(0.0001) loss_sacl-0.0105(0.0097) loss_event-0.0069(0.0057) loss_evide
nce-0.0021(0.0001) loss_query_diversity-0.0043(0.0043) loss_position-0.0000(0.0000) total_loss-0.2529(0.2435) 
[2026-09-18 21:14:22,741]-[trainutils.py line:416]:[EST:    4.12m][Process Time:    0.06s]- Epoch: 12 [0300/1330 ( 23%)
]	Losses: ce_loss-0.1813(0.2420) loss_tacl-0.0001(0.0001) loss_sacl-0.0109(0.0098) loss_event-0.0064(0.0058) loss_evide
nce-0.0000(0.0001) loss_query_diversity-0.0043(0.0043) loss_position-0.0000(0.0000) total_loss-0.1813(0.2420) 
[2026-09-18 21:14:46,150]-[trainutils.py line:416]:[EST:    3.69m][Process Time:    0.07s]- Epoch: 12 [0400/1330 ( 30%)
]	Losses: ce_loss-0.5992(0.2467) loss_tacl-0.0001(0.0001) loss_sacl-0.0096(0.0098) loss_event-0.0066(0.0058) loss_evide
nce-0.0000(0.0001) loss_query_diversity-0.0043(0.0043) loss_position-0.0000(0.0000) total_loss-0.5992(0.2467) 
[2026-09-18 21:15:09,439]-[trainutils.py line:416]:[EST:    3.28m][Process Time:    0.05s]- Epoch: 12 [0500/1330 ( 38%)
]	Losses: ce_loss-0.1956(0.2422) loss_tacl-0.0001(0.0001) loss_sacl-0.0099(0.0098) loss_event-0.0065(0.0058) loss_evide
nce-0.0000(0.0001) loss_query_diversity-0.0043(0.0043) loss_position-0.0000(0.0000) total_loss-0.1956(0.2422) 
[2026-09-18 21:15:33,801]-[trainutils.py line:416]:[EST:    2.90m][Process Time:    0.06s]- Epoch: 12 [0600/1330 ( 45%)
]	Losses: ce_loss-0.2666(0.2409) loss_tacl-0.0001(0.0001) loss_sacl-0.0091(0.0097) loss_event-0.0057(0.0058) loss_evide
nce-0.0000(0.0001) loss_query_diversity-0.0043(0.0043) loss_position-0.0000(0.0000) total_loss-0.2666(0.2409) 
[2026-09-18 21:15:58,618]-[trainutils.py line:416]:[EST:    2.51m][Process Time:    0.06s]- Epoch: 12 [0700/1330 ( 53%)
]	Losses: ce_loss-0.3646(0.2407) loss_tacl-0.0001(0.0001) loss_sacl-0.0098(0.0097) loss_event-0.0055(0.0058) loss_evide
nce-0.0000(0.0001) loss_query_diversity-0.0043(0.0043) loss_position-0.0000(0.0000) total_loss-0.3646(0.2407) 
[2026-09-18 21:16:23,714]-[trainutils.py line:416]:[EST:    2.13m][Process Time:    0.06s]- Epoch: 12 [0800/1330 ( 60%)
]	Losses: ce_loss-0.4634(0.2426) loss_tacl-0.0001(0.0001) loss_sacl-0.0093(0.0097) loss_event-0.0057(0.0057) loss_evide
nce-0.0008(0.0001) loss_query_diversity-0.0044(0.0043) loss_position-0.0000(0.0000) total_loss-0.4634(0.2426) 
[2026-09-18 21:16:47,651]-[trainutils.py line:416]:[EST:    1.72m][Process Time:    0.06s]- Epoch: 12 [0900/1330 ( 68%)
]	Losses: ce_loss-0.1751(0.2433) loss_tacl-0.0001(0.0001) loss_sacl-0.0098(0.0097) loss_event-0.0066(0.0057) loss_evide
nce-0.0000(0.0001) loss_query_diversity-0.0043(0.0043) loss_position-0.0000(0.0000) total_loss-0.1751(0.2433) 
[2026-09-18 21:17:11,756]-[trainutils.py line:416]:[EST:    1.32m][Process Time:    0.06s]- Epoch: 12 [1000/1330 ( 75%)
]	Losses: ce_loss-0.2624(0.2435) loss_tacl-0.0001(0.0001) loss_sacl-0.0095(0.0097) loss_event-0.0057(0.0058) loss_evide
nce-0.0000(0.0001) loss_query_diversity-0.0043(0.0043) loss_position-0.0000(0.0000) total_loss-0.2624(0.2435) 
[2026-09-18 21:17:36,113]-[trainutils.py line:416]:[EST:    0.92m][Process Time:    0.06s]- Epoch: 12 [1100/1330 ( 83%)
]	Losses: ce_loss-0.3442(0.2432) loss_tacl-0.0001(0.0001) loss_sacl-0.0087(0.0097) loss_event-0.0053(0.0058) loss_evide
nce-0.0000(0.0001) loss_query_diversity-0.0043(0.0043) loss_position-0.0000(0.0000) total_loss-0.3442(0.2432) 
[2026-09-18 21:18:00,064]-[trainutils.py line:416]:[EST:    0.52m][Process Time:    0.06s]- Epoch: 12 [1200/1330 ( 90%)
]	Losses: ce_loss-0.1700(0.2434) loss_tacl-0.0001(0.0001) loss_sacl-0.0107(0.0096) loss_event-0.0061(0.0058) loss_evide
nce-0.0000(0.0001) loss_query_diversity-0.0043(0.0043) loss_position-0.0000(0.0000) total_loss-0.1700(0.2434) 
[2026-09-18 21:18:23,960]-[trainutils.py line:416]:[EST:    0.12m][Process Time:    0.06s]- Epoch: 12 [1300/1330 ( 98%)
]	Losses: ce_loss-0.2406(0.2428) loss_tacl-0.0001(0.0001) loss_sacl-0.0096(0.0096) loss_event-0.0064(0.0058) loss_evide
nce-0.0000(0.0001) loss_query_diversity-0.0043(0.0043) loss_position-0.0000(0.0000) total_loss-0.2406(0.2428) 
[2026-09-18 21:18:31,166]-[trainutils.py line:416]:[EST:   -0.00m][Process Time:    0.09s]- Epoch: 12 [1330/1330 (100%)
]	Losses: ce_loss-0.4392(0.2434) loss_tacl-0.0001(0.0001) loss_sacl-0.0113(0.0096) loss_event-0.0065(0.0058) loss_evide
nce-0.0000(0.0001) loss_query_diversity-0.0043(0.0043) loss_position-0.0000(0.0000) total_loss-0.4392(0.2434) 
[2026-09-18 21:18:32,444]-[train.py line:106]:
-------------- validation epoch 12 -------------- 
[2026-09-18 21:18:32,888]-[trainutils.py line:461]:Test progress:   0/95 
[2026-09-18 21:19:07,050]-[trainutils.py line:461]:Test progress:  95/95 
[2026-09-18 21:19:07,051]-[trainutils.py line:492]:Epoch 12 -           Audio/Counting accuracy: 86.11(440/511) 
[2026-09-18 21:19:07,051]-[trainutils.py line:492]:Epoch 12 -        Audio/Comparative accuracy: 58.31(172/295) 
[2026-09-18 21:19:07,051]-[trainutils.py line:497]:Epoch 12 -                    Audio accuracy: 75.93(612/806) 
[2026-09-18 21:19:07,051]-[trainutils.py line:492]:Epoch 12 -          Visual/Counting accuracy: 83.83(503/600) 
[2026-09-18 21:19:07,051]-[trainutils.py line:492]:Epoch 12 -          Visual/Location accuracy: 89.72(550/613) 
[2026-09-18 21:19:07,052]-[trainutils.py line:497]:Epoch 12 -                   Visual accuracy: 86.81(1053/1213) 
[2026-09-18 21:19:07,052]-[trainutils.py line:492]:Epoch 12 - Audio-Visual/Existential accuracy: 84.24(417/495) 
[2026-09-18 21:19:07,052]-[trainutils.py line:492]:Epoch 12 -    Audio-Visual/Counting accuracy: 78.04(494/633) 
[2026-09-18 21:19:07,052]-[trainutils.py line:492]:Epoch 12 -    Audio-Visual/Location accuracy: 68.76(317/461) 
[2026-09-18 21:19:07,052]-[trainutils.py line:492]:Epoch 12 - Audio-Visual/Comparative accuracy: 61.38(337/549) 
[2026-09-18 21:19:07,052]-[trainutils.py line:492]:Epoch 12 -    Audio-Visual/Temporal accuracy: 71.53(294/411) 
[2026-09-18 21:19:07,052]-[trainutils.py line:497]:Epoch 12 -             Audio-Visual accuracy: 72.93(1859/2549) 
[2026-09-18 21:19:07,053]-[trainutils.py line:501]:Epoch 12 -                    Total accuracy: 77.15(3524/4568) 
[2026-09-18 21:19:07,424]-[trainutils.py line:461]:Test progress:   0/95 
[2026-09-18 21:19:42,599]-[trainutils.py line:461]:Test progress:  95/95 
[2026-09-18 21:19:42,601]-[trainutils.py line:492]:Epoch 12 -           Audio/Counting accuracy: 86.50(442/511) 
[2026-09-18 21:19:42,601]-[trainutils.py line:492]:Epoch 12 -        Audio/Comparative accuracy: 61.36(181/295) 
[2026-09-18 21:19:42,601]-[trainutils.py line:497]:Epoch 12 -                    Audio accuracy: 77.30(623/806) 
[2026-09-18 21:19:42,601]-[trainutils.py line:492]:Epoch 12 -          Visual/Counting accuracy: 84.17(505/600) 
[2026-09-18 21:19:42,601]-[trainutils.py line:492]:Epoch 12 -          Visual/Location accuracy: 90.05(552/613) 
[2026-09-18 21:19:42,601]-[trainutils.py line:497]:Epoch 12 -                   Visual accuracy: 87.14(1057/1213) 
[2026-09-18 21:19:42,601]-[trainutils.py line:492]:Epoch 12 - Audio-Visual/Existential accuracy: 83.03(411/495) 
[2026-09-18 21:19:42,602]-[trainutils.py line:492]:Epoch 12 -    Audio-Visual/Counting accuracy: 79.94(506/633) 
[2026-09-18 21:19:42,602]-[trainutils.py line:492]:Epoch 12 -    Audio-Visual/Location accuracy: 68.76(317/461) 
[2026-09-18 21:19:42,602]-[trainutils.py line:492]:Epoch 12 - Audio-Visual/Comparative accuracy: 63.39(348/549) 
[2026-09-18 21:19:42,602]-[trainutils.py line:492]:Epoch 12 -    Audio-Visual/Temporal accuracy: 72.75(299/411) 
[2026-09-18 21:19:42,603]-[trainutils.py line:497]:Epoch 12 -             Audio-Visual accuracy: 73.79(1881/2549) 
[2026-09-18 21:19:42,603]-[trainutils.py line:501]:Epoch 12 -                    Total accuracy: 77.96(3561/4568) 
[2026-09-18 21:19:42,607]-[train.py line:167]:Epoch 12 done with 77.96 and loss 0.60547. 
[2026-09-18 21:19:42,608]-[train.py line:168]:At epoch11 best acc: 78.24. 
[2026-09-18 21:19:42,608]-[train.py line:102]:
-------------- training epoch 13 -------------- 
[2026-09-18 21:19:42,837]-[trainutils.py line:416]:[EST:    5.02m][Process Time:    0.06s]- Epoch: 13 [0000/1330 (  0%)
]	Losses: ce_loss-0.2082(0.2082) loss_tacl-0.0001(0.0001) loss_sacl-0.0082(0.0082) loss_event-0.0056(0.0056) loss_evide
nce-0.0000(0.0000) loss_query_diversity-0.0043(0.0043) loss_position-0.0000(0.0000) total_loss-0.2082(0.2082) 
[2026-09-18 21:20:06,740]-[trainutils.py line:416]:[EST:    4.89m][Process Time:    0.06s]- Epoch: 13 [0100/1330 (  8%)
]	Losses: ce_loss-0.3002(0.2249) loss_tacl-0.0001(0.0001) loss_sacl-0.0097(0.0094) loss_event-0.0061(0.0057) loss_evide
nce-0.0000(0.0001) loss_query_diversity-0.0043(0.0043) loss_position-0.0000(0.0000) total_loss-0.3002(0.2249) 
[2026-09-18 21:20:30,563]-[trainutils.py line:416]:[EST:    4.49m][Process Time:    0.06s]- Epoch: 13 [0200/1330 ( 15%)
]	Losses: ce_loss-0.0637(0.2094) loss_tacl-0.0001(0.0001) loss_sacl-0.0104(0.0094) loss_event-0.0063(0.0057) loss_evide
nce-0.0000(0.0000) loss_query_diversity-0.0043(0.0043) loss_position-0.0000(0.0000) total_loss-0.0637(0.2094) 
[2026-09-18 21:20:54,417]-[trainutils.py line:416]:[EST:    4.09m][Process Time:    0.05s]- Epoch: 13 [0300/1330 ( 23%)
]	Losses: ce_loss-0.2809(0.2134) loss_tacl-0.0001(0.0001) loss_sacl-0.0092(0.0094) loss_event-0.0054(0.0057) loss_evide
nce-0.0000(0.0001) loss_query_diversity-0.0044(0.0043) loss_position-0.0000(0.0000) total_loss-0.2809(0.2134) 
[2026-09-18 21:21:18,537]-[trainutils.py line:416]:[EST:    3.70m][Process Time:    0.07s]- Epoch: 13 [0400/1330 ( 30%)
]	Losses: ce_loss-0.2991(0.2128) loss_tacl-0.0001(0.0001) loss_sacl-0.0097(0.0094) loss_event-0.0054(0.0057) loss_evide
nce-0.0000(0.0001) loss_query_diversity-0.0043(0.0043) loss_position-0.0000(0.0000) total_loss-0.2991(0.2128) 
[2026-09-18 21:21:42,574]-[trainutils.py line:416]:[EST:    3.31m][Process Time:    0.05s]- Epoch: 13 [0500/1330 ( 38%)
]	Losses: ce_loss-0.1374(0.2158) loss_tacl-0.0001(0.0001) loss_sacl-0.0095(0.0094) loss_event-0.0066(0.0057) loss_evide
nce-0.0000(0.0001) loss_query_diversity-0.0043(0.0043) loss_position-0.0000(0.0000) total_loss-0.1374(0.2158) 
[2026-09-18 21:22:06,366]-[trainutils.py line:416]:[EST:    2.91m][Process Time:    0.06s]- Epoch: 13 [0600/1330 ( 45%)
]	Losses: ce_loss-0.1054(0.2176) loss_tacl-0.0001(0.0001) loss_sacl-0.0092(0.0094) loss_event-0.0051(0.0057) loss_evide
nce-0.0000(0.0001) loss_query_diversity-0.0043(0.0043) loss_position-0.0000(0.0000) total_loss-0.1054(0.2176) 
[2026-09-18 21:22:29,885]-[trainutils.py line:416]:[EST:    2.50m][Process Time:    0.06s]- Epoch: 13 [0700/1330 ( 53%)
]	Losses: ce_loss-0.1214(0.2155) loss_tacl-0.0001(0.0001) loss_sacl-0.0088(0.0093) loss_event-0.0054(0.0057) loss_evide
nce-0.0000(0.0001) loss_query_diversity-0.0043(0.0043) loss_position-0.0000(0.0000) total_loss-0.1214(0.2155) 
[2026-09-18 21:22:53,865]-[trainutils.py line:416]:[EST:    2.11m][Process Time:    0.07s]- Epoch: 13 [0800/1330 ( 60%)
]	Losses: ce_loss-0.1774(0.2147) loss_tacl-0.0001(0.0001) loss_sacl-0.0102(0.0094) loss_event-0.0052(0.0057) loss_evide
nce-0.0000(0.0001) loss_query_diversity-0.0043(0.0043) loss_position-0.0000(0.0000) total_loss-0.1774(0.2147) 
[2026-09-18 21:23:18,131]-[trainutils.py line:416]:[EST:    1.71m][Process Time:    0.06s]- Epoch: 13 [0900/1330 ( 68%)
]	Losses: ce_loss-0.1826(0.2148) loss_tacl-0.0001(0.0001) loss_sacl-0.0098(0.0093) loss_event-0.0051(0.0057) loss_evide
nce-0.0018(0.0001) loss_query_diversity-0.0043(0.0043) loss_position-0.0000(0.0000) total_loss-0.1826(0.2148) 
[2026-09-18 21:23:41,751]-[trainutils.py line:416]:[EST:    1.31m][Process Time:    0.06s]- Epoch: 13 [1000/1330 ( 75%)
]	Losses: ce_loss-0.1383(0.2152) loss_tacl-0.0001(0.0001) loss_sacl-0.0091(0.0093) loss_event-0.0045(0.0057) loss_evide
nce-0.0000(0.0000) loss_query_diversity-0.0044(0.0043) loss_position-0.0000(0.0000) total_loss-0.1383(0.2152) 
[2026-09-18 21:24:05,649]-[trainutils.py line:416]:[EST:    0.91m][Process Time:    0.06s]- Epoch: 13 [1100/1330 ( 83%)
]	Losses: ce_loss-0.4399(0.2147) loss_tacl-0.0001(0.0001) loss_sacl-0.0082(0.0093) loss_event-0.0045(0.0057) loss_evide
nce-0.0005(0.0000) loss_query_diversity-0.0043(0.0043) loss_position-0.0000(0.0000) total_loss-0.4399(0.2147) 
[2026-09-18 21:24:29,475]-[trainutils.py line:416]:[EST:    0.51m][Process Time:    0.06s]- Epoch: 13 [1200/1330 ( 90%)
]	Losses: ce_loss-0.1123(0.2147) loss_tacl-0.0001(0.0001) loss_sacl-0.0091(0.0093) loss_event-0.0050(0.0057) loss_evide
nce-0.0000(0.0000) loss_query_diversity-0.0043(0.0043) loss_position-0.0000(0.0000) total_loss-0.1123(0.2147) 
[2026-09-18 21:24:53,446]-[trainutils.py line:416]:[EST:    0.12m][Process Time:    0.05s]- Epoch: 13 [1300/1330 ( 98%)
]	Losses: ce_loss-0.1956(0.2150) loss_tacl-0.0001(0.0001) loss_sacl-0.0096(0.0093) loss_event-0.0055(0.0057) loss_evide
nce-0.0000(0.0000) loss_query_diversity-0.0043(0.0043) loss_position-0.0000(0.0000) total_loss-0.1956(0.2150) 
[2026-09-18 21:25:00,542]-[trainutils.py line:416]:[EST:   -0.00m][Process Time:    0.06s]- Epoch: 13 [1330/1330 (100%)
]	Losses: ce_loss-0.0812(0.2154) loss_tacl-0.0001(0.0001) loss_sacl-0.0097(0.0093) loss_event-0.0051(0.0057) loss_evide
nce-0.0000(0.0000) loss_query_diversity-0.0043(0.0043) loss_position-0.0000(0.0000) total_loss-0.0812(0.2154) 
[2026-09-18 21:25:01,276]-[train.py line:106]:
-------------- validation epoch 13 -------------- 
[2026-09-18 21:25:01,616]-[trainutils.py line:461]:Test progress:   0/95 
[2026-09-18 21:25:36,323]-[trainutils.py line:461]:Test progress:  95/95 
[2026-09-18 21:25:36,323]-[trainutils.py line:492]:Epoch 13 -           Audio/Counting accuracy: 85.71(438/511) 
[2026-09-18 21:25:36,324]-[trainutils.py line:492]:Epoch 13 -        Audio/Comparative accuracy: 57.63(170/295) 
[2026-09-18 21:25:36,324]-[trainutils.py line:497]:Epoch 13 -                    Audio accuracy: 75.43(608/806) 
[2026-09-18 21:25:36,324]-[trainutils.py line:492]:Epoch 13 -          Visual/Counting accuracy: 83.83(503/600) 
[2026-09-18 21:25:36,324]-[trainutils.py line:492]:Epoch 13 -          Visual/Location accuracy: 90.21(553/613) 
[2026-09-18 21:25:36,325]-[trainutils.py line:497]:Epoch 13 -                   Visual accuracy: 87.06(1056/1213) 
[2026-09-18 21:25:36,325]-[trainutils.py line:492]:Epoch 13 - Audio-Visual/Existential accuracy: 84.44(418/495) 
[2026-09-18 21:25:36,325]-[trainutils.py line:492]:Epoch 13 -    Audio-Visual/Counting accuracy: 78.67(498/633) 
[2026-09-18 21:25:36,325]-[trainutils.py line:492]:Epoch 13 -    Audio-Visual/Location accuracy: 68.76(317/461) 
[2026-09-18 21:25:36,325]-[trainutils.py line:492]:Epoch 13 - Audio-Visual/Comparative accuracy: 62.48(343/549) 
[2026-09-18 21:25:36,325]-[trainutils.py line:492]:Epoch 13 -    Audio-Visual/Temporal accuracy: 72.75(299/411) 
[2026-09-18 21:25:36,325]-[trainutils.py line:497]:Epoch 13 -             Audio-Visual accuracy: 73.56(1875/2549) 
[2026-09-18 21:25:36,326]-[trainutils.py line:501]:Epoch 13 -                    Total accuracy: 77.47(3539/4568) 
[2026-09-18 21:25:36,709]-[trainutils.py line:461]:Test progress:   0/95 
[2026-09-18 21:26:10,715]-[trainutils.py line:461]:Test progress:  95/95 
[2026-09-18 21:26:10,715]-[trainutils.py line:492]:Epoch 13 -           Audio/Counting accuracy: 86.69(443/511) 
[2026-09-18 21:26:10,715]-[trainutils.py line:492]:Epoch 13 -        Audio/Comparative accuracy: 60.34(178/295) 
[2026-09-18 21:26:10,715]-[trainutils.py line:497]:Epoch 13 -                    Audio accuracy: 77.05(621/806) 
[2026-09-18 21:26:10,715]-[trainutils.py line:492]:Epoch 13 -          Visual/Counting accuracy: 83.83(503/600) 
[2026-09-18 21:26:10,717]-[trainutils.py line:492]:Epoch 13 -          Visual/Location accuracy: 90.05(552/613) 
[2026-09-18 21:26:10,717]-[trainutils.py line:497]:Epoch 13 -                   Visual accuracy: 86.97(1055/1213) 
[2026-09-18 21:26:10,717]-[trainutils.py line:492]:Epoch 13 - Audio-Visual/Existential accuracy: 84.24(417/495) 
[2026-09-18 21:26:10,717]-[trainutils.py line:492]:Epoch 13 -    Audio-Visual/Counting accuracy: 78.99(500/633) 
[2026-09-18 21:26:10,718]-[trainutils.py line:492]:Epoch 13 -    Audio-Visual/Location accuracy: 69.41(320/461) 
[2026-09-18 21:26:10,718]-[trainutils.py line:492]:Epoch 13 - Audio-Visual/Comparative accuracy: 63.39(348/549) 
[2026-09-18 21:26:10,718]-[trainutils.py line:492]:Epoch 13 -    Audio-Visual/Temporal accuracy: 72.02(296/411) 
[2026-09-18 21:26:10,718]-[trainutils.py line:497]:Epoch 13 -             Audio-Visual accuracy: 73.79(1881/2549) 
[2026-09-18 21:26:10,719]-[trainutils.py line:501]:Epoch 13 -                    Total accuracy: 77.87(3557/4568) 
[2026-09-18 21:26:10,723]-[train.py line:167]:Epoch 13 done with 77.87 and loss 0.63281. 
[2026-09-18 21:26:10,723]-[train.py line:168]:At epoch11 best acc: 78.24. 
[2026-09-18 21:26:10,723]-[train.py line:102]:
-------------- training epoch 14 -------------- 
[2026-09-18 21:26:10,954]-[trainutils.py line:416]:[EST:    5.07m][Process Time:    0.06s]- Epoch: 14 [0000/1330 (  0%)
]	Losses: ce_loss-0.2585(0.2585) loss_tacl-0.0001(0.0001) loss_sacl-0.0094(0.0094) loss_event-0.0050(0.0050) loss_evide
nce-0.0000(0.0000) loss_query_diversity-0.0044(0.0044) loss_position-0.0000(0.0000) total_loss-0.2585(0.2585) 
[2026-09-18 21:26:34,617]-[trainutils.py line:416]:[EST:    4.85m][Process Time:    0.06s]- Epoch: 14 [0100/1330 (  8%)
]	Losses: ce_loss-0.2061(0.1932) loss_tacl-0.0001(0.0001) loss_sacl-0.0104(0.0093) loss_event-0.0061(0.0058) loss_evide
nce-0.0000(0.0000) loss_query_diversity-0.0043(0.0043) loss_position-0.0000(0.0000) total_loss-0.2061(0.1932) 
[2026-09-18 21:26:58,119]-[trainutils.py line:416]:[EST:    4.44m][Process Time:    0.06s]- Epoch: 14 [0200/1330 ( 15%)
]	Losses: ce_loss-0.0676(0.1893) loss_tacl-0.0001(0.0001) loss_sacl-0.0105(0.0092) loss_event-0.0068(0.0058) loss_evide
nce-0.0000(0.0000) loss_query_diversity-0.0043(0.0043) loss_position-0.0000(0.0000) total_loss-0.0676(0.1893) 
[2026-09-18 21:27:22,010]-[trainutils.py line:416]:[EST:    4.06m][Process Time:    0.06s]- Epoch: 14 [0300/1330 ( 23%)
]	Losses: ce_loss-0.1076(0.1940) loss_tacl-0.0001(0.0001) loss_sacl-0.0095(0.0092) loss_event-0.0058(0.0058) loss_evide
nce-0.0000(0.0000) loss_query_diversity-0.0043(0.0043) loss_position-0.0000(0.0000) total_loss-0.1076(0.1940) 
[2026-09-18 21:27:45,637]-[trainutils.py line:416]:[EST:    3.66m][Process Time:    0.06s]- Epoch: 14 [0400/1330 ( 30%)
]	Losses: ce_loss-0.2021(0.1895) loss_tacl-0.0001(0.0001) loss_sacl-0.0106(0.0092) loss_event-0.0056(0.0058) loss_evide
nce-0.0000(0.0000) loss_query_diversity-0.0043(0.0043) loss_position-0.0000(0.0000) total_loss-0.2021(0.1895) 
[2026-09-18 21:28:09,323]-[trainutils.py line:416]:[EST:    3.27m][Process Time:    0.06s]- Epoch: 14 [0500/1330 ( 38%)
]	Losses: ce_loss-0.1580(0.1903) loss_tacl-0.0001(0.0001) loss_sacl-0.0088(0.0092) loss_event-0.0051(0.0058) loss_evide
nce-0.0000(0.0000) loss_query_diversity-0.0043(0.0043) loss_position-0.0000(0.0000) total_loss-0.1580(0.1903) 
[2026-09-18 21:28:33,135]-[trainutils.py line:416]:[EST:    2.88m][Process Time:    0.06s]- Epoch: 14 [0600/1330 ( 45%)
]	Losses: ce_loss-0.3266(0.1922) loss_tacl-0.0001(0.0001) loss_sacl-0.0089(0.0092) loss_event-0.0063(0.0058) loss_evide
nce-0.0000(0.0000) loss_query_diversity-0.0043(0.0043) loss_position-0.0000(0.0000) total_loss-0.3266(0.1922) 
[2026-09-18 21:28:56,761]-[trainutils.py line:416]:[EST:    2.48m][Process Time:    0.06s]- Epoch: 14 [0700/1330 ( 53%)
]	Losses: ce_loss-0.2813(0.1922) loss_tacl-0.0001(0.0001) loss_sacl-0.0090(0.0092) loss_event-0.0063(0.0058) loss_evide
nce-0.0000(0.0000) loss_query_diversity-0.0043(0.0043) loss_position-0.0000(0.0000) total_loss-0.2813(0.1922) 
[2026-09-18 21:29:20,554]-[trainutils.py line:416]:[EST:    2.09m][Process Time:    0.06s]- Epoch: 14 [0800/1330 ( 60%)
]	Losses: ce_loss-0.1901(0.1933) loss_tacl-0.0001(0.0001) loss_sacl-0.0088(0.0092) loss_event-0.0051(0.0058) loss_evide
nce-0.0000(0.0000) loss_query_diversity-0.0043(0.0043) loss_position-0.0000(0.0000) total_loss-0.1901(0.1933) 
[2026-09-18 21:29:44,236]-[trainutils.py line:416]:[EST:    1.69m][Process Time:    0.06s]- Epoch: 14 [0900/1330 ( 68%)
]	Losses: ce_loss-0.1711(0.1949) loss_tacl-0.0001(0.0001) loss_sacl-0.0086(0.0092) loss_event-0.0053(0.0057) loss_evide
nce-0.0000(0.0000) loss_query_diversity-0.0043(0.0043) loss_position-0.0000(0.0000) total_loss-0.1711(0.1949) 
[2026-09-18 21:30:08,002]-[trainutils.py line:416]:[EST:    1.30m][Process Time:    0.06s]- Epoch: 14 [1000/1330 ( 75%)
]	Losses: ce_loss-0.1831(0.1935) loss_tacl-0.0001(0.0001) loss_sacl-0.0102(0.0092) loss_event-0.0063(0.0058) loss_evide
nce-0.0006(0.0000) loss_query_diversity-0.0043(0.0043) loss_position-0.0000(0.0000) total_loss-0.1831(0.1935) 
[2026-09-18 21:30:32,031]-[trainutils.py line:416]:[EST:    0.91m][Process Time:    0.06s]- Epoch: 14 [1100/1330 ( 83%)
]	Losses: ce_loss-0.1012(0.1938) loss_tacl-0.0001(0.0001) loss_sacl-0.0104(0.0092) loss_event-0.0065(0.0058) loss_evide
nce-0.0000(0.0000) loss_query_diversity-0.0043(0.0043) loss_position-0.0000(0.0000) total_loss-0.1012(0.1938) 
[2026-09-18 21:30:55,917]-[trainutils.py line:416]:[EST:    0.51m][Process Time:    0.06s]- Epoch: 14 [1200/1330 ( 90%)
]	Losses: ce_loss-0.2692(0.1934) loss_tacl-0.0001(0.0001) loss_sacl-0.0084(0.0092) loss_event-0.0050(0.0058) loss_evide
nce-0.0000(0.0000) loss_query_diversity-0.0043(0.0043) loss_position-0.0000(0.0000) total_loss-0.2692(0.1934) 
[2026-09-18 21:31:20,213]-[trainutils.py line:416]:[EST:    0.11m][Process Time:    0.06s]- Epoch: 14 [1300/1330 ( 98%)
]	Losses: ce_loss-0.2796(0.1943) loss_tacl-0.0001(0.0001) loss_sacl-0.0084(0.0092) loss_event-0.0049(0.0058) loss_evide
nce-0.0000(0.0000) loss_query_diversity-0.0043(0.0043) loss_position-0.0000(0.0000) total_loss-0.2796(0.1943) 
[2026-09-18 21:31:27,261]-[trainutils.py line:416]:[EST:   -0.00m][Process Time:    0.06s]- Epoch: 14 [1330/1330 (100%)
]	Losses: ce_loss-0.0265(0.1942) loss_tacl-0.0001(0.0001) loss_sacl-0.0087(0.0092) loss_event-0.0072(0.0058) loss_evide
nce-0.0000(0.0000) loss_query_diversity-0.0043(0.0043) loss_position-0.0000(0.0000) total_loss-0.0265(0.1942) 
[2026-09-18 21:31:28,032]-[train.py line:106]:
-------------- validation epoch 14 -------------- 
[2026-09-18 21:31:28,375]-[trainutils.py line:461]:Test progress:   0/95 
[2026-09-18 21:32:02,526]-[trainutils.py line:461]:Test progress:  95/95 
[2026-09-18 21:32:02,527]-[trainutils.py line:492]:Epoch 14 -           Audio/Counting accuracy: 86.50(442/511) 
[2026-09-18 21:32:02,527]-[trainutils.py line:492]:Epoch 14 -        Audio/Comparative accuracy: 59.66(176/295) 
[2026-09-18 21:32:02,527]-[trainutils.py line:497]:Epoch 14 -                    Audio accuracy: 76.67(618/806) 
[2026-09-18 21:32:02,527]-[trainutils.py line:492]:Epoch 14 -          Visual/Counting accuracy: 84.17(505/600) 
[2026-09-18 21:32:02,529]-[trainutils.py line:492]:Epoch 14 -          Visual/Location accuracy: 90.70(556/613) 
[2026-09-18 21:32:02,529]-[trainutils.py line:497]:Epoch 14 -                   Visual accuracy: 87.47(1061/1213) 
[2026-09-18 21:32:02,529]-[trainutils.py line:492]:Epoch 14 - Audio-Visual/Existential accuracy: 83.84(415/495) 
[2026-09-18 21:32:02,529]-[trainutils.py line:492]:Epoch 14 -    Audio-Visual/Counting accuracy: 78.36(496/633) 
[2026-09-18 21:32:02,530]-[trainutils.py line:492]:Epoch 14 -    Audio-Visual/Location accuracy: 70.07(323/461) 
[2026-09-18 21:32:02,530]-[trainutils.py line:492]:Epoch 14 - Audio-Visual/Comparative accuracy: 62.11(341/549) 
[2026-09-18 21:32:02,530]-[trainutils.py line:492]:Epoch 14 -    Audio-Visual/Temporal accuracy: 71.29(293/411) 
[2026-09-18 21:32:02,530]-[trainutils.py line:497]:Epoch 14 -             Audio-Visual accuracy: 73.28(1868/2549) 
[2026-09-18 21:32:02,530]-[trainutils.py line:501]:Epoch 14 -                    Total accuracy: 77.65(3547/4568) 
[2026-09-18 21:32:02,902]-[trainutils.py line:461]:Test progress:   0/95 
[2026-09-18 21:32:36,600]-[trainutils.py line:461]:Test progress:  95/95 
[2026-09-18 21:32:36,601]-[trainutils.py line:492]:Epoch 14 -           Audio/Counting accuracy: 86.50(442/511) 
[2026-09-18 21:32:36,601]-[trainutils.py line:492]:Epoch 14 -        Audio/Comparative accuracy: 60.34(178/295) 
[2026-09-18 21:32:36,601]-[trainutils.py line:497]:Epoch 14 -                    Audio accuracy: 76.92(620/806) 
[2026-09-18 21:32:36,601]-[trainutils.py line:492]:Epoch 14 -          Visual/Counting accuracy: 83.50(501/600) 
[2026-09-18 21:32:36,602]-[trainutils.py line:492]:Epoch 14 -          Visual/Location accuracy: 90.38(554/613) 
[2026-09-18 21:32:36,602]-[trainutils.py line:497]:Epoch 14 -                   Visual accuracy: 86.97(1055/1213) 
[2026-09-18 21:32:36,602]-[trainutils.py line:492]:Epoch 14 - Audio-Visual/Existential accuracy: 83.03(411/495) 
[2026-09-18 21:32:36,602]-[trainutils.py line:492]:Epoch 14 -    Audio-Visual/Counting accuracy: 78.52(497/633) 
[2026-09-18 21:32:36,602]-[trainutils.py line:492]:Epoch 14 -    Audio-Visual/Location accuracy: 69.85(322/461) 
[2026-09-18 21:32:36,602]-[trainutils.py line:492]:Epoch 14 - Audio-Visual/Comparative accuracy: 63.02(346/549) 
[2026-09-18 21:32:36,603]-[trainutils.py line:492]:Epoch 14 -    Audio-Visual/Temporal accuracy: 71.53(294/411) 
[2026-09-18 21:32:36,603]-[trainutils.py line:497]:Epoch 14 -             Audio-Visual accuracy: 73.36(1870/2549) 
[2026-09-18 21:32:36,603]-[trainutils.py line:501]:Epoch 14 -                    Total accuracy: 77.61(3545/4568) 
[2026-09-18 21:32:36,608]-[train.py line:167]:Epoch 14 done with 77.65 and loss 0.71484. 
[2026-09-18 21:32:36,608]-[train.py line:168]:At epoch11 best acc: 78.24. 
[2026-09-18 21:32:36,608]-[train.py line:102]:
-------------- training epoch 15 -------------- 
[2026-09-18 21:32:36,834]-[trainutils.py line:416]:[EST:    4.97m][Process Time:    0.06s]- Epoch: 15 [0000/1330 (  0%)
]	Losses: ce_loss-0.3231(0.3231) loss_tacl-0.0001(0.0001) loss_sacl-0.0097(0.0097) loss_event-0.0068(0.0068) loss_evide
nce-0.0000(0.0000) loss_query_diversity-0.0043(0.0043) loss_position-0.0000(0.0000) total_loss-0.3231(0.3231) 
[2026-09-18 21:33:00,960]-[trainutils.py line:416]:[EST:    4.94m][Process Time:    0.06s]- Epoch: 15 [0100/1330 (  8%)
]	Losses: ce_loss-0.2135(0.1827) loss_tacl-0.0001(0.0001) loss_sacl-0.0077(0.0091) loss_event-0.0053(0.0058) loss_evide
nce-0.0000(0.0001) loss_query_diversity-0.0043(0.0043) loss_position-0.0000(0.0000) total_loss-0.2135(0.1827) 
[2026-09-18 21:33:24,870]-[trainutils.py line:416]:[EST:    4.52m][Process Time:    0.06s]- Epoch: 15 [0200/1330 ( 15%)
]	Losses: ce_loss-0.3638(0.1903) loss_tacl-0.0001(0.0001) loss_sacl-0.0087(0.0091) loss_event-0.0049(0.0058) loss_evide
nce-0.0000(0.0000) loss_query_diversity-0.0043(0.0043) loss_position-0.0000(0.0000) total_loss-0.3638(0.1903) 
[2026-09-18 21:33:48,808]-[trainutils.py line:416]:[EST:    4.11m][Process Time:    0.06s]- Epoch: 15 [0300/1330 ( 23%)
]	Losses: ce_loss-0.1683(0.1836) loss_tacl-0.0001(0.0001) loss_sacl-0.0095(0.0090) loss_event-0.0060(0.0057) loss_evide
nce-0.0000(0.0000) loss_query_diversity-0.0043(0.0043) loss_position-0.0000(0.0000) total_loss-0.1683(0.1836) 
[2026-09-18 21:34:12,219]-[trainutils.py line:416]:[EST:    3.69m][Process Time:    0.06s]- Epoch: 15 [0400/1330 ( 30%)
]	Losses: ce_loss-0.2091(0.1840) loss_tacl-0.0001(0.0001) loss_sacl-0.0097(0.0091) loss_event-0.0065(0.0057) loss_evide
nce-0.0000(0.0000) loss_query_diversity-0.0043(0.0043) loss_position-0.0000(0.0000) total_loss-0.2091(0.1840) 
[2026-09-18 21:34:36,079]-[trainutils.py line:416]:[EST:    3.29m][Process Time:    0.06s]- Epoch: 15 [0500/1330 ( 38%)
]	Losses: ce_loss-0.2147(0.1815) loss_tacl-0.0001(0.0001) loss_sacl-0.0088(0.0090) loss_event-0.0055(0.0057) loss_evide
nce-0.0000(0.0000) loss_query_diversity-0.0043(0.0043) loss_position-0.0000(0.0000) total_loss-0.2147(0.1815) 
[2026-09-18 21:34:59,865]-[trainutils.py line:416]:[EST:    2.90m][Process Time:    0.06s]- Epoch: 15 [0600/1330 ( 45%)
]	Losses: ce_loss-0.1008(0.1818) loss_tacl-0.0001(0.0001) loss_sacl-0.0099(0.0090) loss_event-0.0054(0.0057) loss_evide
nce-0.0000(0.0000) loss_query_diversity-0.0044(0.0043) loss_position-0.0000(0.0000) total_loss-0.1008(0.1818) 
[2026-09-18 21:35:23,739]-[trainutils.py line:416]:[EST:    2.50m][Process Time:    0.06s]- Epoch: 15 [0700/1330 ( 53%)
]	Losses: ce_loss-0.2265(0.1817) loss_tacl-0.0001(0.0001) loss_sacl-0.0090(0.0091) loss_event-0.0052(0.0057) loss_evide
nce-0.0000(0.0000) loss_query_diversity-0.0043(0.0043) loss_position-0.0000(0.0000) total_loss-0.2265(0.1817) 
[2026-09-18 21:35:47,488]-[trainutils.py line:416]:[EST:    2.10m][Process Time:    0.06s]- Epoch: 15 [0800/1330 ( 60%)
]	Losses: ce_loss-0.2216(0.1806) loss_tacl-0.0001(0.0001) loss_sacl-0.0091(0.0090) loss_event-0.0054(0.0057) loss_evide
nce-0.0000(0.0000) loss_query_diversity-0.0043(0.0043) loss_position-0.0000(0.0000) total_loss-0.2216(0.1806) 
[2026-09-18 21:36:11,476]-[trainutils.py line:416]:[EST:    1.71m][Process Time:    0.06s]- Epoch: 15 [0900/1330 ( 68%)
]	Losses: ce_loss-0.3370(0.1814) loss_tacl-0.0001(0.0001) loss_sacl-0.0091(0.0091) loss_event-0.0059(0.0057) loss_evide
nce-0.0014(0.0000) loss_query_diversity-0.0043(0.0043) loss_position-0.0000(0.0000) total_loss-0.3370(0.1814) 
[2026-09-18 21:36:35,385]-[trainutils.py line:416]:[EST:    1.31m][Process Time:    0.06s]- Epoch: 15 [1000/1330 ( 75%)
]	Losses: ce_loss-0.1986(0.1814) loss_tacl-0.0001(0.0001) loss_sacl-0.0100(0.0091) loss_event-0.0053(0.0058) loss_evide
nce-0.0000(0.0000) loss_query_diversity-0.0044(0.0043) loss_position-0.0000(0.0000) total_loss-0.1986(0.1814) 
[2026-09-18 21:36:59,358]-[trainutils.py line:416]:[EST:    0.91m][Process Time:    0.06s]- Epoch: 15 [1100/1330 ( 83%)
]	Losses: ce_loss-0.2435(0.1794) loss_tacl-0.0001(0.0001) loss_sacl-0.0091(0.0091) loss_event-0.0053(0.0058) loss_evide
nce-0.0000(0.0000) loss_query_diversity-0.0043(0.0043) loss_position-0.0000(0.0000) total_loss-0.2435(0.1794) 
[2026-09-18 21:37:23,257]-[trainutils.py line:416]:[EST:    0.51m][Process Time:    0.06s]- Epoch: 15 [1200/1330 ( 90%)
]	Losses: ce_loss-0.1777(0.1801) loss_tacl-0.0001(0.0001) loss_sacl-0.0080(0.0091) loss_event-0.0061(0.0058) loss_evide
nce-0.0000(0.0000) loss_query_diversity-0.0043(0.0043) loss_position-0.0000(0.0000) total_loss-0.1777(0.1801) 
[2026-09-18 21:37:48,047]-[trainutils.py line:416]:[EST:    0.12m][Process Time:    0.07s]- Epoch: 15 [1300/1330 ( 98%)
]	Losses: ce_loss-0.1988(0.1804) loss_tacl-0.0001(0.0001) loss_sacl-0.0086(0.0091) loss_event-0.0051(0.0057) loss_evide
nce-0.0000(0.0000) loss_query_diversity-0.0043(0.0043) loss_position-0.0000(0.0000) total_loss-0.1988(0.1804) 
[2026-09-18 21:37:55,327]-[trainutils.py line:416]:[EST:   -0.00m][Process Time:    0.07s]- Epoch: 15 [1330/1330 (100%)
]	Losses: ce_loss-0.4386(0.1811) loss_tacl-0.0001(0.0001) loss_sacl-0.0079(0.0091) loss_event-0.0048(0.0057) loss_evide
nce-0.0000(0.0000) loss_query_diversity-0.0044(0.0043) loss_position-0.0000(0.0000) total_loss-0.4386(0.1811) 
[2026-09-18 21:37:56,040]-[train.py line:106]:
-------------- validation epoch 15 -------------- 
[2026-09-18 21:37:56,414]-[trainutils.py line:461]:Test progress:   0/95 
[2026-09-18 21:38:30,818]-[trainutils.py line:461]:Test progress:  95/95 
[2026-09-18 21:38:30,819]-[trainutils.py line:492]:Epoch 15 -           Audio/Counting accuracy: 86.69(443/511) 
[2026-09-18 21:38:30,820]-[trainutils.py line:492]:Epoch 15 -        Audio/Comparative accuracy: 59.66(176/295) 
[2026-09-18 21:38:30,820]-[trainutils.py line:497]:Epoch 15 -                    Audio accuracy: 76.80(619/806) 
[2026-09-18 21:38:30,820]-[trainutils.py line:492]:Epoch 15 -          Visual/Counting accuracy: 83.17(499/600) 
[2026-09-18 21:38:30,820]-[trainutils.py line:492]:Epoch 15 -          Visual/Location accuracy: 90.70(556/613) 
[2026-09-18 21:38:30,821]-[trainutils.py line:497]:Epoch 15 -                   Visual accuracy: 86.97(1055/1213) 
[2026-09-18 21:38:30,821]-[trainutils.py line:492]:Epoch 15 - Audio-Visual/Existential accuracy: 83.43(413/495) 
[2026-09-18 21:38:30,821]-[trainutils.py line:492]:Epoch 15 -    Audio-Visual/Counting accuracy: 78.83(499/633) 
[2026-09-18 21:38:30,821]-[trainutils.py line:492]:Epoch 15 -    Audio-Visual/Location accuracy: 70.07(323/461) 
[2026-09-18 21:38:30,822]-[trainutils.py line:492]:Epoch 15 - Audio-Visual/Comparative accuracy: 63.75(350/549) 
[2026-09-18 21:38:30,822]-[trainutils.py line:492]:Epoch 15 -    Audio-Visual/Temporal accuracy: 71.53(294/411) 
[2026-09-18 21:38:30,822]-[trainutils.py line:497]:Epoch 15 -             Audio-Visual accuracy: 73.72(1879/2549) 
[2026-09-18 21:38:30,822]-[trainutils.py line:501]:Epoch 15 -                    Total accuracy: 77.78(3553/4568) 
[2026-09-18 21:38:31,195]-[trainutils.py line:461]:Test progress:   0/95 
[2026-09-18 21:39:04,134]-[trainutils.py line:461]:Test progress:  95/95 
[2026-09-18 21:39:04,135]-[trainutils.py line:492]:Epoch 15 -           Audio/Counting accuracy: 86.69(443/511) 
[2026-09-18 21:39:04,135]-[trainutils.py line:492]:Epoch 15 -        Audio/Comparative accuracy: 60.00(177/295) 
[2026-09-18 21:39:04,135]-[trainutils.py line:497]:Epoch 15 -                    Audio accuracy: 76.92(620/806) 
[2026-09-18 21:39:04,135]-[trainutils.py line:492]:Epoch 15 -          Visual/Counting accuracy: 83.67(502/600) 
[2026-09-18 21:39:04,135]-[trainutils.py line:492]:Epoch 15 -          Visual/Location accuracy: 90.86(557/613) 
[2026-09-18 21:39:04,135]-[trainutils.py line:497]:Epoch 15 -                   Visual accuracy: 87.30(1059/1213) 
[2026-09-18 21:39:04,135]-[trainutils.py line:492]:Epoch 15 - Audio-Visual/Existential accuracy: 83.84(415/495) 
[2026-09-18 21:39:04,136]-[trainutils.py line:492]:Epoch 15 -    Audio-Visual/Counting accuracy: 78.04(494/633) 
[2026-09-18 21:39:04,136]-[trainutils.py line:492]:Epoch 15 -    Audio-Visual/Location accuracy: 69.41(320/461) 
[2026-09-18 21:39:04,137]-[trainutils.py line:492]:Epoch 15 - Audio-Visual/Comparative accuracy: 63.21(347/549) 
[2026-09-18 21:39:04,137]-[trainutils.py line:492]:Epoch 15 -    Audio-Visual/Temporal accuracy: 71.29(293/411) 
[2026-09-18 21:39:04,137]-[trainutils.py line:497]:Epoch 15 -             Audio-Visual accuracy: 73.32(1869/2549) 
[2026-09-18 21:39:04,137]-[trainutils.py line:501]:Epoch 15 -                    Total accuracy: 77.67(3548/4568) 
[2026-09-18 21:39:04,141]-[train.py line:167]:Epoch 15 done with 77.78 and loss 0.71875. 
[2026-09-18 21:39:04,141]-[train.py line:168]:At epoch11 best acc: 78.24. 
D:\AVQA_experiment\QA-TIGER2\QA-TIGER\reproduce_qast_recent2025_v3_77_24\src\models\net_qast_ehr.py:143: UserWarning: enable_nested_tensor is True, but self.use_nested_tensor is False because encoder_layer.norm_first was True
  self.semantic_context = nn.TransformerEncoder(semantic_layer, num_layers=1)
