QUEUE_RUN_START without_tacl 53c463059175471998b3fb791a0d6509
Code snapshot saved as D:\model\qast_ehr_ablation_without_tacl_seed713\2026-09-20-13-38-35_seed713\code_snapshot.zip
[2026-09-20 13:38:35,499]-[utils.py line:217]:
-------------- config -------------- 
[2026-09-20 13:38:35,499]-[utils.py line:218]:{
    "standard_protocol": true,
    "run_test_after_training": false,
    "amp": true,
    "gradient_accumulation_steps": 2,
    "distill_logits": null,
    "type": "question_aware",
    "seed": 713,
    "epochs": 15,
    "num_labels": 42,
    "log_interval": 100,
    "output_dir": "D:/model/qast_ehr_ablation_without_tacl_seed713",
    "pretrained_weight": "fixed_features_only",
    "weight": "",
    "data": {
        "root": "D:/AVQA_experiment/QA-TIGER2/QA-TIGER/reproduce_qast_recent2025_v3_77_24",
        "img_size": 336,
        "batch_size": 24,
        "eval_batch_size": 48,
        "num_workers": 0,
        "frame_sample_rate": 1,
        "audios_dir": "D:/data/musicavqa/audio",
        "frames_dir": "D:/data/frames-1fps",
        "train_annot": "D:/AVQA_experiment/QA-TIGER2/QA-TIGER/reproduce_qast_recent2025_v3_77_24/data/annots/music_avqa/music_avqa_train.json",
        "valid_annot": "D:/AVQA_experiment/QA-TIGER2/QA-TIGER/reproduce_qast_recent2025_v3_77_24/data/annots/music_avqa/music_avqa_val.json",
        "test_annot": "D:/AVQA_experiment/QA-TIGER2/QA-TIGER/reproduce_qast_recent2025_v3_77_24/data/annots/music_avqa/music_avqa_test.json",
        "test_annots": null,
        "ans_quelen": "D:/AVQA_experiment/QA-TIGER2/QA-TIGER/reproduce_qast_recent2025_v3_77_24/data/annots/music_avqa/answer2idx.json",
        "audio_feat": "D:/data/musicavqa/vggish",
        "quest_feat": "D:/data/musicavqa/qst_ViT-L14@336px",
        "prompt_feat": "D:/data/musicavqa/qaPrompt_ViT-L14@336px",
        "patch_feat": "D:/data/musicavqa/visual_tome14_60",
        "video_feat": "D:/data/musicavqa/frames_vit"
    },
    "hyper_params": {
        "gpus": "0",
        "model_type": "QAST-EHR-2025",
        "model": {
            "topK": 10,
            "num_experts": 1,
            "audio_dim": 128,
            "video_dim": 768,
            "patch_dim": 1024,
            "question_dim": 768,
            "d_model": 512,
            "num_labels": 42,
            "num_heads": 8,
            "num_temporal_queries": 10,
            "event_scales": [
                3,
                7,
                15
            ],
            "keep_patches": 4,
            "lambda_tacl": 0.0,
            "lambda_sacl": 0.035,
            "lambda_event": 0.03,
            "lambda_evidence": 0.06,
            "lambda_diversity": 0.005,
            "lambda_position": 0.02,
            "aux_warmup_epochs": 3,
            "position_min_strength": 0.05,
            "position_max_strength": 0.1,
            "position_init_strength": 0.07,
            "evidence_margin": 0.2,
            "dropout": 0.1,
            "enable_scm": false,
            "enable_evidence_router": true,
            "enable_event_memory": true,
            "enable_temporal_reader": true,
            "enable_dynamic_fusion": true
        },
        "optim": {
            "name": "AdamW",
            "lr": 0.0001,
            "new_lr": null,
            "encoder_lr": null,
            "min_lr": 1e-06,
            "weight_decay": 0.0002,
            "betas": [
                0.9,
                0.999
            ],
            "grad_clip": 1.0
        },
        "sched": {
            "name": "cosine",
            "mode": "max",
            "gamma": 0.1,
            "step_size": 6,
            "factor": 0.5,
            "patience": 3,
            "verbose": true,
            "warmup_epochs": 1
        },
        "ema": {
            "enabled": true,
            "decay": 0.999
        }
    },
    "mode": "train",
    "debug": false,
    "output_path": "",
    "cur_rank": 0
} 
[2026-09-20 13:38:35,500]-[utils.py line:219]:
-------------- environment -------------- 
[2026-09-20 13:38:35,500]-[utils.py line:220]:OS version:   
[2026-09-20 13:38:35,500]-[utils.py line:221]:Kernel version: Windows-10-10.0.26200-SP0 
[2026-09-20 13:38:35,500]-[utils.py line:222]:Python version: 3.10.20 
[2026-09-20 13:38:35,500]-[utils.py line:223]:torch version: 2.11.0+cu128 
[2026-09-20 13:38:35,507]-[utils.py line:224]:cuda version: 12.8 
[2026-09-20 13:38:35,513]-[utils.py line:225]:cuDNN version: 91900 
[2026-09-20 13:38:35,513]-[utils.py line:226]:gpu device count: 1 
[2026-09-20 13:38:35,514]-[utils.py line:231]:gpu device 0: NVIDIA GeForce RTX 5070 Laptop GPU - 8.0GB 
[2026-09-20 13:38:35,779]-[train.py line:62]:Standard protocol audit passed: train=31927, val=4568, test=9129; no split overlap; no test-derived distillation. 
[2026-09-20 13:38:40,121]-[utils.py line:204]:
-------------- parameter info -------------- 
[2026-09-20 13:38:40,121]-[utils.py line:205]:num total params: 15239227 
[2026-09-20 13:38:40,121]-[utils.py line:206]:num tunable params: 15239227 
[2026-09-20 13:38:40,121]-[utils.py line:207]:tunable param ratio: 100.00% 
[2026-09-20 13:38:40,121]-[utils.py line:208]:tunable params: 
[2026-09-20 13:38:40,123]-[utils.py line:209]:[
    "module.audio_projection.weight",
    "module.audio_projection.bias",
    "module.video_projection.weight",
    "module.video_projection.bias",
    "module.patch_projection.weight",
    "module.patch_projection.bias",
    "module.question_projection.weight",
    "module.question_projection.bias",
    "module.prompt_projection.weight",
    "module.prompt_projection.bias",
    "module.evidence_router.norms.0.weight",
    "module.evidence_router.norms.0.bias",
    "module.evidence_router.norms.1.weight",
    "module.evidence_router.norms.1.bias",
    "module.evidence_router.norms.2.weight",
    "module.evidence_router.norms.2.bias",
    "module.evidence_router.norms.3.weight",
    "module.evidence_router.norms.3.bias",
    "module.evidence_router.projections.0.weight",
    "module.evidence_router.projections.0.bias",
    "module.evidence_router.projections.1.weight",
    "module.evidence_router.projections.1.bias",
    "module.evidence_router.projections.2.weight",
    "module.evidence_router.projections.2.bias",
    "module.evidence_router.projections.3.weight",
    "module.evidence_router.projections.3.bias",
    "module.evidence_router.question_gate.0.weight",
    "module.evidence_router.question_gate.0.bias",
    "module.evidence_router.question_gate.1.weight",
    "module.evidence_router.question_gate.1.bias",
    "module.evidence_router.question_gate.3.weight",
    "module.evidence_router.question_gate.3.bias",
    "module.evidence_router.refine.0.weight",
    "module.evidence_router.refine.0.bias",
    "module.evidence_router.refine.1.weight",
    "module.evidence_router.refine.1.bias",
    "module.evidence_router.refine.4.weight",
    "module.evidence_router.refine.4.bias",
    "module.patch_grounder.patch_key.weight",
    "module.patch_grounder.patch_key.bias",
    "module.patch_grounder.audio_query.weight",
    "module.patch_grounder.audio_query.bias",
    "module.patch_grounder.question_query.weight",
    "module.patch_grounder.question_query.bias",
    "module.patch_grounder.value.weight",
    "module.patch_grounder.value.bias",
    "module.patch_grounder.score_gate.0.weight",
    "module.patch_grounder.score_gate.0.bias",
    "module.patch_grounder.score_gate.1.weight",
    "module.patch_grounder.score_gate.1.bias",
    "module.patch_grounder.output.0.weight",
    "module.patch_grounder.output.0.bias",
    "module.patch_grounder.output.2.weight",
    "module.patch_grounder.output.2.bias",
    "module.evidence_norm.weight",
    "module.evidence_norm.bias",
    "module.event_memory.branches.0.0.weight",
    "module.event_memory.branches.0.0.bias",
    "module.event_memory.branches.0.2.weight",
    "module.event_memory.branches.0.2.bias",
    "module.event_memory.branches.1.0.weight",
    "module.event_memory.branches.1.0.bias",
    "module.event_memory.branches.1.2.weight",
    "module.event_memory.branches.1.2.bias",
    "module.event_memory.branches.2.0.weight",
    "module.event_memory.branches.2.0.bias",
    "module.event_memory.branches.2.2.weight",
    "module.event_memory.branches.2.2.bias",
    "module.event_memory.question_queries.0.weight",
    "module.event_memory.question_queries.0.bias",
    "module.event_memory.question_queries.1.weight",
    "module.event_memory.question_queries.1.bias",
    "module.event_memory.question_queries.2.weight",
    "module.event_memory.question_queries.2.bias",
    "module.event_memory.scale_gate.0.weight",
    "module.event_memory.scale_gate.0.bias",
    "module.event_memory.scale_gate.1.weight",
    "module.event_memory.scale_gate.1.bias",
    "module.event_memory.output_norm.weight",
    "module.event_memory.output_norm.bias",
    "module.adaptive_position.strength_bias",
    "module.adaptive_position.strength_gate.0.weight",
    "module.adaptive_position.strength_gate.0.bias",
    "module.adaptive_position.strength_gate.1.weight",
    "module.adaptive_position.strength_gate.1.bias",
    "module.adaptive_position.audio_projection.weight",
    "module.adaptive_position.audio_projection.bias",
    "module.adaptive_position.motion_projection.weight",
    "module.adaptive_position.motion_projection.bias",
    "module.adaptive_position.question_projection.weight",
    "module.adaptive_position.question_projection.bias",
    "module.adaptive_position.relation_projection.weight",
    "module.adaptive_position.relation_projection.bias",
    "module.adaptive_position.phi.0.weight",
    "module.adaptive_position.phi.0.bias",
    "module.adaptive_position.phi.2.weight",
    "module.adaptive_position.phi.2.bias",
    "module.adaptive_position.phi.3.weight",
    "module.adaptive_position.phi.3.bias",
    "module.adaptive_position.time_gate.weight",
    "module.adaptive_position.time_gate.bias",
    "module.cmg.in_proj_weight",
    "module.cmg.in_proj_bias",
    "module.cmg.out_proj.weight",
    "module.cmg.out_proj.bias",
    "module.cmg_norm.weight",
    "module.cmg_norm.bias",
    "module.temporal_reader.query_tokens",
    "module.temporal_reader.condition.0.weight",
    "module.temporal_reader.condition.0.bias",
    "module.temporal_reader.condition.1.weight",
    "module.temporal_reader.condition.1.bias",
    "module.temporal_reader.attention.in_proj_weight",
    "module.temporal_reader.attention.in_proj_bias",
    "module.temporal_reader.attention.out_proj.weight",
    "module.temporal_reader.attention.out_proj.bias",
    "module.temporal_reader.norm.weight",
    "module.temporal_reader.norm.bias",
    "module.temporal_reader.ffn.0.weight",
    "module.temporal_reader.ffn.0.bias",
    "module.temporal_reader.ffn.3.weight",
    "module.temporal_reader.ffn.3.bias",
    "module.fusion_gate.0.weight",
    "module.fusion_gate.0.bias",
    "module.fusion_gate.1.weight",
    "module.fusion_gate.1.bias",
    "module.fusion_gate.3.weight",
    "module.fusion_gate.3.bias",
    "module.fusion_refine.0.weight",
    "module.fusion_refine.0.bias",
    "module.fusion_refine.1.weight",
    "module.fusion_refine.1.bias",
    "module.fusion_refine.4.weight",
    "module.fusion_refine.4.bias",
    "module.fusion_refine.5.weight",
    "module.fusion_refine.5.bias",
    "module.answer_head.weight",
    "module.answer_head.bias"
] 
[2026-09-20 13:38:40,124]-[trainutils.py line:220]:
-------------- optimizer info -------------- 
[2026-09-20 13:38:40,124]-[trainutils.py line:221]:Learning rate: 0.0001 
[2026-09-20 13:38:40,124]-[trainutils.py line:222]:Betas: (0.9, 0.999) 
[2026-09-20 13:38:40,124]-[trainutils.py line:223]:Eps: 1e-08 
[2026-09-20 13:38:40,124]-[trainutils.py line:224]:Weight decay: 0.0002 
[2026-09-20 13:38:40,156]-[train.py line:102]:
-------------- training epoch 1 -------------- 
[2026-09-20 13:38:42,539]-[trainutils.py line:416]:[EST:   52.72m][Process Time:    1.98s]- Epoch: 1 [0000/1330 (  0%)]	Losses: ce_loss-4.2462(4.2462) loss_tacl-0.0000(0.0000) loss_sacl-0.0115(0.0115) loss_event-0.0210(0.0210) loss_evidence-0.0095(0.0095) loss_query_diversity-0.0044(0.0044) loss_position-0.0000(0.0000) total_loss-4.2462(4.2462) 
[2026-09-20 13:39:19,250]-[trainutils.py line:416]:[EST:    7.93m][Process Time:    0.08s]- Epoch: 1 [0100/1330 (  8%)]	Losses: ce_loss-3.4044(3.8189) loss_tacl-0.0000(0.0000) loss_sacl-0.0112(0.0112) loss_event-0.0191(0.0202) loss_evidence-0.0090(0.0121) loss_query_diversity-0.0044(0.0044) loss_position-0.0000(0.0000) total_loss-3.4044(3.8189) 
[2026-09-20 13:39:55,746]-[trainutils.py line:416]:[EST:    7.08m][Process Time:    0.08s]- Epoch: 1 [0200/1330 ( 15%)]	Losses: ce_loss-3.1252(3.5429) loss_tacl-0.0000(0.0000) loss_sacl-0.0110(0.0112) loss_event-0.0168(0.0194) loss_evidence-0.0093(0.0114) loss_query_diversity-0.0044(0.0044) loss_position-0.0000(0.0000) total_loss-3.1252(3.5429) 
[2026-09-20 13:40:31,479]-[trainutils.py line:416]:[EST:    6.34m][Process Time:    0.09s]- Epoch: 1 [0300/1330 ( 23%)]	Losses: ce_loss-3.0470(3.3397) loss_tacl-0.0000(0.0000) loss_sacl-0.0110(0.0111) loss_event-0.0155(0.0185) loss_evidence-0.0103(0.0106) loss_query_diversity-0.0044(0.0044) loss_position-0.0000(0.0000) total_loss-3.0470(3.3397) 
[2026-09-20 13:41:07,060]-[trainutils.py line:416]:[EST:    5.67m][Process Time:    0.07s]- Epoch: 1 [0400/1330 ( 30%)]	Losses: ce_loss-2.7505(3.1663) loss_tacl-0.0000(0.0000) loss_sacl-0.0110(0.0111) loss_event-0.0153(0.0177) loss_evidence-0.0095(0.0090) loss_query_diversity-0.0044(0.0044) loss_position-0.0000(0.0000) total_loss-2.7505(3.1663) 
[2026-09-20 13:41:42,614]-[trainutils.py line:416]:[EST:    5.03m][Process Time:    0.08s]- Epoch: 1 [0500/1330 ( 38%)]	Losses: ce_loss-2.6494(3.0498) loss_tacl-0.0000(0.0000) loss_sacl-0.0110(0.0111) loss_event-0.0143(0.0170) loss_evidence-0.0074(0.0078) loss_query_diversity-0.0044(0.0044) loss_position-0.0000(0.0000) total_loss-2.6494(3.0498) 
[2026-09-20 13:42:18,990]-[trainutils.py line:416]:[EST:    4.42m][Process Time:    0.08s]- Epoch: 1 [0600/1330 ( 45%)]	Losses: ce_loss-2.6200(2.9536) loss_tacl-0.0000(0.0000) loss_sacl-0.0111(0.0111) loss_event-0.0136(0.0165) loss_evidence-0.0066(0.0067) loss_query_diversity-0.0044(0.0044) loss_position-0.0000(0.0000) total_loss-2.6200(2.9536) 
[2026-09-20 13:42:54,720]-[trainutils.py line:416]:[EST:    3.81m][Process Time:    0.09s]- Epoch: 1 [0700/1330 ( 53%)]	Losses: ce_loss-2.4228(2.8748) loss_tacl-0.0000(0.0000) loss_sacl-0.0112(0.0111) loss_event-0.0135(0.0161) loss_evidence-0.0082(0.0057) loss_query_diversity-0.0044(0.0044) loss_position-0.0000(0.0000) total_loss-2.4228(2.8748) 
[2026-09-20 13:43:29,594]-[trainutils.py line:416]:[EST:    3.19m][Process Time:    0.07s]- Epoch: 1 [0800/1330 ( 60%)]	Losses: ce_loss-2.1989(2.8032) loss_tacl-0.0000(0.0000) loss_sacl-0.0112(0.0111) loss_event-0.0140(0.0158) loss_evidence-0.0053(0.0050) loss_query_diversity-0.0044(0.0044) loss_position-0.0000(0.0000) total_loss-2.1989(2.8032) 
[2026-09-20 13:44:05,177]-[trainutils.py line:416]:[EST:    2.58m][Process Time:    0.09s]- Epoch: 1 [0900/1330 ( 68%)]	Losses: ce_loss-2.4717(2.7344) loss_tacl-0.0000(0.0000) loss_sacl-0.0113(0.0111) loss_event-0.0127(0.0155) loss_evidence-0.0028(0.0044) loss_query_diversity-0.0044(0.0044) loss_position-0.0000(0.0000) total_loss-2.4717(2.7344) 
[2026-09-20 13:44:40,332]-[trainutils.py line:416]:[EST:    1.97m][Process Time:    0.08s]- Epoch: 1 [1000/1330 ( 75%)]	Losses: ce_loss-2.3866(2.6734) loss_tacl-0.0000(0.0000) loss_sacl-0.0113(0.0111) loss_event-0.0134(0.0153) loss_evidence-0.0036(0.0040) loss_query_diversity-0.0044(0.0044) loss_position-0.0000(0.0000) total_loss-2.3866(2.6734) 
[2026-09-20 13:45:14,767]-[trainutils.py line:416]:[EST:    1.37m][Process Time:    0.08s]- Epoch: 1 [1100/1330 ( 83%)]	Losses: ce_loss-2.0300(2.6172) loss_tacl-0.0000(0.0000) loss_sacl-0.0114(0.0111) loss_event-0.0129(0.0150) loss_evidence-0.0036(0.0036) loss_query_diversity-0.0044(0.0044) loss_position-0.0000(0.0000) total_loss-2.0300(2.6172) 
[2026-09-20 13:45:48,785]-[trainutils.py line:416]:[EST:    0.77m][Process Time:    0.08s]- Epoch: 1 [1200/1330 ( 90%)]	Losses: ce_loss-1.9169(2.5627) loss_tacl-0.0000(0.0000) loss_sacl-0.0114(0.0112) loss_event-0.0125(0.0148) loss_evidence-0.0025(0.0033) loss_query_diversity-0.0044(0.0044) loss_position-0.0000(0.0000) total_loss-1.9169(2.5627) 
[2026-09-20 13:46:23,781]-[trainutils.py line:416]:[EST:    0.17m][Process Time:    0.07s]- Epoch: 1 [1300/1330 ( 98%)]	Losses: ce_loss-1.8600(2.5123) loss_tacl-0.0000(0.0000) loss_sacl-0.0114(0.0112) loss_event-0.0131(0.0146) loss_evidence-0.0037(0.0031) loss_query_diversity-0.0044(0.0044) loss_position-0.0000(0.0000) total_loss-1.8600(2.5123) 
[2026-09-20 13:46:33,918]-[trainutils.py line:416]:[EST:   -0.01m][Process Time:    0.12s]- Epoch: 1 [1330/1330 (100%)]	Losses: ce_loss-2.0752(2.4972) loss_tacl-0.0000(0.0000) loss_sacl-0.0113(0.0112) loss_event-0.0125(0.0145) loss_evidence-0.0069(0.0030) loss_query_diversity-0.0044(0.0044) loss_position-0.0000(0.0000) total_loss-2.0752(2.4972) 
[2026-09-20 13:46:35,292]-[train.py line:106]:
-------------- validation epoch 1 -------------- 
[2026-09-20 13:46:35,900]-[trainutils.py line:461]:Test progress:   0/95 
[2026-09-20 13:47:26,759]-[trainutils.py line:461]:Test progress:  95/95 
[2026-09-20 13:47:26,760]-[trainutils.py line:492]:Epoch 1 -           Audio/Counting accuracy: 67.32(344/511) 
[2026-09-20 13:47:26,761]-[trainutils.py line:492]:Epoch 1 -        Audio/Comparative accuracy: 54.92(162/295) 
[2026-09-20 13:47:26,761]-[trainutils.py line:497]:Epoch 1 -                    Audio accuracy: 62.78(506/806) 
[2026-09-20 13:47:26,762]-[trainutils.py line:492]:Epoch 1 -          Visual/Counting accuracy: 53.83(323/600) 
[2026-09-20 13:47:26,762]-[trainutils.py line:492]:Epoch 1 -          Visual/Location accuracy: 16.97(104/613) 
[2026-09-20 13:47:26,762]-[trainutils.py line:497]:Epoch 1 -                   Visual accuracy: 35.20(427/1213) 
[2026-09-20 13:47:26,763]-[trainutils.py line:492]:Epoch 1 - Audio-Visual/Existential accuracy: 79.39(393/495) 
[2026-09-20 13:47:26,763]-[trainutils.py line:492]:Epoch 1 -    Audio-Visual/Counting accuracy: 47.39(300/633) 
[2026-09-20 13:47:26,764]-[trainutils.py line:492]:Epoch 1 -    Audio-Visual/Location accuracy: 21.04(97/461) 
[2026-09-20 13:47:26,764]-[trainutils.py line:492]:Epoch 1 - Audio-Visual/Comparative accuracy: 59.20(325/549) 
[2026-09-20 13:47:26,764]-[trainutils.py line:492]:Epoch 1 -    Audio-Visual/Temporal accuracy: 0.00(0/411) 
[2026-09-20 13:47:26,764]-[trainutils.py line:497]:Epoch 1 -             Audio-Visual accuracy: 43.74(1115/2549) 
[2026-09-20 13:47:26,764]-[trainutils.py line:501]:Epoch 1 -                    Total accuracy: 44.83(2048/4568) 
[2026-09-20 13:47:26,800]-[train.py line:151]:best model saved at epoch 1 with acc 44.833625218914186 (raw) 
[2026-09-20 13:47:26,883]-[train.py line:167]:Epoch 1 done with 44.83 and loss 1.78906. 
[2026-09-20 13:47:26,883]-[train.py line:168]:At epoch1 best acc: 44.83. 
[2026-09-20 13:47:26,884]-[train.py line:102]:
-------------- training epoch 2 -------------- 
[2026-09-20 13:47:27,246]-[trainutils.py line:416]:[EST:    7.95m][Process Time:    0.07s]- Epoch: 2 [0000/1330 (  0%)]	Losses: ce_loss-2.1663(2.1663) loss_tacl-0.0000(0.0000) loss_sacl-0.0229(0.0229) loss_event-0.0121(0.0121) loss_evidence-0.0013(0.0013) loss_query_diversity-0.0044(0.0044) loss_position-0.0000(0.0000) total_loss-2.1663(2.1663) 
[2026-09-20 13:48:01,727]-[trainutils.py line:416]:[EST:    7.07m][Process Time:    0.08s]- Epoch: 2 [0100/1330 (  8%)]	Losses: ce_loss-1.1491(1.4565) loss_tacl-0.0000(0.0000) loss_sacl-0.0206(0.0223) loss_event-0.0099(0.0100) loss_evidence-0.0019(0.0012) loss_query_diversity-0.0044(0.0044) loss_position-0.0000(0.0000) total_loss-1.1491(1.4565) 
[2026-09-20 13:48:36,185]-[trainutils.py line:416]:[EST:    6.49m][Process Time:    0.08s]- Epoch: 2 [0200/1330 ( 15%)]	Losses: ce_loss-0.8686(1.2847) loss_tacl-0.0000(0.0000) loss_sacl-0.0191(0.0212) loss_event-0.0069(0.0090) loss_evidence-0.0000(0.0007) loss_query_diversity-0.0044(0.0044) loss_position-0.0000(0.0000) total_loss-0.8686(1.2847) 
[2026-09-20 13:49:09,966]-[trainutils.py line:416]:[EST:    5.87m][Process Time:    0.08s]- Epoch: 2 [0300/1330 ( 23%)]	Losses: ce_loss-0.7200(1.1906) loss_tacl-0.0000(0.0000) loss_sacl-0.0177(0.0204) loss_event-0.0060(0.0083) loss_evidence-0.0000(0.0006) loss_query_diversity-0.0044(0.0044) loss_position-0.0000(0.0000) total_loss-0.7200(1.1906) 
[2026-09-20 13:49:45,221]-[trainutils.py line:416]:[EST:    5.34m][Process Time:    0.08s]- Epoch: 2 [0400/1330 ( 30%)]	Losses: ce_loss-0.6908(1.1305) loss_tacl-0.0000(0.0000) loss_sacl-0.0170(0.0197) loss_event-0.0066(0.0077) loss_evidence-0.0000(0.0005) loss_query_diversity-0.0044(0.0044) loss_position-0.0000(0.0000) total_loss-0.6908(1.1305) 
[2026-09-20 13:50:19,379]-[trainutils.py line:416]:[EST:    4.76m][Process Time:    0.08s]- Epoch: 2 [0500/1330 ( 38%)]	Losses: ce_loss-0.8574(1.0843) loss_tacl-0.0000(0.0000) loss_sacl-0.0152(0.0190) loss_event-0.0066(0.0073) loss_evidence-0.0000(0.0005) loss_query_diversity-0.0044(0.0044) loss_position-0.0000(0.0000) total_loss-0.8574(1.0843) 
[2026-09-20 13:50:52,677]-[trainutils.py line:416]:[EST:    4.16m][Process Time:    0.06s]- Epoch: 2 [0600/1330 ( 45%)]	Losses: ce_loss-0.9185(1.0490) loss_tacl-0.0000(0.0000) loss_sacl-0.0144(0.0183) loss_event-0.0055(0.0070) loss_evidence-0.0000(0.0004) loss_query_diversity-0.0044(0.0044) loss_position-0.0000(0.0000) total_loss-0.9185(1.0490) 
[2026-09-20 13:51:17,770]-[trainutils.py line:416]:[EST:    3.45m][Process Time:    0.05s]- Epoch: 2 [0700/1330 ( 53%)]	Losses: ce_loss-0.7766(1.0164) loss_tacl-0.0000(0.0000) loss_sacl-0.0136(0.0177) loss_event-0.0052(0.0068) loss_evidence-0.0000(0.0004) loss_query_diversity-0.0044(0.0044) loss_position-0.0000(0.0000) total_loss-0.7766(1.0164) 
[2026-09-20 13:51:40,863]-[trainutils.py line:416]:[EST:    2.80m][Process Time:    0.05s]- Epoch: 2 [0800/1330 ( 60%)]	Losses: ce_loss-0.8863(0.9913) loss_tacl-0.0000(0.0000) loss_sacl-0.0121(0.0172) loss_event-0.0051(0.0066) loss_evidence-0.0005(0.0004) loss_query_diversity-0.0044(0.0044) loss_position-0.0000(0.0000) total_loss-0.8863(0.9913) 
[2026-09-20 13:52:03,422]-[trainutils.py line:416]:[EST:    2.19m][Process Time:    0.05s]- Epoch: 2 [0900/1330 ( 68%)]	Losses: ce_loss-0.6942(0.9706) loss_tacl-0.0000(0.0000) loss_sacl-0.0130(0.0167) loss_event-0.0050(0.0064) loss_evidence-0.0000(0.0004) loss_query_diversity-0.0044(0.0044) loss_position-0.0000(0.0000) total_loss-0.6942(0.9706) 
[2026-09-20 13:52:26,354]-[trainutils.py line:416]:[EST:    1.64m][Process Time:    0.05s]- Epoch: 2 [1000/1330 ( 75%)]	Losses: ce_loss-0.9183(0.9532) loss_tacl-0.0000(0.0000) loss_sacl-0.0122(0.0162) loss_event-0.0046(0.0063) loss_evidence-0.0032(0.0004) loss_query_diversity-0.0044(0.0044) loss_position-0.0000(0.0000) total_loss-0.9183(0.9532) 
[2026-09-20 13:52:49,452]-[trainutils.py line:416]:[EST:    1.12m][Process Time:    0.06s]- Epoch: 2 [1100/1330 ( 83%)]	Losses: ce_loss-0.4826(0.9361) loss_tacl-0.0000(0.0000) loss_sacl-0.0124(0.0158) loss_event-0.0043(0.0061) loss_evidence-0.0000(0.0004) loss_query_diversity-0.0044(0.0044) loss_position-0.0000(0.0000) total_loss-0.4826(0.9361) 
[2026-09-20 13:53:11,989]-[trainutils.py line:416]:[EST:    0.62m][Process Time:    0.05s]- Epoch: 2 [1200/1330 ( 90%)]	Losses: ce_loss-0.9531(0.9225) loss_tacl-0.0000(0.0000) loss_sacl-0.0106(0.0155) loss_event-0.0041(0.0060) loss_evidence-0.0000(0.0004) loss_query_diversity-0.0044(0.0044) loss_position-0.0000(0.0000) total_loss-0.9531(0.9225) 
[2026-09-20 13:53:34,709]-[trainutils.py line:416]:[EST:    0.14m][Process Time:    0.05s]- Epoch: 2 [1300/1330 ( 98%)]	Losses: ce_loss-0.7314(0.9082) loss_tacl-0.0000(0.0000) loss_sacl-0.0092(0.0152) loss_event-0.0041(0.0059) loss_evidence-0.0023(0.0004) loss_query_diversity-0.0044(0.0044) loss_position-0.0000(0.0000) total_loss-0.7314(0.9082) 
[2026-09-20 13:53:42,075]-[trainutils.py line:416]:[EST:   -0.00m][Process Time:    0.05s]- Epoch: 2 [1330/1330 (100%)]	Losses: ce_loss-1.3923(0.9068) loss_tacl-0.0000(0.0000) loss_sacl-0.0153(0.0151) loss_event-0.0071(0.0059) loss_evidence-0.0000(0.0004) loss_query_diversity-0.0044(0.0044) loss_position-0.0000(0.0000) total_loss-1.3923(0.9068) 
[2026-09-20 13:53:42,745]-[train.py line:106]:
-------------- validation epoch 2 -------------- 
[2026-09-20 13:53:43,073]-[trainutils.py line:461]:Test progress:   0/95 
[2026-09-20 13:54:16,037]-[trainutils.py line:461]:Test progress:  95/95 
[2026-09-20 13:54:16,037]-[trainutils.py line:492]:Epoch 2 -           Audio/Counting accuracy: 72.99(373/511) 
[2026-09-20 13:54:16,038]-[trainutils.py line:492]:Epoch 2 -        Audio/Comparative accuracy: 56.95(168/295) 
[2026-09-20 13:54:16,038]-[trainutils.py line:497]:Epoch 2 -                    Audio accuracy: 67.12(541/806) 
[2026-09-20 13:54:16,038]-[trainutils.py line:492]:Epoch 2 -          Visual/Counting accuracy: 70.50(423/600) 
[2026-09-20 13:54:16,038]-[trainutils.py line:492]:Epoch 2 -          Visual/Location accuracy: 73.25(449/613) 
[2026-09-20 13:54:16,038]-[trainutils.py line:497]:Epoch 2 -                   Visual accuracy: 71.89(872/1213) 
[2026-09-20 13:54:16,038]-[trainutils.py line:492]:Epoch 2 - Audio-Visual/Existential accuracy: 81.62(404/495) 
[2026-09-20 13:54:16,038]-[trainutils.py line:492]:Epoch 2 -    Audio-Visual/Counting accuracy: 66.03(418/633) 
[2026-09-20 13:54:16,039]-[trainutils.py line:492]:Epoch 2 -    Audio-Visual/Location accuracy: 54.88(253/461) 
[2026-09-20 13:54:16,039]-[trainutils.py line:492]:Epoch 2 - Audio-Visual/Comparative accuracy: 53.55(294/549) 
[2026-09-20 13:54:16,039]-[trainutils.py line:492]:Epoch 2 -    Audio-Visual/Temporal accuracy: 65.94(271/411) 
[2026-09-20 13:54:16,039]-[trainutils.py line:497]:Epoch 2 -             Audio-Visual accuracy: 64.34(1640/2549) 
[2026-09-20 13:54:16,039]-[trainutils.py line:501]:Epoch 2 -                    Total accuracy: 66.83(3053/4568) 
[2026-09-20 13:54:16,389]-[trainutils.py line:461]:Test progress:   0/95 
[2026-09-20 13:54:48,760]-[trainutils.py line:461]:Test progress:  95/95 
[2026-09-20 13:54:48,761]-[trainutils.py line:492]:Epoch 2 -           Audio/Counting accuracy: 73.97(378/511) 
[2026-09-20 13:54:48,762]-[trainutils.py line:492]:Epoch 2 -        Audio/Comparative accuracy: 57.97(171/295) 
[2026-09-20 13:54:48,762]-[trainutils.py line:497]:Epoch 2 -                    Audio accuracy: 68.11(549/806) 
[2026-09-20 13:54:48,762]-[trainutils.py line:492]:Epoch 2 -          Visual/Counting accuracy: 64.67(388/600) 
[2026-09-20 13:54:48,762]-[trainutils.py line:492]:Epoch 2 -          Visual/Location accuracy: 79.45(487/613) 
[2026-09-20 13:54:48,763]-[trainutils.py line:497]:Epoch 2 -                   Visual accuracy: 72.14(875/1213) 
[2026-09-20 13:54:48,763]-[trainutils.py line:492]:Epoch 2 - Audio-Visual/Existential accuracy: 82.63(409/495) 
[2026-09-20 13:54:48,763]-[trainutils.py line:492]:Epoch 2 -    Audio-Visual/Counting accuracy: 64.93(411/633) 
[2026-09-20 13:54:48,763]-[trainutils.py line:492]:Epoch 2 -    Audio-Visual/Location accuracy: 60.30(278/461) 
[2026-09-20 13:54:48,763]-[trainutils.py line:492]:Epoch 2 - Audio-Visual/Comparative accuracy: 59.20(325/549) 
[2026-09-20 13:54:48,763]-[trainutils.py line:492]:Epoch 2 -    Audio-Visual/Temporal accuracy: 67.64(278/411) 
[2026-09-20 13:54:48,763]-[trainutils.py line:497]:Epoch 2 -             Audio-Visual accuracy: 66.73(1701/2549) 
[2026-09-20 13:54:48,763]-[trainutils.py line:501]:Epoch 2 -                    Total accuracy: 68.41(3125/4568) 
[2026-09-20 13:54:48,802]-[train.py line:151]:best model saved at epoch 2 with acc 68.4106830122592 (ema) 
[2026-09-20 13:54:48,851]-[train.py line:167]:Epoch 2 done with 68.41 and loss 0.86719. 
[2026-09-20 13:54:48,851]-[train.py line:168]:At epoch2 best acc: 68.41. 
[2026-09-20 13:54:48,851]-[train.py line:102]:
-------------- training epoch 3 -------------- 
[2026-09-20 13:54:49,084]-[trainutils.py line:416]:[EST:    5.11m][Process Time:    0.05s]- Epoch: 3 [0000/1330 (  0%)]	Losses: ce_loss-1.1255(1.1255) loss_tacl-0.0000(0.0000) loss_sacl-0.0192(0.0192) loss_event-0.0058(0.0058) loss_evidence-0.0009(0.0009) loss_query_diversity-0.0043(0.0043) loss_position-0.0000(0.0000) total_loss-1.1255(1.1255) 
[2026-09-20 13:55:11,872]-[trainutils.py line:416]:[EST:    4.67m][Process Time:    0.06s]- Epoch: 3 [0100/1330 (  8%)]	Losses: ce_loss-0.7037(0.7030) loss_tacl-0.0000(0.0000) loss_sacl-0.0148(0.0170) loss_event-0.0047(0.0049) loss_evidence-0.0000(0.0005) loss_query_diversity-0.0044(0.0044) loss_position-0.0000(0.0000) total_loss-0.7037(0.7030) 
[2026-09-20 13:55:34,571]-[trainutils.py line:416]:[EST:    4.28m][Process Time:    0.06s]- Epoch: 3 [0200/1330 ( 15%)]	Losses: ce_loss-0.5812(0.6989) loss_tacl-0.0000(0.0000) loss_sacl-0.0140(0.0165) loss_event-0.0043(0.0049) loss_evidence-0.0000(0.0004) loss_query_diversity-0.0044(0.0044) loss_position-0.0000(0.0000) total_loss-0.5812(0.6989) 
[2026-09-20 13:55:56,944]-[trainutils.py line:416]:[EST:    3.88m][Process Time:    0.05s]- Epoch: 3 [0300/1330 ( 23%)]	Losses: ce_loss-0.9006(0.6985) loss_tacl-0.0000(0.0000) loss_sacl-0.0126(0.0159) loss_event-0.0054(0.0050) loss_evidence-0.0012(0.0005) loss_query_diversity-0.0044(0.0044) loss_position-0.0000(0.0000) total_loss-0.9006(0.6985) 
[2026-09-20 13:56:19,328]-[trainutils.py line:416]:[EST:    3.49m][Process Time:    0.05s]- Epoch: 3 [0400/1330 ( 30%)]	Losses: ce_loss-0.6888(0.6970) loss_tacl-0.0000(0.0000) loss_sacl-0.0126(0.0156) loss_event-0.0044(0.0050) loss_evidence-0.0000(0.0004) loss_query_diversity-0.0044(0.0044) loss_position-0.0000(0.0000) total_loss-0.6888(0.6970) 
[2026-09-20 13:56:41,906]-[trainutils.py line:416]:[EST:    3.12m][Process Time:    0.05s]- Epoch: 3 [0500/1330 ( 38%)]	Losses: ce_loss-0.8849(0.6943) loss_tacl-0.0000(0.0000) loss_sacl-0.0139(0.0153) loss_event-0.0049(0.0050) loss_evidence-0.0000(0.0004) loss_query_diversity-0.0044(0.0044) loss_position-0.0000(0.0000) total_loss-0.8849(0.6943) 
[2026-09-20 13:57:04,077]-[trainutils.py line:416]:[EST:    2.73m][Process Time:    0.06s]- Epoch: 3 [0600/1330 ( 45%)]	Losses: ce_loss-0.9483(0.6969) loss_tacl-0.0000(0.0000) loss_sacl-0.0152(0.0151) loss_event-0.0055(0.0050) loss_evidence-0.0029(0.0004) loss_query_diversity-0.0044(0.0044) loss_position-0.0000(0.0000) total_loss-0.9483(0.6969) 
[2026-09-20 13:57:26,169]-[trainutils.py line:416]:[EST:    2.35m][Process Time:    0.05s]- Epoch: 3 [0700/1330 ( 53%)]	Losses: ce_loss-0.6244(0.6941) loss_tacl-0.0000(0.0000) loss_sacl-0.0143(0.0149) loss_event-0.0044(0.0050) loss_evidence-0.0000(0.0004) loss_query_diversity-0.0044(0.0044) loss_position-0.0000(0.0000) total_loss-0.6244(0.6941) 
[2026-09-20 13:57:48,039]-[trainutils.py line:416]:[EST:    1.97m][Process Time:    0.05s]- Epoch: 3 [0800/1330 ( 60%)]	Losses: ce_loss-0.6519(0.6938) loss_tacl-0.0000(0.0000) loss_sacl-0.0124(0.0148) loss_event-0.0049(0.0049) loss_evidence-0.0016(0.0004) loss_query_diversity-0.0044(0.0044) loss_position-0.0000(0.0000) total_loss-0.6519(0.6938) 
[2026-09-20 13:58:10,035]-[trainutils.py line:416]:[EST:    1.60m][Process Time:    0.06s]- Epoch: 3 [0900/1330 ( 68%)]	Losses: ce_loss-0.6320(0.6932) loss_tacl-0.0000(0.0000) loss_sacl-0.0121(0.0146) loss_event-0.0045(0.0049) loss_evidence-0.0000(0.0004) loss_query_diversity-0.0044(0.0044) loss_position-0.0000(0.0000) total_loss-0.6320(0.6932) 
[2026-09-20 13:58:32,417]-[trainutils.py line:416]:[EST:    1.22m][Process Time:    0.05s]- Epoch: 3 [1000/1330 ( 75%)]	Losses: ce_loss-0.6775(0.6902) loss_tacl-0.0000(0.0000) loss_sacl-0.0147(0.0144) loss_event-0.0044(0.0049) loss_evidence-0.0017(0.0004) loss_query_diversity-0.0044(0.0044) loss_position-0.0000(0.0000) total_loss-0.6775(0.6902) 
[2026-09-20 13:58:54,483]-[trainutils.py line:416]:[EST:    0.85m][Process Time:    0.05s]- Epoch: 3 [1100/1330 ( 83%)]	Losses: ce_loss-0.8302(0.6893) loss_tacl-0.0000(0.0000) loss_sacl-0.0125(0.0143) loss_event-0.0036(0.0049) loss_evidence-0.0000(0.0004) loss_query_diversity-0.0044(0.0044) loss_position-0.0000(0.0000) total_loss-0.8302(0.6893) 
[2026-09-20 13:59:16,508]-[trainutils.py line:416]:[EST:    0.48m][Process Time:    0.05s]- Epoch: 3 [1200/1330 ( 90%)]	Losses: ce_loss-0.7692(0.6882) loss_tacl-0.0000(0.0000) loss_sacl-0.0140(0.0142) loss_event-0.0044(0.0048) loss_evidence-0.0000(0.0004) loss_query_diversity-0.0044(0.0044) loss_position-0.0000(0.0000) total_loss-0.7692(0.6882) 
[2026-09-20 13:59:38,485]-[trainutils.py line:416]:[EST:    0.11m][Process Time:    0.06s]- Epoch: 3 [1300/1330 ( 98%)]	Losses: ce_loss-0.4040(0.6856) loss_tacl-0.0000(0.0000) loss_sacl-0.0139(0.0141) loss_event-0.0041(0.0048) loss_evidence-0.0000(0.0004) loss_query_diversity-0.0044(0.0044) loss_position-0.0000(0.0000) total_loss-0.4040(0.6856) 
[2026-09-20 13:59:45,011]-[trainutils.py line:416]:[EST:   -0.00m][Process Time:    0.05s]- Epoch: 3 [1330/1330 (100%)]	Losses: ce_loss-0.2742(0.6838) loss_tacl-0.0000(0.0000) loss_sacl-0.0130(0.0141) loss_event-0.0026(0.0048) loss_evidence-0.0000(0.0004) loss_query_diversity-0.0044(0.0044) loss_position-0.0000(0.0000) total_loss-0.2742(0.6838) 
[2026-09-20 13:59:45,655]-[train.py line:106]:
-------------- validation epoch 3 -------------- 
[2026-09-20 13:59:45,963]-[trainutils.py line:461]:Test progress:   0/95 
[2026-09-20 14:00:18,404]-[trainutils.py line:461]:Test progress:  95/95 
[2026-09-20 14:00:18,405]-[trainutils.py line:492]:Epoch 3 -           Audio/Counting accuracy: 82.97(424/511) 
[2026-09-20 14:00:18,405]-[trainutils.py line:492]:Epoch 3 -        Audio/Comparative accuracy: 59.66(176/295) 
[2026-09-20 14:00:18,405]-[trainutils.py line:497]:Epoch 3 -                    Audio accuracy: 74.44(600/806) 
[2026-09-20 14:00:18,405]-[trainutils.py line:492]:Epoch 3 -          Visual/Counting accuracy: 74.33(446/600) 
[2026-09-20 14:00:18,405]-[trainutils.py line:492]:Epoch 3 -          Visual/Location accuracy: 85.32(523/613) 
[2026-09-20 14:00:18,406]-[trainutils.py line:497]:Epoch 3 -                   Visual accuracy: 79.88(969/1213) 
[2026-09-20 14:00:18,406]-[trainutils.py line:492]:Epoch 3 - Audio-Visual/Existential accuracy: 83.64(414/495) 
[2026-09-20 14:00:18,406]-[trainutils.py line:492]:Epoch 3 -    Audio-Visual/Counting accuracy: 74.09(469/633) 
[2026-09-20 14:00:18,406]-[trainutils.py line:492]:Epoch 3 -    Audio-Visual/Location accuracy: 65.29(301/461) 
[2026-09-20 14:00:18,407]-[trainutils.py line:492]:Epoch 3 - Audio-Visual/Comparative accuracy: 59.93(329/549) 
[2026-09-20 14:00:18,407]-[trainutils.py line:492]:Epoch 3 -    Audio-Visual/Temporal accuracy: 71.78(295/411) 
[2026-09-20 14:00:18,407]-[trainutils.py line:497]:Epoch 3 -             Audio-Visual accuracy: 70.93(1808/2549) 
[2026-09-20 14:00:18,407]-[trainutils.py line:501]:Epoch 3 -                    Total accuracy: 73.93(3377/4568) 
[2026-09-20 14:00:18,766]-[trainutils.py line:461]:Test progress:   0/95 
[2026-09-20 14:00:50,853]-[trainutils.py line:461]:Test progress:  95/95 
[2026-09-20 14:00:50,853]-[trainutils.py line:492]:Epoch 3 -           Audio/Counting accuracy: 77.30(395/511) 
[2026-09-20 14:00:50,854]-[trainutils.py line:492]:Epoch 3 -        Audio/Comparative accuracy: 60.34(178/295) 
[2026-09-20 14:00:50,854]-[trainutils.py line:497]:Epoch 3 -                    Audio accuracy: 71.09(573/806) 
[2026-09-20 14:00:50,854]-[trainutils.py line:492]:Epoch 3 -          Visual/Counting accuracy: 71.50(429/600) 
[2026-09-20 14:00:50,854]-[trainutils.py line:492]:Epoch 3 -          Visual/Location accuracy: 84.18(516/613) 
[2026-09-20 14:00:50,854]-[trainutils.py line:497]:Epoch 3 -                   Visual accuracy: 77.91(945/1213) 
[2026-09-20 14:00:50,855]-[trainutils.py line:492]:Epoch 3 - Audio-Visual/Existential accuracy: 82.83(410/495) 
[2026-09-20 14:00:50,855]-[trainutils.py line:492]:Epoch 3 -    Audio-Visual/Counting accuracy: 70.77(448/633) 
[2026-09-20 14:00:50,855]-[trainutils.py line:492]:Epoch 3 -    Audio-Visual/Location accuracy: 65.73(303/461) 
[2026-09-20 14:00:50,855]-[trainutils.py line:492]:Epoch 3 - Audio-Visual/Comparative accuracy: 61.02(335/549) 
[2026-09-20 14:00:50,856]-[trainutils.py line:492]:Epoch 3 -    Audio-Visual/Temporal accuracy: 72.75(299/411) 
[2026-09-20 14:00:50,856]-[trainutils.py line:497]:Epoch 3 -             Audio-Visual accuracy: 70.42(1795/2549) 
[2026-09-20 14:00:50,856]-[trainutils.py line:501]:Epoch 3 -                    Total accuracy: 72.53(3313/4568) 
[2026-09-20 14:00:50,889]-[train.py line:151]:best model saved at epoch 3 with acc 73.92732049036778 (raw) 
[2026-09-20 14:00:50,935]-[train.py line:167]:Epoch 3 done with 73.93 and loss 0.62500. 
[2026-09-20 14:00:50,935]-[train.py line:168]:At epoch3 best acc: 73.93. 
[2026-09-20 14:00:50,935]-[train.py line:102]:
-------------- training epoch 4 -------------- 
[2026-09-20 14:00:51,169]-[trainutils.py line:416]:[EST:    5.14m][Process Time:    0.06s]- Epoch: 4 [0000/1330 (  0%)]	Losses: ce_loss-0.5331(0.5331) loss_tacl-0.0000(0.0000) loss_sacl-0.0102(0.0102) loss_event-0.0038(0.0038) loss_evidence-0.0014(0.0014) loss_query_diversity-0.0044(0.0044) loss_position-0.0000(0.0000) total_loss-0.5331(0.5331) 
[2026-09-20 14:01:13,273]-[trainutils.py line:416]:[EST:    4.53m][Process Time:    0.05s]- Epoch: 4 [0100/1330 (  8%)]	Losses: ce_loss-0.6432(0.5861) loss_tacl-0.0000(0.0000) loss_sacl-0.0135(0.0128) loss_event-0.0043(0.0047) loss_evidence-0.0010(0.0003) loss_query_diversity-0.0043(0.0044) loss_position-0.0000(0.0000) total_loss-0.6432(0.5861) 
[2026-09-20 14:01:35,557]-[trainutils.py line:416]:[EST:    4.18m][Process Time:    0.05s]- Epoch: 4 [0200/1330 ( 15%)]	Losses: ce_loss-0.5314(0.5817) loss_tacl-0.0000(0.0000) loss_sacl-0.0137(0.0128) loss_event-0.0051(0.0048) loss_evidence-0.0000(0.0003) loss_query_diversity-0.0043(0.0044) loss_position-0.0000(0.0000) total_loss-0.5314(0.5817) 
[2026-09-20 14:01:57,558]-[trainutils.py line:416]:[EST:    3.80m][Process Time:    0.05s]- Epoch: 4 [0300/1330 ( 23%)]	Losses: ce_loss-0.4717(0.5801) loss_tacl-0.0000(0.0000) loss_sacl-0.0123(0.0129) loss_event-0.0048(0.0049) loss_evidence-0.0000(0.0003) loss_query_diversity-0.0044(0.0044) loss_position-0.0000(0.0000) total_loss-0.4717(0.5801) 
[2026-09-20 14:02:19,457]-[trainutils.py line:416]:[EST:    3.42m][Process Time:    0.06s]- Epoch: 4 [0400/1330 ( 30%)]	Losses: ce_loss-0.8675(0.5844) loss_tacl-0.0000(0.0000) loss_sacl-0.0118(0.0127) loss_event-0.0041(0.0048) loss_evidence-0.0062(0.0003) loss_query_diversity-0.0043(0.0044) loss_position-0.0000(0.0000) total_loss-0.8675(0.5844) 
[2026-09-20 14:02:41,433]-[trainutils.py line:416]:[EST:    3.05m][Process Time:    0.05s]- Epoch: 4 [0500/1330 ( 38%)]	Losses: ce_loss-0.5784(0.5922) loss_tacl-0.0000(0.0000) loss_sacl-0.0110(0.0127) loss_event-0.0053(0.0047) loss_evidence-0.0000(0.0003) loss_query_diversity-0.0044(0.0044) loss_position-0.0000(0.0000) total_loss-0.5784(0.5922) 
[2026-09-20 14:03:03,621]-[trainutils.py line:416]:[EST:    2.68m][Process Time:    0.05s]- Epoch: 4 [0600/1330 ( 45%)]	Losses: ce_loss-0.7365(0.5935) loss_tacl-0.0000(0.0000) loss_sacl-0.0138(0.0126) loss_event-0.0051(0.0047) loss_evidence-0.0000(0.0003) loss_query_diversity-0.0044(0.0044) loss_position-0.0000(0.0000) total_loss-0.7365(0.5935) 
[2026-09-20 14:03:25,677]-[trainutils.py line:416]:[EST:    2.31m][Process Time:    0.06s]- Epoch: 4 [0700/1330 ( 53%)]	Losses: ce_loss-0.5433(0.5950) loss_tacl-0.0000(0.0000) loss_sacl-0.0119(0.0126) loss_event-0.0046(0.0047) loss_evidence-0.0000(0.0003) loss_query_diversity-0.0044(0.0044) loss_position-0.0000(0.0000) total_loss-0.5433(0.5950) 
[2026-09-20 14:03:47,782]-[trainutils.py line:416]:[EST:    1.95m][Process Time:    0.08s]- Epoch: 4 [0800/1330 ( 60%)]	Losses: ce_loss-0.9840(0.5971) loss_tacl-0.0000(0.0000) loss_sacl-0.0133(0.0125) loss_event-0.0045(0.0046) loss_evidence-0.0000(0.0003) loss_query_diversity-0.0044(0.0044) loss_position-0.0000(0.0000) total_loss-0.9840(0.5971) 
[2026-09-20 14:04:10,113]-[trainutils.py line:416]:[EST:    1.58m][Process Time:    0.06s]- Epoch: 4 [0900/1330 ( 68%)]	Losses: ce_loss-0.5934(0.5987) loss_tacl-0.0000(0.0000) loss_sacl-0.0101(0.0124) loss_event-0.0037(0.0046) loss_evidence-0.0020(0.0003) loss_query_diversity-0.0044(0.0044) loss_position-0.0000(0.0000) total_loss-0.5934(0.5987) 
[2026-09-20 14:04:32,212]-[trainutils.py line:416]:[EST:    1.21m][Process Time:    0.05s]- Epoch: 4 [1000/1330 ( 75%)]	Losses: ce_loss-0.4718(0.6003) loss_tacl-0.0000(0.0000) loss_sacl-0.0116(0.0123) loss_event-0.0050(0.0046) loss_evidence-0.0000(0.0003) loss_query_diversity-0.0043(0.0044) loss_position-0.0000(0.0000) total_loss-0.4718(0.6003) 
[2026-09-20 14:04:54,363]-[trainutils.py line:416]:[EST:    0.84m][Process Time:    0.05s]- Epoch: 4 [1100/1330 ( 83%)]	Losses: ce_loss-0.5208(0.6015) loss_tacl-0.0000(0.0000) loss_sacl-0.0125(0.0123) loss_event-0.0038(0.0046) loss_evidence-0.0000(0.0003) loss_query_diversity-0.0044(0.0044) loss_position-0.0000(0.0000) total_loss-0.5208(0.6015) 
[2026-09-20 14:05:16,824]-[trainutils.py line:416]:[EST:    0.48m][Process Time:    0.05s]- Epoch: 4 [1200/1330 ( 90%)]	Losses: ce_loss-0.6131(0.6001) loss_tacl-0.0000(0.0000) loss_sacl-0.0111(0.0123) loss_event-0.0047(0.0046) loss_evidence-0.0000(0.0003) loss_query_diversity-0.0044(0.0044) loss_position-0.0000(0.0000) total_loss-0.6131(0.6001) 
[2026-09-20 14:05:39,514]-[trainutils.py line:416]:[EST:    0.11m][Process Time:    0.06s]- Epoch: 4 [1300/1330 ( 98%)]	Losses: ce_loss-0.6458(0.5998) loss_tacl-0.0000(0.0000) loss_sacl-0.0128(0.0122) loss_event-0.0055(0.0046) loss_evidence-0.0000(0.0003) loss_query_diversity-0.0044(0.0044) loss_position-0.0000(0.0000) total_loss-0.6458(0.5998) 
[2026-09-20 14:05:46,374]-[trainutils.py line:416]:[EST:   -0.00m][Process Time:    0.05s]- Epoch: 4 [1330/1330 (100%)]	Losses: ce_loss-1.0850(0.6004) loss_tacl-0.0000(0.0000) loss_sacl-0.0102(0.0123) loss_event-0.0029(0.0046) loss_evidence-0.0000(0.0003) loss_query_diversity-0.0044(0.0044) loss_position-0.0000(0.0000) total_loss-1.0850(0.6004) 
[2026-09-20 14:05:47,025]-[train.py line:106]:
-------------- validation epoch 4 -------------- 
[2026-09-20 14:05:47,347]-[trainutils.py line:461]:Test progress:   0/95 
[2026-09-20 14:06:20,333]-[trainutils.py line:461]:Test progress:  95/95 
[2026-09-20 14:06:20,333]-[trainutils.py line:492]:Epoch 4 -           Audio/Counting accuracy: 85.32(436/511) 
[2026-09-20 14:06:20,333]-[trainutils.py line:492]:Epoch 4 -        Audio/Comparative accuracy: 61.02(180/295) 
[2026-09-20 14:06:20,334]-[trainutils.py line:497]:Epoch 4 -                    Audio accuracy: 76.43(616/806) 
[2026-09-20 14:06:20,334]-[trainutils.py line:492]:Epoch 4 -          Visual/Counting accuracy: 78.17(469/600) 
[2026-09-20 14:06:20,334]-[trainutils.py line:492]:Epoch 4 -          Visual/Location accuracy: 85.32(523/613) 
[2026-09-20 14:06:20,334]-[trainutils.py line:497]:Epoch 4 -                   Visual accuracy: 81.78(992/1213) 
[2026-09-20 14:06:20,334]-[trainutils.py line:492]:Epoch 4 - Audio-Visual/Existential accuracy: 83.43(413/495) 
[2026-09-20 14:06:20,334]-[trainutils.py line:492]:Epoch 4 -    Audio-Visual/Counting accuracy: 73.46(465/633) 
[2026-09-20 14:06:20,335]-[trainutils.py line:492]:Epoch 4 -    Audio-Visual/Location accuracy: 65.73(303/461) 
[2026-09-20 14:06:20,335]-[trainutils.py line:492]:Epoch 4 - Audio-Visual/Comparative accuracy: 60.47(332/549) 
[2026-09-20 14:06:20,335]-[trainutils.py line:492]:Epoch 4 -    Audio-Visual/Temporal accuracy: 73.24(301/411) 
[2026-09-20 14:06:20,335]-[trainutils.py line:497]:Epoch 4 -             Audio-Visual accuracy: 71.17(1814/2549) 
[2026-09-20 14:06:20,335]-[trainutils.py line:501]:Epoch 4 -                    Total accuracy: 74.91(3422/4568) 
[2026-09-20 14:06:20,710]-[trainutils.py line:461]:Test progress:   0/95 
[2026-09-20 14:06:53,377]-[trainutils.py line:461]:Test progress:  95/95 
[2026-09-20 14:06:53,377]-[trainutils.py line:492]:Epoch 4 -           Audio/Counting accuracy: 82.58(422/511) 
[2026-09-20 14:06:53,377]-[trainutils.py line:492]:Epoch 4 -        Audio/Comparative accuracy: 62.37(184/295) 
[2026-09-20 14:06:53,378]-[trainutils.py line:497]:Epoch 4 -                    Audio accuracy: 75.19(606/806) 
[2026-09-20 14:06:53,378]-[trainutils.py line:492]:Epoch 4 -          Visual/Counting accuracy: 76.50(459/600) 
[2026-09-20 14:06:53,378]-[trainutils.py line:492]:Epoch 4 -          Visual/Location accuracy: 85.32(523/613) 
[2026-09-20 14:06:53,378]-[trainutils.py line:497]:Epoch 4 -                   Visual accuracy: 80.96(982/1213) 
[2026-09-20 14:06:53,378]-[trainutils.py line:492]:Epoch 4 - Audio-Visual/Existential accuracy: 83.84(415/495) 
[2026-09-20 14:06:53,378]-[trainutils.py line:492]:Epoch 4 -    Audio-Visual/Counting accuracy: 73.93(468/633) 
[2026-09-20 14:06:53,379]-[trainutils.py line:492]:Epoch 4 -    Audio-Visual/Location accuracy: 66.16(305/461) 
[2026-09-20 14:06:53,379]-[trainutils.py line:492]:Epoch 4 - Audio-Visual/Comparative accuracy: 63.02(346/549) 
[2026-09-20 14:06:53,380]-[trainutils.py line:492]:Epoch 4 -    Audio-Visual/Temporal accuracy: 72.51(298/411) 
[2026-09-20 14:06:53,380]-[trainutils.py line:497]:Epoch 4 -             Audio-Visual accuracy: 71.87(1832/2549) 
[2026-09-20 14:06:53,380]-[trainutils.py line:501]:Epoch 4 -                    Total accuracy: 74.87(3420/4568) 
[2026-09-20 14:06:53,412]-[train.py line:151]:best model saved at epoch 4 with acc 74.9124343257443 (raw) 
[2026-09-20 14:06:53,462]-[train.py line:167]:Epoch 4 done with 74.91 and loss 0.59766. 
[2026-09-20 14:06:53,463]-[train.py line:168]:At epoch4 best acc: 74.91. 
[2026-09-20 14:06:53,463]-[train.py line:102]:
-------------- training epoch 5 -------------- 
[2026-09-20 14:06:53,687]-[trainutils.py line:416]:[EST:    4.92m][Process Time:    0.05s]- Epoch: 5 [0000/1330 (  0%)]	Losses: ce_loss-0.3292(0.3292) loss_tacl-0.0000(0.0000) loss_sacl-0.0138(0.0138) loss_event-0.0056(0.0056) loss_evidence-0.0000(0.0000) loss_query_diversity-0.0044(0.0044) loss_position-0.0000(0.0000) total_loss-0.3292(0.3292) 
[2026-09-20 14:07:16,001]-[trainutils.py line:416]:[EST:    4.57m][Process Time:    0.05s]- Epoch: 5 [0100/1330 (  8%)]	Losses: ce_loss-0.5098(0.5351) loss_tacl-0.0000(0.0000) loss_sacl-0.0129(0.0119) loss_event-0.0046(0.0043) loss_evidence-0.0020(0.0002) loss_query_diversity-0.0043(0.0044) loss_position-0.0000(0.0000) total_loss-0.5098(0.5351) 
[2026-09-20 14:07:38,500]-[trainutils.py line:416]:[EST:    4.22m][Process Time:    0.06s]- Epoch: 5 [0200/1330 ( 15%)]	Losses: ce_loss-0.4864(0.5422) loss_tacl-0.0000(0.0000) loss_sacl-0.0131(0.0117) loss_event-0.0050(0.0044) loss_evidence-0.0000(0.0002) loss_query_diversity-0.0044(0.0044) loss_position-0.0000(0.0000) total_loss-0.4864(0.5422) 
[2026-09-20 14:08:00,630]-[trainutils.py line:416]:[EST:    3.83m][Process Time:    0.05s]- Epoch: 5 [0300/1330 ( 23%)]	Losses: ce_loss-0.6480(0.5419) loss_tacl-0.0000(0.0000) loss_sacl-0.0117(0.0117) loss_event-0.0043(0.0044) loss_evidence-0.0000(0.0002) loss_query_diversity-0.0044(0.0044) loss_position-0.0000(0.0000) total_loss-0.6480(0.5419) 
[2026-09-20 14:08:23,026]-[trainutils.py line:416]:[EST:    3.46m][Process Time:    0.05s]- Epoch: 5 [0400/1330 ( 30%)]	Losses: ce_loss-0.7693(0.5379) loss_tacl-0.0000(0.0000) loss_sacl-0.0103(0.0118) loss_event-0.0038(0.0044) loss_evidence-0.0000(0.0003) loss_query_diversity-0.0043(0.0044) loss_position-0.0000(0.0000) total_loss-0.7693(0.5379) 
[2026-09-20 14:08:45,244]-[trainutils.py line:416]:[EST:    3.08m][Process Time:    0.05s]- Epoch: 5 [0500/1330 ( 38%)]	Losses: ce_loss-0.7125(0.5392) loss_tacl-0.0000(0.0000) loss_sacl-0.0092(0.0117) loss_event-0.0037(0.0044) loss_evidence-0.0000(0.0002) loss_query_diversity-0.0043(0.0044) loss_position-0.0000(0.0000) total_loss-0.7125(0.5392) 
[2026-09-20 14:09:07,532]-[trainutils.py line:416]:[EST:    2.71m][Process Time:    0.05s]- Epoch: 5 [0600/1330 ( 45%)]	Losses: ce_loss-0.6821(0.5381) loss_tacl-0.0000(0.0000) loss_sacl-0.0121(0.0116) loss_event-0.0048(0.0045) loss_evidence-0.0000(0.0002) loss_query_diversity-0.0043(0.0044) loss_position-0.0000(0.0000) total_loss-0.6821(0.5381) 
[2026-09-20 14:09:29,897]-[trainutils.py line:416]:[EST:    2.34m][Process Time:    0.05s]- Epoch: 5 [0700/1330 ( 53%)]	Losses: ce_loss-0.5875(0.5377) loss_tacl-0.0000(0.0000) loss_sacl-0.0126(0.0116) loss_event-0.0053(0.0045) loss_evidence-0.0001(0.0002) loss_query_diversity-0.0044(0.0044) loss_position-0.0000(0.0000) total_loss-0.5875(0.5377) 
[2026-09-20 14:09:52,230]-[trainutils.py line:416]:[EST:    1.97m][Process Time:    0.05s]- Epoch: 5 [0800/1330 ( 60%)]	Losses: ce_loss-0.7819(0.5353) loss_tacl-0.0000(0.0000) loss_sacl-0.0117(0.0115) loss_event-0.0038(0.0045) loss_evidence-0.0000(0.0002) loss_query_diversity-0.0043(0.0044) loss_position-0.0000(0.0000) total_loss-0.7819(0.5353) 
[2026-09-20 14:10:14,680]-[trainutils.py line:416]:[EST:    1.60m][Process Time:    0.05s]- Epoch: 5 [0900/1330 ( 68%)]	Losses: ce_loss-0.5575(0.5363) loss_tacl-0.0000(0.0000) loss_sacl-0.0134(0.0115) loss_event-0.0059(0.0045) loss_evidence-0.0000(0.0002) loss_query_diversity-0.0043(0.0044) loss_position-0.0000(0.0000) total_loss-0.5575(0.5363) 
[2026-09-20 14:10:37,105]-[trainutils.py line:416]:[EST:    1.23m][Process Time:    0.05s]- Epoch: 5 [1000/1330 ( 75%)]	Losses: ce_loss-0.7719(0.5382) loss_tacl-0.0000(0.0000) loss_sacl-0.0107(0.0114) loss_event-0.0049(0.0046) loss_evidence-0.0000(0.0002) loss_query_diversity-0.0044(0.0044) loss_position-0.0000(0.0000) total_loss-0.7719(0.5382) 
[2026-09-20 14:10:59,238]-[trainutils.py line:416]:[EST:    0.85m][Process Time:    0.05s]- Epoch: 5 [1100/1330 ( 83%)]	Losses: ce_loss-0.6092(0.5377) loss_tacl-0.0000(0.0000) loss_sacl-0.0113(0.0114) loss_event-0.0038(0.0046) loss_evidence-0.0000(0.0002) loss_query_diversity-0.0044(0.0044) loss_position-0.0000(0.0000) total_loss-0.6092(0.5377) 
[2026-09-20 14:11:21,812]-[trainutils.py line:416]:[EST:    0.48m][Process Time:    0.06s]- Epoch: 5 [1200/1330 ( 90%)]	Losses: ce_loss-0.3660(0.5391) loss_tacl-0.0000(0.0000) loss_sacl-0.0123(0.0113) loss_event-0.0055(0.0045) loss_evidence-0.0000(0.0002) loss_query_diversity-0.0043(0.0044) loss_position-0.0000(0.0000) total_loss-0.3660(0.5391) 
[2026-09-20 14:11:44,110]-[trainutils.py line:416]:[EST:    0.11m][Process Time:    0.06s]- Epoch: 5 [1300/1330 ( 98%)]	Losses: ce_loss-0.5014(0.5405) loss_tacl-0.0000(0.0000) loss_sacl-0.0123(0.0113) loss_event-0.0053(0.0045) loss_evidence-0.0000(0.0002) loss_query_diversity-0.0043(0.0044) loss_position-0.0000(0.0000) total_loss-0.5014(0.5405) 
[2026-09-20 14:11:50,693]-[trainutils.py line:416]:[EST:   -0.00m][Process Time:    0.06s]- Epoch: 5 [1330/1330 (100%)]	Losses: ce_loss-0.5499(0.5407) loss_tacl-0.0000(0.0000) loss_sacl-0.0084(0.0112) loss_event-0.0045(0.0045) loss_evidence-0.0000(0.0002) loss_query_diversity-0.0044(0.0044) loss_position-0.0000(0.0000) total_loss-0.5499(0.5407) 
[2026-09-20 14:11:51,398]-[train.py line:106]:
-------------- validation epoch 5 -------------- 
[2026-09-20 14:11:51,710]-[trainutils.py line:461]:Test progress:   0/95 
[2026-09-20 14:12:24,768]-[trainutils.py line:461]:Test progress:  95/95 
[2026-09-20 14:12:24,768]-[trainutils.py line:492]:Epoch 5 -           Audio/Counting accuracy: 85.52(437/511) 
[2026-09-20 14:12:24,769]-[trainutils.py line:492]:Epoch 5 -        Audio/Comparative accuracy: 61.36(181/295) 
[2026-09-20 14:12:24,769]-[trainutils.py line:497]:Epoch 5 -                    Audio accuracy: 76.67(618/806) 
[2026-09-20 14:12:24,769]-[trainutils.py line:492]:Epoch 5 -          Visual/Counting accuracy: 81.50(489/600) 
[2026-09-20 14:12:24,769]-[trainutils.py line:492]:Epoch 5 -          Visual/Location accuracy: 84.99(521/613) 
[2026-09-20 14:12:24,769]-[trainutils.py line:497]:Epoch 5 -                   Visual accuracy: 83.26(1010/1213) 
[2026-09-20 14:12:24,769]-[trainutils.py line:492]:Epoch 5 - Audio-Visual/Existential accuracy: 83.64(414/495) 
[2026-09-20 14:12:24,770]-[trainutils.py line:492]:Epoch 5 -    Audio-Visual/Counting accuracy: 76.78(486/633) 
[2026-09-20 14:12:24,770]-[trainutils.py line:492]:Epoch 5 -    Audio-Visual/Location accuracy: 66.81(308/461) 
[2026-09-20 14:12:24,770]-[trainutils.py line:492]:Epoch 5 - Audio-Visual/Comparative accuracy: 60.66(333/549) 
[2026-09-20 14:12:24,770]-[trainutils.py line:492]:Epoch 5 -    Audio-Visual/Temporal accuracy: 71.53(294/411) 
[2026-09-20 14:12:24,770]-[trainutils.py line:497]:Epoch 5 -             Audio-Visual accuracy: 71.99(1835/2549) 
[2026-09-20 14:12:24,770]-[trainutils.py line:501]:Epoch 5 -                    Total accuracy: 75.81(3463/4568) 
[2026-09-20 14:12:25,135]-[trainutils.py line:461]:Test progress:   0/95 
[2026-09-20 14:12:57,914]-[trainutils.py line:461]:Test progress:  95/95 
[2026-09-20 14:12:57,914]-[trainutils.py line:492]:Epoch 5 -           Audio/Counting accuracy: 85.52(437/511) 
[2026-09-20 14:12:57,915]-[trainutils.py line:492]:Epoch 5 -        Audio/Comparative accuracy: 61.69(182/295) 
[2026-09-20 14:12:57,915]-[trainutils.py line:497]:Epoch 5 -                    Audio accuracy: 76.80(619/806) 
[2026-09-20 14:12:57,915]-[trainutils.py line:492]:Epoch 5 -          Visual/Counting accuracy: 78.33(470/600) 
[2026-09-20 14:12:57,916]-[trainutils.py line:492]:Epoch 5 -          Visual/Location accuracy: 88.25(541/613) 
[2026-09-20 14:12:57,916]-[trainutils.py line:497]:Epoch 5 -                   Visual accuracy: 83.35(1011/1213) 
[2026-09-20 14:12:57,916]-[trainutils.py line:492]:Epoch 5 - Audio-Visual/Existential accuracy: 83.84(415/495) 
[2026-09-20 14:12:57,916]-[trainutils.py line:492]:Epoch 5 -    Audio-Visual/Counting accuracy: 75.67(479/633) 
[2026-09-20 14:12:57,916]-[trainutils.py line:492]:Epoch 5 -    Audio-Visual/Location accuracy: 66.38(306/461) 
[2026-09-20 14:12:57,917]-[trainutils.py line:492]:Epoch 5 - Audio-Visual/Comparative accuracy: 61.93(340/549) 
[2026-09-20 14:12:57,917]-[trainutils.py line:492]:Epoch 5 -    Audio-Visual/Temporal accuracy: 73.72(303/411) 
[2026-09-20 14:12:57,917]-[trainutils.py line:497]:Epoch 5 -             Audio-Visual accuracy: 72.30(1843/2549) 
[2026-09-20 14:12:57,917]-[trainutils.py line:501]:Epoch 5 -                    Total accuracy: 76.03(3473/4568) 
[2026-09-20 14:12:57,963]-[train.py line:151]:best model saved at epoch 5 with acc 76.02889667250437 (ema) 
[2026-09-20 14:12:58,013]-[train.py line:167]:Epoch 5 done with 76.03 and loss 0.56641. 
[2026-09-20 14:12:58,013]-[train.py line:168]:At epoch5 best acc: 76.03. 
[2026-09-20 14:12:58,013]-[train.py line:102]:
-------------- training epoch 6 -------------- 
[2026-09-20 14:12:58,230]-[trainutils.py line:416]:[EST:    4.76m][Process Time:    0.05s]- Epoch: 6 [0000/1330 (  0%)]	Losses: ce_loss-0.5512(0.5512) loss_tacl-0.0000(0.0000) loss_sacl-0.0096(0.0096) loss_event-0.0045(0.0045) loss_evidence-0.0000(0.0000) loss_query_diversity-0.0044(0.0044) loss_position-0.0000(0.0000) total_loss-0.5512(0.5512) 
[2026-09-20 14:13:20,859]-[trainutils.py line:416]:[EST:    4.63m][Process Time:    0.06s]- Epoch: 6 [0100/1330 (  8%)]	Losses: ce_loss-0.6159(0.4694) loss_tacl-0.0000(0.0000) loss_sacl-0.0097(0.0109) loss_event-0.0049(0.0047) loss_evidence-0.0000(0.0001) loss_query_diversity-0.0043(0.0044) loss_position-0.0000(0.0000) total_loss-0.6159(0.4694) 
[2026-09-20 14:13:43,776]-[trainutils.py line:416]:[EST:    4.28m][Process Time:    0.05s]- Epoch: 6 [0200/1330 ( 15%)]	Losses: ce_loss-0.6079(0.4747) loss_tacl-0.0000(0.0000) loss_sacl-0.0108(0.0107) loss_event-0.0046(0.0046) loss_evidence-0.0000(0.0001) loss_query_diversity-0.0044(0.0043) loss_position-0.0000(0.0000) total_loss-0.6079(0.4747) 
[2026-09-20 14:14:06,590]-[trainutils.py line:416]:[EST:    3.91m][Process Time:    0.05s]- Epoch: 6 [0300/1330 ( 23%)]	Losses: ce_loss-0.7670(0.4766) loss_tacl-0.0000(0.0000) loss_sacl-0.0091(0.0106) loss_event-0.0040(0.0046) loss_evidence-0.0018(0.0001) loss_query_diversity-0.0043(0.0043) loss_position-0.0000(0.0000) total_loss-0.7670(0.4766) 
[2026-09-20 14:14:28,899]-[trainutils.py line:416]:[EST:    3.51m][Process Time:    0.05s]- Epoch: 6 [0400/1330 ( 30%)]	Losses: ce_loss-0.3216(0.4798) loss_tacl-0.0000(0.0000) loss_sacl-0.0111(0.0105) loss_event-0.0050(0.0047) loss_evidence-0.0000(0.0001) loss_query_diversity-0.0044(0.0043) loss_position-0.0000(0.0000) total_loss-0.3216(0.4798) 
[2026-09-20 14:14:51,130]-[trainutils.py line:416]:[EST:    3.12m][Process Time:    0.05s]- Epoch: 6 [0500/1330 ( 38%)]	Losses: ce_loss-0.4645(0.4790) loss_tacl-0.0000(0.0000) loss_sacl-0.0088(0.0105) loss_event-0.0034(0.0046) loss_evidence-0.0000(0.0001) loss_query_diversity-0.0044(0.0043) loss_position-0.0000(0.0000) total_loss-0.4645(0.4790) 
[2026-09-20 14:15:13,093]-[trainutils.py line:416]:[EST:    2.73m][Process Time:    0.05s]- Epoch: 6 [0600/1330 ( 45%)]	Losses: ce_loss-0.4081(0.4830) loss_tacl-0.0000(0.0000) loss_sacl-0.0112(0.0105) loss_event-0.0061(0.0047) loss_evidence-0.0000(0.0001) loss_query_diversity-0.0044(0.0043) loss_position-0.0000(0.0000) total_loss-0.4081(0.4830) 
[2026-09-20 14:15:34,524]-[trainutils.py line:416]:[EST:    2.34m][Process Time:    0.05s]- Epoch: 6 [0700/1330 ( 53%)]	Losses: ce_loss-0.7456(0.4824) loss_tacl-0.0000(0.0000) loss_sacl-0.0094(0.0104) loss_event-0.0058(0.0047) loss_evidence-0.0000(0.0001) loss_query_diversity-0.0043(0.0043) loss_position-0.0000(0.0000) total_loss-0.7456(0.4824) 
[2026-09-20 14:15:55,265]-[trainutils.py line:416]:[EST:    1.95m][Process Time:    0.05s]- Epoch: 6 [0800/1330 ( 60%)]	Losses: ce_loss-0.6458(0.4866) loss_tacl-0.0000(0.0000) loss_sacl-0.0097(0.0104) loss_event-0.0047(0.0047) loss_evidence-0.0000(0.0001) loss_query_diversity-0.0044(0.0043) loss_position-0.0000(0.0000) total_loss-0.6458(0.4866) 
[2026-09-20 14:16:16,062]-[trainutils.py line:416]:[EST:    1.57m][Process Time:    0.05s]- Epoch: 6 [0900/1330 ( 68%)]	Losses: ce_loss-0.4807(0.4860) loss_tacl-0.0000(0.0000) loss_sacl-0.0108(0.0105) loss_event-0.0050(0.0047) loss_evidence-0.0000(0.0001) loss_query_diversity-0.0043(0.0043) loss_position-0.0000(0.0000) total_loss-0.4807(0.4860) 
[2026-09-20 14:16:37,878]-[trainutils.py line:416]:[EST:    1.20m][Process Time:    0.05s]- Epoch: 6 [1000/1330 ( 75%)]	Losses: ce_loss-0.3725(0.4864) loss_tacl-0.0000(0.0000) loss_sacl-0.0097(0.0105) loss_event-0.0038(0.0047) loss_evidence-0.0000(0.0001) loss_query_diversity-0.0044(0.0043) loss_position-0.0000(0.0000) total_loss-0.3725(0.4864) 
[2026-09-20 14:17:00,553]-[trainutils.py line:416]:[EST:    0.84m][Process Time:    0.05s]- Epoch: 6 [1100/1330 ( 83%)]	Losses: ce_loss-0.4336(0.4881) loss_tacl-0.0000(0.0000) loss_sacl-0.0111(0.0105) loss_event-0.0051(0.0047) loss_evidence-0.0000(0.0001) loss_query_diversity-0.0043(0.0043) loss_position-0.0000(0.0000) total_loss-0.4336(0.4881) 
[2026-09-20 14:17:22,831]-[trainutils.py line:416]:[EST:    0.47m][Process Time:    0.05s]- Epoch: 6 [1200/1330 ( 90%)]	Losses: ce_loss-0.4307(0.4887) loss_tacl-0.0000(0.0000) loss_sacl-0.0095(0.0104) loss_event-0.0044(0.0047) loss_evidence-0.0000(0.0001) loss_query_diversity-0.0043(0.0043) loss_position-0.0000(0.0000) total_loss-0.4307(0.4887) 
[2026-09-20 14:17:45,387]-[trainutils.py line:416]:[EST:    0.11m][Process Time:    0.05s]- Epoch: 6 [1300/1330 ( 98%)]	Losses: ce_loss-0.7684(0.4882) loss_tacl-0.0000(0.0000) loss_sacl-0.0114(0.0104) loss_event-0.0055(0.0047) loss_evidence-0.0000(0.0001) loss_query_diversity-0.0044(0.0043) loss_position-0.0000(0.0000) total_loss-0.7684(0.4882) 
[2026-09-20 14:17:52,215]-[trainutils.py line:416]:[EST:   -0.00m][Process Time:    0.05s]- Epoch: 6 [1330/1330 (100%)]	Losses: ce_loss-0.6012(0.4891) loss_tacl-0.0000(0.0000) loss_sacl-0.0121(0.0104) loss_event-0.0040(0.0047) loss_evidence-0.0000(0.0001) loss_query_diversity-0.0043(0.0043) loss_position-0.0000(0.0000) total_loss-0.6012(0.4891) 
[2026-09-20 14:17:52,856]-[train.py line:106]:
-------------- validation epoch 6 -------------- 
[2026-09-20 14:17:53,263]-[trainutils.py line:461]:Test progress:   0/95 
[2026-09-20 14:18:26,231]-[trainutils.py line:461]:Test progress:  95/95 
[2026-09-20 14:18:26,231]-[trainutils.py line:492]:Epoch 6 -           Audio/Counting accuracy: 85.91(439/511) 
[2026-09-20 14:18:26,232]-[trainutils.py line:492]:Epoch 6 -        Audio/Comparative accuracy: 63.05(186/295) 
[2026-09-20 14:18:26,232]-[trainutils.py line:497]:Epoch 6 -                    Audio accuracy: 77.54(625/806) 
[2026-09-20 14:18:26,232]-[trainutils.py line:492]:Epoch 6 -          Visual/Counting accuracy: 81.17(487/600) 
[2026-09-20 14:18:26,232]-[trainutils.py line:492]:Epoch 6 -          Visual/Location accuracy: 86.30(529/613) 
[2026-09-20 14:18:26,233]-[trainutils.py line:497]:Epoch 6 -                   Visual accuracy: 83.76(1016/1213) 
[2026-09-20 14:18:26,233]-[trainutils.py line:492]:Epoch 6 - Audio-Visual/Existential accuracy: 83.43(413/495) 
[2026-09-20 14:18:26,233]-[trainutils.py line:492]:Epoch 6 -    Audio-Visual/Counting accuracy: 77.09(488/633) 
[2026-09-20 14:18:26,233]-[trainutils.py line:492]:Epoch 6 -    Audio-Visual/Location accuracy: 65.94(304/461) 
[2026-09-20 14:18:26,234]-[trainutils.py line:492]:Epoch 6 - Audio-Visual/Comparative accuracy: 62.66(344/549) 
[2026-09-20 14:18:26,234]-[trainutils.py line:492]:Epoch 6 -    Audio-Visual/Temporal accuracy: 72.75(299/411) 
[2026-09-20 14:18:26,234]-[trainutils.py line:497]:Epoch 6 -             Audio-Visual accuracy: 72.50(1848/2549) 
[2026-09-20 14:18:26,234]-[trainutils.py line:501]:Epoch 6 -                    Total accuracy: 76.38(3489/4568) 
[2026-09-20 14:18:26,599]-[trainutils.py line:461]:Test progress:   0/95 
[2026-09-20 14:18:58,976]-[trainutils.py line:461]:Test progress:  95/95 
[2026-09-20 14:18:58,976]-[trainutils.py line:492]:Epoch 6 -           Audio/Counting accuracy: 85.91(439/511) 
[2026-09-20 14:18:58,977]-[trainutils.py line:492]:Epoch 6 -        Audio/Comparative accuracy: 63.73(188/295) 
[2026-09-20 14:18:58,977]-[trainutils.py line:497]:Epoch 6 -                    Audio accuracy: 77.79(627/806) 
[2026-09-20 14:18:58,977]-[trainutils.py line:492]:Epoch 6 -          Visual/Counting accuracy: 81.17(487/600) 
[2026-09-20 14:18:58,977]-[trainutils.py line:492]:Epoch 6 -          Visual/Location accuracy: 88.74(544/613) 
[2026-09-20 14:18:58,977]-[trainutils.py line:497]:Epoch 6 -                   Visual accuracy: 85.00(1031/1213) 
[2026-09-20 14:18:58,978]-[trainutils.py line:492]:Epoch 6 - Audio-Visual/Existential accuracy: 84.04(416/495) 
[2026-09-20 14:18:58,978]-[trainutils.py line:492]:Epoch 6 -    Audio-Visual/Counting accuracy: 75.99(481/633) 
[2026-09-20 14:18:58,978]-[trainutils.py line:492]:Epoch 6 -    Audio-Visual/Location accuracy: 67.68(312/461) 
[2026-09-20 14:18:58,978]-[trainutils.py line:492]:Epoch 6 - Audio-Visual/Comparative accuracy: 62.48(343/549) 
[2026-09-20 14:18:58,978]-[trainutils.py line:492]:Epoch 6 -    Audio-Visual/Temporal accuracy: 74.45(306/411) 
[2026-09-20 14:18:58,978]-[trainutils.py line:497]:Epoch 6 -             Audio-Visual accuracy: 72.89(1858/2549) 
[2026-09-20 14:18:58,978]-[trainutils.py line:501]:Epoch 6 -                    Total accuracy: 76.97(3516/4568) 
[2026-09-20 14:18:59,016]-[train.py line:151]:best model saved at epoch 6 with acc 76.97022767075306 (ema) 
[2026-09-20 14:18:59,059]-[train.py line:167]:Epoch 6 done with 76.97 and loss 0.53906. 
[2026-09-20 14:18:59,059]-[train.py line:168]:At epoch6 best acc: 76.97. 
[2026-09-20 14:18:59,059]-[train.py line:102]:
-------------- training epoch 7 -------------- 
[2026-09-20 14:18:59,279]-[trainutils.py line:416]:[EST:    4.79m][Process Time:    0.05s]- Epoch: 7 [0000/1330 (  0%)]	Losses: ce_loss-0.3109(0.3109) loss_tacl-0.0000(0.0000) loss_sacl-0.0103(0.0103) loss_event-0.0061(0.0061) loss_evidence-0.0000(0.0000) loss_query_diversity-0.0043(0.0043) loss_position-0.0000(0.0000) total_loss-0.3109(0.3109) 
[2026-09-20 14:19:21,476]-[trainutils.py line:416]:[EST:    4.55m][Process Time:    0.05s]- Epoch: 7 [0100/1330 (  8%)]	Losses: ce_loss-0.3233(0.4251) loss_tacl-0.0000(0.0000) loss_sacl-0.0090(0.0102) loss_event-0.0049(0.0049) loss_evidence-0.0000(0.0002) loss_query_diversity-0.0043(0.0043) loss_position-0.0000(0.0000) total_loss-0.3233(0.4251) 
[2026-09-20 14:19:44,004]-[trainutils.py line:416]:[EST:    4.21m][Process Time:    0.05s]- Epoch: 7 [0200/1330 ( 15%)]	Losses: ce_loss-0.3483(0.4062) loss_tacl-0.0000(0.0000) loss_sacl-0.0097(0.0100) loss_event-0.0047(0.0047) loss_evidence-0.0000(0.0001) loss_query_diversity-0.0044(0.0043) loss_position-0.0000(0.0000) total_loss-0.3483(0.4062) 
[2026-09-20 14:20:06,084]-[trainutils.py line:416]:[EST:    3.82m][Process Time:    0.05s]- Epoch: 7 [0300/1330 ( 23%)]	Losses: ce_loss-0.5676(0.4176) loss_tacl-0.0000(0.0000) loss_sacl-0.0092(0.0101) loss_event-0.0048(0.0048) loss_evidence-0.0000(0.0001) loss_query_diversity-0.0043(0.0043) loss_position-0.0000(0.0000) total_loss-0.5676(0.4176) 
[2026-09-20 14:20:28,336]-[trainutils.py line:416]:[EST:    3.45m][Process Time:    0.06s]- Epoch: 7 [0400/1330 ( 30%)]	Losses: ce_loss-0.6156(0.4206) loss_tacl-0.0000(0.0000) loss_sacl-0.0087(0.0100) loss_event-0.0047(0.0049) loss_evidence-0.0000(0.0001) loss_query_diversity-0.0043(0.0043) loss_position-0.0000(0.0000) total_loss-0.6156(0.4206) 
[2026-09-20 14:20:50,334]-[trainutils.py line:416]:[EST:    3.07m][Process Time:    0.05s]- Epoch: 7 [0500/1330 ( 38%)]	Losses: ce_loss-0.3362(0.4251) loss_tacl-0.0000(0.0000) loss_sacl-0.0092(0.0100) loss_event-0.0046(0.0049) loss_evidence-0.0000(0.0001) loss_query_diversity-0.0044(0.0043) loss_position-0.0000(0.0000) total_loss-0.3362(0.4251) 
[2026-09-20 14:21:12,611]-[trainutils.py line:416]:[EST:    2.70m][Process Time:    0.05s]- Epoch: 7 [0600/1330 ( 45%)]	Losses: ce_loss-0.5355(0.4291) loss_tacl-0.0000(0.0000) loss_sacl-0.0094(0.0100) loss_event-0.0043(0.0049) loss_evidence-0.0000(0.0001) loss_query_diversity-0.0044(0.0043) loss_position-0.0000(0.0000) total_loss-0.5355(0.4291) 
[2026-09-20 14:21:34,916]-[trainutils.py line:416]:[EST:    2.33m][Process Time:    0.05s]- Epoch: 7 [0700/1330 ( 53%)]	Losses: ce_loss-0.3863(0.4295) loss_tacl-0.0000(0.0000) loss_sacl-0.0117(0.0100) loss_event-0.0053(0.0049) loss_evidence-0.0000(0.0001) loss_query_diversity-0.0044(0.0043) loss_position-0.0000(0.0000) total_loss-0.3863(0.4295) 
[2026-09-20 14:21:57,432]-[trainutils.py line:416]:[EST:    1.96m][Process Time:    0.05s]- Epoch: 7 [0800/1330 ( 60%)]	Losses: ce_loss-0.5093(0.4316) loss_tacl-0.0000(0.0000) loss_sacl-0.0110(0.0100) loss_event-0.0050(0.0049) loss_evidence-0.0000(0.0001) loss_query_diversity-0.0044(0.0043) loss_position-0.0000(0.0000) total_loss-0.5093(0.4316) 
[2026-09-20 14:22:19,611]-[trainutils.py line:416]:[EST:    1.59m][Process Time:    0.05s]- Epoch: 7 [0900/1330 ( 68%)]	Losses: ce_loss-0.5932(0.4330) loss_tacl-0.0000(0.0000) loss_sacl-0.0098(0.0099) loss_event-0.0051(0.0048) loss_evidence-0.0000(0.0001) loss_query_diversity-0.0043(0.0043) loss_position-0.0000(0.0000) total_loss-0.5932(0.4330) 
[2026-09-20 14:22:42,614]-[trainutils.py line:416]:[EST:    1.22m][Process Time:    0.06s]- Epoch: 7 [1000/1330 ( 75%)]	Losses: ce_loss-0.4864(0.4315) loss_tacl-0.0000(0.0000) loss_sacl-0.0093(0.0099) loss_event-0.0056(0.0048) loss_evidence-0.0000(0.0001) loss_query_diversity-0.0044(0.0043) loss_position-0.0000(0.0000) total_loss-0.4864(0.4315) 
[2026-09-20 14:23:05,306]-[trainutils.py line:416]:[EST:    0.85m][Process Time:    0.06s]- Epoch: 7 [1100/1330 ( 83%)]	Losses: ce_loss-0.5739(0.4331) loss_tacl-0.0000(0.0000) loss_sacl-0.0099(0.0099) loss_event-0.0060(0.0048) loss_evidence-0.0000(0.0001) loss_query_diversity-0.0044(0.0043) loss_position-0.0000(0.0000) total_loss-0.5739(0.4331) 
[2026-09-20 14:23:27,718]-[trainutils.py line:416]:[EST:    0.48m][Process Time:    0.05s]- Epoch: 7 [1200/1330 ( 90%)]	Losses: ce_loss-0.4717(0.4363) loss_tacl-0.0000(0.0000) loss_sacl-0.0098(0.0099) loss_event-0.0041(0.0048) loss_evidence-0.0000(0.0001) loss_query_diversity-0.0043(0.0043) loss_position-0.0000(0.0000) total_loss-0.4717(0.4363) 
[2026-09-20 14:23:50,026]-[trainutils.py line:416]:[EST:    0.11m][Process Time:    0.05s]- Epoch: 7 [1300/1330 ( 98%)]	Losses: ce_loss-0.6503(0.4382) loss_tacl-0.0000(0.0000) loss_sacl-0.0090(0.0099) loss_event-0.0045(0.0048) loss_evidence-0.0027(0.0001) loss_query_diversity-0.0044(0.0043) loss_position-0.0000(0.0000) total_loss-0.6503(0.4382) 
[2026-09-20 14:23:56,163]-[trainutils.py line:416]:[EST:   -0.00m][Process Time:    0.05s]- Epoch: 7 [1330/1330 (100%)]	Losses: ce_loss-1.6110(0.4391) loss_tacl-0.0000(0.0000) loss_sacl-0.0097(0.0099) loss_event-0.0055(0.0048) loss_evidence-0.0013(0.0001) loss_query_diversity-0.0044(0.0043) loss_position-0.0000(0.0000) total_loss-1.6110(0.4391) 
[2026-09-20 14:23:56,770]-[train.py line:106]:
-------------- validation epoch 7 -------------- 
[2026-09-20 14:23:57,086]-[trainutils.py line:461]:Test progress:   0/95 
[2026-09-20 14:24:30,181]-[trainutils.py line:461]:Test progress:  95/95 
[2026-09-20 14:24:30,181]-[trainutils.py line:492]:Epoch 7 -           Audio/Counting accuracy: 85.32(436/511) 
[2026-09-20 14:24:30,182]-[trainutils.py line:492]:Epoch 7 -        Audio/Comparative accuracy: 64.41(190/295) 
[2026-09-20 14:24:30,182]-[trainutils.py line:497]:Epoch 7 -                    Audio accuracy: 77.67(626/806) 
[2026-09-20 14:24:30,182]-[trainutils.py line:492]:Epoch 7 -          Visual/Counting accuracy: 82.17(493/600) 
[2026-09-20 14:24:30,182]-[trainutils.py line:492]:Epoch 7 -          Visual/Location accuracy: 89.23(547/613) 
[2026-09-20 14:24:30,182]-[trainutils.py line:497]:Epoch 7 -                   Visual accuracy: 85.74(1040/1213) 
[2026-09-20 14:24:30,182]-[trainutils.py line:492]:Epoch 7 - Audio-Visual/Existential accuracy: 83.43(413/495) 
[2026-09-20 14:24:30,184]-[trainutils.py line:492]:Epoch 7 -    Audio-Visual/Counting accuracy: 76.15(482/633) 
[2026-09-20 14:24:30,184]-[trainutils.py line:492]:Epoch 7 -    Audio-Visual/Location accuracy: 62.91(290/461) 
[2026-09-20 14:24:30,184]-[trainutils.py line:492]:Epoch 7 - Audio-Visual/Comparative accuracy: 65.03(357/549) 
[2026-09-20 14:24:30,185]-[trainutils.py line:492]:Epoch 7 -    Audio-Visual/Temporal accuracy: 72.99(300/411) 
[2026-09-20 14:24:30,185]-[trainutils.py line:497]:Epoch 7 -             Audio-Visual accuracy: 72.26(1842/2549) 
[2026-09-20 14:24:30,185]-[trainutils.py line:501]:Epoch 7 -                    Total accuracy: 76.80(3508/4568) 
[2026-09-20 14:24:30,568]-[trainutils.py line:461]:Test progress:   0/95 
[2026-09-20 14:25:03,265]-[trainutils.py line:461]:Test progress:  95/95 
[2026-09-20 14:25:03,266]-[trainutils.py line:492]:Epoch 7 -           Audio/Counting accuracy: 87.08(445/511) 
[2026-09-20 14:25:03,266]-[trainutils.py line:492]:Epoch 7 -        Audio/Comparative accuracy: 62.37(184/295) 
[2026-09-20 14:25:03,266]-[trainutils.py line:497]:Epoch 7 -                    Audio accuracy: 78.04(629/806) 
[2026-09-20 14:25:03,266]-[trainutils.py line:492]:Epoch 7 -          Visual/Counting accuracy: 82.17(493/600) 
[2026-09-20 14:25:03,267]-[trainutils.py line:492]:Epoch 7 -          Visual/Location accuracy: 89.07(546/613) 
[2026-09-20 14:25:03,267]-[trainutils.py line:497]:Epoch 7 -                   Visual accuracy: 85.66(1039/1213) 
[2026-09-20 14:25:03,267]-[trainutils.py line:492]:Epoch 7 - Audio-Visual/Existential accuracy: 83.64(414/495) 
[2026-09-20 14:25:03,267]-[trainutils.py line:492]:Epoch 7 -    Audio-Visual/Counting accuracy: 77.57(491/633) 
[2026-09-20 14:25:03,268]-[trainutils.py line:492]:Epoch 7 -    Audio-Visual/Location accuracy: 68.33(315/461) 
[2026-09-20 14:25:03,268]-[trainutils.py line:492]:Epoch 7 - Audio-Visual/Comparative accuracy: 63.75(350/549) 
[2026-09-20 14:25:03,268]-[trainutils.py line:492]:Epoch 7 -    Audio-Visual/Temporal accuracy: 74.45(306/411) 
[2026-09-20 14:25:03,268]-[trainutils.py line:497]:Epoch 7 -             Audio-Visual accuracy: 73.60(1876/2549) 
[2026-09-20 14:25:03,269]-[trainutils.py line:501]:Epoch 7 -                    Total accuracy: 77.58(3544/4568) 
[2026-09-20 14:25:03,306]-[train.py line:151]:best model saved at epoch 7 with acc 77.5831873905429 (ema) 
[2026-09-20 14:25:03,351]-[train.py line:167]:Epoch 7 done with 77.58 and loss 0.53516. 
[2026-09-20 14:25:03,353]-[train.py line:168]:At epoch7 best acc: 77.58. 
[2026-09-20 14:25:03,353]-[train.py line:102]:
-------------- training epoch 8 -------------- 
[2026-09-20 14:25:03,583]-[trainutils.py line:416]:[EST:    5.05m][Process Time:    0.05s]- Epoch: 8 [0000/1330 (  0%)]	Losses: ce_loss-0.4632(0.4632) loss_tacl-0.0000(0.0000) loss_sacl-0.0104(0.0104) loss_event-0.0058(0.0058) loss_evidence-0.0000(0.0000) loss_query_diversity-0.0043(0.0043) loss_position-0.0000(0.0000) total_loss-0.4632(0.4632) 
[2026-09-20 14:25:26,172]-[trainutils.py line:416]:[EST:    4.63m][Process Time:    0.05s]- Epoch: 8 [0100/1330 (  8%)]	Losses: ce_loss-0.2744(0.3869) loss_tacl-0.0000(0.0000) loss_sacl-0.0104(0.0095) loss_event-0.0043(0.0049) loss_evidence-0.0000(0.0001) loss_query_diversity-0.0043(0.0043) loss_position-0.0000(0.0000) total_loss-0.2744(0.3869) 
[2026-09-20 14:25:48,483]-[trainutils.py line:416]:[EST:    4.22m][Process Time:    0.05s]- Epoch: 8 [0200/1330 ( 15%)]	Losses: ce_loss-0.4496(0.3771) loss_tacl-0.0000(0.0000) loss_sacl-0.0105(0.0097) loss_event-0.0050(0.0051) loss_evidence-0.0000(0.0001) loss_query_diversity-0.0044(0.0043) loss_position-0.0000(0.0000) total_loss-0.4496(0.3771) 
[2026-09-20 14:26:10,670]-[trainutils.py line:416]:[EST:    3.84m][Process Time:    0.05s]- Epoch: 8 [0300/1330 ( 23%)]	Losses: ce_loss-0.4388(0.3788) loss_tacl-0.0000(0.0000) loss_sacl-0.0084(0.0097) loss_event-0.0036(0.0051) loss_evidence-0.0000(0.0001) loss_query_diversity-0.0043(0.0043) loss_position-0.0000(0.0000) total_loss-0.4388(0.3788) 
[2026-09-20 14:26:32,849]-[trainutils.py line:416]:[EST:    3.46m][Process Time:    0.05s]- Epoch: 8 [0400/1330 ( 30%)]	Losses: ce_loss-0.4145(0.3818) loss_tacl-0.0000(0.0000) loss_sacl-0.0099(0.0095) loss_event-0.0041(0.0050) loss_evidence-0.0000(0.0001) loss_query_diversity-0.0043(0.0043) loss_position-0.0000(0.0000) total_loss-0.4145(0.3818) 
[2026-09-20 14:26:55,720]-[trainutils.py line:416]:[EST:    3.10m][Process Time:    0.05s]- Epoch: 8 [0500/1330 ( 38%)]	Losses: ce_loss-0.3539(0.3839) loss_tacl-0.0000(0.0000) loss_sacl-0.0098(0.0095) loss_event-0.0043(0.0050) loss_evidence-0.0000(0.0001) loss_query_diversity-0.0044(0.0043) loss_position-0.0000(0.0000) total_loss-0.3539(0.3839) 
[2026-09-20 14:27:18,084]-[trainutils.py line:416]:[EST:    2.72m][Process Time:    0.05s]- Epoch: 8 [0600/1330 ( 45%)]	Losses: ce_loss-0.3819(0.3849) loss_tacl-0.0000(0.0000) loss_sacl-0.0095(0.0094) loss_event-0.0046(0.0050) loss_evidence-0.0000(0.0001) loss_query_diversity-0.0043(0.0043) loss_position-0.0000(0.0000) total_loss-0.3819(0.3849) 
[2026-09-20 14:27:40,822]-[trainutils.py line:416]:[EST:    2.35m][Process Time:    0.05s]- Epoch: 8 [0700/1330 ( 53%)]	Losses: ce_loss-0.2318(0.3903) loss_tacl-0.0000(0.0000) loss_sacl-0.0095(0.0093) loss_event-0.0054(0.0050) loss_evidence-0.0000(0.0001) loss_query_diversity-0.0043(0.0043) loss_position-0.0000(0.0000) total_loss-0.2318(0.3903) 
[2026-09-20 14:28:03,073]-[trainutils.py line:416]:[EST:    1.98m][Process Time:    0.05s]- Epoch: 8 [0800/1330 ( 60%)]	Losses: ce_loss-0.7050(0.3897) loss_tacl-0.0000(0.0000) loss_sacl-0.0081(0.0093) loss_event-0.0041(0.0049) loss_evidence-0.0016(0.0001) loss_query_diversity-0.0043(0.0043) loss_position-0.0000(0.0000) total_loss-0.7050(0.3897) 
[2026-09-20 14:28:25,321]-[trainutils.py line:416]:[EST:    1.60m][Process Time:    0.05s]- Epoch: 8 [0900/1330 ( 68%)]	Losses: ce_loss-0.4279(0.3893) loss_tacl-0.0000(0.0000) loss_sacl-0.0094(0.0093) loss_event-0.0041(0.0049) loss_evidence-0.0000(0.0001) loss_query_diversity-0.0043(0.0043) loss_position-0.0000(0.0000) total_loss-0.4279(0.3893) 
[2026-09-20 14:28:48,188]-[trainutils.py line:416]:[EST:    1.23m][Process Time:    0.05s]- Epoch: 8 [1000/1330 ( 75%)]	Losses: ce_loss-0.5102(0.3899) loss_tacl-0.0000(0.0000) loss_sacl-0.0106(0.0093) loss_event-0.0071(0.0049) loss_evidence-0.0000(0.0001) loss_query_diversity-0.0043(0.0043) loss_position-0.0000(0.0000) total_loss-0.5102(0.3899) 
[2026-09-20 14:29:11,195]-[trainutils.py line:416]:[EST:    0.86m][Process Time:    0.05s]- Epoch: 8 [1100/1330 ( 83%)]	Losses: ce_loss-0.3574(0.3923) loss_tacl-0.0000(0.0000) loss_sacl-0.0081(0.0092) loss_event-0.0044(0.0049) loss_evidence-0.0000(0.0001) loss_query_diversity-0.0044(0.0043) loss_position-0.0000(0.0000) total_loss-0.3574(0.3923) 
[2026-09-20 14:29:33,564]-[trainutils.py line:416]:[EST:    0.48m][Process Time:    0.05s]- Epoch: 8 [1200/1330 ( 90%)]	Losses: ce_loss-0.2150(0.3921) loss_tacl-0.0000(0.0000) loss_sacl-0.0089(0.0092) loss_event-0.0059(0.0050) loss_evidence-0.0000(0.0001) loss_query_diversity-0.0043(0.0043) loss_position-0.0000(0.0000) total_loss-0.2150(0.3921) 
[2026-09-20 14:29:55,845]-[trainutils.py line:416]:[EST:    0.11m][Process Time:    0.05s]- Epoch: 8 [1300/1330 ( 98%)]	Losses: ce_loss-0.4665(0.3931) loss_tacl-0.0000(0.0000) loss_sacl-0.0093(0.0092) loss_event-0.0056(0.0050) loss_evidence-0.0000(0.0001) loss_query_diversity-0.0043(0.0043) loss_position-0.0000(0.0000) total_loss-0.4665(0.3931) 
[2026-09-20 14:30:02,683]-[trainutils.py line:416]:[EST:   -0.00m][Process Time:    0.05s]- Epoch: 8 [1330/1330 (100%)]	Losses: ce_loss-0.0400(0.3921) loss_tacl-0.0000(0.0000) loss_sacl-0.0111(0.0092) loss_event-0.0064(0.0050) loss_evidence-0.0000(0.0001) loss_query_diversity-0.0044(0.0043) loss_position-0.0000(0.0000) total_loss-0.0400(0.3921) 
[2026-09-20 14:30:03,363]-[train.py line:106]:
-------------- validation epoch 8 -------------- 
[2026-09-20 14:30:03,693]-[trainutils.py line:461]:Test progress:   0/95 
[2026-09-20 14:30:36,711]-[trainutils.py line:461]:Test progress:  95/95 
[2026-09-20 14:30:36,713]-[trainutils.py line:492]:Epoch 8 -           Audio/Counting accuracy: 87.08(445/511) 
[2026-09-20 14:30:36,713]-[trainutils.py line:492]:Epoch 8 -        Audio/Comparative accuracy: 62.37(184/295) 
[2026-09-20 14:30:36,714]-[trainutils.py line:497]:Epoch 8 -                    Audio accuracy: 78.04(629/806) 
[2026-09-20 14:30:36,714]-[trainutils.py line:492]:Epoch 8 -          Visual/Counting accuracy: 82.33(494/600) 
[2026-09-20 14:30:36,714]-[trainutils.py line:492]:Epoch 8 -          Visual/Location accuracy: 88.58(543/613) 
[2026-09-20 14:30:36,714]-[trainutils.py line:497]:Epoch 8 -                   Visual accuracy: 85.49(1037/1213) 
[2026-09-20 14:30:36,714]-[trainutils.py line:492]:Epoch 8 - Audio-Visual/Existential accuracy: 83.84(415/495) 
[2026-09-20 14:30:36,714]-[trainutils.py line:492]:Epoch 8 -    Audio-Visual/Counting accuracy: 78.99(500/633) 
[2026-09-20 14:30:36,715]-[trainutils.py line:492]:Epoch 8 -    Audio-Visual/Location accuracy: 66.16(305/461) 
[2026-09-20 14:30:36,715]-[trainutils.py line:492]:Epoch 8 - Audio-Visual/Comparative accuracy: 66.48(365/549) 
[2026-09-20 14:30:36,715]-[trainutils.py line:492]:Epoch 8 -    Audio-Visual/Temporal accuracy: 72.26(297/411) 
[2026-09-20 14:30:36,715]-[trainutils.py line:497]:Epoch 8 -             Audio-Visual accuracy: 73.83(1882/2549) 
[2026-09-20 14:30:36,716]-[trainutils.py line:501]:Epoch 8 -                    Total accuracy: 77.67(3548/4568) 
[2026-09-20 14:30:37,100]-[trainutils.py line:461]:Test progress:   0/95 
[2026-09-20 14:31:09,763]-[trainutils.py line:461]:Test progress:  95/95 
[2026-09-20 14:31:09,763]-[trainutils.py line:492]:Epoch 8 -           Audio/Counting accuracy: 87.28(446/511) 
[2026-09-20 14:31:09,763]-[trainutils.py line:492]:Epoch 8 -        Audio/Comparative accuracy: 62.37(184/295) 
[2026-09-20 14:31:09,764]-[trainutils.py line:497]:Epoch 8 -                    Audio accuracy: 78.16(630/806) 
[2026-09-20 14:31:09,764]-[trainutils.py line:492]:Epoch 8 -          Visual/Counting accuracy: 82.33(494/600) 
[2026-09-20 14:31:09,764]-[trainutils.py line:492]:Epoch 8 -          Visual/Location accuracy: 89.40(548/613) 
[2026-09-20 14:31:09,764]-[trainutils.py line:497]:Epoch 8 -                   Visual accuracy: 85.90(1042/1213) 
[2026-09-20 14:31:09,765]-[trainutils.py line:492]:Epoch 8 - Audio-Visual/Existential accuracy: 84.24(417/495) 
[2026-09-20 14:31:09,765]-[trainutils.py line:492]:Epoch 8 -    Audio-Visual/Counting accuracy: 78.52(497/633) 
[2026-09-20 14:31:09,765]-[trainutils.py line:492]:Epoch 8 -    Audio-Visual/Location accuracy: 68.33(315/461) 
[2026-09-20 14:31:09,765]-[trainutils.py line:492]:Epoch 8 - Audio-Visual/Comparative accuracy: 63.57(349/549) 
[2026-09-20 14:31:09,765]-[trainutils.py line:492]:Epoch 8 -    Audio-Visual/Temporal accuracy: 73.97(304/411) 
[2026-09-20 14:31:09,765]-[trainutils.py line:497]:Epoch 8 -             Audio-Visual accuracy: 73.83(1882/2549) 
[2026-09-20 14:31:09,765]-[trainutils.py line:501]:Epoch 8 -                    Total accuracy: 77.80(3554/4568) 
[2026-09-20 14:31:09,800]-[train.py line:151]:best model saved at epoch 8 with acc 77.80210157618214 (ema) 
[2026-09-20 14:31:09,847]-[train.py line:167]:Epoch 8 done with 77.80 and loss 0.53516. 
[2026-09-20 14:31:09,847]-[train.py line:168]:At epoch8 best acc: 77.80. 
[2026-09-20 14:31:09,847]-[train.py line:102]:
-------------- training epoch 9 -------------- 
[2026-09-20 14:31:10,072]-[trainutils.py line:416]:[EST:    4.91m][Process Time:    0.05s]- Epoch: 9 [0000/1330 (  0%)]	Losses: ce_loss-0.6837(0.6837) loss_tacl-0.0000(0.0000) loss_sacl-0.0090(0.0090) loss_event-0.0052(0.0052) loss_evidence-0.0000(0.0000) loss_query_diversity-0.0043(0.0043) loss_position-0.0000(0.0000) total_loss-0.6837(0.6837) 
[2026-09-20 14:31:32,609]-[trainutils.py line:416]:[EST:    4.62m][Process Time:    0.05s]- Epoch: 9 [0100/1330 (  8%)]	Losses: ce_loss-0.3471(0.3209) loss_tacl-0.0000(0.0000) loss_sacl-0.0086(0.0096) loss_event-0.0048(0.0054) loss_evidence-0.0000(0.0001) loss_query_diversity-0.0044(0.0043) loss_position-0.0000(0.0000) total_loss-0.3471(0.3209) 
[2026-09-20 14:31:55,205]-[trainutils.py line:416]:[EST:    4.25m][Process Time:    0.05s]- Epoch: 9 [0200/1330 ( 15%)]	Losses: ce_loss-0.2894(0.3300) loss_tacl-0.0000(0.0000) loss_sacl-0.0098(0.0094) loss_event-0.0053(0.0053) loss_evidence-0.0000(0.0001) loss_query_diversity-0.0043(0.0043) loss_position-0.0000(0.0000) total_loss-0.2894(0.3300) 
[2026-09-20 14:32:17,740]-[trainutils.py line:416]:[EST:    3.87m][Process Time:    0.05s]- Epoch: 9 [0300/1330 ( 23%)]	Losses: ce_loss-0.6344(0.3276) loss_tacl-0.0000(0.0000) loss_sacl-0.0083(0.0093) loss_event-0.0046(0.0053) loss_evidence-0.0000(0.0000) loss_query_diversity-0.0043(0.0043) loss_position-0.0000(0.0000) total_loss-0.6344(0.3276) 
[2026-09-20 14:32:40,330]-[trainutils.py line:416]:[EST:    3.49m][Process Time:    0.06s]- Epoch: 9 [0400/1330 ( 30%)]	Losses: ce_loss-0.3479(0.3320) loss_tacl-0.0000(0.0000) loss_sacl-0.0096(0.0093) loss_event-0.0053(0.0053) loss_evidence-0.0000(0.0001) loss_query_diversity-0.0043(0.0043) loss_position-0.0000(0.0000) total_loss-0.3479(0.3320) 
[2026-09-20 14:33:02,788]-[trainutils.py line:416]:[EST:    3.11m][Process Time:    0.05s]- Epoch: 9 [0500/1330 ( 38%)]	Losses: ce_loss-0.2955(0.3338) loss_tacl-0.0000(0.0000) loss_sacl-0.0096(0.0092) loss_event-0.0051(0.0053) loss_evidence-0.0000(0.0001) loss_query_diversity-0.0044(0.0043) loss_position-0.0000(0.0000) total_loss-0.2955(0.3338) 
[2026-09-20 14:33:25,037]-[trainutils.py line:416]:[EST:    2.73m][Process Time:    0.05s]- Epoch: 9 [0600/1330 ( 45%)]	Losses: ce_loss-0.2744(0.3344) loss_tacl-0.0000(0.0000) loss_sacl-0.0084(0.0091) loss_event-0.0043(0.0052) loss_evidence-0.0000(0.0001) loss_query_diversity-0.0044(0.0043) loss_position-0.0000(0.0000) total_loss-0.2744(0.3344) 
[2026-09-20 14:33:47,270]-[trainutils.py line:416]:[EST:    2.35m][Process Time:    0.05s]- Epoch: 9 [0700/1330 ( 53%)]	Losses: ce_loss-0.5440(0.3357) loss_tacl-0.0000(0.0000) loss_sacl-0.0091(0.0091) loss_event-0.0051(0.0052) loss_evidence-0.0000(0.0001) loss_query_diversity-0.0043(0.0043) loss_position-0.0000(0.0000) total_loss-0.5440(0.3357) 
[2026-09-20 14:34:09,246]-[trainutils.py line:416]:[EST:    1.97m][Process Time:    0.05s]- Epoch: 9 [0800/1330 ( 60%)]	Losses: ce_loss-0.4360(0.3400) loss_tacl-0.0000(0.0000) loss_sacl-0.0082(0.0090) loss_event-0.0042(0.0052) loss_evidence-0.0003(0.0001) loss_query_diversity-0.0043(0.0043) loss_position-0.0000(0.0000) total_loss-0.4360(0.3400) 
[2026-09-20 14:34:31,410]-[trainutils.py line:416]:[EST:    1.60m][Process Time:    0.05s]- Epoch: 9 [0900/1330 ( 68%)]	Losses: ce_loss-0.4966(0.3406) loss_tacl-0.0000(0.0000) loss_sacl-0.0086(0.0089) loss_event-0.0054(0.0051) loss_evidence-0.0002(0.0001) loss_query_diversity-0.0043(0.0043) loss_position-0.0000(0.0000) total_loss-0.4966(0.3406) 
[2026-09-20 14:34:53,504]-[trainutils.py line:416]:[EST:    1.23m][Process Time:    0.06s]- Epoch: 9 [1000/1330 ( 75%)]	Losses: ce_loss-0.2803(0.3438) loss_tacl-0.0000(0.0000) loss_sacl-0.0100(0.0089) loss_event-0.0058(0.0051) loss_evidence-0.0000(0.0001) loss_query_diversity-0.0043(0.0043) loss_position-0.0000(0.0000) total_loss-0.2803(0.3438) 
[2026-09-20 14:35:15,561]-[trainutils.py line:416]:[EST:    0.85m][Process Time:    0.05s]- Epoch: 9 [1100/1330 ( 83%)]	Losses: ce_loss-0.3864(0.3460) loss_tacl-0.0000(0.0000) loss_sacl-0.0095(0.0088) loss_event-0.0044(0.0051) loss_evidence-0.0000(0.0001) loss_query_diversity-0.0044(0.0043) loss_position-0.0000(0.0000) total_loss-0.3864(0.3460) 
[2026-09-20 14:35:37,889]-[trainutils.py line:416]:[EST:    0.48m][Process Time:    0.06s]- Epoch: 9 [1200/1330 ( 90%)]	Losses: ce_loss-0.3746(0.3467) loss_tacl-0.0000(0.0000) loss_sacl-0.0077(0.0088) loss_event-0.0047(0.0051) loss_evidence-0.0000(0.0001) loss_query_diversity-0.0043(0.0043) loss_position-0.0000(0.0000) total_loss-0.3746(0.3467) 
[2026-09-20 14:36:00,041]-[trainutils.py line:416]:[EST:    0.11m][Process Time:    0.05s]- Epoch: 9 [1300/1330 ( 98%)]	Losses: ce_loss-0.2406(0.3472) loss_tacl-0.0000(0.0000) loss_sacl-0.0093(0.0088) loss_event-0.0062(0.0051) loss_evidence-0.0000(0.0001) loss_query_diversity-0.0044(0.0043) loss_position-0.0000(0.0000) total_loss-0.2406(0.3472) 
[2026-09-20 14:36:06,576]-[trainutils.py line:416]:[EST:   -0.00m][Process Time:    0.06s]- Epoch: 9 [1330/1330 (100%)]	Losses: ce_loss-0.1160(0.3479) loss_tacl-0.0000(0.0000) loss_sacl-0.0081(0.0088) loss_event-0.0059(0.0051) loss_evidence-0.0000(0.0001) loss_query_diversity-0.0043(0.0043) loss_position-0.0000(0.0000) total_loss-0.1160(0.3479) 
[2026-09-20 14:36:07,240]-[train.py line:106]:
-------------- validation epoch 9 -------------- 
[2026-09-20 14:36:07,570]-[trainutils.py line:461]:Test progress:   0/95 
[2026-09-20 14:36:41,019]-[trainutils.py line:461]:Test progress:  95/95 
[2026-09-20 14:36:41,020]-[trainutils.py line:492]:Epoch 9 -           Audio/Counting accuracy: 85.71(438/511) 
[2026-09-20 14:36:41,020]-[trainutils.py line:492]:Epoch 9 -        Audio/Comparative accuracy: 62.37(184/295) 
[2026-09-20 14:36:41,020]-[trainutils.py line:497]:Epoch 9 -                    Audio accuracy: 77.17(622/806) 
[2026-09-20 14:36:41,021]-[trainutils.py line:492]:Epoch 9 -          Visual/Counting accuracy: 80.00(480/600) 
[2026-09-20 14:36:41,021]-[trainutils.py line:492]:Epoch 9 -          Visual/Location accuracy: 89.07(546/613) 
[2026-09-20 14:36:41,021]-[trainutils.py line:497]:Epoch 9 -                   Visual accuracy: 84.58(1026/1213) 
[2026-09-20 14:36:41,021]-[trainutils.py line:492]:Epoch 9 - Audio-Visual/Existential accuracy: 83.64(414/495) 
[2026-09-20 14:36:41,021]-[trainutils.py line:492]:Epoch 9 -    Audio-Visual/Counting accuracy: 78.52(497/633) 
[2026-09-20 14:36:41,021]-[trainutils.py line:492]:Epoch 9 -    Audio-Visual/Location accuracy: 67.25(310/461) 
[2026-09-20 14:36:41,022]-[trainutils.py line:492]:Epoch 9 - Audio-Visual/Comparative accuracy: 65.21(358/549) 
[2026-09-20 14:36:41,022]-[trainutils.py line:492]:Epoch 9 -    Audio-Visual/Temporal accuracy: 72.99(300/411) 
[2026-09-20 14:36:41,022]-[trainutils.py line:497]:Epoch 9 -             Audio-Visual accuracy: 73.72(1879/2549) 
[2026-09-20 14:36:41,022]-[trainutils.py line:501]:Epoch 9 -                    Total accuracy: 77.21(3527/4568) 
[2026-09-20 14:36:41,510]-[trainutils.py line:461]:Test progress:   0/95 
[2026-09-20 14:37:14,207]-[trainutils.py line:461]:Test progress:  95/95 
[2026-09-20 14:37:14,207]-[trainutils.py line:492]:Epoch 9 -           Audio/Counting accuracy: 87.67(448/511) 
[2026-09-20 14:37:14,207]-[trainutils.py line:492]:Epoch 9 -        Audio/Comparative accuracy: 64.07(189/295) 
[2026-09-20 14:37:14,207]-[trainutils.py line:497]:Epoch 9 -                    Audio accuracy: 79.03(637/806) 
[2026-09-20 14:37:14,208]-[trainutils.py line:492]:Epoch 9 -          Visual/Counting accuracy: 82.67(496/600) 
[2026-09-20 14:37:14,208]-[trainutils.py line:492]:Epoch 9 -          Visual/Location accuracy: 89.89(551/613) 
[2026-09-20 14:37:14,208]-[trainutils.py line:497]:Epoch 9 -                   Visual accuracy: 86.31(1047/1213) 
[2026-09-20 14:37:14,208]-[trainutils.py line:492]:Epoch 9 - Audio-Visual/Existential accuracy: 83.43(413/495) 
[2026-09-20 14:37:14,208]-[trainutils.py line:492]:Epoch 9 -    Audio-Visual/Counting accuracy: 79.46(503/633) 
[2026-09-20 14:37:14,208]-[trainutils.py line:492]:Epoch 9 -    Audio-Visual/Location accuracy: 67.90(313/461) 
[2026-09-20 14:37:14,209]-[trainutils.py line:492]:Epoch 9 - Audio-Visual/Comparative accuracy: 65.39(359/549) 
[2026-09-20 14:37:14,209]-[trainutils.py line:492]:Epoch 9 -    Audio-Visual/Temporal accuracy: 73.48(302/411) 
[2026-09-20 14:37:14,209]-[trainutils.py line:497]:Epoch 9 -             Audio-Visual accuracy: 74.15(1890/2549) 
[2026-09-20 14:37:14,209]-[trainutils.py line:501]:Epoch 9 -                    Total accuracy: 78.24(3574/4568) 
[2026-09-20 14:37:14,248]-[train.py line:151]:best model saved at epoch 9 with acc 78.2399299474606 (ema) 
[2026-09-20 14:37:14,295]-[train.py line:167]:Epoch 9 done with 78.24 and loss 0.53906. 
[2026-09-20 14:37:14,295]-[train.py line:168]:At epoch9 best acc: 78.24. 
[2026-09-20 14:37:14,295]-[train.py line:102]:
-------------- training epoch 10 -------------- 
[2026-09-20 14:37:14,518]-[trainutils.py line:416]:[EST:    4.91m][Process Time:    0.05s]- Epoch: 10 [0000/1330 (  0%)]	Losses: ce_loss-0.4076(0.4076) loss_tacl-0.0000(0.0000) loss_sacl-0.0087(0.0087) loss_event-0.0047(0.0047) loss_evidence-0.0000(0.0000) loss_query_diversity-0.0043(0.0043) loss_position-0.0000(0.0000) total_loss-0.4076(0.4076) 
[2026-09-20 14:37:37,167]-[trainutils.py line:416]:[EST:    4.64m][Process Time:    0.06s]- Epoch: 10 [0100/1330 (  8%)]	Losses: ce_loss-0.1861(0.3013) loss_tacl-0.0000(0.0000) loss_sacl-0.0099(0.0088) loss_event-0.0048(0.0052) loss_evidence-0.0000(0.0001) loss_query_diversity-0.0043(0.0043) loss_position-0.0000(0.0000) total_loss-0.1861(0.3013) 
[2026-09-20 14:37:59,237]-[trainutils.py line:416]:[EST:    4.21m][Process Time:    0.05s]- Epoch: 10 [0200/1330 ( 15%)]	Losses: ce_loss-0.2261(0.2997) loss_tacl-0.0000(0.0000) loss_sacl-0.0083(0.0088) loss_event-0.0050(0.0052) loss_evidence-0.0000(0.0001) loss_query_diversity-0.0043(0.0043) loss_position-0.0000(0.0000) total_loss-0.2261(0.2997) 
[2026-09-20 14:38:21,372]-[trainutils.py line:416]:[EST:    3.82m][Process Time:    0.05s]- Epoch: 10 [0300/1330 ( 23%)]	Losses: ce_loss-0.1433(0.2994) loss_tacl-0.0000(0.0000) loss_sacl-0.0080(0.0087) loss_event-0.0050(0.0052) loss_evidence-0.0000(0.0000) loss_query_diversity-0.0044(0.0043) loss_position-0.0000(0.0000) total_loss-0.1433(0.2994) 
[2026-09-20 14:38:43,425]-[trainutils.py line:416]:[EST:    3.44m][Process Time:    0.05s]- Epoch: 10 [0400/1330 ( 30%)]	Losses: ce_loss-0.2061(0.2948) loss_tacl-0.0000(0.0000) loss_sacl-0.0075(0.0086) loss_event-0.0048(0.0052) loss_evidence-0.0000(0.0000) loss_query_diversity-0.0044(0.0043) loss_position-0.0000(0.0000) total_loss-0.2061(0.2948) 
[2026-09-20 14:39:05,475]-[trainutils.py line:416]:[EST:    3.07m][Process Time:    0.06s]- Epoch: 10 [0500/1330 ( 38%)]	Losses: ce_loss-0.3783(0.2970) loss_tacl-0.0000(0.0000) loss_sacl-0.0078(0.0085) loss_event-0.0052(0.0052) loss_evidence-0.0000(0.0000) loss_query_diversity-0.0043(0.0043) loss_position-0.0000(0.0000) total_loss-0.3783(0.2970) 
[2026-09-20 14:39:27,651]-[trainutils.py line:416]:[EST:    2.70m][Process Time:    0.06s]- Epoch: 10 [0600/1330 ( 45%)]	Losses: ce_loss-0.1764(0.2978) loss_tacl-0.0000(0.0000) loss_sacl-0.0080(0.0085) loss_event-0.0049(0.0051) loss_evidence-0.0000(0.0000) loss_query_diversity-0.0043(0.0043) loss_position-0.0000(0.0000) total_loss-0.1764(0.2978) 
[2026-09-20 14:39:49,709]-[trainutils.py line:416]:[EST:    2.32m][Process Time:    0.05s]- Epoch: 10 [0700/1330 ( 53%)]	Losses: ce_loss-0.2804(0.3002) loss_tacl-0.0000(0.0000) loss_sacl-0.0095(0.0084) loss_event-0.0059(0.0051) loss_evidence-0.0000(0.0000) loss_query_diversity-0.0043(0.0043) loss_position-0.0000(0.0000) total_loss-0.2804(0.3002) 
[2026-09-20 14:40:11,699]-[trainutils.py line:416]:[EST:    1.95m][Process Time:    0.07s]- Epoch: 10 [0800/1330 ( 60%)]	Losses: ce_loss-0.3788(0.3026) loss_tacl-0.0000(0.0000) loss_sacl-0.0088(0.0084) loss_event-0.0044(0.0051) loss_evidence-0.0000(0.0000) loss_query_diversity-0.0043(0.0043) loss_position-0.0000(0.0000) total_loss-0.3788(0.3026) 
[2026-09-20 14:40:33,851]-[trainutils.py line:416]:[EST:    1.58m][Process Time:    0.06s]- Epoch: 10 [0900/1330 ( 68%)]	Losses: ce_loss-0.2344(0.3037) loss_tacl-0.0000(0.0000) loss_sacl-0.0084(0.0084) loss_event-0.0053(0.0052) loss_evidence-0.0000(0.0000) loss_query_diversity-0.0043(0.0043) loss_position-0.0000(0.0000) total_loss-0.2344(0.3037) 
[2026-09-20 14:40:56,068]-[trainutils.py line:416]:[EST:    1.21m][Process Time:    0.05s]- Epoch: 10 [1000/1330 ( 75%)]	Losses: ce_loss-0.3174(0.3045) loss_tacl-0.0000(0.0000) loss_sacl-0.0094(0.0084) loss_event-0.0063(0.0052) loss_evidence-0.0000(0.0000) loss_query_diversity-0.0043(0.0043) loss_position-0.0000(0.0000) total_loss-0.3174(0.3045) 
[2026-09-20 14:41:18,922]-[trainutils.py line:416]:[EST:    0.85m][Process Time:    0.05s]- Epoch: 10 [1100/1330 ( 83%)]	Losses: ce_loss-0.2542(0.3048) loss_tacl-0.0000(0.0000) loss_sacl-0.0085(0.0084) loss_event-0.0057(0.0052) loss_evidence-0.0000(0.0000) loss_query_diversity-0.0043(0.0043) loss_position-0.0000(0.0000) total_loss-0.2542(0.3048) 
[2026-09-20 14:41:41,623]-[trainutils.py line:416]:[EST:    0.48m][Process Time:    0.05s]- Epoch: 10 [1200/1330 ( 90%)]	Losses: ce_loss-0.3450(0.3052) loss_tacl-0.0000(0.0000) loss_sacl-0.0067(0.0084) loss_event-0.0043(0.0052) loss_evidence-0.0000(0.0000) loss_query_diversity-0.0043(0.0043) loss_position-0.0000(0.0000) total_loss-0.3450(0.3052) 
[2026-09-20 14:42:04,668]-[trainutils.py line:416]:[EST:    0.11m][Process Time:    0.06s]- Epoch: 10 [1300/1330 ( 98%)]	Losses: ce_loss-0.2178(0.3053) loss_tacl-0.0000(0.0000) loss_sacl-0.0073(0.0084) loss_event-0.0047(0.0052) loss_evidence-0.0000(0.0000) loss_query_diversity-0.0043(0.0043) loss_position-0.0000(0.0000) total_loss-0.2178(0.3053) 
[2026-09-20 14:42:11,485]-[trainutils.py line:416]:[EST:   -0.00m][Process Time:    0.06s]- Epoch: 10 [1330/1330 (100%)]	Losses: ce_loss-0.2206(0.3058) loss_tacl-0.0000(0.0000) loss_sacl-0.0097(0.0084) loss_event-0.0057(0.0052) loss_evidence-0.0000(0.0000) loss_query_diversity-0.0043(0.0043) loss_position-0.0000(0.0000) total_loss-0.2206(0.3058) 
[2026-09-20 14:42:12,159]-[train.py line:106]:
-------------- validation epoch 10 -------------- 
[2026-09-20 14:42:12,491]-[trainutils.py line:461]:Test progress:   0/95 
[2026-09-20 14:42:45,514]-[trainutils.py line:461]:Test progress:  95/95 
[2026-09-20 14:42:45,515]-[trainutils.py line:492]:Epoch 10 -           Audio/Counting accuracy: 86.69(443/511) 
[2026-09-20 14:42:45,515]-[trainutils.py line:492]:Epoch 10 -        Audio/Comparative accuracy: 60.68(179/295) 
[2026-09-20 14:42:45,515]-[trainutils.py line:497]:Epoch 10 -                    Audio accuracy: 77.17(622/806) 
[2026-09-20 14:42:45,515]-[trainutils.py line:492]:Epoch 10 -          Visual/Counting accuracy: 81.50(489/600) 
[2026-09-20 14:42:45,516]-[trainutils.py line:492]:Epoch 10 -          Visual/Location accuracy: 89.72(550/613) 
[2026-09-20 14:42:45,516]-[trainutils.py line:497]:Epoch 10 -                   Visual accuracy: 85.66(1039/1213) 
[2026-09-20 14:42:45,516]-[trainutils.py line:492]:Epoch 10 - Audio-Visual/Existential accuracy: 83.64(414/495) 
[2026-09-20 14:42:45,516]-[trainutils.py line:492]:Epoch 10 -    Audio-Visual/Counting accuracy: 77.25(489/633) 
[2026-09-20 14:42:45,516]-[trainutils.py line:492]:Epoch 10 -    Audio-Visual/Location accuracy: 67.90(313/461) 
[2026-09-20 14:42:45,517]-[trainutils.py line:492]:Epoch 10 - Audio-Visual/Comparative accuracy: 65.76(361/549) 
[2026-09-20 14:42:45,517]-[trainutils.py line:492]:Epoch 10 -    Audio-Visual/Temporal accuracy: 72.02(296/411) 
[2026-09-20 14:42:45,517]-[trainutils.py line:497]:Epoch 10 -             Audio-Visual accuracy: 73.48(1873/2549) 
[2026-09-20 14:42:45,517]-[trainutils.py line:501]:Epoch 10 -                    Total accuracy: 77.36(3534/4568) 
[2026-09-20 14:42:45,884]-[trainutils.py line:461]:Test progress:   0/95 
[2026-09-20 14:43:18,492]-[trainutils.py line:461]:Test progress:  95/95 
[2026-09-20 14:43:18,492]-[trainutils.py line:492]:Epoch 10 -           Audio/Counting accuracy: 87.87(449/511) 
[2026-09-20 14:43:18,492]-[trainutils.py line:492]:Epoch 10 -        Audio/Comparative accuracy: 63.05(186/295) 
[2026-09-20 14:43:18,493]-[trainutils.py line:497]:Epoch 10 -                    Audio accuracy: 78.78(635/806) 
[2026-09-20 14:43:18,493]-[trainutils.py line:492]:Epoch 10 -          Visual/Counting accuracy: 83.17(499/600) 
[2026-09-20 14:43:18,493]-[trainutils.py line:492]:Epoch 10 -          Visual/Location accuracy: 90.05(552/613) 
[2026-09-20 14:43:18,493]-[trainutils.py line:497]:Epoch 10 -                   Visual accuracy: 86.64(1051/1213) 
[2026-09-20 14:43:18,494]-[trainutils.py line:492]:Epoch 10 - Audio-Visual/Existential accuracy: 83.23(412/495) 
[2026-09-20 14:43:18,494]-[trainutils.py line:492]:Epoch 10 -    Audio-Visual/Counting accuracy: 79.94(506/633) 
[2026-09-20 14:43:18,494]-[trainutils.py line:492]:Epoch 10 -    Audio-Visual/Location accuracy: 67.68(312/461) 
[2026-09-20 14:43:18,494]-[trainutils.py line:492]:Epoch 10 - Audio-Visual/Comparative accuracy: 65.39(359/549) 
[2026-09-20 14:43:18,496]-[trainutils.py line:492]:Epoch 10 -    Audio-Visual/Temporal accuracy: 73.24(301/411) 
[2026-09-20 14:43:18,496]-[trainutils.py line:497]:Epoch 10 -             Audio-Visual accuracy: 74.15(1890/2549) 
[2026-09-20 14:43:18,496]-[trainutils.py line:501]:Epoch 10 -                    Total accuracy: 78.28(3576/4568) 
[2026-09-20 14:43:18,534]-[train.py line:151]:best model saved at epoch 10 with acc 78.28371278458845 (ema) 
[2026-09-20 14:43:18,583]-[train.py line:167]:Epoch 10 done with 78.28 and loss 0.55078. 
[2026-09-20 14:43:18,583]-[train.py line:168]:At epoch10 best acc: 78.28. 
[2026-09-20 14:43:18,583]-[train.py line:102]:
-------------- training epoch 11 -------------- 
[2026-09-20 14:43:18,815]-[trainutils.py line:416]:[EST:    5.09m][Process Time:    0.05s]- Epoch: 11 [0000/1330 (  0%)]	Losses: ce_loss-0.2438(0.2438) loss_tacl-0.0000(0.0000) loss_sacl-0.0094(0.0094) loss_event-0.0060(0.0060) loss_evidence-0.0000(0.0000) loss_query_diversity-0.0043(0.0043) loss_position-0.0000(0.0000) total_loss-0.2438(0.2438) 
[2026-09-20 14:43:41,125]-[trainutils.py line:416]:[EST:    4.57m][Process Time:    0.05s]- Epoch: 11 [0100/1330 (  8%)]	Losses: ce_loss-0.2164(0.2771) loss_tacl-0.0000(0.0000) loss_sacl-0.0076(0.0083) loss_event-0.0050(0.0054) loss_evidence-0.0000(0.0000) loss_query_diversity-0.0043(0.0043) loss_position-0.0000(0.0000) total_loss-0.2164(0.2771) 
[2026-09-20 14:44:03,517]-[trainutils.py line:416]:[EST:    4.21m][Process Time:    0.05s]- Epoch: 11 [0200/1330 ( 15%)]	Losses: ce_loss-0.3180(0.2693) loss_tacl-0.0000(0.0000) loss_sacl-0.0071(0.0081) loss_event-0.0050(0.0053) loss_evidence-0.0000(0.0001) loss_query_diversity-0.0043(0.0043) loss_position-0.0000(0.0000) total_loss-0.3180(0.2693) 
[2026-09-20 14:44:26,071]-[trainutils.py line:416]:[EST:    3.85m][Process Time:    0.05s]- Epoch: 11 [0300/1330 ( 23%)]	Losses: ce_loss-0.1929(0.2733) loss_tacl-0.0000(0.0000) loss_sacl-0.0075(0.0082) loss_event-0.0048(0.0053) loss_evidence-0.0000(0.0001) loss_query_diversity-0.0043(0.0043) loss_position-0.0000(0.0000) total_loss-0.1929(0.2733) 
[2026-09-20 14:44:48,472]-[trainutils.py line:416]:[EST:    3.47m][Process Time:    0.05s]- Epoch: 11 [0400/1330 ( 30%)]	Losses: ce_loss-0.3391(0.2743) loss_tacl-0.0000(0.0000) loss_sacl-0.0089(0.0081) loss_event-0.0058(0.0053) loss_evidence-0.0000(0.0001) loss_query_diversity-0.0044(0.0043) loss_position-0.0000(0.0000) total_loss-0.3391(0.2743) 
[2026-09-20 14:45:11,075]-[trainutils.py line:416]:[EST:    3.10m][Process Time:    0.05s]- Epoch: 11 [0500/1330 ( 38%)]	Losses: ce_loss-0.4719(0.2691) loss_tacl-0.0000(0.0000) loss_sacl-0.0078(0.0081) loss_event-0.0049(0.0053) loss_evidence-0.0000(0.0000) loss_query_diversity-0.0043(0.0043) loss_position-0.0000(0.0000) total_loss-0.4719(0.2691) 
[2026-09-20 14:45:33,294]-[trainutils.py line:416]:[EST:    2.72m][Process Time:    0.05s]- Epoch: 11 [0600/1330 ( 45%)]	Losses: ce_loss-0.3141(0.2700) loss_tacl-0.0000(0.0000) loss_sacl-0.0072(0.0081) loss_event-0.0050(0.0053) loss_evidence-0.0000(0.0000) loss_query_diversity-0.0043(0.0043) loss_position-0.0000(0.0000) total_loss-0.3141(0.2700) 
[2026-09-20 14:45:55,486]-[trainutils.py line:416]:[EST:    2.35m][Process Time:    0.05s]- Epoch: 11 [0700/1330 ( 53%)]	Losses: ce_loss-0.3360(0.2695) loss_tacl-0.0000(0.0000) loss_sacl-0.0077(0.0081) loss_event-0.0046(0.0053) loss_evidence-0.0000(0.0000) loss_query_diversity-0.0044(0.0043) loss_position-0.0000(0.0000) total_loss-0.3360(0.2695) 
[2026-09-20 14:46:17,572]-[trainutils.py line:416]:[EST:    1.97m][Process Time:    0.05s]- Epoch: 11 [0800/1330 ( 60%)]	Losses: ce_loss-0.3258(0.2694) loss_tacl-0.0000(0.0000) loss_sacl-0.0076(0.0081) loss_event-0.0059(0.0053) loss_evidence-0.0000(0.0000) loss_query_diversity-0.0044(0.0043) loss_position-0.0000(0.0000) total_loss-0.3258(0.2694) 
[2026-09-20 14:46:39,842]-[trainutils.py line:416]:[EST:    1.60m][Process Time:    0.05s]- Epoch: 11 [0900/1330 ( 68%)]	Losses: ce_loss-0.2289(0.2693) loss_tacl-0.0000(0.0000) loss_sacl-0.0078(0.0080) loss_event-0.0054(0.0053) loss_evidence-0.0000(0.0000) loss_query_diversity-0.0043(0.0043) loss_position-0.0000(0.0000) total_loss-0.2289(0.2693) 
[2026-09-20 14:47:02,208]-[trainutils.py line:416]:[EST:    1.22m][Process Time:    0.05s]- Epoch: 11 [1000/1330 ( 75%)]	Losses: ce_loss-0.1608(0.2687) loss_tacl-0.0000(0.0000) loss_sacl-0.0074(0.0080) loss_event-0.0052(0.0053) loss_evidence-0.0000(0.0000) loss_query_diversity-0.0043(0.0043) loss_position-0.0000(0.0000) total_loss-0.1608(0.2687) 
[2026-09-20 14:47:24,416]-[trainutils.py line:416]:[EST:    0.85m][Process Time:    0.05s]- Epoch: 11 [1100/1330 ( 83%)]	Losses: ce_loss-0.1787(0.2668) loss_tacl-0.0000(0.0000) loss_sacl-0.0078(0.0080) loss_event-0.0049(0.0053) loss_evidence-0.0000(0.0000) loss_query_diversity-0.0043(0.0043) loss_position-0.0000(0.0000) total_loss-0.1787(0.2668) 
[2026-09-20 14:47:46,666]-[trainutils.py line:416]:[EST:    0.48m][Process Time:    0.05s]- Epoch: 11 [1200/1330 ( 90%)]	Losses: ce_loss-0.3322(0.2671) loss_tacl-0.0000(0.0000) loss_sacl-0.0075(0.0080) loss_event-0.0049(0.0053) loss_evidence-0.0000(0.0000) loss_query_diversity-0.0043(0.0043) loss_position-0.0000(0.0000) total_loss-0.3322(0.2671) 
[2026-09-20 14:48:08,932]-[trainutils.py line:416]:[EST:    0.11m][Process Time:    0.05s]- Epoch: 11 [1300/1330 ( 98%)]	Losses: ce_loss-0.3849(0.2667) loss_tacl-0.0000(0.0000) loss_sacl-0.0069(0.0080) loss_event-0.0041(0.0053) loss_evidence-0.0000(0.0000) loss_query_diversity-0.0043(0.0043) loss_position-0.0000(0.0000) total_loss-0.3849(0.2667) 
[2026-09-20 14:48:15,616]-[trainutils.py line:416]:[EST:   -0.00m][Process Time:    0.05s]- Epoch: 11 [1330/1330 (100%)]	Losses: ce_loss-0.1339(0.2675) loss_tacl-0.0000(0.0000) loss_sacl-0.0070(0.0080) loss_event-0.0054(0.0053) loss_evidence-0.0000(0.0000) loss_query_diversity-0.0044(0.0043) loss_position-0.0000(0.0000) total_loss-0.1339(0.2675) 
[2026-09-20 14:48:16,240]-[train.py line:106]:
-------------- validation epoch 11 -------------- 
[2026-09-20 14:48:16,562]-[trainutils.py line:461]:Test progress:   0/95 
[2026-09-20 14:48:49,214]-[trainutils.py line:461]:Test progress:  95/95 
[2026-09-20 14:48:49,214]-[trainutils.py line:492]:Epoch 11 -           Audio/Counting accuracy: 86.30(441/511) 
[2026-09-20 14:48:49,215]-[trainutils.py line:492]:Epoch 11 -        Audio/Comparative accuracy: 60.34(178/295) 
[2026-09-20 14:48:49,215]-[trainutils.py line:497]:Epoch 11 -                    Audio accuracy: 76.80(619/806) 
[2026-09-20 14:48:49,215]-[trainutils.py line:492]:Epoch 11 -          Visual/Counting accuracy: 81.33(488/600) 
[2026-09-20 14:48:49,215]-[trainutils.py line:492]:Epoch 11 -          Visual/Location accuracy: 89.23(547/613) 
[2026-09-20 14:48:49,216]-[trainutils.py line:497]:Epoch 11 -                   Visual accuracy: 85.33(1035/1213) 
[2026-09-20 14:48:49,216]-[trainutils.py line:492]:Epoch 11 - Audio-Visual/Existential accuracy: 83.03(411/495) 
[2026-09-20 14:48:49,216]-[trainutils.py line:492]:Epoch 11 -    Audio-Visual/Counting accuracy: 77.73(492/633) 
[2026-09-20 14:48:49,216]-[trainutils.py line:492]:Epoch 11 -    Audio-Visual/Location accuracy: 69.85(322/461) 
[2026-09-20 14:48:49,216]-[trainutils.py line:492]:Epoch 11 - Audio-Visual/Comparative accuracy: 64.66(355/549) 
[2026-09-20 14:48:49,217]-[trainutils.py line:492]:Epoch 11 -    Audio-Visual/Temporal accuracy: 72.99(300/411) 
[2026-09-20 14:48:49,217]-[trainutils.py line:497]:Epoch 11 -             Audio-Visual accuracy: 73.75(1880/2549) 
[2026-09-20 14:48:49,217]-[trainutils.py line:501]:Epoch 11 -                    Total accuracy: 77.36(3534/4568) 
[2026-09-20 14:48:49,577]-[trainutils.py line:461]:Test progress:   0/95 
[2026-09-20 14:49:21,669]-[trainutils.py line:461]:Test progress:  95/95 
[2026-09-20 14:49:21,670]-[trainutils.py line:492]:Epoch 11 -           Audio/Counting accuracy: 87.87(449/511) 
[2026-09-20 14:49:21,671]-[trainutils.py line:492]:Epoch 11 -        Audio/Comparative accuracy: 60.68(179/295) 
[2026-09-20 14:49:21,671]-[trainutils.py line:497]:Epoch 11 -                    Audio accuracy: 77.92(628/806) 
[2026-09-20 14:49:21,671]-[trainutils.py line:492]:Epoch 11 -          Visual/Counting accuracy: 82.83(497/600) 
[2026-09-20 14:49:21,671]-[trainutils.py line:492]:Epoch 11 -          Visual/Location accuracy: 89.89(551/613) 
[2026-09-20 14:49:21,672]-[trainutils.py line:497]:Epoch 11 -                   Visual accuracy: 86.40(1048/1213) 
[2026-09-20 14:49:21,672]-[trainutils.py line:492]:Epoch 11 - Audio-Visual/Existential accuracy: 83.23(412/495) 
[2026-09-20 14:49:21,672]-[trainutils.py line:492]:Epoch 11 -    Audio-Visual/Counting accuracy: 80.25(508/633) 
[2026-09-20 14:49:21,672]-[trainutils.py line:492]:Epoch 11 -    Audio-Visual/Location accuracy: 68.98(318/461) 
[2026-09-20 14:49:21,673]-[trainutils.py line:492]:Epoch 11 - Audio-Visual/Comparative accuracy: 65.57(360/549) 
[2026-09-20 14:49:21,673]-[trainutils.py line:492]:Epoch 11 -    Audio-Visual/Temporal accuracy: 73.48(302/411) 
[2026-09-20 14:49:21,673]-[trainutils.py line:497]:Epoch 11 -             Audio-Visual accuracy: 74.54(1900/2549) 
[2026-09-20 14:49:21,673]-[trainutils.py line:501]:Epoch 11 -                    Total accuracy: 78.28(3576/4568) 
[2026-09-20 14:49:21,712]-[train.py line:151]:best model saved at epoch 11 with acc 78.28371278458845 (ema) 
[2026-09-20 14:49:21,759]-[train.py line:167]:Epoch 11 done with 78.28 and loss 0.57031. 
[2026-09-20 14:49:21,759]-[train.py line:168]:At epoch11 best acc: 78.28. 
[2026-09-20 14:49:21,759]-[train.py line:102]:
-------------- training epoch 12 -------------- 
[2026-09-20 14:49:21,984]-[trainutils.py line:416]:[EST:    4.93m][Process Time:    0.05s]- Epoch: 12 [0000/1330 (  0%)]	Losses: ce_loss-0.1995(0.1995) loss_tacl-0.0000(0.0000) loss_sacl-0.0083(0.0083) loss_event-0.0061(0.0061) loss_evidence-0.0000(0.0000) loss_query_diversity-0.0043(0.0043) loss_position-0.0000(0.0000) total_loss-0.1995(0.1995) 
[2026-09-20 14:49:44,098]-[trainutils.py line:416]:[EST:    4.53m][Process Time:    0.05s]- Epoch: 12 [0100/1330 (  8%)]	Losses: ce_loss-0.2470(0.2338) loss_tacl-0.0000(0.0000) loss_sacl-0.0090(0.0078) loss_event-0.0062(0.0053) loss_evidence-0.0000(0.0000) loss_query_diversity-0.0043(0.0043) loss_position-0.0000(0.0000) total_loss-0.2470(0.2338) 
[2026-09-20 14:50:06,074]-[trainutils.py line:416]:[EST:    4.15m][Process Time:    0.05s]- Epoch: 12 [0200/1330 ( 15%)]	Losses: ce_loss-0.1511(0.2279) loss_tacl-0.0000(0.0000) loss_sacl-0.0076(0.0078) loss_event-0.0058(0.0054) loss_evidence-0.0000(0.0000) loss_query_diversity-0.0043(0.0043) loss_position-0.0000(0.0000) total_loss-0.1511(0.2279) 
[2026-09-20 14:50:28,237]-[trainutils.py line:416]:[EST:    3.79m][Process Time:    0.07s]- Epoch: 12 [0300/1330 ( 23%)]	Losses: ce_loss-0.3934(0.2338) loss_tacl-0.0000(0.0000) loss_sacl-0.0083(0.0078) loss_event-0.0061(0.0054) loss_evidence-0.0000(0.0000) loss_query_diversity-0.0044(0.0043) loss_position-0.0000(0.0000) total_loss-0.3934(0.2338) 
[2026-09-20 14:50:50,230]-[trainutils.py line:416]:[EST:    3.42m][Process Time:    0.05s]- Epoch: 12 [0400/1330 ( 30%)]	Losses: ce_loss-0.2549(0.2341) loss_tacl-0.0000(0.0000) loss_sacl-0.0075(0.0078) loss_event-0.0053(0.0054) loss_evidence-0.0000(0.0000) loss_query_diversity-0.0043(0.0043) loss_position-0.0000(0.0000) total_loss-0.2549(0.2341) 
[2026-09-20 14:51:12,239]-[trainutils.py line:416]:[EST:    3.05m][Process Time:    0.05s]- Epoch: 12 [0500/1330 ( 38%)]	Losses: ce_loss-0.2511(0.2313) loss_tacl-0.0000(0.0000) loss_sacl-0.0086(0.0078) loss_event-0.0056(0.0054) loss_evidence-0.0000(0.0000) loss_query_diversity-0.0044(0.0043) loss_position-0.0000(0.0000) total_loss-0.2511(0.2313) 
[2026-09-20 14:51:34,204]-[trainutils.py line:416]:[EST:    2.68m][Process Time:    0.05s]- Epoch: 12 [0600/1330 ( 45%)]	Losses: ce_loss-0.2723(0.2302) loss_tacl-0.0000(0.0000) loss_sacl-0.0071(0.0078) loss_event-0.0048(0.0054) loss_evidence-0.0000(0.0000) loss_query_diversity-0.0044(0.0043) loss_position-0.0000(0.0000) total_loss-0.2723(0.2302) 
[2026-09-20 14:51:56,265]-[trainutils.py line:416]:[EST:    2.31m][Process Time:    0.05s]- Epoch: 12 [0700/1330 ( 53%)]	Losses: ce_loss-0.1173(0.2301) loss_tacl-0.0000(0.0000) loss_sacl-0.0074(0.0078) loss_event-0.0049(0.0054) loss_evidence-0.0000(0.0000) loss_query_diversity-0.0043(0.0043) loss_position-0.0000(0.0000) total_loss-0.1173(0.2301) 
[2026-09-20 14:52:18,300]-[trainutils.py line:416]:[EST:    1.94m][Process Time:    0.05s]- Epoch: 12 [0800/1330 ( 60%)]	Losses: ce_loss-0.1176(0.2294) loss_tacl-0.0000(0.0000) loss_sacl-0.0079(0.0078) loss_event-0.0053(0.0054) loss_evidence-0.0000(0.0000) loss_query_diversity-0.0044(0.0043) loss_position-0.0000(0.0000) total_loss-0.1176(0.2294) 
[2026-09-20 14:52:40,440]-[trainutils.py line:416]:[EST:    1.58m][Process Time:    0.05s]- Epoch: 12 [0900/1330 ( 68%)]	Losses: ce_loss-0.3122(0.2304) loss_tacl-0.0000(0.0000) loss_sacl-0.0068(0.0077) loss_event-0.0049(0.0053) loss_evidence-0.0000(0.0000) loss_query_diversity-0.0043(0.0043) loss_position-0.0000(0.0000) total_loss-0.3122(0.2304) 
[2026-09-20 14:53:02,849]-[trainutils.py line:416]:[EST:    1.21m][Process Time:    0.05s]- Epoch: 12 [1000/1330 ( 75%)]	Losses: ce_loss-0.1466(0.2308) loss_tacl-0.0000(0.0000) loss_sacl-0.0074(0.0077) loss_event-0.0055(0.0053) loss_evidence-0.0000(0.0000) loss_query_diversity-0.0043(0.0043) loss_position-0.0000(0.0000) total_loss-0.1466(0.2308) 
[2026-09-20 14:53:25,557]-[trainutils.py line:416]:[EST:    0.85m][Process Time:    0.05s]- Epoch: 12 [1100/1330 ( 83%)]	Losses: ce_loss-0.2118(0.2304) loss_tacl-0.0000(0.0000) loss_sacl-0.0061(0.0077) loss_event-0.0044(0.0053) loss_evidence-0.0000(0.0000) loss_query_diversity-0.0043(0.0043) loss_position-0.0000(0.0000) total_loss-0.2118(0.2304) 
[2026-09-20 14:53:48,535]-[trainutils.py line:416]:[EST:    0.48m][Process Time:    0.05s]- Epoch: 12 [1200/1330 ( 90%)]	Losses: ce_loss-0.3420(0.2313) loss_tacl-0.0000(0.0000) loss_sacl-0.0076(0.0077) loss_event-0.0054(0.0053) loss_evidence-0.0000(0.0000) loss_query_diversity-0.0043(0.0043) loss_position-0.0000(0.0000) total_loss-0.3420(0.2313) 
[2026-09-20 14:54:11,361]-[trainutils.py line:416]:[EST:    0.11m][Process Time:    0.05s]- Epoch: 12 [1300/1330 ( 98%)]	Losses: ce_loss-0.1066(0.2302) loss_tacl-0.0000(0.0000) loss_sacl-0.0076(0.0077) loss_event-0.0056(0.0053) loss_evidence-0.0000(0.0000) loss_query_diversity-0.0044(0.0043) loss_position-0.0000(0.0000) total_loss-0.1066(0.2302) 
[2026-09-20 14:54:18,042]-[trainutils.py line:416]:[EST:   -0.00m][Process Time:    0.06s]- Epoch: 12 [1330/1330 (100%)]	Losses: ce_loss-0.5045(0.2306) loss_tacl-0.0000(0.0000) loss_sacl-0.0060(0.0077) loss_event-0.0073(0.0053) loss_evidence-0.0000(0.0000) loss_query_diversity-0.0043(0.0043) loss_position-0.0000(0.0000) total_loss-0.5045(0.2306) 
[2026-09-20 14:54:18,670]-[train.py line:106]:
-------------- validation epoch 12 -------------- 
[2026-09-20 14:54:18,982]-[trainutils.py line:461]:Test progress:   0/95 
[2026-09-20 14:54:52,270]-[trainutils.py line:461]:Test progress:  95/95 
[2026-09-20 14:54:52,271]-[trainutils.py line:492]:Epoch 12 -           Audio/Counting accuracy: 86.11(440/511) 
[2026-09-20 14:54:52,271]-[trainutils.py line:492]:Epoch 12 -        Audio/Comparative accuracy: 60.34(178/295) 
[2026-09-20 14:54:52,272]-[trainutils.py line:497]:Epoch 12 -                    Audio accuracy: 76.67(618/806) 
[2026-09-20 14:54:52,272]-[trainutils.py line:492]:Epoch 12 -          Visual/Counting accuracy: 81.33(488/600) 
[2026-09-20 14:54:52,272]-[trainutils.py line:492]:Epoch 12 -          Visual/Location accuracy: 89.56(549/613) 
[2026-09-20 14:54:52,272]-[trainutils.py line:497]:Epoch 12 -                   Visual accuracy: 85.49(1037/1213) 
[2026-09-20 14:54:52,272]-[trainutils.py line:492]:Epoch 12 - Audio-Visual/Existential accuracy: 83.43(413/495) 
[2026-09-20 14:54:52,272]-[trainutils.py line:492]:Epoch 12 -    Audio-Visual/Counting accuracy: 79.15(501/633) 
[2026-09-20 14:54:52,272]-[trainutils.py line:492]:Epoch 12 -    Audio-Visual/Location accuracy: 69.20(319/461) 
[2026-09-20 14:54:52,273]-[trainutils.py line:492]:Epoch 12 - Audio-Visual/Comparative accuracy: 63.57(349/549) 
[2026-09-20 14:54:52,273]-[trainutils.py line:492]:Epoch 12 -    Audio-Visual/Temporal accuracy: 74.21(305/411) 
[2026-09-20 14:54:52,273]-[trainutils.py line:497]:Epoch 12 -             Audio-Visual accuracy: 74.03(1887/2549) 
[2026-09-20 14:54:52,273]-[trainutils.py line:501]:Epoch 12 -                    Total accuracy: 77.54(3542/4568) 
[2026-09-20 14:54:52,656]-[trainutils.py line:461]:Test progress:   0/95 
[2026-09-20 14:55:24,856]-[trainutils.py line:461]:Test progress:  95/95 
[2026-09-20 14:55:24,856]-[trainutils.py line:492]:Epoch 12 -           Audio/Counting accuracy: 87.67(448/511) 
[2026-09-20 14:55:24,857]-[trainutils.py line:492]:Epoch 12 -        Audio/Comparative accuracy: 60.34(178/295) 
[2026-09-20 14:55:24,857]-[trainutils.py line:497]:Epoch 12 -                    Audio accuracy: 77.67(626/806) 
[2026-09-20 14:55:24,857]-[trainutils.py line:492]:Epoch 12 -          Visual/Counting accuracy: 82.83(497/600) 
[2026-09-20 14:55:24,857]-[trainutils.py line:492]:Epoch 12 -          Visual/Location accuracy: 89.72(550/613) 
[2026-09-20 14:55:24,857]-[trainutils.py line:497]:Epoch 12 -                   Visual accuracy: 86.31(1047/1213) 
[2026-09-20 14:55:24,857]-[trainutils.py line:492]:Epoch 12 - Audio-Visual/Existential accuracy: 83.23(412/495) 
[2026-09-20 14:55:24,857]-[trainutils.py line:492]:Epoch 12 -    Audio-Visual/Counting accuracy: 81.52(516/633) 
[2026-09-20 14:55:24,859]-[trainutils.py line:492]:Epoch 12 -    Audio-Visual/Location accuracy: 68.98(318/461) 
[2026-09-20 14:55:24,859]-[trainutils.py line:492]:Epoch 12 - Audio-Visual/Comparative accuracy: 65.57(360/549) 
[2026-09-20 14:55:24,859]-[trainutils.py line:492]:Epoch 12 -    Audio-Visual/Temporal accuracy: 72.99(300/411) 
[2026-09-20 14:55:24,859]-[trainutils.py line:497]:Epoch 12 -             Audio-Visual accuracy: 74.77(1906/2549) 
[2026-09-20 14:55:24,859]-[trainutils.py line:501]:Epoch 12 -                    Total accuracy: 78.35(3579/4568) 
[2026-09-20 14:55:24,897]-[train.py line:151]:best model saved at epoch 12 with acc 78.3493870402802 (ema) 
[2026-09-20 14:55:24,944]-[train.py line:167]:Epoch 12 done with 78.35 and loss 0.60156. 
[2026-09-20 14:55:24,944]-[train.py line:168]:At epoch12 best acc: 78.35. 
[2026-09-20 14:55:24,944]-[train.py line:102]:
-------------- training epoch 13 -------------- 
[2026-09-20 14:55:25,159]-[trainutils.py line:416]:[EST:    4.74m][Process Time:    0.05s]- Epoch: 13 [0000/1330 (  0%)]	Losses: ce_loss-0.1951(0.1951) loss_tacl-0.0000(0.0000) loss_sacl-0.0075(0.0075) loss_event-0.0049(0.0049) loss_evidence-0.0000(0.0000) loss_query_diversity-0.0043(0.0043) loss_position-0.0000(0.0000) total_loss-0.1951(0.1951) 
[2026-09-20 14:55:47,393]-[trainutils.py line:416]:[EST:    4.55m][Process Time:    0.05s]- Epoch: 13 [0100/1330 (  8%)]	Losses: ce_loss-0.2644(0.1946) loss_tacl-0.0000(0.0000) loss_sacl-0.0072(0.0075) loss_event-0.0057(0.0055) loss_evidence-0.0000(0.0001) loss_query_diversity-0.0043(0.0043) loss_position-0.0000(0.0000) total_loss-0.2644(0.1946) 
[2026-09-20 14:56:09,911]-[trainutils.py line:416]:[EST:    4.21m][Process Time:    0.05s]- Epoch: 13 [0200/1330 ( 15%)]	Losses: ce_loss-0.1358(0.1887) loss_tacl-0.0000(0.0000) loss_sacl-0.0080(0.0075) loss_event-0.0047(0.0054) loss_evidence-0.0000(0.0000) loss_query_diversity-0.0044(0.0043) loss_position-0.0000(0.0000) total_loss-0.1358(0.1887) 
[2026-09-20 14:56:32,592]-[trainutils.py line:416]:[EST:    3.85m][Process Time:    0.05s]- Epoch: 13 [0300/1330 ( 23%)]	Losses: ce_loss-0.0729(0.1947) loss_tacl-0.0000(0.0000) loss_sacl-0.0079(0.0075) loss_event-0.0063(0.0054) loss_evidence-0.0000(0.0000) loss_query_diversity-0.0043(0.0043) loss_position-0.0000(0.0000) total_loss-0.0729(0.1947) 
[2026-09-20 14:56:55,199]-[trainutils.py line:416]:[EST:    3.48m][Process Time:    0.05s]- Epoch: 13 [0400/1330 ( 30%)]	Losses: ce_loss-0.1218(0.1964) loss_tacl-0.0000(0.0000) loss_sacl-0.0074(0.0075) loss_event-0.0059(0.0054) loss_evidence-0.0000(0.0000) loss_query_diversity-0.0044(0.0043) loss_position-0.0000(0.0000) total_loss-0.1218(0.1964) 
[2026-09-20 14:57:17,726]-[trainutils.py line:416]:[EST:    3.11m][Process Time:    0.05s]- Epoch: 13 [0500/1330 ( 38%)]	Losses: ce_loss-0.3558(0.1994) loss_tacl-0.0000(0.0000) loss_sacl-0.0063(0.0075) loss_event-0.0052(0.0054) loss_evidence-0.0000(0.0000) loss_query_diversity-0.0044(0.0043) loss_position-0.0000(0.0000) total_loss-0.3558(0.1994) 
[2026-09-20 14:57:39,942]-[trainutils.py line:416]:[EST:    2.73m][Process Time:    0.05s]- Epoch: 13 [0600/1330 ( 45%)]	Losses: ce_loss-0.0988(0.1978) loss_tacl-0.0000(0.0000) loss_sacl-0.0078(0.0075) loss_event-0.0063(0.0054) loss_evidence-0.0000(0.0000) loss_query_diversity-0.0043(0.0043) loss_position-0.0000(0.0000) total_loss-0.0988(0.1978) 
[2026-09-20 14:58:01,084]-[trainutils.py line:416]:[EST:    2.34m][Process Time:    0.05s]- Epoch: 13 [0700/1330 ( 53%)]	Losses: ce_loss-0.1652(0.1972) loss_tacl-0.0000(0.0000) loss_sacl-0.0080(0.0075) loss_event-0.0059(0.0054) loss_evidence-0.0000(0.0000) loss_query_diversity-0.0043(0.0043) loss_position-0.0000(0.0000) total_loss-0.1652(0.1972) 
[2026-09-20 14:58:22,121]-[trainutils.py line:416]:[EST:    1.95m][Process Time:    0.05s]- Epoch: 13 [0800/1330 ( 60%)]	Losses: ce_loss-0.1503(0.1977) loss_tacl-0.0000(0.0000) loss_sacl-0.0065(0.0075) loss_event-0.0052(0.0054) loss_evidence-0.0000(0.0000) loss_query_diversity-0.0043(0.0043) loss_position-0.0000(0.0000) total_loss-0.1503(0.1977) 
[2026-09-20 14:58:43,108]-[trainutils.py line:416]:[EST:    1.57m][Process Time:    0.05s]- Epoch: 13 [0900/1330 ( 68%)]	Losses: ce_loss-0.1566(0.1982) loss_tacl-0.0000(0.0000) loss_sacl-0.0064(0.0075) loss_event-0.0038(0.0054) loss_evidence-0.0000(0.0000) loss_query_diversity-0.0043(0.0043) loss_position-0.0000(0.0000) total_loss-0.1566(0.1982) 
[2026-09-20 14:59:04,156]-[trainutils.py line:416]:[EST:    1.20m][Process Time:    0.05s]- Epoch: 13 [1000/1330 ( 75%)]	Losses: ce_loss-0.2635(0.1975) loss_tacl-0.0000(0.0000) loss_sacl-0.0071(0.0075) loss_event-0.0047(0.0054) loss_evidence-0.0000(0.0000) loss_query_diversity-0.0044(0.0043) loss_position-0.0000(0.0000) total_loss-0.2635(0.1975) 
[2026-09-20 14:59:25,267]-[trainutils.py line:416]:[EST:    0.83m][Process Time:    0.05s]- Epoch: 13 [1100/1330 ( 83%)]	Losses: ce_loss-0.1890(0.1975) loss_tacl-0.0000(0.0000) loss_sacl-0.0073(0.0074) loss_event-0.0048(0.0054) loss_evidence-0.0000(0.0000) loss_query_diversity-0.0043(0.0043) loss_position-0.0000(0.0000) total_loss-0.1890(0.1975) 
[2026-09-20 14:59:46,407]-[trainutils.py line:416]:[EST:    0.47m][Process Time:    0.05s]- Epoch: 13 [1200/1330 ( 90%)]	Losses: ce_loss-0.1941(0.1988) loss_tacl-0.0000(0.0000) loss_sacl-0.0079(0.0074) loss_event-0.0056(0.0054) loss_evidence-0.0000(0.0000) loss_query_diversity-0.0043(0.0043) loss_position-0.0000(0.0000) total_loss-0.1941(0.1988) 
[2026-09-20 15:00:07,961]-[trainutils.py line:416]:[EST:    0.11m][Process Time:    0.05s]- Epoch: 13 [1300/1330 ( 98%)]	Losses: ce_loss-0.1675(0.1997) loss_tacl-0.0000(0.0000) loss_sacl-0.0074(0.0074) loss_event-0.0057(0.0054) loss_evidence-0.0000(0.0000) loss_query_diversity-0.0043(0.0043) loss_position-0.0000(0.0000) total_loss-0.1675(0.1997) 
[2026-09-20 15:00:14,120]-[trainutils.py line:416]:[EST:   -0.00m][Process Time:    0.05s]- Epoch: 13 [1330/1330 (100%)]	Losses: ce_loss-0.4449(0.2002) loss_tacl-0.0000(0.0000) loss_sacl-0.0070(0.0074) loss_event-0.0054(0.0054) loss_evidence-0.0000(0.0000) loss_query_diversity-0.0044(0.0043) loss_position-0.0000(0.0000) total_loss-0.4449(0.2002) 
[2026-09-20 15:00:14,700]-[train.py line:106]:
-------------- validation epoch 13 -------------- 
[2026-09-20 15:00:15,011]-[trainutils.py line:461]:Test progress:   0/95 
[2026-09-20 15:00:47,991]-[trainutils.py line:461]:Test progress:  95/95 
[2026-09-20 15:00:47,993]-[trainutils.py line:492]:Epoch 13 -           Audio/Counting accuracy: 85.91(439/511) 
[2026-09-20 15:00:47,993]-[trainutils.py line:492]:Epoch 13 -        Audio/Comparative accuracy: 58.98(174/295) 
[2026-09-20 15:00:47,993]-[trainutils.py line:497]:Epoch 13 -                    Audio accuracy: 76.05(613/806) 
[2026-09-20 15:00:47,993]-[trainutils.py line:492]:Epoch 13 -          Visual/Counting accuracy: 82.00(492/600) 
[2026-09-20 15:00:47,993]-[trainutils.py line:492]:Epoch 13 -          Visual/Location accuracy: 88.91(545/613) 
[2026-09-20 15:00:47,993]-[trainutils.py line:497]:Epoch 13 -                   Visual accuracy: 85.49(1037/1213) 
[2026-09-20 15:00:47,993]-[trainutils.py line:492]:Epoch 13 - Audio-Visual/Existential accuracy: 82.22(407/495) 
[2026-09-20 15:00:47,993]-[trainutils.py line:492]:Epoch 13 -    Audio-Visual/Counting accuracy: 79.30(502/633) 
[2026-09-20 15:00:47,994]-[trainutils.py line:492]:Epoch 13 -    Audio-Visual/Location accuracy: 70.50(325/461) 
[2026-09-20 15:00:47,994]-[trainutils.py line:492]:Epoch 13 - Audio-Visual/Comparative accuracy: 64.12(352/549) 
[2026-09-20 15:00:47,994]-[trainutils.py line:492]:Epoch 13 -    Audio-Visual/Temporal accuracy: 71.53(294/411) 
[2026-09-20 15:00:47,994]-[trainutils.py line:497]:Epoch 13 -             Audio-Visual accuracy: 73.75(1880/2549) 
[2026-09-20 15:00:47,994]-[trainutils.py line:501]:Epoch 13 -                    Total accuracy: 77.28(3530/4568) 
[2026-09-20 15:00:48,380]-[trainutils.py line:461]:Test progress:   0/95 
[2026-09-20 15:01:21,326]-[trainutils.py line:461]:Test progress:  95/95 
[2026-09-20 15:01:21,326]-[trainutils.py line:492]:Epoch 13 -           Audio/Counting accuracy: 86.89(444/511) 
[2026-09-20 15:01:21,326]-[trainutils.py line:492]:Epoch 13 -        Audio/Comparative accuracy: 60.34(178/295) 
[2026-09-20 15:01:21,326]-[trainutils.py line:497]:Epoch 13 -                    Audio accuracy: 77.17(622/806) 
[2026-09-20 15:01:21,327]-[trainutils.py line:492]:Epoch 13 -          Visual/Counting accuracy: 82.33(494/600) 
[2026-09-20 15:01:21,327]-[trainutils.py line:492]:Epoch 13 -          Visual/Location accuracy: 89.72(550/613) 
[2026-09-20 15:01:21,327]-[trainutils.py line:497]:Epoch 13 -                   Visual accuracy: 86.07(1044/1213) 
[2026-09-20 15:01:21,328]-[trainutils.py line:492]:Epoch 13 - Audio-Visual/Existential accuracy: 83.23(412/495) 
[2026-09-20 15:01:21,328]-[trainutils.py line:492]:Epoch 13 -    Audio-Visual/Counting accuracy: 81.36(515/633) 
[2026-09-20 15:01:21,328]-[trainutils.py line:492]:Epoch 13 -    Audio-Visual/Location accuracy: 70.50(325/461) 
[2026-09-20 15:01:21,328]-[trainutils.py line:492]:Epoch 13 - Audio-Visual/Comparative accuracy: 65.76(361/549) 
[2026-09-20 15:01:21,329]-[trainutils.py line:492]:Epoch 13 -    Audio-Visual/Temporal accuracy: 73.48(302/411) 
[2026-09-20 15:01:21,329]-[trainutils.py line:497]:Epoch 13 -             Audio-Visual accuracy: 75.13(1915/2549) 
[2026-09-20 15:01:21,329]-[trainutils.py line:501]:Epoch 13 -                    Total accuracy: 78.39(3581/4568) 
[2026-09-20 15:01:21,372]-[train.py line:151]:best model saved at epoch 13 with acc 78.39316987740806 (ema) 
[2026-09-20 15:01:21,421]-[train.py line:167]:Epoch 13 done with 78.39 and loss 0.63281. 
[2026-09-20 15:01:21,421]-[train.py line:168]:At epoch13 best acc: 78.39. 
[2026-09-20 15:01:21,421]-[train.py line:102]:
-------------- training epoch 14 -------------- 
[2026-09-20 15:01:21,669]-[trainutils.py line:416]:[EST:    5.45m][Process Time:    0.06s]- Epoch: 14 [0000/1330 (  0%)]	Losses: ce_loss-0.1032(0.1032) loss_tacl-0.0000(0.0000) loss_sacl-0.0070(0.0070) loss_event-0.0051(0.0051) loss_evidence-0.0000(0.0000) loss_query_diversity-0.0044(0.0044) loss_position-0.0000(0.0000) total_loss-0.1032(0.1032) 
[2026-09-20 15:01:44,380]-[trainutils.py line:416]:[EST:    4.66m][Process Time:    0.05s]- Epoch: 14 [0100/1330 (  8%)]	Losses: ce_loss-0.2799(0.1800) loss_tacl-0.0000(0.0000) loss_sacl-0.0070(0.0073) loss_event-0.0050(0.0055) loss_evidence-0.0000(0.0001) loss_query_diversity-0.0043(0.0043) loss_position-0.0000(0.0000) total_loss-0.2799(0.1800) 
[2026-09-20 15:02:06,672]-[trainutils.py line:416]:[EST:    4.24m][Process Time:    0.05s]- Epoch: 14 [0200/1330 ( 15%)]	Losses: ce_loss-0.3119(0.1868) loss_tacl-0.0000(0.0000) loss_sacl-0.0074(0.0073) loss_event-0.0060(0.0054) loss_evidence-0.0000(0.0000) loss_query_diversity-0.0043(0.0043) loss_position-0.0000(0.0000) total_loss-0.3119(0.1868) 
[2026-09-20 15:02:29,212]-[trainutils.py line:416]:[EST:    3.86m][Process Time:    0.05s]- Epoch: 14 [0300/1330 ( 23%)]	Losses: ce_loss-0.2280(0.1846) loss_tacl-0.0000(0.0000) loss_sacl-0.0072(0.0073) loss_event-0.0052(0.0054) loss_evidence-0.0000(0.0000) loss_query_diversity-0.0043(0.0043) loss_position-0.0000(0.0000) total_loss-0.2280(0.1846) 
[2026-09-20 15:02:51,399]-[trainutils.py line:416]:[EST:    3.47m][Process Time:    0.05s]- Epoch: 14 [0400/1330 ( 30%)]	Losses: ce_loss-0.1534(0.1830) loss_tacl-0.0000(0.0000) loss_sacl-0.0075(0.0073) loss_event-0.0050(0.0054) loss_evidence-0.0000(0.0000) loss_query_diversity-0.0044(0.0043) loss_position-0.0000(0.0000) total_loss-0.1534(0.1830) 
[2026-09-20 15:03:14,185]-[trainutils.py line:416]:[EST:    3.11m][Process Time:    0.05s]- Epoch: 14 [0500/1330 ( 38%)]	Losses: ce_loss-0.1197(0.1784) loss_tacl-0.0000(0.0000) loss_sacl-0.0070(0.0073) loss_event-0.0046(0.0054) loss_evidence-0.0000(0.0000) loss_query_diversity-0.0044(0.0043) loss_position-0.0000(0.0000) total_loss-0.1197(0.1784) 
[2026-09-20 15:03:36,841]-[trainutils.py line:416]:[EST:    2.74m][Process Time:    0.05s]- Epoch: 14 [0600/1330 ( 45%)]	Losses: ce_loss-0.0995(0.1764) loss_tacl-0.0000(0.0000) loss_sacl-0.0076(0.0073) loss_event-0.0046(0.0054) loss_evidence-0.0000(0.0000) loss_query_diversity-0.0043(0.0043) loss_position-0.0000(0.0000) total_loss-0.0995(0.1764) 
[2026-09-20 15:03:59,831]-[trainutils.py line:416]:[EST:    2.37m][Process Time:    0.05s]- Epoch: 14 [0700/1330 ( 53%)]	Losses: ce_loss-0.1485(0.1759) loss_tacl-0.0000(0.0000) loss_sacl-0.0079(0.0073) loss_event-0.0051(0.0054) loss_evidence-0.0000(0.0000) loss_query_diversity-0.0044(0.0043) loss_position-0.0000(0.0000) total_loss-0.1485(0.1759) 
[2026-09-20 15:04:22,682]-[trainutils.py line:416]:[EST:    2.00m][Process Time:    0.05s]- Epoch: 14 [0800/1330 ( 60%)]	Losses: ce_loss-0.2459(0.1757) loss_tacl-0.0000(0.0000) loss_sacl-0.0075(0.0073) loss_event-0.0059(0.0054) loss_evidence-0.0000(0.0000) loss_query_diversity-0.0044(0.0043) loss_position-0.0000(0.0000) total_loss-0.2459(0.1757) 
[2026-09-20 15:04:45,507]-[trainutils.py line:416]:[EST:    1.62m][Process Time:    0.05s]- Epoch: 14 [0900/1330 ( 68%)]	Losses: ce_loss-0.1619(0.1778) loss_tacl-0.0000(0.0000) loss_sacl-0.0081(0.0073) loss_event-0.0054(0.0054) loss_evidence-0.0000(0.0000) loss_query_diversity-0.0044(0.0043) loss_position-0.0000(0.0000) total_loss-0.1619(0.1778) 
[2026-09-20 15:05:07,792]-[trainutils.py line:416]:[EST:    1.24m][Process Time:    0.05s]- Epoch: 14 [1000/1330 ( 75%)]	Losses: ce_loss-0.2982(0.1780) loss_tacl-0.0000(0.0000) loss_sacl-0.0072(0.0073) loss_event-0.0049(0.0054) loss_evidence-0.0000(0.0000) loss_query_diversity-0.0043(0.0043) loss_position-0.0000(0.0000) total_loss-0.2982(0.1780) 
[2026-09-20 15:05:30,169]-[trainutils.py line:416]:[EST:    0.86m][Process Time:    0.05s]- Epoch: 14 [1100/1330 ( 83%)]	Losses: ce_loss-0.1414(0.1793) loss_tacl-0.0000(0.0000) loss_sacl-0.0070(0.0073) loss_event-0.0045(0.0054) loss_evidence-0.0000(0.0000) loss_query_diversity-0.0043(0.0043) loss_position-0.0000(0.0000) total_loss-0.1414(0.1793) 
[2026-09-20 15:05:52,618]-[trainutils.py line:416]:[EST:    0.49m][Process Time:    0.05s]- Epoch: 14 [1200/1330 ( 90%)]	Losses: ce_loss-0.0839(0.1791) loss_tacl-0.0000(0.0000) loss_sacl-0.0077(0.0073) loss_event-0.0050(0.0054) loss_evidence-0.0000(0.0000) loss_query_diversity-0.0043(0.0043) loss_position-0.0000(0.0000) total_loss-0.0839(0.1791) 
[2026-09-20 15:06:16,005]-[trainutils.py line:416]:[EST:    0.11m][Process Time:    0.05s]- Epoch: 14 [1300/1330 ( 98%)]	Losses: ce_loss-0.2051(0.1805) loss_tacl-0.0000(0.0000) loss_sacl-0.0074(0.0073) loss_event-0.0049(0.0054) loss_evidence-0.0000(0.0000) loss_query_diversity-0.0043(0.0043) loss_position-0.0000(0.0000) total_loss-0.2051(0.1805) 
[2026-09-20 15:06:22,821]-[trainutils.py line:416]:[EST:   -0.00m][Process Time:    0.06s]- Epoch: 14 [1330/1330 (100%)]	Losses: ce_loss-0.1793(0.1801) loss_tacl-0.0000(0.0000) loss_sacl-0.0084(0.0073) loss_event-0.0068(0.0054) loss_evidence-0.0000(0.0000) loss_query_diversity-0.0043(0.0043) loss_position-0.0000(0.0000) total_loss-0.1793(0.1801) 
[2026-09-20 15:06:23,489]-[train.py line:106]:
-------------- validation epoch 14 -------------- 
[2026-09-20 15:06:23,815]-[trainutils.py line:461]:Test progress:   0/95 
[2026-09-20 15:06:56,891]-[trainutils.py line:461]:Test progress:  95/95 
[2026-09-20 15:06:56,892]-[trainutils.py line:492]:Epoch 14 -           Audio/Counting accuracy: 86.11(440/511) 
[2026-09-20 15:06:56,892]-[trainutils.py line:492]:Epoch 14 -        Audio/Comparative accuracy: 57.63(170/295) 
[2026-09-20 15:06:56,892]-[trainutils.py line:497]:Epoch 14 -                    Audio accuracy: 75.68(610/806) 
[2026-09-20 15:06:56,892]-[trainutils.py line:492]:Epoch 14 -          Visual/Counting accuracy: 81.50(489/600) 
[2026-09-20 15:06:56,893]-[trainutils.py line:492]:Epoch 14 -          Visual/Location accuracy: 89.07(546/613) 
[2026-09-20 15:06:56,893]-[trainutils.py line:497]:Epoch 14 -                   Visual accuracy: 85.33(1035/1213) 
[2026-09-20 15:06:56,893]-[trainutils.py line:492]:Epoch 14 - Audio-Visual/Existential accuracy: 81.62(404/495) 
[2026-09-20 15:06:56,893]-[trainutils.py line:492]:Epoch 14 -    Audio-Visual/Counting accuracy: 79.46(503/633) 
[2026-09-20 15:06:56,893]-[trainutils.py line:492]:Epoch 14 -    Audio-Visual/Location accuracy: 69.85(322/461) 
[2026-09-20 15:06:56,894]-[trainutils.py line:492]:Epoch 14 - Audio-Visual/Comparative accuracy: 64.48(354/549) 
[2026-09-20 15:06:56,894]-[trainutils.py line:492]:Epoch 14 -    Audio-Visual/Temporal accuracy: 72.02(296/411) 
[2026-09-20 15:06:56,894]-[trainutils.py line:497]:Epoch 14 -             Audio-Visual accuracy: 73.72(1879/2549) 
[2026-09-20 15:06:56,894]-[trainutils.py line:501]:Epoch 14 -                    Total accuracy: 77.15(3524/4568) 
[2026-09-20 15:06:57,245]-[trainutils.py line:461]:Test progress:   0/95 
[2026-09-20 15:07:28,158]-[trainutils.py line:461]:Test progress:  95/95 
[2026-09-20 15:07:28,159]-[trainutils.py line:492]:Epoch 14 -           Audio/Counting accuracy: 86.69(443/511) 
[2026-09-20 15:07:28,159]-[trainutils.py line:492]:Epoch 14 -        Audio/Comparative accuracy: 60.68(179/295) 
[2026-09-20 15:07:28,159]-[trainutils.py line:497]:Epoch 14 -                    Audio accuracy: 77.17(622/806) 
[2026-09-20 15:07:28,159]-[trainutils.py line:492]:Epoch 14 -          Visual/Counting accuracy: 82.00(492/600) 
[2026-09-20 15:07:28,159]-[trainutils.py line:492]:Epoch 14 -          Visual/Location accuracy: 89.72(550/613) 
[2026-09-20 15:07:28,159]-[trainutils.py line:497]:Epoch 14 -                   Visual accuracy: 85.90(1042/1213) 
[2026-09-20 15:07:28,160]-[trainutils.py line:492]:Epoch 14 - Audio-Visual/Existential accuracy: 83.43(413/495) 
[2026-09-20 15:07:28,160]-[trainutils.py line:492]:Epoch 14 -    Audio-Visual/Counting accuracy: 81.20(514/633) 
[2026-09-20 15:07:28,160]-[trainutils.py line:492]:Epoch 14 -    Audio-Visual/Location accuracy: 70.93(327/461) 
[2026-09-20 15:07:28,161]-[trainutils.py line:492]:Epoch 14 - Audio-Visual/Comparative accuracy: 65.21(358/549) 
[2026-09-20 15:07:28,162]-[trainutils.py line:492]:Epoch 14 -    Audio-Visual/Temporal accuracy: 72.26(297/411) 
[2026-09-20 15:07:28,162]-[trainutils.py line:497]:Epoch 14 -             Audio-Visual accuracy: 74.89(1909/2549) 
[2026-09-20 15:07:28,162]-[trainutils.py line:501]:Epoch 14 -                    Total accuracy: 78.22(3573/4568) 
[2026-09-20 15:07:28,168]-[train.py line:167]:Epoch 14 done with 78.22 and loss 0.67188. 
[2026-09-20 15:07:28,168]-[train.py line:168]:At epoch13 best acc: 78.39. 
[2026-09-20 15:07:28,168]-[train.py line:102]:
-------------- training epoch 15 -------------- 
[2026-09-20 15:07:28,403]-[trainutils.py line:416]:[EST:    5.16m][Process Time:    0.05s]- Epoch: 15 [0000/1330 (  0%)]	Losses: ce_loss-0.1624(0.1624) loss_tacl-0.0000(0.0000) loss_sacl-0.0077(0.0077) loss_event-0.0063(0.0063) loss_evidence-0.0000(0.0000) loss_query_diversity-0.0043(0.0043) loss_position-0.0000(0.0000) total_loss-0.1624(0.1624) 
[2026-09-20 15:07:49,467]-[trainutils.py line:416]:[EST:    4.32m][Process Time:    0.05s]- Epoch: 15 [0100/1330 (  8%)]	Losses: ce_loss-0.1692(0.1634) loss_tacl-0.0000(0.0000) loss_sacl-0.0073(0.0073) loss_event-0.0048(0.0054) loss_evidence-0.0000(0.0000) loss_query_diversity-0.0043(0.0043) loss_position-0.0000(0.0000) total_loss-0.1692(0.1634) 
[2026-09-20 15:08:10,718]-[trainutils.py line:416]:[EST:    3.98m][Process Time:    0.05s]- Epoch: 15 [0200/1330 ( 15%)]	Losses: ce_loss-0.1354(0.1610) loss_tacl-0.0000(0.0000) loss_sacl-0.0077(0.0072) loss_event-0.0055(0.0054) loss_evidence-0.0000(0.0000) loss_query_diversity-0.0043(0.0043) loss_position-0.0000(0.0000) total_loss-0.1354(0.1610) 
[2026-09-20 15:08:31,877]-[trainutils.py line:416]:[EST:    3.63m][Process Time:    0.05s]- Epoch: 15 [0300/1330 ( 23%)]	Losses: ce_loss-0.0474(0.1624) loss_tacl-0.0000(0.0000) loss_sacl-0.0079(0.0073) loss_event-0.0057(0.0054) loss_evidence-0.0000(0.0000) loss_query_diversity-0.0043(0.0043) loss_position-0.0000(0.0000) total_loss-0.0474(0.1624) 
[2026-09-20 15:08:53,111]-[trainutils.py line:416]:[EST:    3.28m][Process Time:    0.05s]- Epoch: 15 [0400/1330 ( 30%)]	Losses: ce_loss-0.1801(0.1618) loss_tacl-0.0000(0.0000) loss_sacl-0.0081(0.0073) loss_event-0.0059(0.0054) loss_evidence-0.0000(0.0000) loss_query_diversity-0.0044(0.0043) loss_position-0.0000(0.0000) total_loss-0.1801(0.1618) 
[2026-09-20 15:09:14,644]-[trainutils.py line:416]:[EST:    2.94m][Process Time:    0.05s]- Epoch: 15 [0500/1330 ( 38%)]	Losses: ce_loss-0.1360(0.1623) loss_tacl-0.0000(0.0000) loss_sacl-0.0072(0.0073) loss_event-0.0053(0.0054) loss_evidence-0.0000(0.0000) loss_query_diversity-0.0043(0.0043) loss_position-0.0000(0.0000) total_loss-0.1360(0.1623) 
[2026-09-20 15:09:36,104]-[trainutils.py line:416]:[EST:    2.59m][Process Time:    0.06s]- Epoch: 15 [0600/1330 ( 45%)]	Losses: ce_loss-0.1136(0.1634) loss_tacl-0.0000(0.0000) loss_sacl-0.0069(0.0073) loss_event-0.0048(0.0054) loss_evidence-0.0000(0.0000) loss_query_diversity-0.0044(0.0043) loss_position-0.0000(0.0000) total_loss-0.1136(0.1634) 
[2026-09-20 15:09:57,850]-[trainutils.py line:416]:[EST:    2.24m][Process Time:    0.05s]- Epoch: 15 [0700/1330 ( 53%)]	Losses: ce_loss-0.2560(0.1642) loss_tacl-0.0000(0.0000) loss_sacl-0.0076(0.0073) loss_event-0.0054(0.0054) loss_evidence-0.0000(0.0000) loss_query_diversity-0.0043(0.0043) loss_position-0.0000(0.0000) total_loss-0.2560(0.1642) 
[2026-09-20 15:10:18,858]-[trainutils.py line:416]:[EST:    1.88m][Process Time:    0.05s]- Epoch: 15 [0800/1330 ( 60%)]	Losses: ce_loss-0.0956(0.1652) loss_tacl-0.0000(0.0000) loss_sacl-0.0074(0.0073) loss_event-0.0059(0.0054) loss_evidence-0.0000(0.0000) loss_query_diversity-0.0043(0.0043) loss_position-0.0000(0.0000) total_loss-0.0956(0.1652) 
[2026-09-20 15:10:40,150]-[trainutils.py line:416]:[EST:    1.52m][Process Time:    0.05s]- Epoch: 15 [0900/1330 ( 68%)]	Losses: ce_loss-0.2017(0.1646) loss_tacl-0.0000(0.0000) loss_sacl-0.0063(0.0073) loss_event-0.0053(0.0054) loss_evidence-0.0000(0.0000) loss_query_diversity-0.0043(0.0043) loss_position-0.0000(0.0000) total_loss-0.2017(0.1646) 
[2026-09-20 15:11:01,801]-[trainutils.py line:416]:[EST:    1.17m][Process Time:    0.05s]- Epoch: 15 [1000/1330 ( 75%)]	Losses: ce_loss-0.0970(0.1660) loss_tacl-0.0000(0.0000) loss_sacl-0.0071(0.0073) loss_event-0.0065(0.0054) loss_evidence-0.0000(0.0000) loss_query_diversity-0.0044(0.0043) loss_position-0.0000(0.0000) total_loss-0.0970(0.1660) 
[2026-09-20 15:11:23,145]-[trainutils.py line:416]:[EST:    0.81m][Process Time:    0.05s]- Epoch: 15 [1100/1330 ( 83%)]	Losses: ce_loss-0.0579(0.1666) loss_tacl-0.0000(0.0000) loss_sacl-0.0076(0.0072) loss_event-0.0053(0.0054) loss_evidence-0.0000(0.0000) loss_query_diversity-0.0044(0.0043) loss_position-0.0000(0.0000) total_loss-0.0579(0.1666) 
[2026-09-20 15:11:44,812]-[trainutils.py line:416]:[EST:    0.46m][Process Time:    0.05s]- Epoch: 15 [1200/1330 ( 90%)]	Losses: ce_loss-0.1011(0.1659) loss_tacl-0.0000(0.0000) loss_sacl-0.0075(0.0072) loss_event-0.0053(0.0054) loss_evidence-0.0000(0.0000) loss_query_diversity-0.0043(0.0043) loss_position-0.0000(0.0000) total_loss-0.1011(0.1659) 
[2026-09-20 15:12:06,386]-[trainutils.py line:416]:[EST:    0.10m][Process Time:    0.05s]- Epoch: 15 [1300/1330 ( 98%)]	Losses: ce_loss-0.1561(0.1662) loss_tacl-0.0000(0.0000) loss_sacl-0.0069(0.0072) loss_event-0.0055(0.0054) loss_evidence-0.0000(0.0000) loss_query_diversity-0.0043(0.0043) loss_position-0.0000(0.0000) total_loss-0.1561(0.1662) 
[2026-09-20 15:12:12,822]-[trainutils.py line:416]:[EST:   -0.00m][Process Time:    0.05s]- Epoch: 15 [1330/1330 (100%)]	Losses: ce_loss-0.3827(0.1660) loss_tacl-0.0000(0.0000) loss_sacl-0.0065(0.0072) loss_event-0.0054(0.0054) loss_evidence-0.0000(0.0000) loss_query_diversity-0.0043(0.0043) loss_position-0.0000(0.0000) total_loss-0.3827(0.1660) 
[2026-09-20 15:12:13,442]-[train.py line:106]:
-------------- validation epoch 15 -------------- 
[2026-09-20 15:12:13,767]-[trainutils.py line:461]:Test progress:   0/95 
[2026-09-20 15:12:45,586]-[trainutils.py line:461]:Test progress:  95/95 
[2026-09-20 15:12:45,587]-[trainutils.py line:492]:Epoch 15 -           Audio/Counting accuracy: 86.30(441/511) 
[2026-09-20 15:12:45,588]-[trainutils.py line:492]:Epoch 15 -        Audio/Comparative accuracy: 58.98(174/295) 
[2026-09-20 15:12:45,588]-[trainutils.py line:497]:Epoch 15 -                    Audio accuracy: 76.30(615/806) 
[2026-09-20 15:12:45,588]-[trainutils.py line:492]:Epoch 15 -          Visual/Counting accuracy: 82.00(492/600) 
[2026-09-20 15:12:45,589]-[trainutils.py line:492]:Epoch 15 -          Visual/Location accuracy: 89.07(546/613) 
[2026-09-20 15:12:45,589]-[trainutils.py line:497]:Epoch 15 -                   Visual accuracy: 85.57(1038/1213) 
[2026-09-20 15:12:45,589]-[trainutils.py line:492]:Epoch 15 - Audio-Visual/Existential accuracy: 81.82(405/495) 
[2026-09-20 15:12:45,589]-[trainutils.py line:492]:Epoch 15 -    Audio-Visual/Counting accuracy: 79.46(503/633) 
[2026-09-20 15:12:45,590]-[trainutils.py line:492]:Epoch 15 -    Audio-Visual/Location accuracy: 69.63(321/461) 
[2026-09-20 15:12:45,590]-[trainutils.py line:492]:Epoch 15 - Audio-Visual/Comparative accuracy: 64.30(353/549) 
[2026-09-20 15:12:45,590]-[trainutils.py line:492]:Epoch 15 -    Audio-Visual/Temporal accuracy: 70.80(291/411) 
[2026-09-20 15:12:45,590]-[trainutils.py line:497]:Epoch 15 -             Audio-Visual accuracy: 73.48(1873/2549) 
[2026-09-20 15:12:45,590]-[trainutils.py line:501]:Epoch 15 -                    Total accuracy: 77.19(3526/4568) 
[2026-09-20 15:12:45,941]-[trainutils.py line:461]:Test progress:   0/95 
[2026-09-20 15:13:17,746]-[trainutils.py line:461]:Test progress:  95/95 
[2026-09-20 15:13:17,748]-[trainutils.py line:492]:Epoch 15 -           Audio/Counting accuracy: 86.69(443/511) 
[2026-09-20 15:13:17,748]-[trainutils.py line:492]:Epoch 15 -        Audio/Comparative accuracy: 59.66(176/295) 
[2026-09-20 15:13:17,748]-[trainutils.py line:497]:Epoch 15 -                    Audio accuracy: 76.80(619/806) 
[2026-09-20 15:13:17,749]-[trainutils.py line:492]:Epoch 15 -          Visual/Counting accuracy: 81.83(491/600) 
[2026-09-20 15:13:17,749]-[trainutils.py line:492]:Epoch 15 -          Visual/Location accuracy: 89.23(547/613) 
[2026-09-20 15:13:17,749]-[trainutils.py line:497]:Epoch 15 -                   Visual accuracy: 85.57(1038/1213) 
[2026-09-20 15:13:17,749]-[trainutils.py line:492]:Epoch 15 - Audio-Visual/Existential accuracy: 82.42(408/495) 
[2026-09-20 15:13:17,749]-[trainutils.py line:492]:Epoch 15 -    Audio-Visual/Counting accuracy: 80.88(512/633) 
[2026-09-20 15:13:17,750]-[trainutils.py line:492]:Epoch 15 -    Audio-Visual/Location accuracy: 70.50(325/461) 
[2026-09-20 15:13:17,750]-[trainutils.py line:492]:Epoch 15 - Audio-Visual/Comparative accuracy: 65.94(362/549) 
[2026-09-20 15:13:17,750]-[trainutils.py line:492]:Epoch 15 -    Audio-Visual/Temporal accuracy: 72.02(296/411) 
[2026-09-20 15:13:17,754]-[trainutils.py line:497]:Epoch 15 -             Audio-Visual accuracy: 74.66(1903/2549) 
[2026-09-20 15:13:17,755]-[trainutils.py line:501]:Epoch 15 -                    Total accuracy: 77.93(3560/4568) 
[2026-09-20 15:13:17,759]-[train.py line:167]:Epoch 15 done with 77.93 and loss 0.69141. 
[2026-09-20 15:13:17,759]-[train.py line:168]:At epoch13 best acc: 78.39. 
