QUEUE_RUN_START without_sacl 7868bbf5ba3849f491bec29edb6f0c0b
Code snapshot saved as D:\model\qast_ehr_ablation_without_sacl_seed713\2026-09-20-15-14-12_seed713\code_snapshot.zip
[2026-09-20 15:14:12,148]-[utils.py line:217]:
-------------- config -------------- 
[2026-09-20 15:14:12,148]-[utils.py line:218]:{
    "standard_protocol": true,
    "run_test_after_training": false,
    "amp": true,
    "gradient_accumulation_steps": 2,
    "distill_logits": null,
    "type": "question_aware",
    "seed": 713,
    "epochs": 15,
    "num_labels": 42,
    "log_interval": 100,
    "output_dir": "D:/model/qast_ehr_ablation_without_sacl_seed713",
    "pretrained_weight": "fixed_features_only",
    "weight": "",
    "data": {
        "root": "D:/AVQA_experiment/QA-TIGER2/QA-TIGER/reproduce_qast_recent2025_v3_77_24",
        "img_size": 336,
        "batch_size": 24,
        "eval_batch_size": 48,
        "num_workers": 0,
        "frame_sample_rate": 1,
        "audios_dir": "D:/data/musicavqa/audio",
        "frames_dir": "D:/data/frames-1fps",
        "train_annot": "D:/AVQA_experiment/QA-TIGER2/QA-TIGER/reproduce_qast_recent2025_v3_77_24/data/annots/music_avqa/music_avqa_train.json",
        "valid_annot": "D:/AVQA_experiment/QA-TIGER2/QA-TIGER/reproduce_qast_recent2025_v3_77_24/data/annots/music_avqa/music_avqa_val.json",
        "test_annot": "D:/AVQA_experiment/QA-TIGER2/QA-TIGER/reproduce_qast_recent2025_v3_77_24/data/annots/music_avqa/music_avqa_test.json",
        "test_annots": null,
        "ans_quelen": "D:/AVQA_experiment/QA-TIGER2/QA-TIGER/reproduce_qast_recent2025_v3_77_24/data/annots/music_avqa/answer2idx.json",
        "audio_feat": "D:/data/musicavqa/vggish",
        "quest_feat": "D:/data/musicavqa/qst_ViT-L14@336px",
        "prompt_feat": "D:/data/musicavqa/qaPrompt_ViT-L14@336px",
        "patch_feat": "D:/data/musicavqa/visual_tome14_60",
        "video_feat": "D:/data/musicavqa/frames_vit"
    },
    "hyper_params": {
        "gpus": "0",
        "model_type": "QAST-EHR-2025",
        "model": {
            "topK": 10,
            "num_experts": 1,
            "audio_dim": 128,
            "video_dim": 768,
            "patch_dim": 1024,
            "question_dim": 768,
            "d_model": 512,
            "num_labels": 42,
            "num_heads": 8,
            "num_temporal_queries": 10,
            "event_scales": [
                3,
                7,
                15
            ],
            "keep_patches": 4,
            "lambda_tacl": 0.035,
            "lambda_sacl": 0.0,
            "lambda_event": 0.03,
            "lambda_evidence": 0.06,
            "lambda_diversity": 0.005,
            "lambda_position": 0.02,
            "aux_warmup_epochs": 3,
            "position_min_strength": 0.05,
            "position_max_strength": 0.1,
            "position_init_strength": 0.07,
            "evidence_margin": 0.2,
            "dropout": 0.1,
            "enable_scm": false,
            "enable_evidence_router": true,
            "enable_event_memory": true,
            "enable_temporal_reader": true,
            "enable_dynamic_fusion": true
        },
        "optim": {
            "name": "AdamW",
            "lr": 0.0001,
            "new_lr": null,
            "encoder_lr": null,
            "min_lr": 1e-06,
            "weight_decay": 0.0002,
            "betas": [
                0.9,
                0.999
            ],
            "grad_clip": 1.0
        },
        "sched": {
            "name": "cosine",
            "mode": "max",
            "gamma": 0.1,
            "step_size": 6,
            "factor": 0.5,
            "patience": 3,
            "verbose": true,
            "warmup_epochs": 1
        },
        "ema": {
            "enabled": true,
            "decay": 0.999
        }
    },
    "mode": "train",
    "debug": false,
    "output_path": "",
    "cur_rank": 0
} 
[2026-09-20 15:14:12,148]-[utils.py line:219]:
-------------- environment -------------- 
[2026-09-20 15:14:12,148]-[utils.py line:220]:OS version:   
[2026-09-20 15:14:12,148]-[utils.py line:221]:Kernel version: Windows-10-10.0.26200-SP0 
[2026-09-20 15:14:12,148]-[utils.py line:222]:Python version: 3.10.20 
[2026-09-20 15:14:12,148]-[utils.py line:223]:torch version: 2.11.0+cu128 
[2026-09-20 15:14:12,148]-[utils.py line:224]:cuda version: 12.8 
[2026-09-20 15:14:12,150]-[utils.py line:225]:cuDNN version: 91900 
[2026-09-20 15:14:12,150]-[utils.py line:226]:gpu device count: 1 
[2026-09-20 15:14:12,150]-[utils.py line:231]:gpu device 0: NVIDIA GeForce RTX 5070 Laptop GPU - 8.0GB 
[2026-09-20 15:14:12,266]-[train.py line:62]:Standard protocol audit passed: train=31927, val=4568, test=9129; no split overlap; no test-derived distillation. 
[2026-09-20 15:14:15,487]-[utils.py line:204]:
-------------- parameter info -------------- 
[2026-09-20 15:14:15,487]-[utils.py line:205]:num total params: 15239227 
[2026-09-20 15:14:15,487]-[utils.py line:206]:num tunable params: 15239227 
[2026-09-20 15:14:15,487]-[utils.py line:207]:tunable param ratio: 100.00% 
[2026-09-20 15:14:15,487]-[utils.py line:208]:tunable params: 
[2026-09-20 15:14:15,487]-[utils.py line:209]:[
    "module.audio_projection.weight",
    "module.audio_projection.bias",
    "module.video_projection.weight",
    "module.video_projection.bias",
    "module.patch_projection.weight",
    "module.patch_projection.bias",
    "module.question_projection.weight",
    "module.question_projection.bias",
    "module.prompt_projection.weight",
    "module.prompt_projection.bias",
    "module.evidence_router.norms.0.weight",
    "module.evidence_router.norms.0.bias",
    "module.evidence_router.norms.1.weight",
    "module.evidence_router.norms.1.bias",
    "module.evidence_router.norms.2.weight",
    "module.evidence_router.norms.2.bias",
    "module.evidence_router.norms.3.weight",
    "module.evidence_router.norms.3.bias",
    "module.evidence_router.projections.0.weight",
    "module.evidence_router.projections.0.bias",
    "module.evidence_router.projections.1.weight",
    "module.evidence_router.projections.1.bias",
    "module.evidence_router.projections.2.weight",
    "module.evidence_router.projections.2.bias",
    "module.evidence_router.projections.3.weight",
    "module.evidence_router.projections.3.bias",
    "module.evidence_router.question_gate.0.weight",
    "module.evidence_router.question_gate.0.bias",
    "module.evidence_router.question_gate.1.weight",
    "module.evidence_router.question_gate.1.bias",
    "module.evidence_router.question_gate.3.weight",
    "module.evidence_router.question_gate.3.bias",
    "module.evidence_router.refine.0.weight",
    "module.evidence_router.refine.0.bias",
    "module.evidence_router.refine.1.weight",
    "module.evidence_router.refine.1.bias",
    "module.evidence_router.refine.4.weight",
    "module.evidence_router.refine.4.bias",
    "module.patch_grounder.patch_key.weight",
    "module.patch_grounder.patch_key.bias",
    "module.patch_grounder.audio_query.weight",
    "module.patch_grounder.audio_query.bias",
    "module.patch_grounder.question_query.weight",
    "module.patch_grounder.question_query.bias",
    "module.patch_grounder.value.weight",
    "module.patch_grounder.value.bias",
    "module.patch_grounder.score_gate.0.weight",
    "module.patch_grounder.score_gate.0.bias",
    "module.patch_grounder.score_gate.1.weight",
    "module.patch_grounder.score_gate.1.bias",
    "module.patch_grounder.output.0.weight",
    "module.patch_grounder.output.0.bias",
    "module.patch_grounder.output.2.weight",
    "module.patch_grounder.output.2.bias",
    "module.evidence_norm.weight",
    "module.evidence_norm.bias",
    "module.event_memory.branches.0.0.weight",
    "module.event_memory.branches.0.0.bias",
    "module.event_memory.branches.0.2.weight",
    "module.event_memory.branches.0.2.bias",
    "module.event_memory.branches.1.0.weight",
    "module.event_memory.branches.1.0.bias",
    "module.event_memory.branches.1.2.weight",
    "module.event_memory.branches.1.2.bias",
    "module.event_memory.branches.2.0.weight",
    "module.event_memory.branches.2.0.bias",
    "module.event_memory.branches.2.2.weight",
    "module.event_memory.branches.2.2.bias",
    "module.event_memory.question_queries.0.weight",
    "module.event_memory.question_queries.0.bias",
    "module.event_memory.question_queries.1.weight",
    "module.event_memory.question_queries.1.bias",
    "module.event_memory.question_queries.2.weight",
    "module.event_memory.question_queries.2.bias",
    "module.event_memory.scale_gate.0.weight",
    "module.event_memory.scale_gate.0.bias",
    "module.event_memory.scale_gate.1.weight",
    "module.event_memory.scale_gate.1.bias",
    "module.event_memory.output_norm.weight",
    "module.event_memory.output_norm.bias",
    "module.adaptive_position.strength_bias",
    "module.adaptive_position.strength_gate.0.weight",
    "module.adaptive_position.strength_gate.0.bias",
    "module.adaptive_position.strength_gate.1.weight",
    "module.adaptive_position.strength_gate.1.bias",
    "module.adaptive_position.audio_projection.weight",
    "module.adaptive_position.audio_projection.bias",
    "module.adaptive_position.motion_projection.weight",
    "module.adaptive_position.motion_projection.bias",
    "module.adaptive_position.question_projection.weight",
    "module.adaptive_position.question_projection.bias",
    "module.adaptive_position.relation_projection.weight",
    "module.adaptive_position.relation_projection.bias",
    "module.adaptive_position.phi.0.weight",
    "module.adaptive_position.phi.0.bias",
    "module.adaptive_position.phi.2.weight",
    "module.adaptive_position.phi.2.bias",
    "module.adaptive_position.phi.3.weight",
    "module.adaptive_position.phi.3.bias",
    "module.adaptive_position.time_gate.weight",
    "module.adaptive_position.time_gate.bias",
    "module.cmg.in_proj_weight",
    "module.cmg.in_proj_bias",
    "module.cmg.out_proj.weight",
    "module.cmg.out_proj.bias",
    "module.cmg_norm.weight",
    "module.cmg_norm.bias",
    "module.temporal_reader.query_tokens",
    "module.temporal_reader.condition.0.weight",
    "module.temporal_reader.condition.0.bias",
    "module.temporal_reader.condition.1.weight",
    "module.temporal_reader.condition.1.bias",
    "module.temporal_reader.attention.in_proj_weight",
    "module.temporal_reader.attention.in_proj_bias",
    "module.temporal_reader.attention.out_proj.weight",
    "module.temporal_reader.attention.out_proj.bias",
    "module.temporal_reader.norm.weight",
    "module.temporal_reader.norm.bias",
    "module.temporal_reader.ffn.0.weight",
    "module.temporal_reader.ffn.0.bias",
    "module.temporal_reader.ffn.3.weight",
    "module.temporal_reader.ffn.3.bias",
    "module.fusion_gate.0.weight",
    "module.fusion_gate.0.bias",
    "module.fusion_gate.1.weight",
    "module.fusion_gate.1.bias",
    "module.fusion_gate.3.weight",
    "module.fusion_gate.3.bias",
    "module.fusion_refine.0.weight",
    "module.fusion_refine.0.bias",
    "module.fusion_refine.1.weight",
    "module.fusion_refine.1.bias",
    "module.fusion_refine.4.weight",
    "module.fusion_refine.4.bias",
    "module.fusion_refine.5.weight",
    "module.fusion_refine.5.bias",
    "module.answer_head.weight",
    "module.answer_head.bias"
] 
[2026-09-20 15:14:15,488]-[trainutils.py line:220]:
-------------- optimizer info -------------- 
[2026-09-20 15:14:15,488]-[trainutils.py line:221]:Learning rate: 0.0001 
[2026-09-20 15:14:15,488]-[trainutils.py line:222]:Betas: (0.9, 0.999) 
[2026-09-20 15:14:15,488]-[trainutils.py line:223]:Eps: 1e-08 
[2026-09-20 15:14:15,488]-[trainutils.py line:224]:Weight decay: 0.0002 
[2026-09-20 15:14:15,503]-[train.py line:102]:
-------------- training epoch 1 -------------- 
[2026-09-20 15:14:16,537]-[trainutils.py line:416]:[EST:   22.85m][Process Time:    0.87s]- Epoch: 1 [0000/1330 (  0%)]	Losses: ce_loss-4.2348(4.2348) loss_tacl-0.0000(0.0000) loss_sacl-0.0000(0.0000) loss_event-0.0210(0.0210) loss_evidence-0.0095(0.0095) loss_query_diversity-0.0044(0.0044) loss_position-0.0000(0.0000) total_loss-4.2348(4.2348) 
[2026-09-20 15:14:37,948]-[trainutils.py line:416]:[EST:    4.55m][Process Time:    0.05s]- Epoch: 1 [0100/1330 (  8%)]	Losses: ce_loss-3.3900(3.8077) loss_tacl-0.0000(0.0000) loss_sacl-0.0000(0.0000) loss_event-0.0191(0.0202) loss_evidence-0.0090(0.0121) loss_query_diversity-0.0044(0.0044) loss_position-0.0000(0.0000) total_loss-3.3900(3.8077) 
[2026-09-20 15:14:59,273]-[trainutils.py line:416]:[EST:    4.10m][Process Time:    0.05s]- Epoch: 1 [0200/1330 ( 15%)]	Losses: ce_loss-3.1182(3.5319) loss_tacl-0.0000(0.0000) loss_sacl-0.0000(0.0000) loss_event-0.0168(0.0194) loss_evidence-0.0094(0.0115) loss_query_diversity-0.0044(0.0044) loss_position-0.0000(0.0000) total_loss-3.1182(3.5319) 
[2026-09-20 15:15:20,599]-[trainutils.py line:416]:[EST:    3.71m][Process Time:    0.05s]- Epoch: 1 [0300/1330 ( 23%)]	Losses: ce_loss-3.0343(3.3286) loss_tacl-0.0000(0.0000) loss_sacl-0.0000(0.0000) loss_event-0.0154(0.0185) loss_evidence-0.0102(0.0106) loss_query_diversity-0.0044(0.0044) loss_position-0.0000(0.0000) total_loss-3.0343(3.3286) 
[2026-09-20 15:15:41,843]-[trainutils.py line:416]:[EST:    3.33m][Process Time:    0.05s]- Epoch: 1 [0400/1330 ( 30%)]	Losses: ce_loss-2.7399(3.1553) loss_tacl-0.0000(0.0000) loss_sacl-0.0000(0.0000) loss_event-0.0153(0.0177) loss_evidence-0.0095(0.0091) loss_query_diversity-0.0044(0.0044) loss_position-0.0000(0.0000) total_loss-2.7399(3.1553) 
[2026-09-20 15:16:03,096]-[trainutils.py line:416]:[EST:    2.97m][Process Time:    0.05s]- Epoch: 1 [0500/1330 ( 38%)]	Losses: ce_loss-2.6402(3.0387) loss_tacl-0.0000(0.0000) loss_sacl-0.0000(0.0000) loss_event-0.0144(0.0170) loss_evidence-0.0074(0.0079) loss_query_diversity-0.0044(0.0044) loss_position-0.0000(0.0000) total_loss-2.6402(3.0387) 
[2026-09-20 15:16:24,214]-[trainutils.py line:416]:[EST:    2.60m][Process Time:    0.05s]- Epoch: 1 [0600/1330 ( 45%)]	Losses: ce_loss-2.6064(2.9425) loss_tacl-0.0000(0.0000) loss_sacl-0.0000(0.0000) loss_event-0.0136(0.0165) loss_evidence-0.0066(0.0067) loss_query_diversity-0.0044(0.0044) loss_position-0.0000(0.0000) total_loss-2.6064(2.9425) 
[2026-09-20 15:16:45,493]-[trainutils.py line:416]:[EST:    2.24m][Process Time:    0.06s]- Epoch: 1 [0700/1330 ( 53%)]	Losses: ce_loss-2.4118(2.8636) loss_tacl-0.0000(0.0000) loss_sacl-0.0000(0.0000) loss_event-0.0135(0.0161) loss_evidence-0.0083(0.0057) loss_query_diversity-0.0044(0.0044) loss_position-0.0000(0.0000) total_loss-2.4118(2.8636) 
[2026-09-20 15:17:06,782]-[trainutils.py line:416]:[EST:    1.89m][Process Time:    0.05s]- Epoch: 1 [0800/1330 ( 60%)]	Losses: ce_loss-2.1879(2.7919) loss_tacl-0.0000(0.0000) loss_sacl-0.0000(0.0000) loss_event-0.0140(0.0158) loss_evidence-0.0053(0.0050) loss_query_diversity-0.0044(0.0044) loss_position-0.0000(0.0000) total_loss-2.1879(2.7919) 
[2026-09-20 15:17:28,155]-[trainutils.py line:416]:[EST:    1.53m][Process Time:    0.05s]- Epoch: 1 [0900/1330 ( 68%)]	Losses: ce_loss-2.4612(2.7231) loss_tacl-0.0000(0.0000) loss_sacl-0.0000(0.0000) loss_event-0.0126(0.0155) loss_evidence-0.0029(0.0044) loss_query_diversity-0.0044(0.0044) loss_position-0.0000(0.0000) total_loss-2.4612(2.7231) 
[2026-09-20 15:17:49,490]-[trainutils.py line:416]:[EST:    1.17m][Process Time:    0.05s]- Epoch: 1 [1000/1330 ( 75%)]	Losses: ce_loss-2.3750(2.6620) loss_tacl-0.0000(0.0000) loss_sacl-0.0000(0.0000) loss_event-0.0134(0.0153) loss_evidence-0.0035(0.0040) loss_query_diversity-0.0044(0.0044) loss_position-0.0000(0.0000) total_loss-2.3750(2.6620) 
[2026-09-20 15:18:11,022]-[trainutils.py line:416]:[EST:    0.82m][Process Time:    0.05s]- Epoch: 1 [1100/1330 ( 83%)]	Losses: ce_loss-2.0166(2.6058) loss_tacl-0.0000(0.0000) loss_sacl-0.0000(0.0000) loss_event-0.0129(0.0150) loss_evidence-0.0037(0.0036) loss_query_diversity-0.0044(0.0044) loss_position-0.0000(0.0000) total_loss-2.0166(2.6058) 
[2026-09-20 15:18:32,372]-[trainutils.py line:416]:[EST:    0.46m][Process Time:    0.05s]- Epoch: 1 [1200/1330 ( 90%)]	Losses: ce_loss-1.9027(2.5512) loss_tacl-0.0000(0.0000) loss_sacl-0.0000(0.0000) loss_event-0.0125(0.0148) loss_evidence-0.0026(0.0033) loss_query_diversity-0.0044(0.0044) loss_position-0.0000(0.0000) total_loss-1.9027(2.5512) 
[2026-09-20 15:18:53,499]-[trainutils.py line:416]:[EST:    0.10m][Process Time:    0.05s]- Epoch: 1 [1300/1330 ( 98%)]	Losses: ce_loss-1.8508(2.5008) loss_tacl-0.0000(0.0000) loss_sacl-0.0000(0.0000) loss_event-0.0131(0.0146) loss_evidence-0.0037(0.0031) loss_query_diversity-0.0044(0.0044) loss_position-0.0000(0.0000) total_loss-1.8508(2.5008) 
[2026-09-20 15:18:59,713]-[trainutils.py line:416]:[EST:   -0.00m][Process Time:    0.07s]- Epoch: 1 [1330/1330 (100%)]	Losses: ce_loss-2.0652(2.4856) loss_tacl-0.0000(0.0000) loss_sacl-0.0000(0.0000) loss_event-0.0125(0.0145) loss_evidence-0.0070(0.0030) loss_query_diversity-0.0044(0.0044) loss_position-0.0000(0.0000) total_loss-2.0652(2.4856) 
[2026-09-20 15:19:00,357]-[train.py line:106]:
-------------- validation epoch 1 -------------- 
[2026-09-20 15:19:00,743]-[trainutils.py line:461]:Test progress:   0/95 
[2026-09-20 15:19:32,741]-[trainutils.py line:461]:Test progress:  95/95 
[2026-09-20 15:19:32,742]-[trainutils.py line:492]:Epoch 1 -           Audio/Counting accuracy: 67.71(346/511) 
[2026-09-20 15:19:32,743]-[trainutils.py line:492]:Epoch 1 -        Audio/Comparative accuracy: 54.58(161/295) 
[2026-09-20 15:19:32,743]-[trainutils.py line:497]:Epoch 1 -                    Audio accuracy: 62.90(507/806) 
[2026-09-20 15:19:32,743]-[trainutils.py line:492]:Epoch 1 -          Visual/Counting accuracy: 53.83(323/600) 
[2026-09-20 15:19:32,743]-[trainutils.py line:492]:Epoch 1 -          Visual/Location accuracy: 16.97(104/613) 
[2026-09-20 15:19:32,743]-[trainutils.py line:497]:Epoch 1 -                   Visual accuracy: 35.20(427/1213) 
[2026-09-20 15:19:32,743]-[trainutils.py line:492]:Epoch 1 - Audio-Visual/Existential accuracy: 79.39(393/495) 
[2026-09-20 15:19:32,745]-[trainutils.py line:492]:Epoch 1 -    Audio-Visual/Counting accuracy: 47.39(300/633) 
[2026-09-20 15:19:32,745]-[trainutils.py line:492]:Epoch 1 -    Audio-Visual/Location accuracy: 21.26(98/461) 
[2026-09-20 15:19:32,745]-[trainutils.py line:492]:Epoch 1 - Audio-Visual/Comparative accuracy: 58.83(323/549) 
[2026-09-20 15:19:32,746]-[trainutils.py line:492]:Epoch 1 -    Audio-Visual/Temporal accuracy: 0.00(0/411) 
[2026-09-20 15:19:32,746]-[trainutils.py line:497]:Epoch 1 -             Audio-Visual accuracy: 43.70(1114/2549) 
[2026-09-20 15:19:32,746]-[trainutils.py line:501]:Epoch 1 -                    Total accuracy: 44.83(2048/4568) 
[2026-09-20 15:19:32,771]-[train.py line:151]:best model saved at epoch 1 with acc 44.833625218914186 (raw) 
[2026-09-20 15:19:32,826]-[train.py line:167]:Epoch 1 done with 44.83 and loss 1.78906. 
[2026-09-20 15:19:32,826]-[train.py line:168]:At epoch1 best acc: 44.83. 
[2026-09-20 15:19:32,826]-[train.py line:102]:
-------------- training epoch 2 -------------- 
[2026-09-20 15:19:33,055]-[trainutils.py line:416]:[EST:    5.01m][Process Time:    0.05s]- Epoch: 2 [0000/1330 (  0%)]	Losses: ce_loss-2.1409(2.1409) loss_tacl-0.0001(0.0001) loss_sacl-0.0000(0.0000) loss_event-0.0121(0.0121) loss_evidence-0.0013(0.0013) loss_query_diversity-0.0044(0.0044) loss_position-0.0000(0.0000) total_loss-2.1409(2.1409) 
[2026-09-20 15:19:54,695]-[trainutils.py line:416]:[EST:    4.43m][Process Time:    0.05s]- Epoch: 2 [0100/1330 (  8%)]	Losses: ce_loss-1.1315(1.4346) loss_tacl-0.0001(0.0001) loss_sacl-0.0000(0.0000) loss_event-0.0097(0.0099) loss_evidence-0.0019(0.0012) loss_query_diversity-0.0044(0.0044) loss_position-0.0000(0.0000) total_loss-1.1315(1.4346) 
[2026-09-20 15:20:15,983]-[trainutils.py line:416]:[EST:    4.04m][Process Time:    0.05s]- Epoch: 2 [0200/1330 ( 15%)]	Losses: ce_loss-0.8499(1.2638) loss_tacl-0.0001(0.0001) loss_sacl-0.0000(0.0000) loss_event-0.0069(0.0090) loss_evidence-0.0000(0.0007) loss_query_diversity-0.0044(0.0044) loss_position-0.0000(0.0000) total_loss-0.8499(1.2638) 
[2026-09-20 15:20:36,933]-[trainutils.py line:416]:[EST:    3.65m][Process Time:    0.05s]- Epoch: 2 [0300/1330 ( 23%)]	Losses: ce_loss-0.7117(1.1705) loss_tacl-0.0001(0.0001) loss_sacl-0.0000(0.0000) loss_event-0.0060(0.0082) loss_evidence-0.0000(0.0006) loss_query_diversity-0.0044(0.0044) loss_position-0.0000(0.0000) total_loss-0.7117(1.1705) 
[2026-09-20 15:20:57,730]-[trainutils.py line:416]:[EST:    3.28m][Process Time:    0.05s]- Epoch: 2 [0400/1330 ( 30%)]	Losses: ce_loss-0.6791(1.1113) loss_tacl-0.0001(0.0001) loss_sacl-0.0000(0.0000) loss_event-0.0065(0.0077) loss_evidence-0.0000(0.0005) loss_query_diversity-0.0044(0.0044) loss_position-0.0000(0.0000) total_loss-0.6791(1.1113) 
[2026-09-20 15:21:18,515]-[trainutils.py line:416]:[EST:    2.91m][Process Time:    0.07s]- Epoch: 2 [0500/1330 ( 38%)]	Losses: ce_loss-0.8362(1.0657) loss_tacl-0.0001(0.0001) loss_sacl-0.0000(0.0000) loss_event-0.0065(0.0073) loss_evidence-0.0000(0.0005) loss_query_diversity-0.0044(0.0044) loss_position-0.0000(0.0000) total_loss-0.8362(1.0657) 
[2026-09-20 15:21:39,346]-[trainutils.py line:416]:[EST:    2.56m][Process Time:    0.05s]- Epoch: 2 [0600/1330 ( 45%)]	Losses: ce_loss-0.9103(1.0303) loss_tacl-0.0001(0.0001) loss_sacl-0.0000(0.0000) loss_event-0.0055(0.0070) loss_evidence-0.0000(0.0004) loss_query_diversity-0.0044(0.0044) loss_position-0.0000(0.0000) total_loss-0.9103(1.0303) 
[2026-09-20 15:22:00,101]-[trainutils.py line:416]:[EST:    2.20m][Process Time:    0.04s]- Epoch: 2 [0700/1330 ( 53%)]	Losses: ce_loss-0.6843(0.9992) loss_tacl-0.0001(0.0001) loss_sacl-0.0000(0.0000) loss_event-0.0051(0.0068) loss_evidence-0.0000(0.0004) loss_query_diversity-0.0044(0.0044) loss_position-0.0000(0.0000) total_loss-0.6843(0.9992) 
[2026-09-20 15:22:20,863]-[trainutils.py line:416]:[EST:    1.85m][Process Time:    0.05s]- Epoch: 2 [0800/1330 ( 60%)]	Losses: ce_loss-0.8758(0.9748) loss_tacl-0.0001(0.0001) loss_sacl-0.0000(0.0000) loss_event-0.0053(0.0066) loss_evidence-0.0000(0.0004) loss_query_diversity-0.0044(0.0044) loss_position-0.0000(0.0000) total_loss-0.8758(0.9748) 
[2026-09-20 15:22:41,467]-[trainutils.py line:416]:[EST:    1.50m][Process Time:    0.05s]- Epoch: 2 [0900/1330 ( 68%)]	Losses: ce_loss-0.7131(0.9545) loss_tacl-0.0001(0.0001) loss_sacl-0.0000(0.0000) loss_event-0.0050(0.0064) loss_evidence-0.0000(0.0004) loss_query_diversity-0.0044(0.0044) loss_position-0.0000(0.0000) total_loss-0.7131(0.9545) 
[2026-09-20 15:23:02,301]-[trainutils.py line:416]:[EST:    1.15m][Process Time:    0.05s]- Epoch: 2 [1000/1330 ( 75%)]	Losses: ce_loss-0.9425(0.9375) loss_tacl-0.0001(0.0001) loss_sacl-0.0000(0.0000) loss_event-0.0047(0.0063) loss_evidence-0.0022(0.0004) loss_query_diversity-0.0044(0.0044) loss_position-0.0000(0.0000) total_loss-0.9425(0.9375) 
[2026-09-20 15:23:22,979]-[trainutils.py line:416]:[EST:    0.80m][Process Time:    0.05s]- Epoch: 2 [1100/1330 ( 83%)]	Losses: ce_loss-0.4484(0.9209) loss_tacl-0.0001(0.0001) loss_sacl-0.0000(0.0000) loss_event-0.0044(0.0062) loss_evidence-0.0000(0.0004) loss_query_diversity-0.0044(0.0044) loss_position-0.0000(0.0000) total_loss-0.4484(0.9209) 
[2026-09-20 15:23:43,803]-[trainutils.py line:416]:[EST:    0.45m][Process Time:    0.05s]- Epoch: 2 [1200/1330 ( 90%)]	Losses: ce_loss-0.9540(0.9075) loss_tacl-0.0001(0.0001) loss_sacl-0.0000(0.0000) loss_event-0.0043(0.0061) loss_evidence-0.0000(0.0004) loss_query_diversity-0.0044(0.0044) loss_position-0.0000(0.0000) total_loss-0.9540(0.9075) 
[2026-09-20 15:24:04,480]-[trainutils.py line:416]:[EST:    0.10m][Process Time:    0.05s]- Epoch: 2 [1300/1330 ( 98%)]	Losses: ce_loss-0.7272(0.8932) loss_tacl-0.0001(0.0001) loss_sacl-0.0000(0.0000) loss_event-0.0042(0.0060) loss_evidence-0.0025(0.0004) loss_query_diversity-0.0044(0.0044) loss_position-0.0000(0.0000) total_loss-0.7272(0.8932) 
[2026-09-20 15:24:10,723]-[trainutils.py line:416]:[EST:   -0.00m][Process Time:    0.05s]- Epoch: 2 [1330/1330 (100%)]	Losses: ce_loss-1.3840(0.8919) loss_tacl-0.0001(0.0001) loss_sacl-0.0000(0.0000) loss_event-0.0070(0.0060) loss_evidence-0.0000(0.0004) loss_query_diversity-0.0044(0.0044) loss_position-0.0000(0.0000) total_loss-1.3840(0.8919) 
[2026-09-20 15:24:11,342]-[train.py line:106]:
-------------- validation epoch 2 -------------- 
[2026-09-20 15:24:11,678]-[trainutils.py line:461]:Test progress:   0/95 
[2026-09-20 15:24:42,609]-[trainutils.py line:461]:Test progress:  95/95 
[2026-09-20 15:24:42,609]-[trainutils.py line:492]:Epoch 2 -           Audio/Counting accuracy: 71.82(367/511) 
[2026-09-20 15:24:42,611]-[trainutils.py line:492]:Epoch 2 -        Audio/Comparative accuracy: 56.95(168/295) 
[2026-09-20 15:24:42,611]-[trainutils.py line:497]:Epoch 2 -                    Audio accuracy: 66.38(535/806) 
[2026-09-20 15:24:42,611]-[trainutils.py line:492]:Epoch 2 -          Visual/Counting accuracy: 70.17(421/600) 
[2026-09-20 15:24:42,611]-[trainutils.py line:492]:Epoch 2 -          Visual/Location accuracy: 73.57(451/613) 
[2026-09-20 15:24:42,611]-[trainutils.py line:497]:Epoch 2 -                   Visual accuracy: 71.89(872/1213) 
[2026-09-20 15:24:42,611]-[trainutils.py line:492]:Epoch 2 - Audio-Visual/Existential accuracy: 79.80(395/495) 
[2026-09-20 15:24:42,611]-[trainutils.py line:492]:Epoch 2 -    Audio-Visual/Counting accuracy: 65.56(415/633) 
[2026-09-20 15:24:42,612]-[trainutils.py line:492]:Epoch 2 -    Audio-Visual/Location accuracy: 58.13(268/461) 
[2026-09-20 15:24:42,612]-[trainutils.py line:492]:Epoch 2 - Audio-Visual/Comparative accuracy: 53.55(294/549) 
[2026-09-20 15:24:42,612]-[trainutils.py line:492]:Epoch 2 -    Audio-Visual/Temporal accuracy: 66.91(275/411) 
[2026-09-20 15:24:42,612]-[trainutils.py line:497]:Epoch 2 -             Audio-Visual accuracy: 64.61(1647/2549) 
[2026-09-20 15:24:42,612]-[trainutils.py line:501]:Epoch 2 -                    Total accuracy: 66.86(3054/4568) 
[2026-09-20 15:24:42,980]-[trainutils.py line:461]:Test progress:   0/95 
[2026-09-20 15:25:13,375]-[trainutils.py line:461]:Test progress:  95/95 
[2026-09-20 15:25:13,376]-[trainutils.py line:492]:Epoch 2 -           Audio/Counting accuracy: 73.58(376/511) 
[2026-09-20 15:25:13,376]-[trainutils.py line:492]:Epoch 2 -        Audio/Comparative accuracy: 55.59(164/295) 
[2026-09-20 15:25:13,376]-[trainutils.py line:497]:Epoch 2 -                    Audio accuracy: 67.00(540/806) 
[2026-09-20 15:25:13,377]-[trainutils.py line:492]:Epoch 2 -          Visual/Counting accuracy: 65.17(391/600) 
[2026-09-20 15:25:13,377]-[trainutils.py line:492]:Epoch 2 -          Visual/Location accuracy: 80.10(491/613) 
[2026-09-20 15:25:13,377]-[trainutils.py line:497]:Epoch 2 -                   Visual accuracy: 72.71(882/1213) 
[2026-09-20 15:25:13,377]-[trainutils.py line:492]:Epoch 2 - Audio-Visual/Existential accuracy: 82.02(406/495) 
[2026-09-20 15:25:13,377]-[trainutils.py line:492]:Epoch 2 -    Audio-Visual/Counting accuracy: 65.09(412/633) 
[2026-09-20 15:25:13,378]-[trainutils.py line:492]:Epoch 2 -    Audio-Visual/Location accuracy: 60.74(280/461) 
[2026-09-20 15:25:13,378]-[trainutils.py line:492]:Epoch 2 - Audio-Visual/Comparative accuracy: 60.29(331/549) 
[2026-09-20 15:25:13,378]-[trainutils.py line:492]:Epoch 2 -    Audio-Visual/Temporal accuracy: 67.15(276/411) 
[2026-09-20 15:25:13,378]-[trainutils.py line:497]:Epoch 2 -             Audio-Visual accuracy: 66.89(1705/2549) 
[2026-09-20 15:25:13,378]-[trainutils.py line:501]:Epoch 2 -                    Total accuracy: 68.45(3127/4568) 
[2026-09-20 15:25:13,413]-[train.py line:151]:best model saved at epoch 2 with acc 68.45446584938703 (ema) 
[2026-09-20 15:25:13,457]-[train.py line:167]:Epoch 2 done with 68.45 and loss 0.85938. 
[2026-09-20 15:25:13,457]-[train.py line:168]:At epoch2 best acc: 68.45. 
[2026-09-20 15:25:13,457]-[train.py line:102]:
-------------- training epoch 3 -------------- 
[2026-09-20 15:25:13,679]-[trainutils.py line:416]:[EST:    4.87m][Process Time:    0.05s]- Epoch: 3 [0000/1330 (  0%)]	Losses: ce_loss-1.0552(1.0552) loss_tacl-0.0001(0.0001) loss_sacl-0.0000(0.0000) loss_event-0.0057(0.0057) loss_evidence-0.0009(0.0009) loss_query_diversity-0.0043(0.0043) loss_position-0.0000(0.0000) total_loss-1.0552(1.0552) 
[2026-09-20 15:25:34,413]-[trainutils.py line:416]:[EST:    4.25m][Process Time:    0.05s]- Epoch: 3 [0100/1330 (  8%)]	Losses: ce_loss-0.7055(0.6807) loss_tacl-0.0001(0.0001) loss_sacl-0.0000(0.0000) loss_event-0.0050(0.0051) loss_evidence-0.0000(0.0003) loss_query_diversity-0.0044(0.0044) loss_position-0.0000(0.0000) total_loss-0.7055(0.6807) 
[2026-09-20 15:25:55,209]-[trainutils.py line:416]:[EST:    3.91m][Process Time:    0.05s]- Epoch: 3 [0200/1330 ( 15%)]	Losses: ce_loss-0.5762(0.6765) loss_tacl-0.0001(0.0001) loss_sacl-0.0000(0.0000) loss_event-0.0046(0.0052) loss_evidence-0.0000(0.0003) loss_query_diversity-0.0044(0.0044) loss_position-0.0000(0.0000) total_loss-0.5762(0.6765) 
[2026-09-20 15:26:16,024]-[trainutils.py line:416]:[EST:    3.56m][Process Time:    0.05s]- Epoch: 3 [0300/1330 ( 23%)]	Losses: ce_loss-0.8329(0.6796) loss_tacl-0.0001(0.0001) loss_sacl-0.0000(0.0000) loss_event-0.0057(0.0052) loss_evidence-0.0004(0.0003) loss_query_diversity-0.0044(0.0044) loss_position-0.0000(0.0000) total_loss-0.8329(0.6796) 
[2026-09-20 15:26:36,657]-[trainutils.py line:416]:[EST:    3.21m][Process Time:    0.05s]- Epoch: 3 [0400/1330 ( 30%)]	Losses: ce_loss-0.6729(0.6787) loss_tacl-0.0001(0.0001) loss_sacl-0.0000(0.0000) loss_event-0.0045(0.0052) loss_evidence-0.0000(0.0003) loss_query_diversity-0.0044(0.0044) loss_position-0.0000(0.0000) total_loss-0.6729(0.6787) 
[2026-09-20 15:26:57,260]-[trainutils.py line:416]:[EST:    2.86m][Process Time:    0.05s]- Epoch: 3 [0500/1330 ( 38%)]	Losses: ce_loss-0.8620(0.6752) loss_tacl-0.0001(0.0001) loss_sacl-0.0000(0.0000) loss_event-0.0052(0.0053) loss_evidence-0.0000(0.0003) loss_query_diversity-0.0044(0.0044) loss_position-0.0000(0.0000) total_loss-0.8620(0.6752) 
[2026-09-20 15:27:17,734]-[trainutils.py line:416]:[EST:    2.51m][Process Time:    0.05s]- Epoch: 3 [0600/1330 ( 45%)]	Losses: ce_loss-0.9236(0.6780) loss_tacl-0.0001(0.0001) loss_sacl-0.0000(0.0000) loss_event-0.0059(0.0053) loss_evidence-0.0006(0.0003) loss_query_diversity-0.0044(0.0044) loss_position-0.0000(0.0000) total_loss-0.9236(0.6780) 
[2026-09-20 15:27:38,369]-[trainutils.py line:416]:[EST:    2.17m][Process Time:    0.05s]- Epoch: 3 [0700/1330 ( 53%)]	Losses: ce_loss-0.5817(0.6744) loss_tacl-0.0001(0.0001) loss_sacl-0.0000(0.0000) loss_event-0.0045(0.0053) loss_evidence-0.0000(0.0003) loss_query_diversity-0.0044(0.0044) loss_position-0.0000(0.0000) total_loss-0.5817(0.6744) 
[2026-09-20 15:27:59,143]-[trainutils.py line:416]:[EST:    1.82m][Process Time:    0.05s]- Epoch: 3 [0800/1330 ( 60%)]	Losses: ce_loss-0.7053(0.6752) loss_tacl-0.0001(0.0001) loss_sacl-0.0000(0.0000) loss_event-0.0056(0.0053) loss_evidence-0.0030(0.0003) loss_query_diversity-0.0043(0.0044) loss_position-0.0000(0.0000) total_loss-0.7053(0.6752) 
[2026-09-20 15:28:19,730]-[trainutils.py line:416]:[EST:    1.48m][Process Time:    0.05s]- Epoch: 3 [0900/1330 ( 68%)]	Losses: ce_loss-0.6336(0.6751) loss_tacl-0.0001(0.0001) loss_sacl-0.0000(0.0000) loss_event-0.0050(0.0053) loss_evidence-0.0000(0.0003) loss_query_diversity-0.0044(0.0044) loss_position-0.0000(0.0000) total_loss-0.6336(0.6751) 
[2026-09-20 15:28:40,384]-[trainutils.py line:416]:[EST:    1.13m][Process Time:    0.05s]- Epoch: 3 [1000/1330 ( 75%)]	Losses: ce_loss-0.6680(0.6725) loss_tacl-0.0001(0.0001) loss_sacl-0.0000(0.0000) loss_event-0.0046(0.0052) loss_evidence-0.0006(0.0003) loss_query_diversity-0.0044(0.0044) loss_position-0.0000(0.0000) total_loss-0.6680(0.6725) 
[2026-09-20 15:29:01,008]-[trainutils.py line:416]:[EST:    0.79m][Process Time:    0.05s]- Epoch: 3 [1100/1330 ( 83%)]	Losses: ce_loss-0.8294(0.6717) loss_tacl-0.0001(0.0001) loss_sacl-0.0000(0.0000) loss_event-0.0040(0.0052) loss_evidence-0.0000(0.0004) loss_query_diversity-0.0044(0.0044) loss_position-0.0000(0.0000) total_loss-0.8294(0.6717) 
[2026-09-20 15:29:21,900]-[trainutils.py line:416]:[EST:    0.44m][Process Time:    0.05s]- Epoch: 3 [1200/1330 ( 90%)]	Losses: ce_loss-0.7523(0.6703) loss_tacl-0.0001(0.0001) loss_sacl-0.0000(0.0000) loss_event-0.0047(0.0052) loss_evidence-0.0000(0.0004) loss_query_diversity-0.0044(0.0044) loss_position-0.0000(0.0000) total_loss-0.7523(0.6703) 
[2026-09-20 15:29:44,013]-[trainutils.py line:416]:[EST:    0.10m][Process Time:    0.05s]- Epoch: 3 [1300/1330 ( 98%)]	Losses: ce_loss-0.4136(0.6679) loss_tacl-0.0001(0.0001) loss_sacl-0.0000(0.0000) loss_event-0.0045(0.0052) loss_evidence-0.0000(0.0004) loss_query_diversity-0.0044(0.0044) loss_position-0.0000(0.0000) total_loss-0.4136(0.6679) 
[2026-09-20 15:29:50,092]-[trainutils.py line:416]:[EST:   -0.00m][Process Time:    0.04s]- Epoch: 3 [1330/1330 (100%)]	Losses: ce_loss-0.2305(0.6662) loss_tacl-0.0001(0.0001) loss_sacl-0.0000(0.0000) loss_event-0.0032(0.0052) loss_evidence-0.0000(0.0004) loss_query_diversity-0.0044(0.0044) loss_position-0.0000(0.0000) total_loss-0.2305(0.6662) 
[2026-09-20 15:29:50,710]-[train.py line:106]:
-------------- validation epoch 3 -------------- 
[2026-09-20 15:29:51,027]-[trainutils.py line:461]:Test progress:   0/95 
[2026-09-20 15:30:22,002]-[trainutils.py line:461]:Test progress:  95/95 
[2026-09-20 15:30:22,002]-[trainutils.py line:492]:Epoch 3 -           Audio/Counting accuracy: 83.95(429/511) 
[2026-09-20 15:30:22,003]-[trainutils.py line:492]:Epoch 3 -        Audio/Comparative accuracy: 58.64(173/295) 
[2026-09-20 15:30:22,003]-[trainutils.py line:497]:Epoch 3 -                    Audio accuracy: 74.69(602/806) 
[2026-09-20 15:30:22,003]-[trainutils.py line:492]:Epoch 3 -          Visual/Counting accuracy: 74.83(449/600) 
[2026-09-20 15:30:22,003]-[trainutils.py line:492]:Epoch 3 -          Visual/Location accuracy: 85.15(522/613) 
[2026-09-20 15:30:22,003]-[trainutils.py line:497]:Epoch 3 -                   Visual accuracy: 80.05(971/1213) 
[2026-09-20 15:30:22,004]-[trainutils.py line:492]:Epoch 3 - Audio-Visual/Existential accuracy: 83.43(413/495) 
[2026-09-20 15:30:22,004]-[trainutils.py line:492]:Epoch 3 -    Audio-Visual/Counting accuracy: 72.67(460/633) 
[2026-09-20 15:30:22,004]-[trainutils.py line:492]:Epoch 3 -    Audio-Visual/Location accuracy: 63.56(293/461) 
[2026-09-20 15:30:22,004]-[trainutils.py line:492]:Epoch 3 - Audio-Visual/Comparative accuracy: 60.11(330/549) 
[2026-09-20 15:30:22,004]-[trainutils.py line:492]:Epoch 3 -    Audio-Visual/Temporal accuracy: 71.29(293/411) 
[2026-09-20 15:30:22,004]-[trainutils.py line:497]:Epoch 3 -             Audio-Visual accuracy: 70.18(1789/2549) 
[2026-09-20 15:30:22,005]-[trainutils.py line:501]:Epoch 3 -                    Total accuracy: 73.60(3362/4568) 
[2026-09-20 15:30:22,361]-[trainutils.py line:461]:Test progress:   0/95 
[2026-09-20 15:30:53,596]-[trainutils.py line:461]:Test progress:  95/95 
[2026-09-20 15:30:53,596]-[trainutils.py line:492]:Epoch 3 -           Audio/Counting accuracy: 77.50(396/511) 
[2026-09-20 15:30:53,596]-[trainutils.py line:492]:Epoch 3 -        Audio/Comparative accuracy: 59.32(175/295) 
[2026-09-20 15:30:53,597]-[trainutils.py line:497]:Epoch 3 -                    Audio accuracy: 70.84(571/806) 
[2026-09-20 15:30:53,597]-[trainutils.py line:492]:Epoch 3 -          Visual/Counting accuracy: 70.83(425/600) 
[2026-09-20 15:30:53,597]-[trainutils.py line:492]:Epoch 3 -          Visual/Location accuracy: 84.34(517/613) 
[2026-09-20 15:30:53,597]-[trainutils.py line:497]:Epoch 3 -                   Visual accuracy: 77.66(942/1213) 
[2026-09-20 15:30:53,597]-[trainutils.py line:492]:Epoch 3 - Audio-Visual/Existential accuracy: 82.63(409/495) 
[2026-09-20 15:30:53,597]-[trainutils.py line:492]:Epoch 3 -    Audio-Visual/Counting accuracy: 70.93(449/633) 
[2026-09-20 15:30:53,597]-[trainutils.py line:492]:Epoch 3 -    Audio-Visual/Location accuracy: 65.73(303/461) 
[2026-09-20 15:30:53,598]-[trainutils.py line:492]:Epoch 3 - Audio-Visual/Comparative accuracy: 61.02(335/549) 
[2026-09-20 15:30:53,598]-[trainutils.py line:492]:Epoch 3 -    Audio-Visual/Temporal accuracy: 72.02(296/411) 
[2026-09-20 15:30:53,598]-[trainutils.py line:497]:Epoch 3 -             Audio-Visual accuracy: 70.30(1792/2549) 
[2026-09-20 15:30:53,598]-[trainutils.py line:501]:Epoch 3 -                    Total accuracy: 72.35(3305/4568) 
[2026-09-20 15:30:53,629]-[train.py line:151]:best model saved at epoch 3 with acc 73.59894921190893 (raw) 
[2026-09-20 15:30:53,675]-[train.py line:167]:Epoch 3 done with 73.60 and loss 0.62109. 
[2026-09-20 15:30:53,675]-[train.py line:168]:At epoch3 best acc: 73.60. 
[2026-09-20 15:30:53,675]-[train.py line:102]:
-------------- training epoch 4 -------------- 
[2026-09-20 15:30:53,897]-[trainutils.py line:416]:[EST:    4.87m][Process Time:    0.05s]- Epoch: 4 [0000/1330 (  0%)]	Losses: ce_loss-0.5030(0.5030) loss_tacl-0.0001(0.0001) loss_sacl-0.0000(0.0000) loss_event-0.0043(0.0043) loss_evidence-0.0002(0.0002) loss_query_diversity-0.0044(0.0044) loss_position-0.0000(0.0000) total_loss-0.5030(0.5030) 
[2026-09-20 15:31:14,768]-[trainutils.py line:416]:[EST:    4.28m][Process Time:    0.04s]- Epoch: 4 [0100/1330 (  8%)]	Losses: ce_loss-0.5708(0.5667) loss_tacl-0.0001(0.0001) loss_sacl-0.0000(0.0000) loss_event-0.0050(0.0054) loss_evidence-0.0000(0.0004) loss_query_diversity-0.0044(0.0044) loss_position-0.0000(0.0000) total_loss-0.5708(0.5667) 
[2026-09-20 15:31:35,574]-[trainutils.py line:416]:[EST:    3.92m][Process Time:    0.05s]- Epoch: 4 [0200/1330 ( 15%)]	Losses: ce_loss-0.5624(0.5652) loss_tacl-0.0001(0.0001) loss_sacl-0.0000(0.0000) loss_event-0.0057(0.0054) loss_evidence-0.0000(0.0004) loss_query_diversity-0.0044(0.0044) loss_position-0.0000(0.0000) total_loss-0.5624(0.5652) 
[2026-09-20 15:31:56,107]-[trainutils.py line:416]:[EST:    3.56m][Process Time:    0.05s]- Epoch: 4 [0300/1330 ( 23%)]	Losses: ce_loss-0.4306(0.5633) loss_tacl-0.0001(0.0001) loss_sacl-0.0000(0.0000) loss_event-0.0056(0.0056) loss_evidence-0.0000(0.0003) loss_query_diversity-0.0044(0.0044) loss_position-0.0000(0.0000) total_loss-0.4306(0.5633) 
[2026-09-20 15:32:16,537]-[trainutils.py line:416]:[EST:    3.20m][Process Time:    0.05s]- Epoch: 4 [0400/1330 ( 30%)]	Losses: ce_loss-0.8590(0.5660) loss_tacl-0.0001(0.0001) loss_sacl-0.0000(0.0000) loss_event-0.0048(0.0054) loss_evidence-0.0049(0.0003) loss_query_diversity-0.0044(0.0044) loss_position-0.0000(0.0000) total_loss-0.8590(0.5660) 
[2026-09-20 15:32:37,091]-[trainutils.py line:416]:[EST:    2.85m][Process Time:    0.05s]- Epoch: 4 [0500/1330 ( 38%)]	Losses: ce_loss-0.5655(0.5731) loss_tacl-0.0001(0.0001) loss_sacl-0.0000(0.0000) loss_event-0.0059(0.0054) loss_evidence-0.0000(0.0003) loss_query_diversity-0.0043(0.0044) loss_position-0.0000(0.0000) total_loss-0.5655(0.5731) 
[2026-09-20 15:32:57,540]-[trainutils.py line:416]:[EST:    2.50m][Process Time:    0.05s]- Epoch: 4 [0600/1330 ( 45%)]	Losses: ce_loss-0.6661(0.5745) loss_tacl-0.0001(0.0001) loss_sacl-0.0000(0.0000) loss_event-0.0058(0.0054) loss_evidence-0.0000(0.0003) loss_query_diversity-0.0044(0.0044) loss_position-0.0000(0.0000) total_loss-0.6661(0.5745) 
[2026-09-20 15:33:17,872]-[trainutils.py line:416]:[EST:    2.16m][Process Time:    0.05s]- Epoch: 4 [0700/1330 ( 53%)]	Losses: ce_loss-0.5440(0.5762) loss_tacl-0.0001(0.0001) loss_sacl-0.0000(0.0000) loss_event-0.0055(0.0054) loss_evidence-0.0000(0.0003) loss_query_diversity-0.0044(0.0044) loss_position-0.0000(0.0000) total_loss-0.5440(0.5762) 
[2026-09-20 15:33:38,317]-[trainutils.py line:416]:[EST:    1.81m][Process Time:    0.05s]- Epoch: 4 [0800/1330 ( 60%)]	Losses: ce_loss-0.9369(0.5785) loss_tacl-0.0001(0.0001) loss_sacl-0.0000(0.0000) loss_event-0.0049(0.0054) loss_evidence-0.0000(0.0003) loss_query_diversity-0.0044(0.0044) loss_position-0.0000(0.0000) total_loss-0.9369(0.5785) 
[2026-09-20 15:33:58,710]-[trainutils.py line:416]:[EST:    1.47m][Process Time:    0.05s]- Epoch: 4 [0900/1330 ( 68%)]	Losses: ce_loss-0.5951(0.5802) loss_tacl-0.0001(0.0001) loss_sacl-0.0000(0.0000) loss_event-0.0043(0.0053) loss_evidence-0.0023(0.0003) loss_query_diversity-0.0043(0.0044) loss_position-0.0000(0.0000) total_loss-0.5951(0.5802) 
[2026-09-20 15:34:19,000]-[trainutils.py line:416]:[EST:    1.12m][Process Time:    0.05s]- Epoch: 4 [1000/1330 ( 75%)]	Losses: ce_loss-0.4732(0.5827) loss_tacl-0.0001(0.0001) loss_sacl-0.0000(0.0000) loss_event-0.0055(0.0053) loss_evidence-0.0000(0.0003) loss_query_diversity-0.0043(0.0044) loss_position-0.0000(0.0000) total_loss-0.4732(0.5827) 
[2026-09-20 15:34:39,349]-[trainutils.py line:416]:[EST:    0.78m][Process Time:    0.05s]- Epoch: 4 [1100/1330 ( 83%)]	Losses: ce_loss-0.5120(0.5838) loss_tacl-0.0001(0.0001) loss_sacl-0.0000(0.0000) loss_event-0.0046(0.0053) loss_evidence-0.0005(0.0003) loss_query_diversity-0.0044(0.0044) loss_position-0.0000(0.0000) total_loss-0.5120(0.5838) 
[2026-09-20 15:34:59,704]-[trainutils.py line:416]:[EST:    0.44m][Process Time:    0.05s]- Epoch: 4 [1200/1330 ( 90%)]	Losses: ce_loss-0.6070(0.5828) loss_tacl-0.0001(0.0001) loss_sacl-0.0000(0.0000) loss_event-0.0053(0.0053) loss_evidence-0.0000(0.0003) loss_query_diversity-0.0044(0.0044) loss_position-0.0000(0.0000) total_loss-0.6070(0.5828) 
[2026-09-20 15:35:19,926]-[trainutils.py line:416]:[EST:    0.10m][Process Time:    0.05s]- Epoch: 4 [1300/1330 ( 98%)]	Losses: ce_loss-0.6645(0.5830) loss_tacl-0.0001(0.0001) loss_sacl-0.0000(0.0000) loss_event-0.0060(0.0053) loss_evidence-0.0006(0.0003) loss_query_diversity-0.0044(0.0044) loss_position-0.0000(0.0000) total_loss-0.6645(0.5830) 
[2026-09-20 15:35:25,922]-[trainutils.py line:416]:[EST:   -0.00m][Process Time:    0.05s]- Epoch: 4 [1330/1330 (100%)]	Losses: ce_loss-1.2204(0.5836) loss_tacl-0.0001(0.0001) loss_sacl-0.0000(0.0000) loss_event-0.0032(0.0053) loss_evidence-0.0000(0.0003) loss_query_diversity-0.0044(0.0044) loss_position-0.0000(0.0000) total_loss-1.2204(0.5836) 
[2026-09-20 15:35:26,551]-[train.py line:106]:
-------------- validation epoch 4 -------------- 
[2026-09-20 15:35:26,884]-[trainutils.py line:461]:Test progress:   0/95 
[2026-09-20 15:35:57,441]-[trainutils.py line:461]:Test progress:  95/95 
[2026-09-20 15:35:57,442]-[trainutils.py line:492]:Epoch 4 -           Audio/Counting accuracy: 85.91(439/511) 
[2026-09-20 15:35:57,442]-[trainutils.py line:492]:Epoch 4 -        Audio/Comparative accuracy: 57.97(171/295) 
[2026-09-20 15:35:57,442]-[trainutils.py line:497]:Epoch 4 -                    Audio accuracy: 75.68(610/806) 
[2026-09-20 15:35:57,442]-[trainutils.py line:492]:Epoch 4 -          Visual/Counting accuracy: 79.83(479/600) 
[2026-09-20 15:35:57,443]-[trainutils.py line:492]:Epoch 4 -          Visual/Location accuracy: 85.81(526/613) 
[2026-09-20 15:35:57,443]-[trainutils.py line:497]:Epoch 4 -                   Visual accuracy: 82.85(1005/1213) 
[2026-09-20 15:35:57,443]-[trainutils.py line:492]:Epoch 4 - Audio-Visual/Existential accuracy: 82.83(410/495) 
[2026-09-20 15:35:57,443]-[trainutils.py line:492]:Epoch 4 -    Audio-Visual/Counting accuracy: 74.41(471/633) 
[2026-09-20 15:35:57,443]-[trainutils.py line:492]:Epoch 4 -    Audio-Visual/Location accuracy: 67.46(311/461) 
[2026-09-20 15:35:57,444]-[trainutils.py line:492]:Epoch 4 - Audio-Visual/Comparative accuracy: 60.47(332/549) 
[2026-09-20 15:35:57,444]-[trainutils.py line:492]:Epoch 4 -    Audio-Visual/Temporal accuracy: 73.48(302/411) 
[2026-09-20 15:35:57,444]-[trainutils.py line:497]:Epoch 4 -             Audio-Visual accuracy: 71.64(1826/2549) 
[2026-09-20 15:35:57,444]-[trainutils.py line:501]:Epoch 4 -                    Total accuracy: 75.33(3441/4568) 
[2026-09-20 15:35:57,788]-[trainutils.py line:461]:Test progress:   0/95 
[2026-09-20 15:36:27,972]-[trainutils.py line:461]:Test progress:  95/95 
[2026-09-20 15:36:27,973]-[trainutils.py line:492]:Epoch 4 -           Audio/Counting accuracy: 82.19(420/511) 
[2026-09-20 15:36:27,973]-[trainutils.py line:492]:Epoch 4 -        Audio/Comparative accuracy: 62.03(183/295) 
[2026-09-20 15:36:27,973]-[trainutils.py line:497]:Epoch 4 -                    Audio accuracy: 74.81(603/806) 
[2026-09-20 15:36:27,973]-[trainutils.py line:492]:Epoch 4 -          Visual/Counting accuracy: 76.33(458/600) 
[2026-09-20 15:36:27,973]-[trainutils.py line:492]:Epoch 4 -          Visual/Location accuracy: 85.64(525/613) 
[2026-09-20 15:36:27,973]-[trainutils.py line:497]:Epoch 4 -                   Visual accuracy: 81.04(983/1213) 
[2026-09-20 15:36:27,974]-[trainutils.py line:492]:Epoch 4 - Audio-Visual/Existential accuracy: 83.84(415/495) 
[2026-09-20 15:36:27,974]-[trainutils.py line:492]:Epoch 4 -    Audio-Visual/Counting accuracy: 73.46(465/633) 
[2026-09-20 15:36:27,974]-[trainutils.py line:492]:Epoch 4 -    Audio-Visual/Location accuracy: 66.16(305/461) 
[2026-09-20 15:36:27,974]-[trainutils.py line:492]:Epoch 4 - Audio-Visual/Comparative accuracy: 60.84(334/549) 
[2026-09-20 15:36:27,974]-[trainutils.py line:492]:Epoch 4 -    Audio-Visual/Temporal accuracy: 73.24(301/411) 
[2026-09-20 15:36:27,974]-[trainutils.py line:497]:Epoch 4 -             Audio-Visual accuracy: 71.40(1820/2549) 
[2026-09-20 15:36:27,975]-[trainutils.py line:501]:Epoch 4 -                    Total accuracy: 74.56(3406/4568) 
[2026-09-20 15:36:28,002]-[train.py line:151]:best model saved at epoch 4 with acc 75.32837127845883 (raw) 
[2026-09-20 15:36:28,042]-[train.py line:167]:Epoch 4 done with 75.33 and loss 0.58984. 
[2026-09-20 15:36:28,043]-[train.py line:168]:At epoch4 best acc: 75.33. 
[2026-09-20 15:36:28,043]-[train.py line:102]:
-------------- training epoch 5 -------------- 
[2026-09-20 15:36:28,251]-[trainutils.py line:416]:[EST:    4.59m][Process Time:    0.05s]- Epoch: 5 [0000/1330 (  0%)]	Losses: ce_loss-0.3591(0.3591) loss_tacl-0.0001(0.0001) loss_sacl-0.0000(0.0000) loss_event-0.0062(0.0062) loss_evidence-0.0000(0.0000) loss_query_diversity-0.0043(0.0043) loss_position-0.0000(0.0000) total_loss-0.3591(0.3591) 
[2026-09-20 15:36:48,792]-[trainutils.py line:416]:[EST:    4.21m][Process Time:    0.05s]- Epoch: 5 [0100/1330 (  8%)]	Losses: ce_loss-0.4732(0.5142) loss_tacl-0.0001(0.0001) loss_sacl-0.0000(0.0000) loss_event-0.0055(0.0050) loss_evidence-0.0005(0.0001) loss_query_diversity-0.0043(0.0043) loss_position-0.0000(0.0000) total_loss-0.4732(0.5142) 
[2026-09-20 15:37:09,068]-[trainutils.py line:416]:[EST:    3.84m][Process Time:    0.05s]- Epoch: 5 [0200/1330 ( 15%)]	Losses: ce_loss-0.4983(0.5261) loss_tacl-0.0001(0.0001) loss_sacl-0.0000(0.0000) loss_event-0.0060(0.0051) loss_evidence-0.0000(0.0002) loss_query_diversity-0.0044(0.0043) loss_position-0.0000(0.0000) total_loss-0.4983(0.5261) 
[2026-09-20 15:37:29,601]-[trainutils.py line:416]:[EST:    3.51m][Process Time:    0.05s]- Epoch: 5 [0300/1330 ( 23%)]	Losses: ce_loss-0.5325(0.5249) loss_tacl-0.0001(0.0001) loss_sacl-0.0000(0.0000) loss_event-0.0052(0.0051) loss_evidence-0.0000(0.0002) loss_query_diversity-0.0044(0.0043) loss_position-0.0000(0.0000) total_loss-0.5325(0.5249) 
[2026-09-20 15:37:50,010]-[trainutils.py line:416]:[EST:    3.16m][Process Time:    0.05s]- Epoch: 5 [0400/1330 ( 30%)]	Losses: ce_loss-0.7893(0.5196) loss_tacl-0.0001(0.0001) loss_sacl-0.0000(0.0000) loss_event-0.0047(0.0052) loss_evidence-0.0000(0.0002) loss_query_diversity-0.0043(0.0043) loss_position-0.0000(0.0000) total_loss-0.7893(0.5196) 
[2026-09-20 15:38:10,370]-[trainutils.py line:416]:[EST:    2.82m][Process Time:    0.05s]- Epoch: 5 [0500/1330 ( 38%)]	Losses: ce_loss-0.7682(0.5214) loss_tacl-0.0001(0.0001) loss_sacl-0.0000(0.0000) loss_event-0.0045(0.0052) loss_evidence-0.0000(0.0002) loss_query_diversity-0.0043(0.0043) loss_position-0.0000(0.0000) total_loss-0.7682(0.5214) 
[2026-09-20 15:38:30,874]-[trainutils.py line:416]:[EST:    2.48m][Process Time:    0.05s]- Epoch: 5 [0600/1330 ( 45%)]	Losses: ce_loss-0.7010(0.5210) loss_tacl-0.0001(0.0001) loss_sacl-0.0000(0.0000) loss_event-0.0060(0.0052) loss_evidence-0.0000(0.0002) loss_query_diversity-0.0044(0.0043) loss_position-0.0000(0.0000) total_loss-0.7010(0.5210) 
[2026-09-20 15:38:51,170]-[trainutils.py line:416]:[EST:    2.14m][Process Time:    0.05s]- Epoch: 5 [0700/1330 ( 53%)]	Losses: ce_loss-0.6047(0.5213) loss_tacl-0.0001(0.0001) loss_sacl-0.0000(0.0000) loss_event-0.0062(0.0053) loss_evidence-0.0000(0.0002) loss_query_diversity-0.0043(0.0043) loss_position-0.0000(0.0000) total_loss-0.6047(0.5213) 
[2026-09-20 15:39:11,413]-[trainutils.py line:416]:[EST:    1.80m][Process Time:    0.05s]- Epoch: 5 [0800/1330 ( 60%)]	Losses: ce_loss-0.7193(0.5193) loss_tacl-0.0001(0.0001) loss_sacl-0.0000(0.0000) loss_event-0.0044(0.0053) loss_evidence-0.0008(0.0002) loss_query_diversity-0.0044(0.0043) loss_position-0.0000(0.0000) total_loss-0.7193(0.5193) 
[2026-09-20 15:39:31,661]-[trainutils.py line:416]:[EST:    1.46m][Process Time:    0.05s]- Epoch: 5 [0900/1330 ( 68%)]	Losses: ce_loss-0.4515(0.5199) loss_tacl-0.0001(0.0001) loss_sacl-0.0000(0.0000) loss_event-0.0066(0.0053) loss_evidence-0.0000(0.0002) loss_query_diversity-0.0044(0.0043) loss_position-0.0000(0.0000) total_loss-0.4515(0.5199) 
[2026-09-20 15:39:51,832]-[trainutils.py line:416]:[EST:    1.12m][Process Time:    0.05s]- Epoch: 5 [1000/1330 ( 75%)]	Losses: ce_loss-0.7911(0.5217) loss_tacl-0.0001(0.0001) loss_sacl-0.0000(0.0000) loss_event-0.0059(0.0054) loss_evidence-0.0000(0.0002) loss_query_diversity-0.0043(0.0043) loss_position-0.0000(0.0000) total_loss-0.7911(0.5217) 
[2026-09-20 15:40:12,121]-[trainutils.py line:416]:[EST:    0.78m][Process Time:    0.05s]- Epoch: 5 [1100/1330 ( 83%)]	Losses: ce_loss-0.6233(0.5210) loss_tacl-0.0001(0.0001) loss_sacl-0.0000(0.0000) loss_event-0.0045(0.0054) loss_evidence-0.0000(0.0002) loss_query_diversity-0.0044(0.0043) loss_position-0.0000(0.0000) total_loss-0.6233(0.5210) 
[2026-09-20 15:40:32,469]-[trainutils.py line:416]:[EST:    0.44m][Process Time:    0.05s]- Epoch: 5 [1200/1330 ( 90%)]	Losses: ce_loss-0.2930(0.5223) loss_tacl-0.0001(0.0001) loss_sacl-0.0000(0.0000) loss_event-0.0063(0.0054) loss_evidence-0.0000(0.0002) loss_query_diversity-0.0044(0.0043) loss_position-0.0000(0.0000) total_loss-0.2930(0.5223) 
[2026-09-20 15:40:52,795]-[trainutils.py line:416]:[EST:    0.10m][Process Time:    0.06s]- Epoch: 5 [1300/1330 ( 98%)]	Losses: ce_loss-0.5201(0.5236) loss_tacl-0.0001(0.0001) loss_sacl-0.0000(0.0000) loss_event-0.0063(0.0054) loss_evidence-0.0000(0.0002) loss_query_diversity-0.0044(0.0043) loss_position-0.0000(0.0000) total_loss-0.5201(0.5236) 
[2026-09-20 15:40:58,739]-[trainutils.py line:416]:[EST:   -0.00m][Process Time:    0.05s]- Epoch: 5 [1330/1330 (100%)]	Losses: ce_loss-0.5477(0.5238) loss_tacl-0.0001(0.0001) loss_sacl-0.0000(0.0000) loss_event-0.0054(0.0054) loss_evidence-0.0000(0.0002) loss_query_diversity-0.0044(0.0043) loss_position-0.0000(0.0000) total_loss-0.5477(0.5238) 
[2026-09-20 15:40:59,333]-[train.py line:106]:
-------------- validation epoch 5 -------------- 
[2026-09-20 15:40:59,648]-[trainutils.py line:461]:Test progress:   0/95 
[2026-09-20 15:41:30,033]-[trainutils.py line:461]:Test progress:  95/95 
[2026-09-20 15:41:30,034]-[trainutils.py line:492]:Epoch 5 -           Audio/Counting accuracy: 85.52(437/511) 
[2026-09-20 15:41:30,034]-[trainutils.py line:492]:Epoch 5 -        Audio/Comparative accuracy: 61.69(182/295) 
[2026-09-20 15:41:30,034]-[trainutils.py line:497]:Epoch 5 -                    Audio accuracy: 76.80(619/806) 
[2026-09-20 15:41:30,034]-[trainutils.py line:492]:Epoch 5 -          Visual/Counting accuracy: 81.17(487/600) 
[2026-09-20 15:41:30,034]-[trainutils.py line:492]:Epoch 5 -          Visual/Location accuracy: 86.95(533/613) 
[2026-09-20 15:41:30,034]-[trainutils.py line:497]:Epoch 5 -                   Visual accuracy: 84.09(1020/1213) 
[2026-09-20 15:41:30,034]-[trainutils.py line:492]:Epoch 5 - Audio-Visual/Existential accuracy: 82.63(409/495) 
[2026-09-20 15:41:30,035]-[trainutils.py line:492]:Epoch 5 -    Audio-Visual/Counting accuracy: 77.09(488/633) 
[2026-09-20 15:41:30,035]-[trainutils.py line:492]:Epoch 5 -    Audio-Visual/Location accuracy: 69.85(322/461) 
[2026-09-20 15:41:30,036]-[trainutils.py line:492]:Epoch 5 - Audio-Visual/Comparative accuracy: 62.11(341/549) 
[2026-09-20 15:41:30,036]-[trainutils.py line:492]:Epoch 5 -    Audio-Visual/Temporal accuracy: 71.05(292/411) 
[2026-09-20 15:41:30,037]-[trainutils.py line:497]:Epoch 5 -             Audio-Visual accuracy: 72.66(1852/2549) 
[2026-09-20 15:41:30,037]-[trainutils.py line:501]:Epoch 5 -                    Total accuracy: 76.42(3491/4568) 
[2026-09-20 15:41:30,380]-[trainutils.py line:461]:Test progress:   0/95 
[2026-09-20 15:42:01,321]-[trainutils.py line:461]:Test progress:  95/95 
[2026-09-20 15:42:01,322]-[trainutils.py line:492]:Epoch 5 -           Audio/Counting accuracy: 85.52(437/511) 
[2026-09-20 15:42:01,322]-[trainutils.py line:492]:Epoch 5 -        Audio/Comparative accuracy: 60.68(179/295) 
[2026-09-20 15:42:01,322]-[trainutils.py line:497]:Epoch 5 -                    Audio accuracy: 76.43(616/806) 
[2026-09-20 15:42:01,322]-[trainutils.py line:492]:Epoch 5 -          Visual/Counting accuracy: 79.00(474/600) 
[2026-09-20 15:42:01,323]-[trainutils.py line:492]:Epoch 5 -          Visual/Location accuracy: 87.93(539/613) 
[2026-09-20 15:42:01,323]-[trainutils.py line:497]:Epoch 5 -                   Visual accuracy: 83.51(1013/1213) 
[2026-09-20 15:42:01,323]-[trainutils.py line:492]:Epoch 5 - Audio-Visual/Existential accuracy: 83.64(414/495) 
[2026-09-20 15:42:01,323]-[trainutils.py line:492]:Epoch 5 -    Audio-Visual/Counting accuracy: 76.30(483/633) 
[2026-09-20 15:42:01,323]-[trainutils.py line:492]:Epoch 5 -    Audio-Visual/Location accuracy: 67.25(310/461) 
[2026-09-20 15:42:01,324]-[trainutils.py line:492]:Epoch 5 - Audio-Visual/Comparative accuracy: 60.29(331/549) 
[2026-09-20 15:42:01,324]-[trainutils.py line:492]:Epoch 5 -    Audio-Visual/Temporal accuracy: 73.48(302/411) 
[2026-09-20 15:42:01,324]-[trainutils.py line:497]:Epoch 5 -             Audio-Visual accuracy: 72.19(1840/2549) 
[2026-09-20 15:42:01,324]-[trainutils.py line:501]:Epoch 5 -                    Total accuracy: 75.94(3469/4568) 
[2026-09-20 15:42:01,356]-[train.py line:151]:best model saved at epoch 5 with acc 76.42294220665498 (raw) 
[2026-09-20 15:42:01,401]-[train.py line:167]:Epoch 5 done with 76.42 and loss 0.58203. 
[2026-09-20 15:42:01,402]-[train.py line:168]:At epoch5 best acc: 76.42. 
[2026-09-20 15:42:01,402]-[train.py line:102]:
-------------- training epoch 6 -------------- 
[2026-09-20 15:42:01,604]-[trainutils.py line:416]:[EST:    4.45m][Process Time:    0.05s]- Epoch: 6 [0000/1330 (  0%)]	Losses: ce_loss-0.5299(0.5299) loss_tacl-0.0001(0.0001) loss_sacl-0.0000(0.0000) loss_event-0.0052(0.0052) loss_evidence-0.0000(0.0000) loss_query_diversity-0.0044(0.0044) loss_position-0.0000(0.0000) total_loss-0.5299(0.5299) 
[2026-09-20 15:42:21,884]-[trainutils.py line:416]:[EST:    4.15m][Process Time:    0.05s]- Epoch: 6 [0100/1330 (  8%)]	Losses: ce_loss-0.5520(0.4486) loss_tacl-0.0001(0.0001) loss_sacl-0.0000(0.0000) loss_event-0.0061(0.0055) loss_evidence-0.0000(0.0002) loss_query_diversity-0.0043(0.0044) loss_position-0.0000(0.0000) total_loss-0.5520(0.4486) 
[2026-09-20 15:42:42,235]-[trainutils.py line:416]:[EST:    3.82m][Process Time:    0.05s]- Epoch: 6 [0200/1330 ( 15%)]	Losses: ce_loss-0.6255(0.4593) loss_tacl-0.0001(0.0001) loss_sacl-0.0000(0.0000) loss_event-0.0057(0.0056) loss_evidence-0.0000(0.0002) loss_query_diversity-0.0044(0.0044) loss_position-0.0000(0.0000) total_loss-0.6255(0.4593) 
[2026-09-20 15:43:02,443]-[trainutils.py line:416]:[EST:    3.48m][Process Time:    0.04s]- Epoch: 6 [0300/1330 ( 23%)]	Losses: ce_loss-0.7802(0.4604) loss_tacl-0.0001(0.0001) loss_sacl-0.0000(0.0000) loss_event-0.0050(0.0057) loss_evidence-0.0019(0.0002) loss_query_diversity-0.0043(0.0044) loss_position-0.0000(0.0000) total_loss-0.7802(0.4604) 
[2026-09-20 15:43:22,643]-[trainutils.py line:416]:[EST:    3.14m][Process Time:    0.05s]- Epoch: 6 [0400/1330 ( 30%)]	Losses: ce_loss-0.2703(0.4622) loss_tacl-0.0001(0.0001) loss_sacl-0.0000(0.0000) loss_event-0.0061(0.0058) loss_evidence-0.0000(0.0002) loss_query_diversity-0.0044(0.0043) loss_position-0.0000(0.0000) total_loss-0.2703(0.4622) 
[2026-09-20 15:43:43,002]-[trainutils.py line:416]:[EST:    2.80m][Process Time:    0.05s]- Epoch: 6 [0500/1330 ( 38%)]	Losses: ce_loss-0.4757(0.4614) loss_tacl-0.0001(0.0001) loss_sacl-0.0000(0.0000) loss_event-0.0044(0.0058) loss_evidence-0.0000(0.0002) loss_query_diversity-0.0044(0.0043) loss_position-0.0000(0.0000) total_loss-0.4757(0.4614) 
[2026-09-20 15:44:03,350]-[trainutils.py line:416]:[EST:    2.47m][Process Time:    0.05s]- Epoch: 6 [0600/1330 ( 45%)]	Losses: ce_loss-0.3960(0.4652) loss_tacl-0.0001(0.0001) loss_sacl-0.0000(0.0000) loss_event-0.0073(0.0058) loss_evidence-0.0006(0.0002) loss_query_diversity-0.0043(0.0043) loss_position-0.0000(0.0000) total_loss-0.3960(0.4652) 
[2026-09-20 15:44:23,706]-[trainutils.py line:416]:[EST:    2.13m][Process Time:    0.05s]- Epoch: 6 [0700/1330 ( 53%)]	Losses: ce_loss-0.7432(0.4642) loss_tacl-0.0001(0.0001) loss_sacl-0.0000(0.0000) loss_event-0.0072(0.0058) loss_evidence-0.0000(0.0002) loss_query_diversity-0.0043(0.0043) loss_position-0.0000(0.0000) total_loss-0.7432(0.4642) 
[2026-09-20 15:44:43,930]-[trainutils.py line:416]:[EST:    1.79m][Process Time:    0.05s]- Epoch: 6 [0800/1330 ( 60%)]	Losses: ce_loss-0.6133(0.4685) loss_tacl-0.0001(0.0001) loss_sacl-0.0000(0.0000) loss_event-0.0057(0.0059) loss_evidence-0.0000(0.0002) loss_query_diversity-0.0043(0.0043) loss_position-0.0000(0.0000) total_loss-0.6133(0.4685) 
[2026-09-20 15:45:04,232]-[trainutils.py line:416]:[EST:    1.45m][Process Time:    0.05s]- Epoch: 6 [0900/1330 ( 68%)]	Losses: ce_loss-0.4914(0.4676) loss_tacl-0.0001(0.0001) loss_sacl-0.0000(0.0000) loss_event-0.0060(0.0059) loss_evidence-0.0000(0.0002) loss_query_diversity-0.0043(0.0043) loss_position-0.0000(0.0000) total_loss-0.4914(0.4676) 
[2026-09-20 15:45:24,507]-[trainutils.py line:416]:[EST:    1.11m][Process Time:    0.04s]- Epoch: 6 [1000/1330 ( 75%)]	Losses: ce_loss-0.3399(0.4685) loss_tacl-0.0001(0.0001) loss_sacl-0.0000(0.0000) loss_event-0.0047(0.0059) loss_evidence-0.0000(0.0002) loss_query_diversity-0.0044(0.0043) loss_position-0.0000(0.0000) total_loss-0.3399(0.4685) 
[2026-09-20 15:45:44,886]-[trainutils.py line:416]:[EST:    0.77m][Process Time:    0.05s]- Epoch: 6 [1100/1330 ( 83%)]	Losses: ce_loss-0.4921(0.4699) loss_tacl-0.0001(0.0001) loss_sacl-0.0000(0.0000) loss_event-0.0064(0.0059) loss_evidence-0.0000(0.0002) loss_query_diversity-0.0043(0.0043) loss_position-0.0000(0.0000) total_loss-0.4921(0.4699) 
[2026-09-20 15:46:05,110]-[trainutils.py line:416]:[EST:    0.44m][Process Time:    0.06s]- Epoch: 6 [1200/1330 ( 90%)]	Losses: ce_loss-0.4262(0.4708) loss_tacl-0.0001(0.0001) loss_sacl-0.0000(0.0000) loss_event-0.0054(0.0059) loss_evidence-0.0000(0.0002) loss_query_diversity-0.0044(0.0043) loss_position-0.0000(0.0000) total_loss-0.4262(0.4708) 
[2026-09-20 15:46:25,349]-[trainutils.py line:416]:[EST:    0.10m][Process Time:    0.05s]- Epoch: 6 [1300/1330 ( 98%)]	Losses: ce_loss-0.7750(0.4701) loss_tacl-0.0001(0.0001) loss_sacl-0.0000(0.0000) loss_event-0.0063(0.0059) loss_evidence-0.0000(0.0002) loss_query_diversity-0.0044(0.0043) loss_position-0.0000(0.0000) total_loss-0.7750(0.4701) 
[2026-09-20 15:46:31,334]-[trainutils.py line:416]:[EST:   -0.00m][Process Time:    0.05s]- Epoch: 6 [1330/1330 (100%)]	Losses: ce_loss-0.5609(0.4711) loss_tacl-0.0001(0.0001) loss_sacl-0.0000(0.0000) loss_event-0.0048(0.0059) loss_evidence-0.0000(0.0002) loss_query_diversity-0.0043(0.0043) loss_position-0.0000(0.0000) total_loss-0.5609(0.4711) 
[2026-09-20 15:46:31,928]-[train.py line:106]:
-------------- validation epoch 6 -------------- 
[2026-09-20 15:46:32,241]-[trainutils.py line:461]:Test progress:   0/95 
[2026-09-20 15:47:02,543]-[trainutils.py line:461]:Test progress:  95/95 
[2026-09-20 15:47:02,543]-[trainutils.py line:492]:Epoch 6 -           Audio/Counting accuracy: 85.52(437/511) 
[2026-09-20 15:47:02,543]-[trainutils.py line:492]:Epoch 6 -        Audio/Comparative accuracy: 60.00(177/295) 
[2026-09-20 15:47:02,543]-[trainutils.py line:497]:Epoch 6 -                    Audio accuracy: 76.18(614/806) 
[2026-09-20 15:47:02,544]-[trainutils.py line:492]:Epoch 6 -          Visual/Counting accuracy: 81.50(489/600) 
[2026-09-20 15:47:02,544]-[trainutils.py line:492]:Epoch 6 -          Visual/Location accuracy: 87.11(534/613) 
[2026-09-20 15:47:02,544]-[trainutils.py line:497]:Epoch 6 -                   Visual accuracy: 84.34(1023/1213) 
[2026-09-20 15:47:02,544]-[trainutils.py line:492]:Epoch 6 - Audio-Visual/Existential accuracy: 83.84(415/495) 
[2026-09-20 15:47:02,544]-[trainutils.py line:492]:Epoch 6 -    Audio-Visual/Counting accuracy: 76.15(482/633) 
[2026-09-20 15:47:02,544]-[trainutils.py line:492]:Epoch 6 -    Audio-Visual/Location accuracy: 66.81(308/461) 
[2026-09-20 15:47:02,545]-[trainutils.py line:492]:Epoch 6 - Audio-Visual/Comparative accuracy: 63.39(348/549) 
[2026-09-20 15:47:02,545]-[trainutils.py line:492]:Epoch 6 -    Audio-Visual/Temporal accuracy: 72.51(298/411) 
[2026-09-20 15:47:02,545]-[trainutils.py line:497]:Epoch 6 -             Audio-Visual accuracy: 72.62(1851/2549) 
[2026-09-20 15:47:02,545]-[trainutils.py line:501]:Epoch 6 -                    Total accuracy: 76.36(3488/4568) 
[2026-09-20 15:47:02,878]-[trainutils.py line:461]:Test progress:   0/95 
[2026-09-20 15:47:33,022]-[trainutils.py line:461]:Test progress:  95/95 
[2026-09-20 15:47:33,023]-[trainutils.py line:492]:Epoch 6 -           Audio/Counting accuracy: 85.91(439/511) 
[2026-09-20 15:47:33,023]-[trainutils.py line:492]:Epoch 6 -        Audio/Comparative accuracy: 61.69(182/295) 
[2026-09-20 15:47:33,023]-[trainutils.py line:497]:Epoch 6 -                    Audio accuracy: 77.05(621/806) 
[2026-09-20 15:47:33,023]-[trainutils.py line:492]:Epoch 6 -          Visual/Counting accuracy: 80.67(484/600) 
[2026-09-20 15:47:33,023]-[trainutils.py line:492]:Epoch 6 -          Visual/Location accuracy: 89.07(546/613) 
[2026-09-20 15:47:33,023]-[trainutils.py line:497]:Epoch 6 -                   Visual accuracy: 84.91(1030/1213) 
[2026-09-20 15:47:33,025]-[trainutils.py line:492]:Epoch 6 - Audio-Visual/Existential accuracy: 83.64(414/495) 
[2026-09-20 15:47:33,025]-[trainutils.py line:492]:Epoch 6 -    Audio-Visual/Counting accuracy: 76.62(485/633) 
[2026-09-20 15:47:33,025]-[trainutils.py line:492]:Epoch 6 -    Audio-Visual/Location accuracy: 68.76(317/461) 
[2026-09-20 15:47:33,025]-[trainutils.py line:492]:Epoch 6 - Audio-Visual/Comparative accuracy: 62.30(342/549) 
[2026-09-20 15:47:33,025]-[trainutils.py line:492]:Epoch 6 -    Audio-Visual/Temporal accuracy: 73.72(303/411) 
[2026-09-20 15:47:33,026]-[trainutils.py line:497]:Epoch 6 -             Audio-Visual accuracy: 73.01(1861/2549) 
[2026-09-20 15:47:33,026]-[trainutils.py line:501]:Epoch 6 -                    Total accuracy: 76.88(3512/4568) 
[2026-09-20 15:47:33,060]-[train.py line:151]:best model saved at epoch 6 with acc 76.88266199649738 (ema) 
[2026-09-20 15:47:33,106]-[train.py line:167]:Epoch 6 done with 76.88 and loss 0.53906. 
[2026-09-20 15:47:33,106]-[train.py line:168]:At epoch6 best acc: 76.88. 
[2026-09-20 15:47:33,106]-[train.py line:102]:
-------------- training epoch 7 -------------- 
[2026-09-20 15:47:33,309]-[trainutils.py line:416]:[EST:    4.45m][Process Time:    0.05s]- Epoch: 7 [0000/1330 (  0%)]	Losses: ce_loss-0.3064(0.3064) loss_tacl-0.0001(0.0001) loss_sacl-0.0000(0.0000) loss_event-0.0069(0.0069) loss_evidence-0.0000(0.0000) loss_query_diversity-0.0043(0.0043) loss_position-0.0000(0.0000) total_loss-0.3064(0.3064) 
[2026-09-20 15:47:53,752]-[trainutils.py line:416]:[EST:    4.19m][Process Time:    0.05s]- Epoch: 7 [0100/1330 (  8%)]	Losses: ce_loss-0.2934(0.4002) loss_tacl-0.0001(0.0001) loss_sacl-0.0000(0.0000) loss_event-0.0064(0.0061) loss_evidence-0.0000(0.0002) loss_query_diversity-0.0043(0.0043) loss_position-0.0000(0.0000) total_loss-0.2934(0.4002) 
[2026-09-20 15:48:14,155]-[trainutils.py line:416]:[EST:    3.84m][Process Time:    0.05s]- Epoch: 7 [0200/1330 ( 15%)]	Losses: ce_loss-0.3982(0.3822) loss_tacl-0.0001(0.0001) loss_sacl-0.0000(0.0000) loss_event-0.0060(0.0060) loss_evidence-0.0000(0.0002) loss_query_diversity-0.0044(0.0043) loss_position-0.0000(0.0000) total_loss-0.3982(0.3822) 
[2026-09-20 15:48:34,538]-[trainutils.py line:416]:[EST:    3.50m][Process Time:    0.05s]- Epoch: 7 [0300/1330 ( 23%)]	Losses: ce_loss-0.5216(0.3975) loss_tacl-0.0001(0.0001) loss_sacl-0.0000(0.0000) loss_event-0.0059(0.0061) loss_evidence-0.0000(0.0001) loss_query_diversity-0.0043(0.0043) loss_position-0.0000(0.0000) total_loss-0.5216(0.3975) 
[2026-09-20 15:48:54,927]-[trainutils.py line:416]:[EST:    3.16m][Process Time:    0.05s]- Epoch: 7 [0400/1330 ( 30%)]	Losses: ce_loss-0.5317(0.4007) loss_tacl-0.0001(0.0001) loss_sacl-0.0000(0.0000) loss_event-0.0062(0.0062) loss_evidence-0.0000(0.0001) loss_query_diversity-0.0043(0.0043) loss_position-0.0000(0.0000) total_loss-0.5317(0.4007) 
[2026-09-20 15:49:15,214]-[trainutils.py line:416]:[EST:    2.82m][Process Time:    0.05s]- Epoch: 7 [0500/1330 ( 38%)]	Losses: ce_loss-0.3211(0.4048) loss_tacl-0.0001(0.0001) loss_sacl-0.0000(0.0000) loss_event-0.0065(0.0062) loss_evidence-0.0000(0.0002) loss_query_diversity-0.0043(0.0043) loss_position-0.0000(0.0000) total_loss-0.3211(0.4048) 
[2026-09-20 15:49:35,459]-[trainutils.py line:416]:[EST:    2.47m][Process Time:    0.05s]- Epoch: 7 [0600/1330 ( 45%)]	Losses: ce_loss-0.5219(0.4089) loss_tacl-0.0001(0.0001) loss_sacl-0.0000(0.0000) loss_event-0.0055(0.0062) loss_evidence-0.0000(0.0002) loss_query_diversity-0.0043(0.0043) loss_position-0.0000(0.0000) total_loss-0.5219(0.4089) 
[2026-09-20 15:49:55,782]-[trainutils.py line:416]:[EST:    2.13m][Process Time:    0.05s]- Epoch: 7 [0700/1330 ( 53%)]	Losses: ce_loss-0.4012(0.4091) loss_tacl-0.0001(0.0001) loss_sacl-0.0000(0.0000) loss_event-0.0062(0.0062) loss_evidence-0.0003(0.0001) loss_query_diversity-0.0043(0.0043) loss_position-0.0000(0.0000) total_loss-0.4012(0.4091) 
[2026-09-20 15:50:16,081]-[trainutils.py line:416]:[EST:    1.79m][Process Time:    0.05s]- Epoch: 7 [0800/1330 ( 60%)]	Losses: ce_loss-0.4831(0.4117) loss_tacl-0.0001(0.0001) loss_sacl-0.0000(0.0000) loss_event-0.0061(0.0062) loss_evidence-0.0000(0.0001) loss_query_diversity-0.0043(0.0043) loss_position-0.0000(0.0000) total_loss-0.4831(0.4117) 
[2026-09-20 15:50:36,316]-[trainutils.py line:416]:[EST:    1.45m][Process Time:    0.05s]- Epoch: 7 [0900/1330 ( 68%)]	Losses: ce_loss-0.4980(0.4124) loss_tacl-0.0001(0.0001) loss_sacl-0.0000(0.0000) loss_event-0.0068(0.0062) loss_evidence-0.0000(0.0002) loss_query_diversity-0.0043(0.0043) loss_position-0.0000(0.0000) total_loss-0.4980(0.4124) 
[2026-09-20 15:50:56,631]-[trainutils.py line:416]:[EST:    1.11m][Process Time:    0.05s]- Epoch: 7 [1000/1330 ( 75%)]	Losses: ce_loss-0.4447(0.4116) loss_tacl-0.0001(0.0001) loss_sacl-0.0000(0.0000) loss_event-0.0071(0.0062) loss_evidence-0.0000(0.0002) loss_query_diversity-0.0043(0.0043) loss_position-0.0000(0.0000) total_loss-0.4447(0.4116) 
[2026-09-20 15:51:16,930]-[trainutils.py line:416]:[EST:    0.78m][Process Time:    0.05s]- Epoch: 7 [1100/1330 ( 83%)]	Losses: ce_loss-0.5267(0.4130) loss_tacl-0.0001(0.0001) loss_sacl-0.0000(0.0000) loss_event-0.0078(0.0062) loss_evidence-0.0010(0.0002) loss_query_diversity-0.0043(0.0043) loss_position-0.0000(0.0000) total_loss-0.5267(0.4130) 
[2026-09-20 15:51:37,252]-[trainutils.py line:416]:[EST:    0.44m][Process Time:    0.05s]- Epoch: 7 [1200/1330 ( 90%)]	Losses: ce_loss-0.4765(0.4167) loss_tacl-0.0001(0.0001) loss_sacl-0.0000(0.0000) loss_event-0.0056(0.0062) loss_evidence-0.0000(0.0002) loss_query_diversity-0.0044(0.0043) loss_position-0.0000(0.0000) total_loss-0.4765(0.4167) 
[2026-09-20 15:51:57,701]-[trainutils.py line:416]:[EST:    0.10m][Process Time:    0.05s]- Epoch: 7 [1300/1330 ( 98%)]	Losses: ce_loss-0.6733(0.4177) loss_tacl-0.0001(0.0001) loss_sacl-0.0000(0.0000) loss_event-0.0059(0.0063) loss_evidence-0.0022(0.0002) loss_query_diversity-0.0044(0.0043) loss_position-0.0000(0.0000) total_loss-0.6733(0.4177) 
[2026-09-20 15:52:03,661]-[trainutils.py line:416]:[EST:   -0.00m][Process Time:    0.05s]- Epoch: 7 [1330/1330 (100%)]	Losses: ce_loss-1.6036(0.4187) loss_tacl-0.0001(0.0001) loss_sacl-0.0000(0.0000) loss_event-0.0076(0.0063) loss_evidence-0.0016(0.0002) loss_query_diversity-0.0042(0.0043) loss_position-0.0000(0.0000) total_loss-1.6036(0.4187) 
[2026-09-20 15:52:04,226]-[train.py line:106]:
-------------- validation epoch 7 -------------- 
[2026-09-20 15:52:04,549]-[trainutils.py line:461]:Test progress:   0/95 
[2026-09-20 15:52:36,460]-[trainutils.py line:461]:Test progress:  95/95 
[2026-09-20 15:52:36,461]-[trainutils.py line:492]:Epoch 7 -           Audio/Counting accuracy: 84.34(431/511) 
[2026-09-20 15:52:36,462]-[trainutils.py line:492]:Epoch 7 -        Audio/Comparative accuracy: 62.71(185/295) 
[2026-09-20 15:52:36,462]-[trainutils.py line:497]:Epoch 7 -                    Audio accuracy: 76.43(616/806) 
[2026-09-20 15:52:36,462]-[trainutils.py line:492]:Epoch 7 -          Visual/Counting accuracy: 82.17(493/600) 
[2026-09-20 15:52:36,462]-[trainutils.py line:492]:Epoch 7 -          Visual/Location accuracy: 87.28(535/613) 
[2026-09-20 15:52:36,462]-[trainutils.py line:497]:Epoch 7 -                   Visual accuracy: 84.75(1028/1213) 
[2026-09-20 15:52:36,462]-[trainutils.py line:492]:Epoch 7 - Audio-Visual/Existential accuracy: 83.64(414/495) 
[2026-09-20 15:52:36,463]-[trainutils.py line:492]:Epoch 7 -    Audio-Visual/Counting accuracy: 75.20(476/633) 
[2026-09-20 15:52:36,463]-[trainutils.py line:492]:Epoch 7 -    Audio-Visual/Location accuracy: 65.08(300/461) 
[2026-09-20 15:52:36,463]-[trainutils.py line:492]:Epoch 7 - Audio-Visual/Comparative accuracy: 63.39(348/549) 
[2026-09-20 15:52:36,463]-[trainutils.py line:492]:Epoch 7 -    Audio-Visual/Temporal accuracy: 72.02(296/411) 
[2026-09-20 15:52:36,463]-[trainutils.py line:497]:Epoch 7 -             Audio-Visual accuracy: 71.95(1834/2549) 
[2026-09-20 15:52:36,464]-[trainutils.py line:501]:Epoch 7 -                    Total accuracy: 76.14(3478/4568) 
[2026-09-20 15:52:36,834]-[trainutils.py line:461]:Test progress:   0/95 
[2026-09-20 15:53:07,482]-[trainutils.py line:461]:Test progress:  95/95 
[2026-09-20 15:53:07,483]-[trainutils.py line:492]:Epoch 7 -           Audio/Counting accuracy: 87.28(446/511) 
[2026-09-20 15:53:07,483]-[trainutils.py line:492]:Epoch 7 -        Audio/Comparative accuracy: 62.03(183/295) 
[2026-09-20 15:53:07,483]-[trainutils.py line:497]:Epoch 7 -                    Audio accuracy: 78.04(629/806) 
[2026-09-20 15:53:07,483]-[trainutils.py line:492]:Epoch 7 -          Visual/Counting accuracy: 82.17(493/600) 
[2026-09-20 15:53:07,483]-[trainutils.py line:492]:Epoch 7 -          Visual/Location accuracy: 89.40(548/613) 
[2026-09-20 15:53:07,483]-[trainutils.py line:497]:Epoch 7 -                   Visual accuracy: 85.82(1041/1213) 
[2026-09-20 15:53:07,484]-[trainutils.py line:492]:Epoch 7 - Audio-Visual/Existential accuracy: 83.64(414/495) 
[2026-09-20 15:53:07,484]-[trainutils.py line:492]:Epoch 7 -    Audio-Visual/Counting accuracy: 78.83(499/633) 
[2026-09-20 15:53:07,484]-[trainutils.py line:492]:Epoch 7 -    Audio-Visual/Location accuracy: 69.41(320/461) 
[2026-09-20 15:53:07,484]-[trainutils.py line:492]:Epoch 7 - Audio-Visual/Comparative accuracy: 63.02(346/549) 
[2026-09-20 15:53:07,484]-[trainutils.py line:492]:Epoch 7 -    Audio-Visual/Temporal accuracy: 72.99(300/411) 
[2026-09-20 15:53:07,484]-[trainutils.py line:497]:Epoch 7 -             Audio-Visual accuracy: 73.72(1879/2549) 
[2026-09-20 15:53:07,485]-[trainutils.py line:501]:Epoch 7 -                    Total accuracy: 77.69(3549/4568) 
[2026-09-20 15:53:07,520]-[train.py line:151]:best model saved at epoch 7 with acc 77.69264448336253 (ema) 
[2026-09-20 15:53:07,568]-[train.py line:167]:Epoch 7 done with 77.69 and loss 0.53125. 
[2026-09-20 15:53:07,569]-[train.py line:168]:At epoch7 best acc: 77.69. 
[2026-09-20 15:53:07,569]-[train.py line:102]:
-------------- training epoch 8 -------------- 
[2026-09-20 15:53:07,776]-[trainutils.py line:416]:[EST:    4.54m][Process Time:    0.05s]- Epoch: 8 [0000/1330 (  0%)]	Losses: ce_loss-0.3842(0.3842) loss_tacl-0.0001(0.0001) loss_sacl-0.0000(0.0000) loss_event-0.0069(0.0069) loss_evidence-0.0000(0.0000) loss_query_diversity-0.0043(0.0043) loss_position-0.0000(0.0000) total_loss-0.3842(0.3842) 
[2026-09-20 15:53:28,242]-[trainutils.py line:416]:[EST:    4.19m][Process Time:    0.05s]- Epoch: 8 [0100/1330 (  8%)]	Losses: ce_loss-0.2254(0.3604) loss_tacl-0.0001(0.0001) loss_sacl-0.0000(0.0000) loss_event-0.0063(0.0065) loss_evidence-0.0000(0.0001) loss_query_diversity-0.0043(0.0043) loss_position-0.0000(0.0000) total_loss-0.2254(0.3604) 
[2026-09-20 15:53:48,733]-[trainutils.py line:416]:[EST:    3.85m][Process Time:    0.05s]- Epoch: 8 [0200/1330 ( 15%)]	Losses: ce_loss-0.4170(0.3535) loss_tacl-0.0001(0.0001) loss_sacl-0.0000(0.0000) loss_event-0.0062(0.0066) loss_evidence-0.0000(0.0001) loss_query_diversity-0.0043(0.0043) loss_position-0.0000(0.0000) total_loss-0.4170(0.3535) 
[2026-09-20 15:54:09,786]-[trainutils.py line:416]:[EST:    3.54m][Process Time:    0.05s]- Epoch: 8 [0300/1330 ( 23%)]	Losses: ce_loss-0.4088(0.3563) loss_tacl-0.0001(0.0001) loss_sacl-0.0000(0.0000) loss_event-0.0052(0.0067) loss_evidence-0.0000(0.0001) loss_query_diversity-0.0043(0.0043) loss_position-0.0000(0.0000) total_loss-0.4088(0.3563) 
[2026-09-20 15:54:31,373]-[trainutils.py line:416]:[EST:    3.24m][Process Time:    0.05s]- Epoch: 8 [0400/1330 ( 30%)]	Losses: ce_loss-0.4488(0.3588) loss_tacl-0.0001(0.0001) loss_sacl-0.0000(0.0000) loss_event-0.0050(0.0067) loss_evidence-0.0000(0.0001) loss_query_diversity-0.0043(0.0043) loss_position-0.0000(0.0000) total_loss-0.4488(0.3588) 
[2026-09-20 15:54:52,597]-[trainutils.py line:416]:[EST:    2.90m][Process Time:    0.06s]- Epoch: 8 [0500/1330 ( 38%)]	Losses: ce_loss-0.3636(0.3627) loss_tacl-0.0001(0.0001) loss_sacl-0.0000(0.0000) loss_event-0.0056(0.0066) loss_evidence-0.0000(0.0001) loss_query_diversity-0.0043(0.0043) loss_position-0.0000(0.0000) total_loss-0.3636(0.3627) 
[2026-09-20 15:55:13,704]-[trainutils.py line:416]:[EST:    2.55m][Process Time:    0.05s]- Epoch: 8 [0600/1330 ( 45%)]	Losses: ce_loss-0.3974(0.3640) loss_tacl-0.0001(0.0001) loss_sacl-0.0000(0.0000) loss_event-0.0061(0.0066) loss_evidence-0.0000(0.0001) loss_query_diversity-0.0043(0.0043) loss_position-0.0000(0.0000) total_loss-0.3974(0.3640) 
[2026-09-20 15:55:34,833]-[trainutils.py line:416]:[EST:    2.20m][Process Time:    0.05s]- Epoch: 8 [0700/1330 ( 53%)]	Losses: ce_loss-0.2123(0.3680) loss_tacl-0.0001(0.0001) loss_sacl-0.0000(0.0000) loss_event-0.0076(0.0066) loss_evidence-0.0000(0.0001) loss_query_diversity-0.0043(0.0043) loss_position-0.0000(0.0000) total_loss-0.2123(0.3680) 
[2026-09-20 15:55:56,224]-[trainutils.py line:416]:[EST:    1.86m][Process Time:    0.05s]- Epoch: 8 [0800/1330 ( 60%)]	Losses: ce_loss-0.7765(0.3676) loss_tacl-0.0001(0.0001) loss_sacl-0.0000(0.0000) loss_event-0.0063(0.0066) loss_evidence-0.0021(0.0001) loss_query_diversity-0.0043(0.0043) loss_position-0.0000(0.0000) total_loss-0.7765(0.3676) 
[2026-09-20 15:56:17,619]-[trainutils.py line:416]:[EST:    1.51m][Process Time:    0.06s]- Epoch: 8 [0900/1330 ( 68%)]	Losses: ce_loss-0.4209(0.3679) loss_tacl-0.0001(0.0001) loss_sacl-0.0000(0.0000) loss_event-0.0056(0.0066) loss_evidence-0.0000(0.0001) loss_query_diversity-0.0043(0.0043) loss_position-0.0000(0.0000) total_loss-0.4209(0.3679) 
[2026-09-20 15:56:38,926]-[trainutils.py line:416]:[EST:    1.16m][Process Time:    0.05s]- Epoch: 8 [1000/1330 ( 75%)]	Losses: ce_loss-0.4469(0.3688) loss_tacl-0.0001(0.0001) loss_sacl-0.0000(0.0000) loss_event-0.0096(0.0066) loss_evidence-0.0000(0.0001) loss_query_diversity-0.0043(0.0043) loss_position-0.0000(0.0000) total_loss-0.4469(0.3688) 
[2026-09-20 15:57:00,263]-[trainutils.py line:416]:[EST:    0.81m][Process Time:    0.05s]- Epoch: 8 [1100/1330 ( 83%)]	Losses: ce_loss-0.3465(0.3708) loss_tacl-0.0001(0.0001) loss_sacl-0.0000(0.0000) loss_event-0.0063(0.0066) loss_evidence-0.0000(0.0001) loss_query_diversity-0.0043(0.0043) loss_position-0.0000(0.0000) total_loss-0.3465(0.3708) 
[2026-09-20 15:57:21,660]-[trainutils.py line:416]:[EST:    0.45m][Process Time:    0.05s]- Epoch: 8 [1200/1330 ( 90%)]	Losses: ce_loss-0.1486(0.3707) loss_tacl-0.0001(0.0001) loss_sacl-0.0000(0.0000) loss_event-0.0075(0.0067) loss_evidence-0.0000(0.0001) loss_query_diversity-0.0044(0.0043) loss_position-0.0000(0.0000) total_loss-0.1486(0.3707) 
[2026-09-20 15:57:43,474]-[trainutils.py line:416]:[EST:    0.10m][Process Time:    0.06s]- Epoch: 8 [1300/1330 ( 98%)]	Losses: ce_loss-0.4454(0.3715) loss_tacl-0.0001(0.0001) loss_sacl-0.0000(0.0000) loss_event-0.0076(0.0067) loss_evidence-0.0000(0.0001) loss_query_diversity-0.0043(0.0043) loss_position-0.0000(0.0000) total_loss-0.4454(0.3715) 
[2026-09-20 15:57:49,949]-[trainutils.py line:416]:[EST:   -0.00m][Process Time:    0.05s]- Epoch: 8 [1330/1330 (100%)]	Losses: ce_loss-0.0285(0.3704) loss_tacl-0.0001(0.0001) loss_sacl-0.0000(0.0000) loss_event-0.0078(0.0067) loss_evidence-0.0000(0.0001) loss_query_diversity-0.0044(0.0043) loss_position-0.0000(0.0000) total_loss-0.0285(0.3704) 
[2026-09-20 15:57:50,545]-[train.py line:106]:
-------------- validation epoch 8 -------------- 
[2026-09-20 15:57:50,873]-[trainutils.py line:461]:Test progress:   0/95 
[2026-09-20 15:58:22,881]-[trainutils.py line:461]:Test progress:  95/95 
[2026-09-20 15:58:22,882]-[trainutils.py line:492]:Epoch 8 -           Audio/Counting accuracy: 87.08(445/511) 
[2026-09-20 15:58:22,882]-[trainutils.py line:492]:Epoch 8 -        Audio/Comparative accuracy: 62.03(183/295) 
[2026-09-20 15:58:22,882]-[trainutils.py line:497]:Epoch 8 -                    Audio accuracy: 77.92(628/806) 
[2026-09-20 15:58:22,883]-[trainutils.py line:492]:Epoch 8 -          Visual/Counting accuracy: 82.50(495/600) 
[2026-09-20 15:58:22,883]-[trainutils.py line:492]:Epoch 8 -          Visual/Location accuracy: 88.42(542/613) 
[2026-09-20 15:58:22,883]-[trainutils.py line:497]:Epoch 8 -                   Visual accuracy: 85.49(1037/1213) 
[2026-09-20 15:58:22,883]-[trainutils.py line:492]:Epoch 8 - Audio-Visual/Existential accuracy: 83.23(412/495) 
[2026-09-20 15:58:22,883]-[trainutils.py line:492]:Epoch 8 -    Audio-Visual/Counting accuracy: 79.62(504/633) 
[2026-09-20 15:58:22,883]-[trainutils.py line:492]:Epoch 8 -    Audio-Visual/Location accuracy: 68.76(317/461) 
[2026-09-20 15:58:22,883]-[trainutils.py line:492]:Epoch 8 - Audio-Visual/Comparative accuracy: 63.57(349/549) 
[2026-09-20 15:58:22,884]-[trainutils.py line:492]:Epoch 8 -    Audio-Visual/Temporal accuracy: 69.83(287/411) 
[2026-09-20 15:58:22,884]-[trainutils.py line:497]:Epoch 8 -             Audio-Visual accuracy: 73.32(1869/2549) 
[2026-09-20 15:58:22,884]-[trainutils.py line:501]:Epoch 8 -                    Total accuracy: 77.36(3534/4568) 
[2026-09-20 15:58:23,237]-[trainutils.py line:461]:Test progress:   0/95 
[2026-09-20 15:58:54,965]-[trainutils.py line:461]:Test progress:  95/95 
[2026-09-20 15:58:54,966]-[trainutils.py line:492]:Epoch 8 -           Audio/Counting accuracy: 86.69(443/511) 
[2026-09-20 15:58:54,966]-[trainutils.py line:492]:Epoch 8 -        Audio/Comparative accuracy: 62.71(185/295) 
[2026-09-20 15:58:54,966]-[trainutils.py line:497]:Epoch 8 -                    Audio accuracy: 77.92(628/806) 
[2026-09-20 15:58:54,966]-[trainutils.py line:492]:Epoch 8 -          Visual/Counting accuracy: 83.33(500/600) 
[2026-09-20 15:58:54,967]-[trainutils.py line:492]:Epoch 8 -          Visual/Location accuracy: 89.72(550/613) 
[2026-09-20 15:58:54,967]-[trainutils.py line:497]:Epoch 8 -                   Visual accuracy: 86.56(1050/1213) 
[2026-09-20 15:58:54,967]-[trainutils.py line:492]:Epoch 8 - Audio-Visual/Existential accuracy: 83.64(414/495) 
[2026-09-20 15:58:54,967]-[trainutils.py line:492]:Epoch 8 -    Audio-Visual/Counting accuracy: 79.46(503/633) 
[2026-09-20 15:58:54,967]-[trainutils.py line:492]:Epoch 8 -    Audio-Visual/Location accuracy: 68.11(314/461) 
[2026-09-20 15:58:54,967]-[trainutils.py line:492]:Epoch 8 - Audio-Visual/Comparative accuracy: 64.30(353/549) 
[2026-09-20 15:58:54,968]-[trainutils.py line:492]:Epoch 8 -    Audio-Visual/Temporal accuracy: 72.99(300/411) 
[2026-09-20 15:58:54,968]-[trainutils.py line:497]:Epoch 8 -             Audio-Visual accuracy: 73.91(1884/2549) 
[2026-09-20 15:58:54,968]-[trainutils.py line:501]:Epoch 8 -                    Total accuracy: 77.98(3562/4568) 
[2026-09-20 15:58:55,005]-[train.py line:151]:best model saved at epoch 8 with acc 77.97723292469352 (ema) 
[2026-09-20 15:58:55,049]-[train.py line:167]:Epoch 8 done with 77.98 and loss 0.53906. 
[2026-09-20 15:58:55,049]-[train.py line:168]:At epoch8 best acc: 77.98. 
[2026-09-20 15:58:55,049]-[train.py line:102]:
-------------- training epoch 9 -------------- 
[2026-09-20 15:58:55,285]-[trainutils.py line:416]:[EST:    5.16m][Process Time:    0.06s]- Epoch: 9 [0000/1330 (  0%)]	Losses: ce_loss-0.7132(0.7132) loss_tacl-0.0001(0.0001) loss_sacl-0.0000(0.0000) loss_event-0.0066(0.0066) loss_evidence-0.0017(0.0017) loss_query_diversity-0.0043(0.0043) loss_position-0.0000(0.0000) total_loss-0.7132(0.7132) 
[2026-09-20 15:59:16,775]-[trainutils.py line:416]:[EST:    4.41m][Process Time:    0.05s]- Epoch: 9 [0100/1330 (  8%)]	Losses: ce_loss-0.3996(0.2949) loss_tacl-0.0001(0.0001) loss_sacl-0.0000(0.0000) loss_event-0.0065(0.0069) loss_evidence-0.0000(0.0001) loss_query_diversity-0.0043(0.0043) loss_position-0.0000(0.0000) total_loss-0.3996(0.2949) 
[2026-09-20 15:59:38,367]-[trainutils.py line:416]:[EST:    4.06m][Process Time:    0.05s]- Epoch: 9 [0200/1330 ( 15%)]	Losses: ce_loss-0.1903(0.3047) loss_tacl-0.0001(0.0001) loss_sacl-0.0000(0.0000) loss_event-0.0067(0.0070) loss_evidence-0.0000(0.0001) loss_query_diversity-0.0044(0.0043) loss_position-0.0000(0.0000) total_loss-0.1903(0.3047) 
[2026-09-20 15:59:59,893]-[trainutils.py line:416]:[EST:    3.69m][Process Time:    0.05s]- Epoch: 9 [0300/1330 ( 23%)]	Losses: ce_loss-0.6408(0.3019) loss_tacl-0.0001(0.0001) loss_sacl-0.0000(0.0000) loss_event-0.0067(0.0070) loss_evidence-0.0000(0.0001) loss_query_diversity-0.0044(0.0043) loss_position-0.0000(0.0000) total_loss-0.6408(0.3019) 
[2026-09-20 16:00:21,358]-[trainutils.py line:416]:[EST:    3.33m][Process Time:    0.05s]- Epoch: 9 [0400/1330 ( 30%)]	Losses: ce_loss-0.3111(0.3049) loss_tacl-0.0001(0.0001) loss_sacl-0.0000(0.0000) loss_event-0.0073(0.0070) loss_evidence-0.0000(0.0001) loss_query_diversity-0.0043(0.0043) loss_position-0.0000(0.0000) total_loss-0.3111(0.3049) 
[2026-09-20 16:00:41,921]-[trainutils.py line:416]:[EST:    2.95m][Process Time:    0.05s]- Epoch: 9 [0500/1330 ( 38%)]	Losses: ce_loss-0.3086(0.3081) loss_tacl-0.0001(0.0001) loss_sacl-0.0000(0.0000) loss_event-0.0068(0.0070) loss_evidence-0.0016(0.0001) loss_query_diversity-0.0043(0.0043) loss_position-0.0000(0.0000) total_loss-0.3086(0.3081) 
[2026-09-20 16:01:02,714]-[trainutils.py line:416]:[EST:    2.58m][Process Time:    0.05s]- Epoch: 9 [0600/1330 ( 45%)]	Losses: ce_loss-0.2533(0.3089) loss_tacl-0.0001(0.0001) loss_sacl-0.0000(0.0000) loss_event-0.0057(0.0070) loss_evidence-0.0000(0.0001) loss_query_diversity-0.0043(0.0043) loss_position-0.0000(0.0000) total_loss-0.2533(0.3089) 
[2026-09-20 16:01:23,634]-[trainutils.py line:416]:[EST:    2.22m][Process Time:    0.05s]- Epoch: 9 [0700/1330 ( 53%)]	Losses: ce_loss-0.5279(0.3104) loss_tacl-0.0001(0.0001) loss_sacl-0.0000(0.0000) loss_event-0.0080(0.0070) loss_evidence-0.0000(0.0001) loss_query_diversity-0.0043(0.0043) loss_position-0.0000(0.0000) total_loss-0.5279(0.3104) 
[2026-09-20 16:01:44,342]-[trainutils.py line:416]:[EST:    1.86m][Process Time:    0.05s]- Epoch: 9 [0800/1330 ( 60%)]	Losses: ce_loss-0.4053(0.3148) loss_tacl-0.0001(0.0001) loss_sacl-0.0000(0.0000) loss_event-0.0062(0.0069) loss_evidence-0.0000(0.0001) loss_query_diversity-0.0043(0.0043) loss_position-0.0000(0.0000) total_loss-0.4053(0.3148) 
[2026-09-20 16:02:05,374]-[trainutils.py line:416]:[EST:    1.51m][Process Time:    0.05s]- Epoch: 9 [0900/1330 ( 68%)]	Losses: ce_loss-0.4863(0.3159) loss_tacl-0.0001(0.0001) loss_sacl-0.0000(0.0000) loss_event-0.0077(0.0069) loss_evidence-0.0014(0.0001) loss_query_diversity-0.0043(0.0043) loss_position-0.0000(0.0000) total_loss-0.4863(0.3159) 
[2026-09-20 16:02:26,357]-[trainutils.py line:416]:[EST:    1.16m][Process Time:    0.05s]- Epoch: 9 [1000/1330 ( 75%)]	Losses: ce_loss-0.2501(0.3189) loss_tacl-0.0001(0.0001) loss_sacl-0.0000(0.0000) loss_event-0.0088(0.0070) loss_evidence-0.0000(0.0001) loss_query_diversity-0.0043(0.0043) loss_position-0.0000(0.0000) total_loss-0.2501(0.3189) 
[2026-09-20 16:02:47,236]-[trainutils.py line:416]:[EST:    0.80m][Process Time:    0.05s]- Epoch: 9 [1100/1330 ( 83%)]	Losses: ce_loss-0.3914(0.3211) loss_tacl-0.0001(0.0001) loss_sacl-0.0000(0.0000) loss_event-0.0064(0.0070) loss_evidence-0.0000(0.0001) loss_query_diversity-0.0043(0.0043) loss_position-0.0000(0.0000) total_loss-0.3914(0.3211) 
[2026-09-20 16:03:08,063]-[trainutils.py line:416]:[EST:    0.45m][Process Time:    0.05s]- Epoch: 9 [1200/1330 ( 90%)]	Losses: ce_loss-0.2695(0.3215) loss_tacl-0.0001(0.0001) loss_sacl-0.0000(0.0000) loss_event-0.0070(0.0070) loss_evidence-0.0001(0.0001) loss_query_diversity-0.0043(0.0043) loss_position-0.0000(0.0000) total_loss-0.2695(0.3215) 
[2026-09-20 16:03:28,987]-[trainutils.py line:416]:[EST:    0.10m][Process Time:    0.04s]- Epoch: 9 [1300/1330 ( 98%)]	Losses: ce_loss-0.2422(0.3215) loss_tacl-0.0001(0.0001) loss_sacl-0.0000(0.0000) loss_event-0.0081(0.0070) loss_evidence-0.0000(0.0001) loss_query_diversity-0.0043(0.0043) loss_position-0.0000(0.0000) total_loss-0.2422(0.3215) 
[2026-09-20 16:03:35,687]-[trainutils.py line:416]:[EST:   -0.00m][Process Time:    0.06s]- Epoch: 9 [1330/1330 (100%)]	Losses: ce_loss-0.1086(0.3222) loss_tacl-0.0001(0.0001) loss_sacl-0.0000(0.0000) loss_event-0.0077(0.0070) loss_evidence-0.0000(0.0001) loss_query_diversity-0.0043(0.0043) loss_position-0.0000(0.0000) total_loss-0.1086(0.3222) 
[2026-09-20 16:03:36,349]-[train.py line:106]:
-------------- validation epoch 9 -------------- 
[2026-09-20 16:03:36,690]-[trainutils.py line:461]:Test progress:   0/95 
[2026-09-20 16:04:08,129]-[trainutils.py line:461]:Test progress:  95/95 
[2026-09-20 16:04:08,129]-[trainutils.py line:492]:Epoch 9 -           Audio/Counting accuracy: 86.89(444/511) 
[2026-09-20 16:04:08,130]-[trainutils.py line:492]:Epoch 9 -        Audio/Comparative accuracy: 62.37(184/295) 
[2026-09-20 16:04:08,130]-[trainutils.py line:497]:Epoch 9 -                    Audio accuracy: 77.92(628/806) 
[2026-09-20 16:04:08,130]-[trainutils.py line:492]:Epoch 9 -          Visual/Counting accuracy: 83.00(498/600) 
[2026-09-20 16:04:08,130]-[trainutils.py line:492]:Epoch 9 -          Visual/Location accuracy: 87.77(538/613) 
[2026-09-20 16:04:08,130]-[trainutils.py line:497]:Epoch 9 -                   Visual accuracy: 85.41(1036/1213) 
[2026-09-20 16:04:08,131]-[trainutils.py line:492]:Epoch 9 - Audio-Visual/Existential accuracy: 82.22(407/495) 
[2026-09-20 16:04:08,131]-[trainutils.py line:492]:Epoch 9 -    Audio-Visual/Counting accuracy: 77.25(489/633) 
[2026-09-20 16:04:08,131]-[trainutils.py line:492]:Epoch 9 -    Audio-Visual/Location accuracy: 68.98(318/461) 
[2026-09-20 16:04:08,132]-[trainutils.py line:492]:Epoch 9 - Audio-Visual/Comparative accuracy: 64.48(354/549) 
[2026-09-20 16:04:08,132]-[trainutils.py line:492]:Epoch 9 -    Audio-Visual/Temporal accuracy: 71.29(293/411) 
[2026-09-20 16:04:08,132]-[trainutils.py line:497]:Epoch 9 -             Audio-Visual accuracy: 73.01(1861/2549) 
[2026-09-20 16:04:08,133]-[trainutils.py line:501]:Epoch 9 -                    Total accuracy: 77.17(3525/4568) 
[2026-09-20 16:04:08,466]-[trainutils.py line:461]:Test progress:   0/95 
[2026-09-20 16:04:38,748]-[trainutils.py line:461]:Test progress:  95/95 
[2026-09-20 16:04:38,748]-[trainutils.py line:492]:Epoch 9 -           Audio/Counting accuracy: 87.08(445/511) 
[2026-09-20 16:04:38,749]-[trainutils.py line:492]:Epoch 9 -        Audio/Comparative accuracy: 62.71(185/295) 
[2026-09-20 16:04:38,749]-[trainutils.py line:497]:Epoch 9 -                    Audio accuracy: 78.16(630/806) 
[2026-09-20 16:04:38,749]-[trainutils.py line:492]:Epoch 9 -          Visual/Counting accuracy: 83.00(498/600) 
[2026-09-20 16:04:38,749]-[trainutils.py line:492]:Epoch 9 -          Visual/Location accuracy: 89.23(547/613) 
[2026-09-20 16:04:38,749]-[trainutils.py line:497]:Epoch 9 -                   Visual accuracy: 86.15(1045/1213) 
[2026-09-20 16:04:38,749]-[trainutils.py line:492]:Epoch 9 - Audio-Visual/Existential accuracy: 83.43(413/495) 
[2026-09-20 16:04:38,750]-[trainutils.py line:492]:Epoch 9 -    Audio-Visual/Counting accuracy: 79.62(504/633) 
[2026-09-20 16:04:38,750]-[trainutils.py line:492]:Epoch 9 -    Audio-Visual/Location accuracy: 68.76(317/461) 
[2026-09-20 16:04:38,750]-[trainutils.py line:492]:Epoch 9 - Audio-Visual/Comparative accuracy: 64.12(352/549) 
[2026-09-20 16:04:38,750]-[trainutils.py line:492]:Epoch 9 -    Audio-Visual/Temporal accuracy: 73.24(301/411) 
[2026-09-20 16:04:38,750]-[trainutils.py line:497]:Epoch 9 -             Audio-Visual accuracy: 74.03(1887/2549) 
[2026-09-20 16:04:38,750]-[trainutils.py line:501]:Epoch 9 -                    Total accuracy: 77.98(3562/4568) 
[2026-09-20 16:04:38,785]-[train.py line:151]:best model saved at epoch 9 with acc 77.97723292469352 (ema) 
[2026-09-20 16:04:38,827]-[train.py line:167]:Epoch 9 done with 77.98 and loss 0.55078. 
[2026-09-20 16:04:38,827]-[train.py line:168]:At epoch9 best acc: 77.98. 
[2026-09-20 16:04:38,827]-[train.py line:102]:
-------------- training epoch 10 -------------- 
[2026-09-20 16:04:39,039]-[trainutils.py line:416]:[EST:    4.63m][Process Time:    0.05s]- Epoch: 10 [0000/1330 (  0%)]	Losses: ce_loss-0.3622(0.3622) loss_tacl-0.0001(0.0001) loss_sacl-0.0000(0.0000) loss_event-0.0068(0.0068) loss_evidence-0.0019(0.0019) loss_query_diversity-0.0043(0.0043) loss_position-0.0000(0.0000) total_loss-0.3622(0.3622) 
[2026-09-20 16:04:59,642]-[trainutils.py line:416]:[EST:    4.22m][Process Time:    0.05s]- Epoch: 10 [0100/1330 (  8%)]	Losses: ce_loss-0.1724(0.2704) loss_tacl-0.0001(0.0001) loss_sacl-0.0000(0.0000) loss_event-0.0067(0.0071) loss_evidence-0.0013(0.0001) loss_query_diversity-0.0043(0.0043) loss_position-0.0000(0.0000) total_loss-0.1724(0.2704) 
[2026-09-20 16:05:20,189]-[trainutils.py line:416]:[EST:    3.87m][Process Time:    0.05s]- Epoch: 10 [0200/1330 ( 15%)]	Losses: ce_loss-0.1835(0.2684) loss_tacl-0.0001(0.0001) loss_sacl-0.0000(0.0000) loss_event-0.0072(0.0073) loss_evidence-0.0000(0.0001) loss_query_diversity-0.0043(0.0043) loss_position-0.0000(0.0000) total_loss-0.1835(0.2684) 
[2026-09-20 16:05:40,843]-[trainutils.py line:416]:[EST:    3.53m][Process Time:    0.05s]- Epoch: 10 [0300/1330 ( 23%)]	Losses: ce_loss-0.1491(0.2684) loss_tacl-0.0001(0.0001) loss_sacl-0.0000(0.0000) loss_event-0.0078(0.0073) loss_evidence-0.0000(0.0001) loss_query_diversity-0.0043(0.0043) loss_position-0.0000(0.0000) total_loss-0.1491(0.2684) 
[2026-09-20 16:06:01,320]-[trainutils.py line:416]:[EST:    3.19m][Process Time:    0.05s]- Epoch: 10 [0400/1330 ( 30%)]	Losses: ce_loss-0.1789(0.2642) loss_tacl-0.0001(0.0001) loss_sacl-0.0000(0.0000) loss_event-0.0067(0.0073) loss_evidence-0.0000(0.0001) loss_query_diversity-0.0043(0.0043) loss_position-0.0000(0.0000) total_loss-0.1789(0.2642) 
[2026-09-20 16:06:21,894]-[trainutils.py line:416]:[EST:    2.84m][Process Time:    0.05s]- Epoch: 10 [0500/1330 ( 38%)]	Losses: ce_loss-0.3505(0.2659) loss_tacl-0.0001(0.0001) loss_sacl-0.0000(0.0000) loss_event-0.0072(0.0073) loss_evidence-0.0000(0.0001) loss_query_diversity-0.0043(0.0043) loss_position-0.0000(0.0000) total_loss-0.3505(0.2659) 
[2026-09-20 16:06:42,428]-[trainutils.py line:416]:[EST:    2.50m][Process Time:    0.05s]- Epoch: 10 [0600/1330 ( 45%)]	Losses: ce_loss-0.1526(0.2676) loss_tacl-0.0001(0.0001) loss_sacl-0.0000(0.0000) loss_event-0.0068(0.0073) loss_evidence-0.0000(0.0001) loss_query_diversity-0.0043(0.0043) loss_position-0.0000(0.0000) total_loss-0.1526(0.2676) 
[2026-09-20 16:07:02,900]-[trainutils.py line:416]:[EST:    2.15m][Process Time:    0.05s]- Epoch: 10 [0700/1330 ( 53%)]	Losses: ce_loss-0.2311(0.2697) loss_tacl-0.0001(0.0001) loss_sacl-0.0000(0.0000) loss_event-0.0078(0.0073) loss_evidence-0.0000(0.0001) loss_query_diversity-0.0043(0.0043) loss_position-0.0000(0.0000) total_loss-0.2311(0.2697) 
[2026-09-20 16:07:23,376]-[trainutils.py line:416]:[EST:    1.81m][Process Time:    0.05s]- Epoch: 10 [0800/1330 ( 60%)]	Losses: ce_loss-0.3521(0.2718) loss_tacl-0.0001(0.0001) loss_sacl-0.0000(0.0000) loss_event-0.0062(0.0073) loss_evidence-0.0000(0.0001) loss_query_diversity-0.0043(0.0043) loss_position-0.0000(0.0000) total_loss-0.3521(0.2718) 
[2026-09-20 16:07:43,899]-[trainutils.py line:416]:[EST:    1.47m][Process Time:    0.05s]- Epoch: 10 [0900/1330 ( 68%)]	Losses: ce_loss-0.1907(0.2735) loss_tacl-0.0001(0.0001) loss_sacl-0.0000(0.0000) loss_event-0.0073(0.0073) loss_evidence-0.0000(0.0001) loss_query_diversity-0.0044(0.0043) loss_position-0.0000(0.0000) total_loss-0.1907(0.2735) 
[2026-09-20 16:08:04,365]-[trainutils.py line:416]:[EST:    1.13m][Process Time:    0.05s]- Epoch: 10 [1000/1330 ( 75%)]	Losses: ce_loss-0.3438(0.2750) loss_tacl-0.0001(0.0001) loss_sacl-0.0000(0.0000) loss_event-0.0085(0.0073) loss_evidence-0.0000(0.0001) loss_query_diversity-0.0043(0.0043) loss_position-0.0000(0.0000) total_loss-0.3438(0.2750) 
[2026-09-20 16:08:24,923]-[trainutils.py line:416]:[EST:    0.78m][Process Time:    0.05s]- Epoch: 10 [1100/1330 ( 83%)]	Losses: ce_loss-0.2690(0.2750) loss_tacl-0.0001(0.0001) loss_sacl-0.0000(0.0000) loss_event-0.0076(0.0073) loss_evidence-0.0000(0.0001) loss_query_diversity-0.0044(0.0043) loss_position-0.0000(0.0000) total_loss-0.2690(0.2750) 
[2026-09-20 16:08:45,395]-[trainutils.py line:416]:[EST:    0.44m][Process Time:    0.05s]- Epoch: 10 [1200/1330 ( 90%)]	Losses: ce_loss-0.2440(0.2760) loss_tacl-0.0001(0.0001) loss_sacl-0.0000(0.0000) loss_event-0.0067(0.0074) loss_evidence-0.0000(0.0001) loss_query_diversity-0.0043(0.0043) loss_position-0.0000(0.0000) total_loss-0.2440(0.2760) 
[2026-09-20 16:09:06,122]-[trainutils.py line:416]:[EST:    0.10m][Process Time:    0.07s]- Epoch: 10 [1300/1330 ( 98%)]	Losses: ce_loss-0.2326(0.2759) loss_tacl-0.0001(0.0001) loss_sacl-0.0000(0.0000) loss_event-0.0069(0.0074) loss_evidence-0.0000(0.0001) loss_query_diversity-0.0043(0.0043) loss_position-0.0000(0.0000) total_loss-0.2326(0.2759) 
[2026-09-20 16:09:12,118]-[trainutils.py line:416]:[EST:   -0.00m][Process Time:    0.05s]- Epoch: 10 [1330/1330 (100%)]	Losses: ce_loss-0.3136(0.2763) loss_tacl-0.0001(0.0001) loss_sacl-0.0000(0.0000) loss_event-0.0077(0.0074) loss_evidence-0.0000(0.0001) loss_query_diversity-0.0044(0.0043) loss_position-0.0000(0.0000) total_loss-0.3136(0.2763) 
[2026-09-20 16:09:12,718]-[train.py line:106]:
-------------- validation epoch 10 -------------- 
[2026-09-20 16:09:13,034]-[trainutils.py line:461]:Test progress:   0/95 
[2026-09-20 16:09:43,658]-[trainutils.py line:461]:Test progress:  95/95 
[2026-09-20 16:09:43,659]-[trainutils.py line:492]:Epoch 10 -           Audio/Counting accuracy: 87.67(448/511) 
[2026-09-20 16:09:43,660]-[trainutils.py line:492]:Epoch 10 -        Audio/Comparative accuracy: 57.29(169/295) 
[2026-09-20 16:09:43,660]-[trainutils.py line:497]:Epoch 10 -                    Audio accuracy: 76.55(617/806) 
[2026-09-20 16:09:43,660]-[trainutils.py line:492]:Epoch 10 -          Visual/Counting accuracy: 82.17(493/600) 
[2026-09-20 16:09:43,660]-[trainutils.py line:492]:Epoch 10 -          Visual/Location accuracy: 89.07(546/613) 
[2026-09-20 16:09:43,660]-[trainutils.py line:497]:Epoch 10 -                   Visual accuracy: 85.66(1039/1213) 
[2026-09-20 16:09:43,660]-[trainutils.py line:492]:Epoch 10 - Audio-Visual/Existential accuracy: 84.24(417/495) 
[2026-09-20 16:09:43,660]-[trainutils.py line:492]:Epoch 10 -    Audio-Visual/Counting accuracy: 76.78(486/633) 
[2026-09-20 16:09:43,661]-[trainutils.py line:492]:Epoch 10 -    Audio-Visual/Location accuracy: 71.15(328/461) 
[2026-09-20 16:09:43,661]-[trainutils.py line:492]:Epoch 10 - Audio-Visual/Comparative accuracy: 64.12(352/549) 
[2026-09-20 16:09:43,661]-[trainutils.py line:492]:Epoch 10 -    Audio-Visual/Temporal accuracy: 71.29(293/411) 
[2026-09-20 16:09:43,661]-[trainutils.py line:497]:Epoch 10 -             Audio-Visual accuracy: 73.60(1876/2549) 
[2026-09-20 16:09:43,661]-[trainutils.py line:501]:Epoch 10 -                    Total accuracy: 77.32(3532/4568) 
[2026-09-20 16:09:44,002]-[trainutils.py line:461]:Test progress:   0/95 
[2026-09-20 16:10:14,244]-[trainutils.py line:461]:Test progress:  95/95 
[2026-09-20 16:10:14,244]-[trainutils.py line:492]:Epoch 10 -           Audio/Counting accuracy: 87.48(447/511) 
[2026-09-20 16:10:14,244]-[trainutils.py line:492]:Epoch 10 -        Audio/Comparative accuracy: 61.36(181/295) 
[2026-09-20 16:10:14,245]-[trainutils.py line:497]:Epoch 10 -                    Audio accuracy: 77.92(628/806) 
[2026-09-20 16:10:14,245]-[trainutils.py line:492]:Epoch 10 -          Visual/Counting accuracy: 83.00(498/600) 
[2026-09-20 16:10:14,245]-[trainutils.py line:492]:Epoch 10 -          Visual/Location accuracy: 89.07(546/613) 
[2026-09-20 16:10:14,245]-[trainutils.py line:497]:Epoch 10 -                   Visual accuracy: 86.07(1044/1213) 
[2026-09-20 16:10:14,245]-[trainutils.py line:492]:Epoch 10 - Audio-Visual/Existential accuracy: 83.64(414/495) 
[2026-09-20 16:10:14,245]-[trainutils.py line:492]:Epoch 10 -    Audio-Visual/Counting accuracy: 78.83(499/633) 
[2026-09-20 16:10:14,245]-[trainutils.py line:492]:Epoch 10 -    Audio-Visual/Location accuracy: 69.63(321/461) 
[2026-09-20 16:10:14,246]-[trainutils.py line:492]:Epoch 10 - Audio-Visual/Comparative accuracy: 64.48(354/549) 
[2026-09-20 16:10:14,246]-[trainutils.py line:492]:Epoch 10 -    Audio-Visual/Temporal accuracy: 72.26(297/411) 
[2026-09-20 16:10:14,246]-[trainutils.py line:497]:Epoch 10 -             Audio-Visual accuracy: 73.95(1885/2549) 
[2026-09-20 16:10:14,246]-[trainutils.py line:501]:Epoch 10 -                    Total accuracy: 77.87(3557/4568) 
[2026-09-20 16:10:14,249]-[train.py line:167]:Epoch 10 done with 77.87 and loss 0.57422. 
[2026-09-20 16:10:14,249]-[train.py line:168]:At epoch9 best acc: 77.98. 
[2026-09-20 16:10:14,249]-[train.py line:102]:
-------------- training epoch 11 -------------- 
[2026-09-20 16:10:14,461]-[trainutils.py line:416]:[EST:    4.64m][Process Time:    0.05s]- Epoch: 11 [0000/1330 (  0%)]	Losses: ce_loss-0.2251(0.2251) loss_tacl-0.0001(0.0001) loss_sacl-0.0000(0.0000) loss_event-0.0085(0.0085) loss_evidence-0.0000(0.0000) loss_query_diversity-0.0044(0.0044) loss_position-0.0000(0.0000) total_loss-0.2251(0.2251) 
[2026-09-20 16:10:35,211]-[trainutils.py line:416]:[EST:    4.25m][Process Time:    0.05s]- Epoch: 11 [0100/1330 (  8%)]	Losses: ce_loss-0.2245(0.2437) loss_tacl-0.0001(0.0001) loss_sacl-0.0000(0.0000) loss_event-0.0073(0.0076) loss_evidence-0.0000(0.0001) loss_query_diversity-0.0044(0.0043) loss_position-0.0000(0.0000) total_loss-0.2245(0.2437) 
[2026-09-20 16:10:56,618]-[trainutils.py line:416]:[EST:    3.97m][Process Time:    0.05s]- Epoch: 11 [0200/1330 ( 15%)]	Losses: ce_loss-0.2694(0.2332) loss_tacl-0.0001(0.0001) loss_sacl-0.0000(0.0000) loss_event-0.0071(0.0076) loss_evidence-0.0000(0.0001) loss_query_diversity-0.0043(0.0043) loss_position-0.0000(0.0000) total_loss-0.2694(0.2332) 
[2026-09-20 16:11:17,389]-[trainutils.py line:416]:[EST:    3.60m][Process Time:    0.05s]- Epoch: 11 [0300/1330 ( 23%)]	Losses: ce_loss-0.1405(0.2375) loss_tacl-0.0001(0.0001) loss_sacl-0.0000(0.0000) loss_event-0.0070(0.0076) loss_evidence-0.0000(0.0001) loss_query_diversity-0.0043(0.0043) loss_position-0.0000(0.0000) total_loss-0.1405(0.2375) 
[2026-09-20 16:11:37,955]-[trainutils.py line:416]:[EST:    3.23m][Process Time:    0.04s]- Epoch: 11 [0400/1330 ( 30%)]	Losses: ce_loss-0.3401(0.2393) loss_tacl-0.0001(0.0001) loss_sacl-0.0000(0.0000) loss_event-0.0076(0.0076) loss_evidence-0.0000(0.0001) loss_query_diversity-0.0044(0.0043) loss_position-0.0000(0.0000) total_loss-0.3401(0.2393) 
[2026-09-20 16:11:58,515]-[trainutils.py line:416]:[EST:    2.88m][Process Time:    0.05s]- Epoch: 11 [0500/1330 ( 38%)]	Losses: ce_loss-0.2791(0.2343) loss_tacl-0.0001(0.0001) loss_sacl-0.0000(0.0000) loss_event-0.0071(0.0076) loss_evidence-0.0000(0.0001) loss_query_diversity-0.0043(0.0043) loss_position-0.0000(0.0000) total_loss-0.2791(0.2343) 
[2026-09-20 16:12:18,938]-[trainutils.py line:416]:[EST:    2.52m][Process Time:    0.05s]- Epoch: 11 [0600/1330 ( 45%)]	Losses: ce_loss-0.2326(0.2351) loss_tacl-0.0001(0.0001) loss_sacl-0.0000(0.0000) loss_event-0.0075(0.0076) loss_evidence-0.0000(0.0001) loss_query_diversity-0.0043(0.0043) loss_position-0.0000(0.0000) total_loss-0.2326(0.2351) 
[2026-09-20 16:12:39,413]-[trainutils.py line:416]:[EST:    2.17m][Process Time:    0.06s]- Epoch: 11 [0700/1330 ( 53%)]	Losses: ce_loss-0.4046(0.2346) loss_tacl-0.0001(0.0001) loss_sacl-0.0000(0.0000) loss_event-0.0065(0.0076) loss_evidence-0.0001(0.0001) loss_query_diversity-0.0044(0.0043) loss_position-0.0000(0.0000) total_loss-0.4046(0.2346) 
[2026-09-20 16:12:59,906]-[trainutils.py line:416]:[EST:    1.82m][Process Time:    0.05s]- Epoch: 11 [0800/1330 ( 60%)]	Losses: ce_loss-0.2884(0.2340) loss_tacl-0.0001(0.0001) loss_sacl-0.0000(0.0000) loss_event-0.0089(0.0076) loss_evidence-0.0000(0.0001) loss_query_diversity-0.0043(0.0043) loss_position-0.0000(0.0000) total_loss-0.2884(0.2340) 
[2026-09-20 16:13:20,345]-[trainutils.py line:416]:[EST:    1.48m][Process Time:    0.05s]- Epoch: 11 [0900/1330 ( 68%)]	Losses: ce_loss-0.1914(0.2342) loss_tacl-0.0001(0.0001) loss_sacl-0.0000(0.0000) loss_event-0.0077(0.0076) loss_evidence-0.0000(0.0001) loss_query_diversity-0.0043(0.0043) loss_position-0.0000(0.0000) total_loss-0.1914(0.2342) 
[2026-09-20 16:13:40,866]-[trainutils.py line:416]:[EST:    1.13m][Process Time:    0.05s]- Epoch: 11 [1000/1330 ( 75%)]	Losses: ce_loss-0.1323(0.2342) loss_tacl-0.0001(0.0001) loss_sacl-0.0000(0.0000) loss_event-0.0070(0.0076) loss_evidence-0.0000(0.0001) loss_query_diversity-0.0043(0.0043) loss_position-0.0000(0.0000) total_loss-0.1323(0.2342) 
[2026-09-20 16:14:01,728]-[trainutils.py line:416]:[EST:    0.79m][Process Time:    0.05s]- Epoch: 11 [1100/1330 ( 83%)]	Losses: ce_loss-0.1366(0.2328) loss_tacl-0.0001(0.0001) loss_sacl-0.0000(0.0000) loss_event-0.0069(0.0076) loss_evidence-0.0000(0.0001) loss_query_diversity-0.0043(0.0043) loss_position-0.0000(0.0000) total_loss-0.1366(0.2328) 
[2026-09-20 16:14:22,685]-[trainutils.py line:416]:[EST:    0.44m][Process Time:    0.05s]- Epoch: 11 [1200/1330 ( 90%)]	Losses: ce_loss-0.2188(0.2325) loss_tacl-0.0001(0.0001) loss_sacl-0.0000(0.0000) loss_event-0.0072(0.0076) loss_evidence-0.0000(0.0001) loss_query_diversity-0.0043(0.0043) loss_position-0.0000(0.0000) total_loss-0.2188(0.2325) 
[2026-09-20 16:14:43,798]-[trainutils.py line:416]:[EST:    0.10m][Process Time:    0.05s]- Epoch: 11 [1300/1330 ( 98%)]	Losses: ce_loss-0.2719(0.2320) loss_tacl-0.0001(0.0001) loss_sacl-0.0000(0.0000) loss_event-0.0065(0.0076) loss_evidence-0.0000(0.0001) loss_query_diversity-0.0043(0.0043) loss_position-0.0000(0.0000) total_loss-0.2719(0.2320) 
[2026-09-20 16:14:50,057]-[trainutils.py line:416]:[EST:   -0.00m][Process Time:    0.05s]- Epoch: 11 [1330/1330 (100%)]	Losses: ce_loss-0.1634(0.2327) loss_tacl-0.0001(0.0001) loss_sacl-0.0000(0.0000) loss_event-0.0081(0.0076) loss_evidence-0.0000(0.0001) loss_query_diversity-0.0044(0.0043) loss_position-0.0000(0.0000) total_loss-0.1634(0.2327) 
[2026-09-20 16:14:50,670]-[train.py line:106]:
-------------- validation epoch 11 -------------- 
[2026-09-20 16:14:50,987]-[trainutils.py line:461]:Test progress:   0/95 
[2026-09-20 16:15:22,636]-[trainutils.py line:461]:Test progress:  95/95 
[2026-09-20 16:15:22,637]-[trainutils.py line:492]:Epoch 11 -           Audio/Counting accuracy: 87.08(445/511) 
[2026-09-20 16:15:22,637]-[trainutils.py line:492]:Epoch 11 -        Audio/Comparative accuracy: 59.32(175/295) 
[2026-09-20 16:15:22,637]-[trainutils.py line:497]:Epoch 11 -                    Audio accuracy: 76.92(620/806) 
[2026-09-20 16:15:22,638]-[trainutils.py line:492]:Epoch 11 -          Visual/Counting accuracy: 82.67(496/600) 
[2026-09-20 16:15:22,638]-[trainutils.py line:492]:Epoch 11 -          Visual/Location accuracy: 89.23(547/613) 
[2026-09-20 16:15:22,638]-[trainutils.py line:497]:Epoch 11 -                   Visual accuracy: 85.99(1043/1213) 
[2026-09-20 16:15:22,638]-[trainutils.py line:492]:Epoch 11 - Audio-Visual/Existential accuracy: 82.63(409/495) 
[2026-09-20 16:15:22,638]-[trainutils.py line:492]:Epoch 11 -    Audio-Visual/Counting accuracy: 77.57(491/633) 
[2026-09-20 16:15:22,639]-[trainutils.py line:492]:Epoch 11 -    Audio-Visual/Location accuracy: 69.41(320/461) 
[2026-09-20 16:15:22,639]-[trainutils.py line:492]:Epoch 11 - Audio-Visual/Comparative accuracy: 62.48(343/549) 
[2026-09-20 16:15:22,639]-[trainutils.py line:492]:Epoch 11 -    Audio-Visual/Temporal accuracy: 72.99(300/411) 
[2026-09-20 16:15:22,639]-[trainutils.py line:497]:Epoch 11 -             Audio-Visual accuracy: 73.09(1863/2549) 
[2026-09-20 16:15:22,639]-[trainutils.py line:501]:Epoch 11 -                    Total accuracy: 77.19(3526/4568) 
[2026-09-20 16:15:22,975]-[trainutils.py line:461]:Test progress:   0/95 
[2026-09-20 16:15:54,654]-[trainutils.py line:461]:Test progress:  95/95 
[2026-09-20 16:15:54,654]-[trainutils.py line:492]:Epoch 11 -           Audio/Counting accuracy: 87.67(448/511) 
[2026-09-20 16:15:54,654]-[trainutils.py line:492]:Epoch 11 -        Audio/Comparative accuracy: 60.00(177/295) 
[2026-09-20 16:15:54,654]-[trainutils.py line:497]:Epoch 11 -                    Audio accuracy: 77.54(625/806) 
[2026-09-20 16:15:54,654]-[trainutils.py line:492]:Epoch 11 -          Visual/Counting accuracy: 83.00(498/600) 
[2026-09-20 16:15:54,654]-[trainutils.py line:492]:Epoch 11 -          Visual/Location accuracy: 88.91(545/613) 
[2026-09-20 16:15:54,655]-[trainutils.py line:497]:Epoch 11 -                   Visual accuracy: 85.99(1043/1213) 
[2026-09-20 16:15:54,655]-[trainutils.py line:492]:Epoch 11 - Audio-Visual/Existential accuracy: 83.43(413/495) 
[2026-09-20 16:15:54,655]-[trainutils.py line:492]:Epoch 11 -    Audio-Visual/Counting accuracy: 77.57(491/633) 
[2026-09-20 16:15:54,655]-[trainutils.py line:492]:Epoch 11 -    Audio-Visual/Location accuracy: 71.15(328/461) 
[2026-09-20 16:15:54,655]-[trainutils.py line:492]:Epoch 11 - Audio-Visual/Comparative accuracy: 64.48(354/549) 
[2026-09-20 16:15:54,655]-[trainutils.py line:492]:Epoch 11 -    Audio-Visual/Temporal accuracy: 71.53(294/411) 
[2026-09-20 16:15:54,655]-[trainutils.py line:497]:Epoch 11 -             Audio-Visual accuracy: 73.75(1880/2549) 
[2026-09-20 16:15:54,655]-[trainutils.py line:501]:Epoch 11 -                    Total accuracy: 77.67(3548/4568) 
[2026-09-20 16:15:54,660]-[train.py line:167]:Epoch 11 done with 77.67 and loss 0.59375. 
[2026-09-20 16:15:54,660]-[train.py line:168]:At epoch9 best acc: 77.98. 
[2026-09-20 16:15:54,660]-[train.py line:102]:
-------------- training epoch 12 -------------- 
[2026-09-20 16:15:54,879]-[trainutils.py line:416]:[EST:    4.80m][Process Time:    0.05s]- Epoch: 12 [0000/1330 (  0%)]	Losses: ce_loss-0.2014(0.2014) loss_tacl-0.0001(0.0001) loss_sacl-0.0000(0.0000) loss_event-0.0089(0.0089) loss_evidence-0.0000(0.0000) loss_query_diversity-0.0043(0.0043) loss_position-0.0000(0.0000) total_loss-0.2014(0.2014) 
[2026-09-20 16:16:15,921]-[trainutils.py line:416]:[EST:    4.31m][Process Time:    0.05s]- Epoch: 12 [0100/1330 (  8%)]	Losses: ce_loss-0.1935(0.1993) loss_tacl-0.0001(0.0001) loss_sacl-0.0000(0.0000) loss_event-0.0087(0.0079) loss_evidence-0.0000(0.0001) loss_query_diversity-0.0043(0.0043) loss_position-0.0000(0.0000) total_loss-0.1935(0.1993) 
[2026-09-20 16:16:36,814]-[trainutils.py line:416]:[EST:    3.95m][Process Time:    0.04s]- Epoch: 12 [0200/1330 ( 15%)]	Losses: ce_loss-0.1005(0.1889) loss_tacl-0.0001(0.0001) loss_sacl-0.0000(0.0000) loss_event-0.0079(0.0079) loss_evidence-0.0003(0.0001) loss_query_diversity-0.0044(0.0043) loss_position-0.0000(0.0000) total_loss-0.1005(0.1889) 
[2026-09-20 16:16:58,219]-[trainutils.py line:416]:[EST:    3.62m][Process Time:    0.05s]- Epoch: 12 [0300/1330 ( 23%)]	Losses: ce_loss-0.2956(0.1945) loss_tacl-0.0001(0.0001) loss_sacl-0.0000(0.0000) loss_event-0.0086(0.0080) loss_evidence-0.0000(0.0001) loss_query_diversity-0.0044(0.0043) loss_position-0.0000(0.0000) total_loss-0.2956(0.1945) 
[2026-09-20 16:17:19,401]-[trainutils.py line:416]:[EST:    3.27m][Process Time:    0.05s]- Epoch: 12 [0400/1330 ( 30%)]	Losses: ce_loss-0.2121(0.1960) loss_tacl-0.0001(0.0001) loss_sacl-0.0000(0.0000) loss_event-0.0077(0.0079) loss_evidence-0.0000(0.0001) loss_query_diversity-0.0044(0.0043) loss_position-0.0000(0.0000) total_loss-0.2121(0.1960) 
[2026-09-20 16:17:40,389]-[trainutils.py line:416]:[EST:    2.92m][Process Time:    0.06s]- Epoch: 12 [0500/1330 ( 38%)]	Losses: ce_loss-0.2506(0.1934) loss_tacl-0.0001(0.0001) loss_sacl-0.0000(0.0000) loss_event-0.0080(0.0080) loss_evidence-0.0000(0.0001) loss_query_diversity-0.0044(0.0043) loss_position-0.0000(0.0000) total_loss-0.2506(0.1934) 
[2026-09-20 16:18:02,783]-[trainutils.py line:416]:[EST:    2.59m][Process Time:    0.06s]- Epoch: 12 [0600/1330 ( 45%)]	Losses: ce_loss-0.2025(0.1919) loss_tacl-0.0001(0.0001) loss_sacl-0.0000(0.0000) loss_event-0.0075(0.0080) loss_evidence-0.0000(0.0001) loss_query_diversity-0.0043(0.0043) loss_position-0.0000(0.0000) total_loss-0.2025(0.1919) 
[2026-09-20 16:18:24,617]-[trainutils.py line:416]:[EST:    2.24m][Process Time:    0.05s]- Epoch: 12 [0700/1330 ( 53%)]	Losses: ce_loss-0.0914(0.1925) loss_tacl-0.0001(0.0001) loss_sacl-0.0000(0.0000) loss_event-0.0079(0.0079) loss_evidence-0.0000(0.0001) loss_query_diversity-0.0044(0.0043) loss_position-0.0000(0.0000) total_loss-0.0914(0.1925) 
[2026-09-20 16:18:45,690]-[trainutils.py line:416]:[EST:    1.88m][Process Time:    0.05s]- Epoch: 12 [0800/1330 ( 60%)]	Losses: ce_loss-0.0971(0.1916) loss_tacl-0.0001(0.0001) loss_sacl-0.0000(0.0000) loss_event-0.0081(0.0079) loss_evidence-0.0000(0.0001) loss_query_diversity-0.0044(0.0043) loss_position-0.0000(0.0000) total_loss-0.0971(0.1916) 
[2026-09-20 16:19:06,798]-[trainutils.py line:416]:[EST:    1.52m][Process Time:    0.05s]- Epoch: 12 [0900/1330 ( 68%)]	Losses: ce_loss-0.2038(0.1922) loss_tacl-0.0001(0.0001) loss_sacl-0.0000(0.0000) loss_event-0.0073(0.0079) loss_evidence-0.0000(0.0001) loss_query_diversity-0.0043(0.0043) loss_position-0.0000(0.0000) total_loss-0.2038(0.1922) 
[2026-09-20 16:19:27,791]-[trainutils.py line:416]:[EST:    1.17m][Process Time:    0.05s]- Epoch: 12 [1000/1330 ( 75%)]	Losses: ce_loss-0.1025(0.1933) loss_tacl-0.0001(0.0001) loss_sacl-0.0000(0.0000) loss_event-0.0083(0.0079) loss_evidence-0.0000(0.0001) loss_query_diversity-0.0043(0.0043) loss_position-0.0000(0.0000) total_loss-0.1025(0.1933) 
[2026-09-20 16:19:48,495]-[trainutils.py line:416]:[EST:    0.81m][Process Time:    0.05s]- Epoch: 12 [1100/1330 ( 83%)]	Losses: ce_loss-0.1627(0.1931) loss_tacl-0.0001(0.0001) loss_sacl-0.0000(0.0000) loss_event-0.0068(0.0079) loss_evidence-0.0000(0.0001) loss_query_diversity-0.0043(0.0043) loss_position-0.0000(0.0000) total_loss-0.1627(0.1931) 
[2026-09-20 16:20:09,523]-[trainutils.py line:416]:[EST:    0.46m][Process Time:    0.05s]- Epoch: 12 [1200/1330 ( 90%)]	Losses: ce_loss-0.2275(0.1937) loss_tacl-0.0001(0.0001) loss_sacl-0.0000(0.0000) loss_event-0.0075(0.0079) loss_evidence-0.0000(0.0001) loss_query_diversity-0.0044(0.0043) loss_position-0.0000(0.0000) total_loss-0.2275(0.1937) 
[2026-09-20 16:20:31,116]-[trainutils.py line:416]:[EST:    0.10m][Process Time:    0.05s]- Epoch: 12 [1300/1330 ( 98%)]	Losses: ce_loss-0.0883(0.1930) loss_tacl-0.0001(0.0001) loss_sacl-0.0000(0.0000) loss_event-0.0091(0.0079) loss_evidence-0.0000(0.0001) loss_query_diversity-0.0044(0.0043) loss_position-0.0000(0.0000) total_loss-0.0883(0.1930) 
[2026-09-20 16:20:37,320]-[trainutils.py line:416]:[EST:   -0.00m][Process Time:    0.05s]- Epoch: 12 [1330/1330 (100%)]	Losses: ce_loss-0.5613(0.1932) loss_tacl-0.0001(0.0001) loss_sacl-0.0000(0.0000) loss_event-0.0113(0.0079) loss_evidence-0.0000(0.0001) loss_query_diversity-0.0043(0.0043) loss_position-0.0000(0.0000) total_loss-0.5613(0.1932) 
[2026-09-20 16:20:37,913]-[train.py line:106]:
-------------- validation epoch 12 -------------- 
[2026-09-20 16:20:38,216]-[trainutils.py line:461]:Test progress:   0/95 
[2026-09-20 16:21:09,301]-[trainutils.py line:461]:Test progress:  95/95 
[2026-09-20 16:21:09,302]-[trainutils.py line:492]:Epoch 12 -           Audio/Counting accuracy: 86.50(442/511) 
[2026-09-20 16:21:09,302]-[trainutils.py line:492]:Epoch 12 -        Audio/Comparative accuracy: 58.64(173/295) 
[2026-09-20 16:21:09,302]-[trainutils.py line:497]:Epoch 12 -                    Audio accuracy: 76.30(615/806) 
[2026-09-20 16:21:09,302]-[trainutils.py line:492]:Epoch 12 -          Visual/Counting accuracy: 82.33(494/600) 
[2026-09-20 16:21:09,302]-[trainutils.py line:492]:Epoch 12 -          Visual/Location accuracy: 89.07(546/613) 
[2026-09-20 16:21:09,302]-[trainutils.py line:497]:Epoch 12 -                   Visual accuracy: 85.74(1040/1213) 
[2026-09-20 16:21:09,303]-[trainutils.py line:492]:Epoch 12 - Audio-Visual/Existential accuracy: 80.40(398/495) 
[2026-09-20 16:21:09,303]-[trainutils.py line:492]:Epoch 12 -    Audio-Visual/Counting accuracy: 76.62(485/633) 
[2026-09-20 16:21:09,303]-[trainutils.py line:492]:Epoch 12 -    Audio-Visual/Location accuracy: 70.07(323/461) 
[2026-09-20 16:21:09,303]-[trainutils.py line:492]:Epoch 12 - Audio-Visual/Comparative accuracy: 61.02(335/549) 
[2026-09-20 16:21:09,303]-[trainutils.py line:492]:Epoch 12 -    Audio-Visual/Temporal accuracy: 72.99(300/411) 
[2026-09-20 16:21:09,303]-[trainutils.py line:497]:Epoch 12 -             Audio-Visual accuracy: 72.22(1841/2549) 
[2026-09-20 16:21:09,303]-[trainutils.py line:501]:Epoch 12 -                    Total accuracy: 76.53(3496/4568) 
[2026-09-20 16:21:09,650]-[trainutils.py line:461]:Test progress:   0/95 
[2026-09-20 16:21:40,469]-[trainutils.py line:461]:Test progress:  95/95 
[2026-09-20 16:21:40,469]-[trainutils.py line:492]:Epoch 12 -           Audio/Counting accuracy: 87.48(447/511) 
[2026-09-20 16:21:40,470]-[trainutils.py line:492]:Epoch 12 -        Audio/Comparative accuracy: 57.97(171/295) 
[2026-09-20 16:21:40,470]-[trainutils.py line:497]:Epoch 12 -                    Audio accuracy: 76.67(618/806) 
[2026-09-20 16:21:40,470]-[trainutils.py line:492]:Epoch 12 -          Visual/Counting accuracy: 82.83(497/600) 
[2026-09-20 16:21:40,470]-[trainutils.py line:492]:Epoch 12 -          Visual/Location accuracy: 88.91(545/613) 
[2026-09-20 16:21:40,470]-[trainutils.py line:497]:Epoch 12 -                   Visual accuracy: 85.90(1042/1213) 
[2026-09-20 16:21:40,470]-[trainutils.py line:492]:Epoch 12 - Audio-Visual/Existential accuracy: 81.82(405/495) 
[2026-09-20 16:21:40,471]-[trainutils.py line:492]:Epoch 12 -    Audio-Visual/Counting accuracy: 77.88(493/633) 
[2026-09-20 16:21:40,471]-[trainutils.py line:492]:Epoch 12 -    Audio-Visual/Location accuracy: 70.50(325/461) 
[2026-09-20 16:21:40,471]-[trainutils.py line:492]:Epoch 12 - Audio-Visual/Comparative accuracy: 63.75(350/549) 
[2026-09-20 16:21:40,472]-[trainutils.py line:492]:Epoch 12 -    Audio-Visual/Temporal accuracy: 71.53(294/411) 
[2026-09-20 16:21:40,472]-[trainutils.py line:497]:Epoch 12 -             Audio-Visual accuracy: 73.24(1867/2549) 
[2026-09-20 16:21:40,472]-[trainutils.py line:501]:Epoch 12 -                    Total accuracy: 77.21(3527/4568) 
[2026-09-20 16:21:40,476]-[train.py line:167]:Epoch 12 done with 77.21 and loss 0.62891. 
[2026-09-20 16:21:40,476]-[train.py line:168]:At epoch9 best acc: 77.98. 
[2026-09-20 16:21:40,476]-[train.py line:102]:
-------------- training epoch 13 -------------- 
[2026-09-20 16:21:40,691]-[trainutils.py line:416]:[EST:    4.72m][Process Time:    0.06s]- Epoch: 13 [0000/1330 (  0%)]	Losses: ce_loss-0.1649(0.1649) loss_tacl-0.0001(0.0001) loss_sacl-0.0000(0.0000) loss_event-0.0070(0.0070) loss_evidence-0.0000(0.0000) loss_query_diversity-0.0043(0.0043) loss_position-0.0000(0.0000) total_loss-0.1649(0.1649) 
[2026-09-20 16:22:01,626]-[trainutils.py line:416]:[EST:    4.29m][Process Time:    0.05s]- Epoch: 13 [0100/1330 (  8%)]	Losses: ce_loss-0.1569(0.1577) loss_tacl-0.0001(0.0001) loss_sacl-0.0000(0.0000) loss_event-0.0085(0.0080) loss_evidence-0.0000(0.0001) loss_query_diversity-0.0044(0.0043) loss_position-0.0000(0.0000) total_loss-0.1569(0.1577) 
[2026-09-20 16:22:22,373]-[trainutils.py line:416]:[EST:    3.92m][Process Time:    0.05s]- Epoch: 13 [0200/1330 ( 15%)]	Losses: ce_loss-0.1084(0.1546) loss_tacl-0.0001(0.0001) loss_sacl-0.0000(0.0000) loss_event-0.0069(0.0080) loss_evidence-0.0000(0.0001) loss_query_diversity-0.0043(0.0043) loss_position-0.0000(0.0000) total_loss-0.1084(0.1546) 
[2026-09-20 16:22:43,497]-[trainutils.py line:416]:[EST:    3.59m][Process Time:    0.05s]- Epoch: 13 [0300/1330 ( 23%)]	Losses: ce_loss-0.0401(0.1588) loss_tacl-0.0001(0.0001) loss_sacl-0.0000(0.0000) loss_event-0.0094(0.0080) loss_evidence-0.0000(0.0001) loss_query_diversity-0.0043(0.0043) loss_position-0.0000(0.0000) total_loss-0.0401(0.1588) 
[2026-09-20 16:23:04,194]-[trainutils.py line:416]:[EST:    3.23m][Process Time:    0.07s]- Epoch: 13 [0400/1330 ( 30%)]	Losses: ce_loss-0.0761(0.1590) loss_tacl-0.0001(0.0001) loss_sacl-0.0000(0.0000) loss_event-0.0092(0.0080) loss_evidence-0.0000(0.0001) loss_query_diversity-0.0043(0.0043) loss_position-0.0000(0.0000) total_loss-0.0761(0.1590) 
[2026-09-20 16:23:24,965]-[trainutils.py line:416]:[EST:    2.88m][Process Time:    0.05s]- Epoch: 13 [0500/1330 ( 38%)]	Losses: ce_loss-0.2724(0.1614) loss_tacl-0.0001(0.0001) loss_sacl-0.0000(0.0000) loss_event-0.0076(0.0080) loss_evidence-0.0003(0.0001) loss_query_diversity-0.0044(0.0043) loss_position-0.0000(0.0000) total_loss-0.2724(0.1614) 
[2026-09-20 16:23:45,923]-[trainutils.py line:416]:[EST:    2.54m][Process Time:    0.05s]- Epoch: 13 [0600/1330 ( 45%)]	Losses: ce_loss-0.1200(0.1588) loss_tacl-0.0001(0.0001) loss_sacl-0.0000(0.0000) loss_event-0.0093(0.0081) loss_evidence-0.0000(0.0001) loss_query_diversity-0.0043(0.0043) loss_position-0.0000(0.0000) total_loss-0.1200(0.1588) 
[2026-09-20 16:24:07,445]-[trainutils.py line:416]:[EST:    2.20m][Process Time:    0.05s]- Epoch: 13 [0700/1330 ( 53%)]	Losses: ce_loss-0.1169(0.1585) loss_tacl-0.0001(0.0001) loss_sacl-0.0000(0.0000) loss_event-0.0089(0.0081) loss_evidence-0.0000(0.0001) loss_query_diversity-0.0043(0.0043) loss_position-0.0000(0.0000) total_loss-0.1169(0.1585) 
[2026-09-20 16:24:29,119]-[trainutils.py line:416]:[EST:    1.86m][Process Time:    0.05s]- Epoch: 13 [0800/1330 ( 60%)]	Losses: ce_loss-0.0872(0.1581) loss_tacl-0.0001(0.0001) loss_sacl-0.0000(0.0000) loss_event-0.0078(0.0081) loss_evidence-0.0000(0.0001) loss_query_diversity-0.0043(0.0043) loss_position-0.0000(0.0000) total_loss-0.0872(0.1581) 
[2026-09-20 16:24:50,811]-[trainutils.py line:416]:[EST:    1.51m][Process Time:    0.05s]- Epoch: 13 [0900/1330 ( 68%)]	Losses: ce_loss-0.0919(0.1575) loss_tacl-0.0001(0.0001) loss_sacl-0.0000(0.0000) loss_event-0.0068(0.0081) loss_evidence-0.0000(0.0001) loss_query_diversity-0.0043(0.0043) loss_position-0.0000(0.0000) total_loss-0.0919(0.1575) 
[2026-09-20 16:25:12,664]-[trainutils.py line:416]:[EST:    1.16m][Process Time:    0.05s]- Epoch: 13 [1000/1330 ( 75%)]	Losses: ce_loss-0.1709(0.1569) loss_tacl-0.0001(0.0001) loss_sacl-0.0000(0.0000) loss_event-0.0074(0.0081) loss_evidence-0.0000(0.0001) loss_query_diversity-0.0043(0.0043) loss_position-0.0000(0.0000) total_loss-0.1709(0.1569) 
[2026-09-20 16:25:34,483]-[trainutils.py line:416]:[EST:    0.81m][Process Time:    0.05s]- Epoch: 13 [1100/1330 ( 83%)]	Losses: ce_loss-0.1224(0.1567) loss_tacl-0.0001(0.0001) loss_sacl-0.0000(0.0000) loss_event-0.0079(0.0081) loss_evidence-0.0000(0.0001) loss_query_diversity-0.0043(0.0043) loss_position-0.0000(0.0000) total_loss-0.1224(0.1567) 
[2026-09-20 16:25:56,296]-[trainutils.py line:416]:[EST:    0.46m][Process Time:    0.06s]- Epoch: 13 [1200/1330 ( 90%)]	Losses: ce_loss-0.1795(0.1584) loss_tacl-0.0001(0.0001) loss_sacl-0.0000(0.0000) loss_event-0.0078(0.0081) loss_evidence-0.0000(0.0001) loss_query_diversity-0.0043(0.0043) loss_position-0.0000(0.0000) total_loss-0.1795(0.1584) 
[2026-09-20 16:26:18,203]-[trainutils.py line:416]:[EST:    0.10m][Process Time:    0.05s]- Epoch: 13 [1300/1330 ( 98%)]	Losses: ce_loss-0.1748(0.1595) loss_tacl-0.0001(0.0001) loss_sacl-0.0000(0.0000) loss_event-0.0084(0.0081) loss_evidence-0.0000(0.0001) loss_query_diversity-0.0043(0.0043) loss_position-0.0000(0.0000) total_loss-0.1748(0.1595) 
[2026-09-20 16:26:24,902]-[trainutils.py line:416]:[EST:   -0.00m][Process Time:    0.06s]- Epoch: 13 [1330/1330 (100%)]	Losses: ce_loss-0.3798(0.1600) loss_tacl-0.0001(0.0001) loss_sacl-0.0000(0.0000) loss_event-0.0077(0.0080) loss_evidence-0.0000(0.0001) loss_query_diversity-0.0044(0.0043) loss_position-0.0000(0.0000) total_loss-0.3798(0.1600) 
[2026-09-20 16:26:25,493]-[train.py line:106]:
-------------- validation epoch 13 -------------- 
[2026-09-20 16:26:25,825]-[trainutils.py line:461]:Test progress:   0/95 
[2026-09-20 16:26:58,410]-[trainutils.py line:461]:Test progress:  95/95 
[2026-09-20 16:26:58,411]-[trainutils.py line:492]:Epoch 13 -           Audio/Counting accuracy: 86.50(442/511) 
[2026-09-20 16:26:58,411]-[trainutils.py line:492]:Epoch 13 -        Audio/Comparative accuracy: 56.27(166/295) 
[2026-09-20 16:26:58,411]-[trainutils.py line:497]:Epoch 13 -                    Audio accuracy: 75.43(608/806) 
[2026-09-20 16:26:58,411]-[trainutils.py line:492]:Epoch 13 -          Visual/Counting accuracy: 81.83(491/600) 
[2026-09-20 16:26:58,412]-[trainutils.py line:492]:Epoch 13 -          Visual/Location accuracy: 88.91(545/613) 
[2026-09-20 16:26:58,412]-[trainutils.py line:497]:Epoch 13 -                   Visual accuracy: 85.41(1036/1213) 
[2026-09-20 16:26:58,412]-[trainutils.py line:492]:Epoch 13 - Audio-Visual/Existential accuracy: 80.61(399/495) 
[2026-09-20 16:26:58,413]-[trainutils.py line:492]:Epoch 13 -    Audio-Visual/Counting accuracy: 77.88(493/633) 
[2026-09-20 16:26:58,413]-[trainutils.py line:492]:Epoch 13 -    Audio-Visual/Location accuracy: 69.41(320/461) 
[2026-09-20 16:26:58,413]-[trainutils.py line:492]:Epoch 13 - Audio-Visual/Comparative accuracy: 61.75(339/549) 
[2026-09-20 16:26:58,413]-[trainutils.py line:492]:Epoch 13 -    Audio-Visual/Temporal accuracy: 72.75(299/411) 
[2026-09-20 16:26:58,413]-[trainutils.py line:497]:Epoch 13 -             Audio-Visual accuracy: 72.58(1850/2549) 
[2026-09-20 16:26:58,413]-[trainutils.py line:501]:Epoch 13 -                    Total accuracy: 76.49(3494/4568) 
[2026-09-20 16:26:58,776]-[trainutils.py line:461]:Test progress:   0/95 
[2026-09-20 16:27:30,890]-[trainutils.py line:461]:Test progress:  95/95 
[2026-09-20 16:27:30,891]-[trainutils.py line:492]:Epoch 13 -           Audio/Counting accuracy: 87.48(447/511) 
[2026-09-20 16:27:30,891]-[trainutils.py line:492]:Epoch 13 -        Audio/Comparative accuracy: 58.98(174/295) 
[2026-09-20 16:27:30,891]-[trainutils.py line:497]:Epoch 13 -                    Audio accuracy: 77.05(621/806) 
[2026-09-20 16:27:30,891]-[trainutils.py line:492]:Epoch 13 -          Visual/Counting accuracy: 82.50(495/600) 
[2026-09-20 16:27:30,891]-[trainutils.py line:492]:Epoch 13 -          Visual/Location accuracy: 88.91(545/613) 
[2026-09-20 16:27:30,891]-[trainutils.py line:497]:Epoch 13 -                   Visual accuracy: 85.74(1040/1213) 
[2026-09-20 16:27:30,892]-[trainutils.py line:492]:Epoch 13 - Audio-Visual/Existential accuracy: 82.02(406/495) 
[2026-09-20 16:27:30,892]-[trainutils.py line:492]:Epoch 13 -    Audio-Visual/Counting accuracy: 78.20(495/633) 
[2026-09-20 16:27:30,893]-[trainutils.py line:492]:Epoch 13 -    Audio-Visual/Location accuracy: 69.41(320/461) 
[2026-09-20 16:27:30,893]-[trainutils.py line:492]:Epoch 13 - Audio-Visual/Comparative accuracy: 63.02(346/549) 
[2026-09-20 16:27:30,893]-[trainutils.py line:492]:Epoch 13 -    Audio-Visual/Temporal accuracy: 72.26(297/411) 
[2026-09-20 16:27:30,893]-[trainutils.py line:497]:Epoch 13 -             Audio-Visual accuracy: 73.13(1864/2549) 
[2026-09-20 16:27:30,893]-[trainutils.py line:501]:Epoch 13 -                    Total accuracy: 77.17(3525/4568) 
[2026-09-20 16:27:30,897]-[train.py line:167]:Epoch 13 done with 77.17 and loss 0.68359. 
[2026-09-20 16:27:30,897]-[train.py line:168]:At epoch9 best acc: 77.98. 
[2026-09-20 16:27:30,897]-[train.py line:102]:
-------------- training epoch 14 -------------- 
[2026-09-20 16:27:31,132]-[trainutils.py line:416]:[EST:    5.14m][Process Time:    0.05s]- Epoch: 14 [0000/1330 (  0%)]	Losses: ce_loss-0.0717(0.0717) loss_tacl-0.0001(0.0001) loss_sacl-0.0000(0.0000) loss_event-0.0080(0.0080) loss_evidence-0.0000(0.0000) loss_query_diversity-0.0044(0.0044) loss_position-0.0000(0.0000) total_loss-0.0717(0.0717) 
[2026-09-20 16:27:53,406]-[trainutils.py line:416]:[EST:    4.56m][Process Time:    0.05s]- Epoch: 14 [0100/1330 (  8%)]	Losses: ce_loss-0.1577(0.1383) loss_tacl-0.0001(0.0001) loss_sacl-0.0000(0.0000) loss_event-0.0071(0.0080) loss_evidence-0.0000(0.0000) loss_query_diversity-0.0043(0.0043) loss_position-0.0000(0.0000) total_loss-0.1577(0.1383) 
[2026-09-20 16:28:15,285]-[trainutils.py line:416]:[EST:    4.16m][Process Time:    0.05s]- Epoch: 14 [0200/1330 ( 15%)]	Losses: ce_loss-0.2366(0.1428) loss_tacl-0.0001(0.0001) loss_sacl-0.0000(0.0000) loss_event-0.0084(0.0080) loss_evidence-0.0000(0.0000) loss_query_diversity-0.0044(0.0043) loss_position-0.0000(0.0000) total_loss-0.2366(0.1428) 
[2026-09-20 16:28:37,268]-[trainutils.py line:416]:[EST:    3.78m][Process Time:    0.05s]- Epoch: 14 [0300/1330 ( 23%)]	Losses: ce_loss-0.2391(0.1420) loss_tacl-0.0001(0.0001) loss_sacl-0.0000(0.0000) loss_event-0.0080(0.0080) loss_evidence-0.0000(0.0000) loss_query_diversity-0.0043(0.0043) loss_position-0.0000(0.0000) total_loss-0.2391(0.1420) 
[2026-09-20 16:28:59,097]-[trainutils.py line:416]:[EST:    3.41m][Process Time:    0.05s]- Epoch: 14 [0400/1330 ( 30%)]	Losses: ce_loss-0.0958(0.1413) loss_tacl-0.0001(0.0001) loss_sacl-0.0000(0.0000) loss_event-0.0075(0.0080) loss_evidence-0.0008(0.0000) loss_query_diversity-0.0043(0.0043) loss_position-0.0000(0.0000) total_loss-0.0958(0.1413) 
[2026-09-20 16:29:20,554]-[trainutils.py line:416]:[EST:    3.02m][Process Time:    0.05s]- Epoch: 14 [0500/1330 ( 38%)]	Losses: ce_loss-0.1239(0.1378) loss_tacl-0.0001(0.0001) loss_sacl-0.0000(0.0000) loss_event-0.0066(0.0080) loss_evidence-0.0000(0.0000) loss_query_diversity-0.0044(0.0043) loss_position-0.0000(0.0000) total_loss-0.1239(0.1378) 
[2026-09-20 16:29:41,312]-[trainutils.py line:416]:[EST:    2.64m][Process Time:    0.05s]- Epoch: 14 [0600/1330 ( 45%)]	Losses: ce_loss-0.0991(0.1359) loss_tacl-0.0001(0.0001) loss_sacl-0.0000(0.0000) loss_event-0.0069(0.0080) loss_evidence-0.0000(0.0000) loss_query_diversity-0.0043(0.0043) loss_position-0.0000(0.0000) total_loss-0.0991(0.1359) 
[2026-09-20 16:30:01,934]-[trainutils.py line:416]:[EST:    2.26m][Process Time:    0.04s]- Epoch: 14 [0700/1330 ( 53%)]	Losses: ce_loss-0.1265(0.1355) loss_tacl-0.0001(0.0001) loss_sacl-0.0000(0.0000) loss_event-0.0076(0.0080) loss_evidence-0.0000(0.0000) loss_query_diversity-0.0044(0.0043) loss_position-0.0000(0.0000) total_loss-0.1265(0.1355) 
[2026-09-20 16:30:22,663]-[trainutils.py line:416]:[EST:    1.89m][Process Time:    0.05s]- Epoch: 14 [0800/1330 ( 60%)]	Losses: ce_loss-0.1083(0.1354) loss_tacl-0.0001(0.0001) loss_sacl-0.0000(0.0000) loss_event-0.0087(0.0080) loss_evidence-0.0000(0.0000) loss_query_diversity-0.0043(0.0043) loss_position-0.0000(0.0000) total_loss-0.1083(0.1354) 
[2026-09-20 16:30:43,306]-[trainutils.py line:416]:[EST:    1.53m][Process Time:    0.05s]- Epoch: 14 [0900/1330 ( 68%)]	Losses: ce_loss-0.2192(0.1373) loss_tacl-0.0001(0.0001) loss_sacl-0.0000(0.0000) loss_event-0.0077(0.0080) loss_evidence-0.0000(0.0001) loss_query_diversity-0.0043(0.0043) loss_position-0.0000(0.0000) total_loss-0.2192(0.1373) 
[2026-09-20 16:31:03,940]-[trainutils.py line:416]:[EST:    1.17m][Process Time:    0.05s]- Epoch: 14 [1000/1330 ( 75%)]	Losses: ce_loss-0.2998(0.1365) loss_tacl-0.0001(0.0001) loss_sacl-0.0000(0.0000) loss_event-0.0077(0.0080) loss_evidence-0.0000(0.0001) loss_query_diversity-0.0043(0.0043) loss_position-0.0000(0.0000) total_loss-0.2998(0.1365) 
[2026-09-20 16:31:24,711]-[trainutils.py line:416]:[EST:    0.81m][Process Time:    0.05s]- Epoch: 14 [1100/1330 ( 83%)]	Losses: ce_loss-0.0987(0.1376) loss_tacl-0.0001(0.0001) loss_sacl-0.0000(0.0000) loss_event-0.0071(0.0081) loss_evidence-0.0000(0.0001) loss_query_diversity-0.0043(0.0043) loss_position-0.0000(0.0000) total_loss-0.0987(0.1376) 
[2026-09-20 16:31:46,094]-[trainutils.py line:416]:[EST:    0.46m][Process Time:    0.05s]- Epoch: 14 [1200/1330 ( 90%)]	Losses: ce_loss-0.0502(0.1375) loss_tacl-0.0001(0.0001) loss_sacl-0.0000(0.0000) loss_event-0.0078(0.0081) loss_evidence-0.0000(0.0001) loss_query_diversity-0.0043(0.0043) loss_position-0.0000(0.0000) total_loss-0.0502(0.1375) 
[2026-09-20 16:32:07,662]-[trainutils.py line:416]:[EST:    0.10m][Process Time:    0.05s]- Epoch: 14 [1300/1330 ( 98%)]	Losses: ce_loss-0.1252(0.1384) loss_tacl-0.0001(0.0001) loss_sacl-0.0000(0.0000) loss_event-0.0074(0.0081) loss_evidence-0.0000(0.0001) loss_query_diversity-0.0043(0.0043) loss_position-0.0000(0.0000) total_loss-0.1252(0.1384) 
[2026-09-20 16:32:13,915]-[trainutils.py line:416]:[EST:   -0.00m][Process Time:    0.06s]- Epoch: 14 [1330/1330 (100%)]	Losses: ce_loss-0.0932(0.1383) loss_tacl-0.0001(0.0001) loss_sacl-0.0000(0.0000) loss_event-0.0098(0.0081) loss_evidence-0.0000(0.0001) loss_query_diversity-0.0043(0.0043) loss_position-0.0000(0.0000) total_loss-0.0932(0.1383) 
[2026-09-20 16:32:14,491]-[train.py line:106]:
-------------- validation epoch 14 -------------- 
[2026-09-20 16:32:14,808]-[trainutils.py line:461]:Test progress:   0/95 
[2026-09-20 16:32:46,207]-[trainutils.py line:461]:Test progress:  95/95 
[2026-09-20 16:32:46,207]-[trainutils.py line:492]:Epoch 14 -           Audio/Counting accuracy: 86.50(442/511) 
[2026-09-20 16:32:46,209]-[trainutils.py line:492]:Epoch 14 -        Audio/Comparative accuracy: 57.97(171/295) 
[2026-09-20 16:32:46,209]-[trainutils.py line:497]:Epoch 14 -                    Audio accuracy: 76.05(613/806) 
[2026-09-20 16:32:46,209]-[trainutils.py line:492]:Epoch 14 -          Visual/Counting accuracy: 81.67(490/600) 
[2026-09-20 16:32:46,209]-[trainutils.py line:492]:Epoch 14 -          Visual/Location accuracy: 88.91(545/613) 
[2026-09-20 16:32:46,210]-[trainutils.py line:497]:Epoch 14 -                   Visual accuracy: 85.33(1035/1213) 
[2026-09-20 16:32:46,210]-[trainutils.py line:492]:Epoch 14 - Audio-Visual/Existential accuracy: 82.22(407/495) 
[2026-09-20 16:32:46,210]-[trainutils.py line:492]:Epoch 14 -    Audio-Visual/Counting accuracy: 77.09(488/633) 
[2026-09-20 16:32:46,210]-[trainutils.py line:492]:Epoch 14 -    Audio-Visual/Location accuracy: 70.07(323/461) 
[2026-09-20 16:32:46,211]-[trainutils.py line:492]:Epoch 14 - Audio-Visual/Comparative accuracy: 60.66(333/549) 
[2026-09-20 16:32:46,211]-[trainutils.py line:492]:Epoch 14 -    Audio-Visual/Temporal accuracy: 72.99(300/411) 
[2026-09-20 16:32:46,211]-[trainutils.py line:497]:Epoch 14 -             Audio-Visual accuracy: 72.62(1851/2549) 
[2026-09-20 16:32:46,211]-[trainutils.py line:501]:Epoch 14 -                    Total accuracy: 76.60(3499/4568) 
[2026-09-20 16:32:46,571]-[trainutils.py line:461]:Test progress:   0/95 
[2026-09-20 16:33:18,446]-[trainutils.py line:461]:Test progress:  95/95 
[2026-09-20 16:33:18,448]-[trainutils.py line:492]:Epoch 14 -           Audio/Counting accuracy: 87.48(447/511) 
[2026-09-20 16:33:18,448]-[trainutils.py line:492]:Epoch 14 -        Audio/Comparative accuracy: 58.98(174/295) 
[2026-09-20 16:33:18,448]-[trainutils.py line:497]:Epoch 14 -                    Audio accuracy: 77.05(621/806) 
[2026-09-20 16:33:18,449]-[trainutils.py line:492]:Epoch 14 -          Visual/Counting accuracy: 82.50(495/600) 
[2026-09-20 16:33:18,449]-[trainutils.py line:492]:Epoch 14 -          Visual/Location accuracy: 88.74(544/613) 
[2026-09-20 16:33:18,449]-[trainutils.py line:497]:Epoch 14 -                   Visual accuracy: 85.66(1039/1213) 
[2026-09-20 16:33:18,449]-[trainutils.py line:492]:Epoch 14 - Audio-Visual/Existential accuracy: 82.02(406/495) 
[2026-09-20 16:33:18,449]-[trainutils.py line:492]:Epoch 14 -    Audio-Visual/Counting accuracy: 78.04(494/633) 
[2026-09-20 16:33:18,449]-[trainutils.py line:492]:Epoch 14 -    Audio-Visual/Location accuracy: 69.63(321/461) 
[2026-09-20 16:33:18,450]-[trainutils.py line:492]:Epoch 14 - Audio-Visual/Comparative accuracy: 61.75(339/549) 
[2026-09-20 16:33:18,450]-[trainutils.py line:492]:Epoch 14 -    Audio-Visual/Temporal accuracy: 72.51(298/411) 
[2026-09-20 16:33:18,450]-[trainutils.py line:497]:Epoch 14 -             Audio-Visual accuracy: 72.89(1858/2549) 
[2026-09-20 16:33:18,450]-[trainutils.py line:501]:Epoch 14 -                    Total accuracy: 77.01(3518/4568) 
[2026-09-20 16:33:18,454]-[train.py line:167]:Epoch 14 done with 77.01 and loss 0.73047. 
[2026-09-20 16:33:18,454]-[train.py line:168]:At epoch9 best acc: 77.98. 
[2026-09-20 16:33:18,454]-[train.py line:102]:
-------------- training epoch 15 -------------- 
[2026-09-20 16:33:18,668]-[trainutils.py line:416]:[EST:    4.71m][Process Time:    0.05s]- Epoch: 15 [0000/1330 (  0%)]	Losses: ce_loss-0.1476(0.1476) loss_tacl-0.0001(0.0001) loss_sacl-0.0000(0.0000) loss_event-0.0091(0.0091) loss_evidence-0.0000(0.0000) loss_query_diversity-0.0043(0.0043) loss_position-0.0000(0.0000) total_loss-0.1476(0.1476) 
