Code snapshot saved as D:\model\qast_ehr_scm_baseline_without_cmg_seed713\2026-09-20-00-05-43_seed713\code_snapshot.zip
[2026-09-20 00:05:44,039]-[utils.py line:217]:
-------------- config -------------- 
[2026-09-20 00:05:44,040]-[utils.py line:218]:{
    "standard_protocol": true,
    "run_test_after_training": false,
    "amp": true,
    "gradient_accumulation_steps": 2,
    "distill_logits": null,
    "type": "question_aware",
    "seed": 713,
    "epochs": 15,
    "num_labels": 42,
    "log_interval": 100,
    "output_dir": "D:/model/qast_ehr_scm_baseline_without_cmg_seed713",
    "pretrained_weight": "fixed_features_only",
    "weight": "",
    "data": {
        "root": "D:/AVQA_experiment/QA-TIGER2/QA-TIGER/reproduce_qast_recent2025_v3_77_24",
        "img_size": 336,
        "batch_size": 24,
        "eval_batch_size": 48,
        "num_workers": 0,
        "frame_sample_rate": 1,
        "audios_dir": "D:/data/musicavqa/audio",
        "frames_dir": "D:/data/frames-1fps",
        "train_annot": "D:/AVQA_experiment/QA-TIGER2/QA-TIGER/reproduce_qast_recent2025_v3_77_24/data/annots/music_avqa/music_avqa_train.json",
        "valid_annot": "D:/AVQA_experiment/QA-TIGER2/QA-TIGER/reproduce_qast_recent2025_v3_77_24/data/annots/music_avqa/music_avqa_val.json",
        "test_annot": "D:/AVQA_experiment/QA-TIGER2/QA-TIGER/reproduce_qast_recent2025_v3_77_24/data/annots/music_avqa/music_avqa_test.json",
        "test_annots": null,
        "ans_quelen": "D:/AVQA_experiment/QA-TIGER2/QA-TIGER/reproduce_qast_recent2025_v3_77_24/data/annots/music_avqa/answer2idx.json",
        "audio_feat": "D:/data/musicavqa/vggish",
        "quest_feat": "D:/data/musicavqa/qst_ViT-L14@336px",
        "prompt_feat": "D:/data/musicavqa/qaPrompt_ViT-L14@336px",
        "patch_feat": "D:/data/musicavqa/visual_tome14_60",
        "video_feat": "D:/data/musicavqa/frames_vit"
    },
    "hyper_params": {
        "gpus": "0",
        "model_type": "QAST-EHR-2025",
        "model": {
            "topK": 10,
            "num_experts": 1,
            "audio_dim": 128,
            "video_dim": 768,
            "patch_dim": 1024,
            "question_dim": 768,
            "d_model": 512,
            "num_labels": 42,
            "num_heads": 8,
            "num_temporal_queries": 10,
            "event_scales": [
                3,
                7,
                15
            ],
            "keep_patches": 4,
            "lambda_tacl": 0.035,
            "lambda_sacl": 0.035,
            "lambda_event": 0.03,
            "lambda_evidence": 0.06,
            "lambda_diversity": 0.005,
            "lambda_position": 0.02,
            "aux_warmup_epochs": 3,
            "position_min_strength": 0.05,
            "position_max_strength": 0.1,
            "position_init_strength": 0.07,
            "evidence_margin": 0.2,
            "dropout": 0.1,
            "enable_cmg": false,
            "enable_scm": false,
            "enable_adaptive_position": true,
            "enable_patch_grounder": true
        },
        "optim": {
            "name": "AdamW",
            "lr": 0.0001,
            "new_lr": null,
            "encoder_lr": null,
            "min_lr": 1e-06,
            "weight_decay": 0.0002,
            "betas": [
                0.9,
                0.999
            ],
            "grad_clip": 1.0
        },
        "sched": {
            "name": "cosine",
            "mode": "max",
            "gamma": 0.1,
            "step_size": 6,
            "factor": 0.5,
            "patience": 3,
            "verbose": true,
            "warmup_epochs": 1
        },
        "ema": {
            "enabled": true,
            "decay": 0.999
        }
    },
    "mode": "train",
    "debug": false,
    "output_path": "",
    "cur_rank": 0
} 
[2026-09-20 00:05:44,040]-[utils.py line:219]:
-------------- environment -------------- 
[2026-09-20 00:05:44,040]-[utils.py line:220]:OS version:   
[2026-09-20 00:05:44,040]-[utils.py line:221]:Kernel version: Windows-10-10.0.26200-SP0 
[2026-09-20 00:05:44,040]-[utils.py line:222]:Python version: 3.10.20 
[2026-09-20 00:05:44,040]-[utils.py line:223]:torch version: 2.11.0+cu128 
[2026-09-20 00:05:44,040]-[utils.py line:224]:cuda version: 12.8 
[2026-09-20 00:05:44,044]-[utils.py line:225]:cuDNN version: 91900 
[2026-09-20 00:05:44,044]-[utils.py line:226]:gpu device count: 1 
[2026-09-20 00:05:44,044]-[utils.py line:231]:gpu device 0: NVIDIA GeForce RTX 5070 Laptop GPU - 8.0GB 
[2026-09-20 00:05:44,166]-[train.py line:62]:Standard protocol audit passed: train=31927, val=4568, test=9129; no split overlap; no test-derived distillation. 
[2026-09-20 00:05:47,378]-[utils.py line:204]:
-------------- parameter info -------------- 
[2026-09-20 00:05:47,378]-[utils.py line:205]:num total params: 14187579 
[2026-09-20 00:05:47,378]-[utils.py line:206]:num tunable params: 14187579 
[2026-09-20 00:05:47,378]-[utils.py line:207]:tunable param ratio: 100.00% 
[2026-09-20 00:05:47,378]-[utils.py line:208]:tunable params: 
[2026-09-20 00:05:47,378]-[utils.py line:209]:[
    "module.audio_projection.weight",
    "module.audio_projection.bias",
    "module.video_projection.weight",
    "module.video_projection.bias",
    "module.patch_projection.weight",
    "module.patch_projection.bias",
    "module.question_projection.weight",
    "module.question_projection.bias",
    "module.prompt_projection.weight",
    "module.prompt_projection.bias",
    "module.evidence_router.norms.0.weight",
    "module.evidence_router.norms.0.bias",
    "module.evidence_router.norms.1.weight",
    "module.evidence_router.norms.1.bias",
    "module.evidence_router.norms.2.weight",
    "module.evidence_router.norms.2.bias",
    "module.evidence_router.norms.3.weight",
    "module.evidence_router.norms.3.bias",
    "module.evidence_router.projections.0.weight",
    "module.evidence_router.projections.0.bias",
    "module.evidence_router.projections.1.weight",
    "module.evidence_router.projections.1.bias",
    "module.evidence_router.projections.2.weight",
    "module.evidence_router.projections.2.bias",
    "module.evidence_router.projections.3.weight",
    "module.evidence_router.projections.3.bias",
    "module.evidence_router.question_gate.0.weight",
    "module.evidence_router.question_gate.0.bias",
    "module.evidence_router.question_gate.1.weight",
    "module.evidence_router.question_gate.1.bias",
    "module.evidence_router.question_gate.3.weight",
    "module.evidence_router.question_gate.3.bias",
    "module.evidence_router.refine.0.weight",
    "module.evidence_router.refine.0.bias",
    "module.evidence_router.refine.1.weight",
    "module.evidence_router.refine.1.bias",
    "module.evidence_router.refine.4.weight",
    "module.evidence_router.refine.4.bias",
    "module.patch_grounder.patch_key.weight",
    "module.patch_grounder.patch_key.bias",
    "module.patch_grounder.audio_query.weight",
    "module.patch_grounder.audio_query.bias",
    "module.patch_grounder.question_query.weight",
    "module.patch_grounder.question_query.bias",
    "module.patch_grounder.value.weight",
    "module.patch_grounder.value.bias",
    "module.patch_grounder.score_gate.0.weight",
    "module.patch_grounder.score_gate.0.bias",
    "module.patch_grounder.score_gate.1.weight",
    "module.patch_grounder.score_gate.1.bias",
    "module.patch_grounder.output.0.weight",
    "module.patch_grounder.output.0.bias",
    "module.patch_grounder.output.2.weight",
    "module.patch_grounder.output.2.bias",
    "module.evidence_norm.weight",
    "module.evidence_norm.bias",
    "module.event_memory.branches.0.0.weight",
    "module.event_memory.branches.0.0.bias",
    "module.event_memory.branches.0.2.weight",
    "module.event_memory.branches.0.2.bias",
    "module.event_memory.branches.1.0.weight",
    "module.event_memory.branches.1.0.bias",
    "module.event_memory.branches.1.2.weight",
    "module.event_memory.branches.1.2.bias",
    "module.event_memory.branches.2.0.weight",
    "module.event_memory.branches.2.0.bias",
    "module.event_memory.branches.2.2.weight",
    "module.event_memory.branches.2.2.bias",
    "module.event_memory.question_queries.0.weight",
    "module.event_memory.question_queries.0.bias",
    "module.event_memory.question_queries.1.weight",
    "module.event_memory.question_queries.1.bias",
    "module.event_memory.question_queries.2.weight",
    "module.event_memory.question_queries.2.bias",
    "module.event_memory.scale_gate.0.weight",
    "module.event_memory.scale_gate.0.bias",
    "module.event_memory.scale_gate.1.weight",
    "module.event_memory.scale_gate.1.bias",
    "module.event_memory.output_norm.weight",
    "module.event_memory.output_norm.bias",
    "module.adaptive_position.strength_bias",
    "module.adaptive_position.strength_gate.0.weight",
    "module.adaptive_position.strength_gate.0.bias",
    "module.adaptive_position.strength_gate.1.weight",
    "module.adaptive_position.strength_gate.1.bias",
    "module.adaptive_position.audio_projection.weight",
    "module.adaptive_position.audio_projection.bias",
    "module.adaptive_position.motion_projection.weight",
    "module.adaptive_position.motion_projection.bias",
    "module.adaptive_position.question_projection.weight",
    "module.adaptive_position.question_projection.bias",
    "module.adaptive_position.relation_projection.weight",
    "module.adaptive_position.relation_projection.bias",
    "module.adaptive_position.phi.0.weight",
    "module.adaptive_position.phi.0.bias",
    "module.adaptive_position.phi.2.weight",
    "module.adaptive_position.phi.2.bias",
    "module.adaptive_position.phi.3.weight",
    "module.adaptive_position.phi.3.bias",
    "module.adaptive_position.time_gate.weight",
    "module.adaptive_position.time_gate.bias",
    "module.temporal_reader.query_tokens",
    "module.temporal_reader.condition.0.weight",
    "module.temporal_reader.condition.0.bias",
    "module.temporal_reader.condition.1.weight",
    "module.temporal_reader.condition.1.bias",
    "module.temporal_reader.attention.in_proj_weight",
    "module.temporal_reader.attention.in_proj_bias",
    "module.temporal_reader.attention.out_proj.weight",
    "module.temporal_reader.attention.out_proj.bias",
    "module.temporal_reader.norm.weight",
    "module.temporal_reader.norm.bias",
    "module.temporal_reader.ffn.0.weight",
    "module.temporal_reader.ffn.0.bias",
    "module.temporal_reader.ffn.3.weight",
    "module.temporal_reader.ffn.3.bias",
    "module.fusion_gate.0.weight",
    "module.fusion_gate.0.bias",
    "module.fusion_gate.1.weight",
    "module.fusion_gate.1.bias",
    "module.fusion_gate.3.weight",
    "module.fusion_gate.3.bias",
    "module.fusion_refine.0.weight",
    "module.fusion_refine.0.bias",
    "module.fusion_refine.1.weight",
    "module.fusion_refine.1.bias",
    "module.fusion_refine.4.weight",
    "module.fusion_refine.4.bias",
    "module.fusion_refine.5.weight",
    "module.fusion_refine.5.bias",
    "module.answer_head.weight",
    "module.answer_head.bias"
] 
[2026-09-20 00:05:47,379]-[trainutils.py line:220]:
-------------- optimizer info -------------- 
[2026-09-20 00:05:47,379]-[trainutils.py line:221]:Learning rate: 0.0001 
[2026-09-20 00:05:47,379]-[trainutils.py line:222]:Betas: (0.9, 0.999) 
[2026-09-20 00:05:47,379]-[trainutils.py line:223]:Eps: 1e-08 
[2026-09-20 00:05:47,379]-[trainutils.py line:224]:Weight decay: 0.0002 
[2026-09-20 00:05:47,394]-[train.py line:102]:
-------------- training epoch 1 -------------- 
[2026-09-20 00:05:48,543]-[trainutils.py line:416]:[EST:   25.44m][Process Time:    0.93s]- Epoch: 1 [0000/1330 (  0%)]	Losses: ce_loss-4.2861(4.2861) loss_tacl-0.0000(0.0000) loss_sacl-0.0112(0.0112) loss_event-0.0190(0.0190) loss_evidence-0.0171(0.0171) loss_query_diversity-0.0044(0.0044) loss_position-0.0000(0.0000) total_loss-4.2861(4.2861) 
[2026-09-20 00:06:09,689]-[trainutils.py line:416]:[EST:    4.52m][Process Time:    0.05s]- Epoch: 1 [0100/1330 (  8%)]	Losses: ce_loss-3.7370(3.9149) loss_tacl-0.0000(0.0000) loss_sacl-0.0114(0.0113) loss_event-0.0191(0.0197) loss_evidence-0.0133(0.0139) loss_query_diversity-0.0044(0.0044) loss_position-0.0000(0.0000) total_loss-3.7370(3.9149) 
[2026-09-20 00:06:31,129]-[trainutils.py line:416]:[EST:    4.09m][Process Time:    0.05s]- Epoch: 1 [0200/1330 ( 15%)]	Losses: ce_loss-3.4289(3.6156) loss_tacl-0.0000(0.0000) loss_sacl-0.0114(0.0114) loss_event-0.0175(0.0189) loss_evidence-0.0150(0.0123) loss_query_diversity-0.0044(0.0044) loss_position-0.0000(0.0000) total_loss-3.4289(3.6156) 
[2026-09-20 00:06:52,382]-[trainutils.py line:416]:[EST:    3.70m][Process Time:    0.04s]- Epoch: 1 [0300/1330 ( 23%)]	Losses: ce_loss-3.1457(3.3889) loss_tacl-0.0000(0.0000) loss_sacl-0.0116(0.0114) loss_event-0.0143(0.0180) loss_evidence-0.0086(0.0110) loss_query_diversity-0.0044(0.0044) loss_position-0.0000(0.0000) total_loss-3.1457(3.3889) 
[2026-09-20 00:07:12,991]-[trainutils.py line:416]:[EST:    3.30m][Process Time:    0.04s]- Epoch: 1 [0400/1330 ( 30%)]	Losses: ce_loss-2.8165(3.2161) loss_tacl-0.0000(0.0000) loss_sacl-0.0116(0.0115) loss_event-0.0153(0.0172) loss_evidence-0.0060(0.0098) loss_query_diversity-0.0044(0.0044) loss_position-0.0000(0.0000) total_loss-2.8165(3.2161) 
[2026-09-20 00:07:33,474]-[trainutils.py line:416]:[EST:    2.93m][Process Time:    0.06s]- Epoch: 1 [0500/1330 ( 38%)]	Losses: ce_loss-2.5380(3.0938) loss_tacl-0.0000(0.0000) loss_sacl-0.0117(0.0115) loss_event-0.0145(0.0165) loss_evidence-0.0057(0.0081) loss_query_diversity-0.0044(0.0044) loss_position-0.0000(0.0000) total_loss-2.5380(3.0938) 
[2026-09-20 00:07:54,004]-[trainutils.py line:416]:[EST:    2.56m][Process Time:    0.04s]- Epoch: 1 [0600/1330 ( 45%)]	Losses: ce_loss-2.4598(3.0038) loss_tacl-0.0000(0.0000) loss_sacl-0.0118(0.0116) loss_event-0.0135(0.0159) loss_evidence-0.0079(0.0067) loss_query_diversity-0.0044(0.0044) loss_position-0.0000(0.0000) total_loss-2.4598(3.0038) 
[2026-09-20 00:08:14,325]-[trainutils.py line:416]:[EST:    2.20m][Process Time:    0.05s]- Epoch: 1 [0700/1330 ( 53%)]	Losses: ce_loss-2.0108(2.9206) loss_tacl-0.0000(0.0000) loss_sacl-0.0120(0.0116) loss_event-0.0123(0.0155) loss_evidence-0.0055(0.0058) loss_query_diversity-0.0044(0.0044) loss_position-0.0000(0.0000) total_loss-2.0108(2.9206) 
[2026-09-20 00:08:34,688]-[trainutils.py line:416]:[EST:    1.84m][Process Time:    0.06s]- Epoch: 1 [0800/1330 ( 60%)]	Losses: ce_loss-2.1291(2.8447) loss_tacl-0.0000(0.0000) loss_sacl-0.0119(0.0117) loss_event-0.0122(0.0151) loss_evidence-0.0035(0.0051) loss_query_diversity-0.0044(0.0044) loss_position-0.0000(0.0000) total_loss-2.1291(2.8447) 
[2026-09-20 00:08:55,057]-[trainutils.py line:416]:[EST:    1.49m][Process Time:    0.04s]- Epoch: 1 [0900/1330 ( 68%)]	Losses: ce_loss-2.3946(2.7800) loss_tacl-0.0000(0.0000) loss_sacl-0.0120(0.0117) loss_event-0.0125(0.0147) loss_evidence-0.0051(0.0045) loss_query_diversity-0.0044(0.0044) loss_position-0.0000(0.0000) total_loss-2.3946(2.7800) 
[2026-09-20 00:09:15,500]-[trainutils.py line:416]:[EST:    1.14m][Process Time:    0.05s]- Epoch: 1 [1000/1330 ( 75%)]	Losses: ce_loss-2.2637(2.7252) loss_tacl-0.0000(0.0000) loss_sacl-0.0121(0.0117) loss_event-0.0117(0.0145) loss_evidence-0.0040(0.0041) loss_query_diversity-0.0044(0.0044) loss_position-0.0000(0.0000) total_loss-2.2637(2.7252) 
[2026-09-20 00:09:35,827]-[trainutils.py line:416]:[EST:    0.79m][Process Time:    0.04s]- Epoch: 1 [1100/1330 ( 83%)]	Losses: ce_loss-2.1117(2.6717) loss_tacl-0.0000(0.0000) loss_sacl-0.0121(0.0117) loss_event-0.0111(0.0142) loss_evidence-0.0094(0.0037) loss_query_diversity-0.0044(0.0044) loss_position-0.0000(0.0000) total_loss-2.1117(2.6717) 
[2026-09-20 00:09:56,262]-[trainutils.py line:416]:[EST:    0.45m][Process Time:    0.06s]- Epoch: 1 [1200/1330 ( 90%)]	Losses: ce_loss-2.0444(2.6206) loss_tacl-0.0000(0.0000) loss_sacl-0.0120(0.0118) loss_event-0.0111(0.0140) loss_evidence-0.0033(0.0034) loss_query_diversity-0.0044(0.0044) loss_position-0.0000(0.0000) total_loss-2.0444(2.6206) 
[2026-09-20 00:10:16,788]-[trainutils.py line:416]:[EST:    0.10m][Process Time:    0.05s]- Epoch: 1 [1300/1330 ( 98%)]	Losses: ce_loss-2.0630(2.5706) loss_tacl-0.0000(0.0000) loss_sacl-0.0120(0.0118) loss_event-0.0113(0.0137) loss_evidence-0.0016(0.0031) loss_query_diversity-0.0044(0.0044) loss_position-0.0000(0.0000) total_loss-2.0630(2.5706) 
[2026-09-20 00:10:22,805]-[trainutils.py line:416]:[EST:   -0.00m][Process Time:    0.06s]- Epoch: 1 [1330/1330 (100%)]	Losses: ce_loss-1.9149(2.5571) loss_tacl-0.0000(0.0000) loss_sacl-0.0121(0.0118) loss_event-0.0104(0.0137) loss_evidence-0.0035(0.0031) loss_query_diversity-0.0044(0.0044) loss_position-0.0000(0.0000) total_loss-1.9149(2.5571) 
[2026-09-20 00:10:23,355]-[train.py line:106]:
-------------- validation epoch 1 -------------- 
[2026-09-20 00:10:23,742]-[trainutils.py line:461]:Test progress:   0/95 
[2026-09-20 00:10:54,568]-[trainutils.py line:461]:Test progress:  95/95 
[2026-09-20 00:10:54,568]-[trainutils.py line:492]:Epoch 1 -           Audio/Counting accuracy: 66.93(342/511) 
[2026-09-20 00:10:54,569]-[trainutils.py line:492]:Epoch 1 -        Audio/Comparative accuracy: 54.92(162/295) 
[2026-09-20 00:10:54,569]-[trainutils.py line:497]:Epoch 1 -                    Audio accuracy: 62.53(504/806) 
[2026-09-20 00:10:54,569]-[trainutils.py line:492]:Epoch 1 -          Visual/Counting accuracy: 54.67(328/600) 
[2026-09-20 00:10:54,569]-[trainutils.py line:492]:Epoch 1 -          Visual/Location accuracy: 15.66(96/613) 
[2026-09-20 00:10:54,569]-[trainutils.py line:497]:Epoch 1 -                   Visual accuracy: 34.95(424/1213) 
[2026-09-20 00:10:54,569]-[trainutils.py line:492]:Epoch 1 - Audio-Visual/Existential accuracy: 78.79(390/495) 
[2026-09-20 00:10:54,570]-[trainutils.py line:492]:Epoch 1 -    Audio-Visual/Counting accuracy: 52.29(331/633) 
[2026-09-20 00:10:54,570]-[trainutils.py line:492]:Epoch 1 -    Audio-Visual/Location accuracy: 14.97(69/461) 
[2026-09-20 00:10:54,570]-[trainutils.py line:492]:Epoch 1 - Audio-Visual/Comparative accuracy: 57.19(314/549) 
[2026-09-20 00:10:54,570]-[trainutils.py line:492]:Epoch 1 -    Audio-Visual/Temporal accuracy: 0.00(0/411) 
[2026-09-20 00:10:54,570]-[trainutils.py line:497]:Epoch 1 -             Audio-Visual accuracy: 43.31(1104/2549) 
[2026-09-20 00:10:54,570]-[trainutils.py line:501]:Epoch 1 -                    Total accuracy: 44.48(2032/4568) 
[2026-09-20 00:10:54,596]-[train.py line:151]:best model saved at epoch 1 with acc 44.483362521891415 (raw) 
[2026-09-20 00:10:54,644]-[train.py line:167]:Epoch 1 done with 44.48 and loss 1.89062. 
[2026-09-20 00:10:54,644]-[train.py line:168]:At epoch1 best acc: 44.48. 
[2026-09-20 00:10:54,644]-[train.py line:102]:
-------------- training epoch 2 -------------- 
[2026-09-20 00:10:54,848]-[trainutils.py line:416]:[EST:    4.46m][Process Time:    0.05s]- Epoch: 2 [0000/1330 (  0%)]	Losses: ce_loss-1.7962(1.7962) loss_tacl-0.0001(0.0001) loss_sacl-0.0241(0.0241) loss_event-0.0115(0.0115) loss_evidence-0.0035(0.0035) loss_query_diversity-0.0044(0.0044) loss_position-0.0000(0.0000) total_loss-1.7962(1.7962) 
[2026-09-20 00:11:15,097]-[trainutils.py line:416]:[EST:    4.15m][Process Time:    0.05s]- Epoch: 2 [0100/1330 (  8%)]	Losses: ce_loss-1.1870(1.4858) loss_tacl-0.0001(0.0001) loss_sacl-0.0231(0.0237) loss_event-0.0096(0.0103) loss_evidence-0.0000(0.0017) loss_query_diversity-0.0044(0.0044) loss_position-0.0000(0.0000) total_loss-1.1870(1.4858) 
[2026-09-20 00:11:35,467]-[trainutils.py line:416]:[EST:    3.82m][Process Time:    0.06s]- Epoch: 2 [0200/1330 ( 15%)]	Losses: ce_loss-1.3129(1.2787) loss_tacl-0.0001(0.0001) loss_sacl-0.0209(0.0228) loss_event-0.0077(0.0085) loss_evidence-0.0000(0.0011) loss_query_diversity-0.0044(0.0044) loss_position-0.0000(0.0000) total_loss-1.3129(1.2787) 
[2026-09-20 00:11:55,841]-[trainutils.py line:416]:[EST:    3.49m][Process Time:    0.05s]- Epoch: 2 [0300/1330 ( 23%)]	Losses: ce_loss-0.6999(1.1852) loss_tacl-0.0001(0.0001) loss_sacl-0.0190(0.0220) loss_event-0.0043(0.0078) loss_evidence-0.0000(0.0009) loss_query_diversity-0.0044(0.0044) loss_position-0.0000(0.0000) total_loss-0.6999(1.1852) 
[2026-09-20 00:12:16,133]-[trainutils.py line:416]:[EST:    3.15m][Process Time:    0.05s]- Epoch: 2 [0400/1330 ( 30%)]	Losses: ce_loss-0.8381(1.1157) loss_tacl-0.0001(0.0001) loss_sacl-0.0179(0.0212) loss_event-0.0065(0.0073) loss_evidence-0.0003(0.0008) loss_query_diversity-0.0044(0.0044) loss_position-0.0000(0.0000) total_loss-0.8381(1.1157) 
[2026-09-20 00:12:36,442]-[trainutils.py line:416]:[EST:    2.81m][Process Time:    0.05s]- Epoch: 2 [0500/1330 ( 38%)]	Losses: ce_loss-0.7171(1.0647) loss_tacl-0.0001(0.0001) loss_sacl-0.0160(0.0204) loss_event-0.0060(0.0070) loss_evidence-0.0000(0.0007) loss_query_diversity-0.0044(0.0044) loss_position-0.0000(0.0000) total_loss-0.7171(1.0647) 
[2026-09-20 00:12:56,611]-[trainutils.py line:416]:[EST:    2.47m][Process Time:    0.05s]- Epoch: 2 [0600/1330 ( 45%)]	Losses: ce_loss-0.4574(1.0238) loss_tacl-0.0001(0.0001) loss_sacl-0.0161(0.0197) loss_event-0.0057(0.0067) loss_evidence-0.0016(0.0008) loss_query_diversity-0.0044(0.0044) loss_position-0.0000(0.0000) total_loss-0.4574(1.0238) 
[2026-09-20 00:13:16,784]-[trainutils.py line:416]:[EST:    2.13m][Process Time:    0.05s]- Epoch: 2 [0700/1330 ( 53%)]	Losses: ce_loss-0.6152(0.9973) loss_tacl-0.0001(0.0001) loss_sacl-0.0159(0.0190) loss_event-0.0059(0.0066) loss_evidence-0.0000(0.0008) loss_query_diversity-0.0044(0.0044) loss_position-0.0000(0.0000) total_loss-0.6152(0.9973) 
[2026-09-20 00:13:37,078]-[trainutils.py line:416]:[EST:    1.79m][Process Time:    0.05s]- Epoch: 2 [0800/1330 ( 60%)]	Losses: ce_loss-0.9696(0.9738) loss_tacl-0.0001(0.0001) loss_sacl-0.0129(0.0184) loss_event-0.0052(0.0064) loss_evidence-0.0000(0.0007) loss_query_diversity-0.0044(0.0044) loss_position-0.0000(0.0000) total_loss-0.9696(0.9738) 
[2026-09-20 00:13:57,315]-[trainutils.py line:416]:[EST:    1.45m][Process Time:    0.04s]- Epoch: 2 [0900/1330 ( 68%)]	Losses: ce_loss-0.9931(0.9531) loss_tacl-0.0001(0.0001) loss_sacl-0.0139(0.0179) loss_event-0.0063(0.0063) loss_evidence-0.0000(0.0007) loss_query_diversity-0.0044(0.0044) loss_position-0.0000(0.0000) total_loss-0.9931(0.9531) 
[2026-09-20 00:14:17,673]-[trainutils.py line:416]:[EST:    1.11m][Process Time:    0.04s]- Epoch: 2 [1000/1330 ( 75%)]	Losses: ce_loss-0.8385(0.9355) loss_tacl-0.0001(0.0001) loss_sacl-0.0106(0.0174) loss_event-0.0045(0.0062) loss_evidence-0.0000(0.0006) loss_query_diversity-0.0044(0.0044) loss_position-0.0000(0.0000) total_loss-0.8385(0.9355) 
[2026-09-20 00:14:37,892]-[trainutils.py line:416]:[EST:    0.77m][Process Time:    0.05s]- Epoch: 2 [1100/1330 ( 83%)]	Losses: ce_loss-0.6180(0.9200) loss_tacl-0.0001(0.0001) loss_sacl-0.0131(0.0170) loss_event-0.0059(0.0061) loss_evidence-0.0000(0.0006) loss_query_diversity-0.0044(0.0044) loss_position-0.0000(0.0000) total_loss-0.6180(0.9200) 
[2026-09-20 00:14:58,617]-[trainutils.py line:416]:[EST:    0.44m][Process Time:    0.04s]- Epoch: 2 [1200/1330 ( 90%)]	Losses: ce_loss-0.6822(0.9074) loss_tacl-0.0001(0.0001) loss_sacl-0.0108(0.0165) loss_event-0.0047(0.0061) loss_evidence-0.0000(0.0006) loss_query_diversity-0.0044(0.0044) loss_position-0.0000(0.0000) total_loss-0.6822(0.9074) 
[2026-09-20 00:15:18,966]-[trainutils.py line:416]:[EST:    0.10m][Process Time:    0.04s]- Epoch: 2 [1300/1330 ( 98%)]	Losses: ce_loss-0.9921(0.8973) loss_tacl-0.0001(0.0001) loss_sacl-0.0126(0.0162) loss_event-0.0054(0.0060) loss_evidence-0.0009(0.0005) loss_query_diversity-0.0044(0.0044) loss_position-0.0000(0.0000) total_loss-0.9921(0.8973) 
[2026-09-20 00:15:24,975]-[trainutils.py line:416]:[EST:   -0.00m][Process Time:    0.05s]- Epoch: 2 [1330/1330 (100%)]	Losses: ce_loss-1.1295(0.8942) loss_tacl-0.0001(0.0001) loss_sacl-0.0151(0.0161) loss_event-0.0054(0.0060) loss_evidence-0.0000(0.0005) loss_query_diversity-0.0044(0.0044) loss_position-0.0000(0.0000) total_loss-1.1295(0.8942) 
[2026-09-20 00:15:25,505]-[train.py line:106]:
-------------- validation epoch 2 -------------- 
[2026-09-20 00:15:25,833]-[trainutils.py line:461]:Test progress:   0/95 
[2026-09-20 00:15:56,483]-[trainutils.py line:461]:Test progress:  95/95 
[2026-09-20 00:15:56,484]-[trainutils.py line:492]:Epoch 2 -           Audio/Counting accuracy: 79.26(405/511) 
[2026-09-20 00:15:56,484]-[trainutils.py line:492]:Epoch 2 -        Audio/Comparative accuracy: 58.98(174/295) 
[2026-09-20 00:15:56,484]-[trainutils.py line:497]:Epoch 2 -                    Audio accuracy: 71.84(579/806) 
[2026-09-20 00:15:56,484]-[trainutils.py line:492]:Epoch 2 -          Visual/Counting accuracy: 70.00(420/600) 
[2026-09-20 00:15:56,484]-[trainutils.py line:492]:Epoch 2 -          Visual/Location accuracy: 84.18(516/613) 
[2026-09-20 00:15:56,485]-[trainutils.py line:497]:Epoch 2 -                   Visual accuracy: 77.16(936/1213) 
[2026-09-20 00:15:56,485]-[trainutils.py line:492]:Epoch 2 - Audio-Visual/Existential accuracy: 79.80(395/495) 
[2026-09-20 00:15:56,485]-[trainutils.py line:492]:Epoch 2 -    Audio-Visual/Counting accuracy: 68.88(436/633) 
[2026-09-20 00:15:56,485]-[trainutils.py line:492]:Epoch 2 -    Audio-Visual/Location accuracy: 61.39(283/461) 
[2026-09-20 00:15:56,485]-[trainutils.py line:492]:Epoch 2 - Audio-Visual/Comparative accuracy: 58.47(321/549) 
[2026-09-20 00:15:56,485]-[trainutils.py line:492]:Epoch 2 -    Audio-Visual/Temporal accuracy: 68.61(282/411) 
[2026-09-20 00:15:56,487]-[trainutils.py line:497]:Epoch 2 -             Audio-Visual accuracy: 67.36(1717/2549) 
[2026-09-20 00:15:56,487]-[trainutils.py line:501]:Epoch 2 -                    Total accuracy: 70.75(3232/4568) 
[2026-09-20 00:15:56,857]-[trainutils.py line:461]:Test progress:   0/95 
[2026-09-20 00:16:26,935]-[trainutils.py line:461]:Test progress:  95/95 
[2026-09-20 00:16:26,935]-[trainutils.py line:492]:Epoch 2 -           Audio/Counting accuracy: 73.97(378/511) 
[2026-09-20 00:16:26,936]-[trainutils.py line:492]:Epoch 2 -        Audio/Comparative accuracy: 56.61(167/295) 
[2026-09-20 00:16:26,936]-[trainutils.py line:497]:Epoch 2 -                    Audio accuracy: 67.62(545/806) 
[2026-09-20 00:16:26,936]-[trainutils.py line:492]:Epoch 2 -          Visual/Counting accuracy: 65.50(393/600) 
[2026-09-20 00:16:26,936]-[trainutils.py line:492]:Epoch 2 -          Visual/Location accuracy: 81.24(498/613) 
[2026-09-20 00:16:26,936]-[trainutils.py line:497]:Epoch 2 -                   Visual accuracy: 73.45(891/1213) 
[2026-09-20 00:16:26,936]-[trainutils.py line:492]:Epoch 2 - Audio-Visual/Existential accuracy: 80.20(397/495) 
[2026-09-20 00:16:26,936]-[trainutils.py line:492]:Epoch 2 -    Audio-Visual/Counting accuracy: 64.93(411/633) 
[2026-09-20 00:16:26,936]-[trainutils.py line:492]:Epoch 2 -    Audio-Visual/Location accuracy: 59.87(276/461) 
[2026-09-20 00:16:26,936]-[trainutils.py line:492]:Epoch 2 - Audio-Visual/Comparative accuracy: 58.65(322/549) 
[2026-09-20 00:16:26,938]-[trainutils.py line:492]:Epoch 2 -    Audio-Visual/Temporal accuracy: 65.69(270/411) 
[2026-09-20 00:16:26,938]-[trainutils.py line:497]:Epoch 2 -             Audio-Visual accuracy: 65.75(1676/2549) 
[2026-09-20 00:16:26,938]-[trainutils.py line:501]:Epoch 2 -                    Total accuracy: 68.13(3112/4568) 
[2026-09-20 00:16:26,964]-[train.py line:151]:best model saved at epoch 2 with acc 70.75306479859896 (raw) 
[2026-09-20 00:16:27,006]-[train.py line:167]:Epoch 2 done with 70.75 and loss 0.69141. 
[2026-09-20 00:16:27,006]-[train.py line:168]:At epoch2 best acc: 70.75. 
[2026-09-20 00:16:27,007]-[train.py line:102]:
-------------- training epoch 3 -------------- 
[2026-09-20 00:16:27,211]-[trainutils.py line:416]:[EST:    4.52m][Process Time:    0.04s]- Epoch: 3 [0000/1330 (  0%)]	Losses: ce_loss-0.6017(0.6017) loss_tacl-0.0001(0.0001) loss_sacl-0.0143(0.0143) loss_event-0.0046(0.0046) loss_evidence-0.0005(0.0005) loss_query_diversity-0.0044(0.0044) loss_position-0.0000(0.0000) total_loss-0.6017(0.6017) 
[2026-09-20 00:16:47,479]-[trainutils.py line:416]:[EST:    4.15m][Process Time:    0.05s]- Epoch: 3 [0100/1330 (  8%)]	Losses: ce_loss-0.8013(0.7161) loss_tacl-0.0001(0.0001) loss_sacl-0.0176(0.0181) loss_event-0.0048(0.0056) loss_evidence-0.0000(0.0004) loss_query_diversity-0.0044(0.0044) loss_position-0.0000(0.0000) total_loss-0.8013(0.7161) 
[2026-09-20 00:17:08,520]-[trainutils.py line:416]:[EST:    3.89m][Process Time:    0.05s]- Epoch: 3 [0200/1330 ( 15%)]	Losses: ce_loss-0.6002(0.6925) loss_tacl-0.0001(0.0001) loss_sacl-0.0144(0.0172) loss_event-0.0044(0.0053) loss_evidence-0.0000(0.0003) loss_query_diversity-0.0044(0.0044) loss_position-0.0000(0.0000) total_loss-0.6002(0.6925) 
[2026-09-20 00:17:29,368]-[trainutils.py line:416]:[EST:    3.55m][Process Time:    0.05s]- Epoch: 3 [0300/1330 ( 23%)]	Losses: ce_loss-0.8883(0.6907) loss_tacl-0.0001(0.0001) loss_sacl-0.0144(0.0166) loss_event-0.0046(0.0051) loss_evidence-0.0007(0.0003) loss_query_diversity-0.0044(0.0044) loss_position-0.0000(0.0000) total_loss-0.8883(0.6907) 
[2026-09-20 00:17:49,871]-[trainutils.py line:416]:[EST:    3.20m][Process Time:    0.05s]- Epoch: 3 [0400/1330 ( 30%)]	Losses: ce_loss-0.6407(0.6867) loss_tacl-0.0001(0.0001) loss_sacl-0.0145(0.0162) loss_event-0.0046(0.0050) loss_evidence-0.0000(0.0003) loss_query_diversity-0.0043(0.0044) loss_position-0.0000(0.0000) total_loss-0.6407(0.6867) 
[2026-09-20 00:18:10,188]-[trainutils.py line:416]:[EST:    2.85m][Process Time:    0.05s]- Epoch: 3 [0500/1330 ( 38%)]	Losses: ce_loss-0.7018(0.6866) loss_tacl-0.0001(0.0001) loss_sacl-0.0140(0.0159) loss_event-0.0037(0.0050) loss_evidence-0.0000(0.0003) loss_query_diversity-0.0044(0.0044) loss_position-0.0000(0.0000) total_loss-0.7018(0.6866) 
[2026-09-20 00:18:30,590]-[trainutils.py line:416]:[EST:    2.50m][Process Time:    0.05s]- Epoch: 3 [0600/1330 ( 45%)]	Losses: ce_loss-1.2054(0.6899) loss_tacl-0.0001(0.0001) loss_sacl-0.0135(0.0158) loss_event-0.0045(0.0050) loss_evidence-0.0000(0.0003) loss_query_diversity-0.0044(0.0044) loss_position-0.0000(0.0000) total_loss-1.2054(0.6899) 
[2026-09-20 00:18:50,981]-[trainutils.py line:416]:[EST:    2.15m][Process Time:    0.05s]- Epoch: 3 [0700/1330 ( 53%)]	Losses: ce_loss-1.0995(0.6877) loss_tacl-0.0001(0.0001) loss_sacl-0.0126(0.0158) loss_event-0.0044(0.0051) loss_evidence-0.0000(0.0003) loss_query_diversity-0.0044(0.0044) loss_position-0.0000(0.0000) total_loss-1.0995(0.6877) 
[2026-09-20 00:19:11,409]-[trainutils.py line:416]:[EST:    1.81m][Process Time:    0.05s]- Epoch: 3 [0800/1330 ( 60%)]	Losses: ce_loss-0.6819(0.6872) loss_tacl-0.0001(0.0001) loss_sacl-0.0155(0.0156) loss_event-0.0049(0.0050) loss_evidence-0.0000(0.0003) loss_query_diversity-0.0043(0.0044) loss_position-0.0000(0.0000) total_loss-0.6819(0.6872) 
[2026-09-20 00:19:31,723]-[trainutils.py line:416]:[EST:    1.47m][Process Time:    0.06s]- Epoch: 3 [0900/1330 ( 68%)]	Losses: ce_loss-0.8134(0.6802) loss_tacl-0.0001(0.0001) loss_sacl-0.0126(0.0155) loss_event-0.0053(0.0050) loss_evidence-0.0000(0.0003) loss_query_diversity-0.0044(0.0044) loss_position-0.0000(0.0000) total_loss-0.8134(0.6802) 
[2026-09-20 00:19:52,231]-[trainutils.py line:416]:[EST:    1.12m][Process Time:    0.05s]- Epoch: 3 [1000/1330 ( 75%)]	Losses: ce_loss-0.4794(0.6814) loss_tacl-0.0001(0.0001) loss_sacl-0.0157(0.0154) loss_event-0.0057(0.0050) loss_evidence-0.0000(0.0003) loss_query_diversity-0.0044(0.0044) loss_position-0.0000(0.0000) total_loss-0.4794(0.6814) 
[2026-09-20 00:20:12,617]-[trainutils.py line:416]:[EST:    0.78m][Process Time:    0.05s]- Epoch: 3 [1100/1330 ( 83%)]	Losses: ce_loss-0.6806(0.6796) loss_tacl-0.0001(0.0001) loss_sacl-0.0136(0.0153) loss_event-0.0054(0.0050) loss_evidence-0.0013(0.0003) loss_query_diversity-0.0043(0.0044) loss_position-0.0000(0.0000) total_loss-0.6806(0.6796) 
[2026-09-20 00:20:32,908]-[trainutils.py line:416]:[EST:    0.44m][Process Time:    0.04s]- Epoch: 3 [1200/1330 ( 90%)]	Losses: ce_loss-0.6998(0.6782) loss_tacl-0.0001(0.0001) loss_sacl-0.0134(0.0152) loss_event-0.0046(0.0049) loss_evidence-0.0000(0.0003) loss_query_diversity-0.0043(0.0044) loss_position-0.0000(0.0000) total_loss-0.6998(0.6782) 
[2026-09-20 00:20:53,305]-[trainutils.py line:416]:[EST:    0.10m][Process Time:    0.05s]- Epoch: 3 [1300/1330 ( 98%)]	Losses: ce_loss-0.5581(0.6761) loss_tacl-0.0001(0.0001) loss_sacl-0.0108(0.0150) loss_event-0.0035(0.0049) loss_evidence-0.0000(0.0003) loss_query_diversity-0.0043(0.0044) loss_position-0.0000(0.0000) total_loss-0.5581(0.6761) 
[2026-09-20 00:20:59,455]-[trainutils.py line:416]:[EST:   -0.00m][Process Time:    0.05s]- Epoch: 3 [1330/1330 (100%)]	Losses: ce_loss-0.3718(0.6749) loss_tacl-0.0001(0.0001) loss_sacl-0.0124(0.0150) loss_event-0.0043(0.0049) loss_evidence-0.0000(0.0003) loss_query_diversity-0.0043(0.0044) loss_position-0.0000(0.0000) total_loss-0.3718(0.6749) 
[2026-09-20 00:20:59,995]-[train.py line:106]:
-------------- validation epoch 3 -------------- 
[2026-09-20 00:21:00,307]-[trainutils.py line:461]:Test progress:   0/95 
[2026-09-20 00:21:31,924]-[trainutils.py line:461]:Test progress:  95/95 
[2026-09-20 00:21:31,924]-[trainutils.py line:492]:Epoch 3 -           Audio/Counting accuracy: 80.82(413/511) 
[2026-09-20 00:21:31,925]-[trainutils.py line:492]:Epoch 3 -        Audio/Comparative accuracy: 54.58(161/295) 
[2026-09-20 00:21:31,925]-[trainutils.py line:497]:Epoch 3 -                    Audio accuracy: 71.22(574/806) 
[2026-09-20 00:21:31,925]-[trainutils.py line:492]:Epoch 3 -          Visual/Counting accuracy: 74.50(447/600) 
[2026-09-20 00:21:31,925]-[trainutils.py line:492]:Epoch 3 -          Visual/Location accuracy: 82.71(507/613) 
[2026-09-20 00:21:31,925]-[trainutils.py line:497]:Epoch 3 -                   Visual accuracy: 78.65(954/1213) 
[2026-09-20 00:21:31,925]-[trainutils.py line:492]:Epoch 3 - Audio-Visual/Existential accuracy: 82.63(409/495) 
[2026-09-20 00:21:31,926]-[trainutils.py line:492]:Epoch 3 -    Audio-Visual/Counting accuracy: 71.41(452/633) 
[2026-09-20 00:21:31,926]-[trainutils.py line:492]:Epoch 3 -    Audio-Visual/Location accuracy: 61.17(282/461) 
[2026-09-20 00:21:31,926]-[trainutils.py line:492]:Epoch 3 - Audio-Visual/Comparative accuracy: 56.28(309/549) 
[2026-09-20 00:21:31,926]-[trainutils.py line:492]:Epoch 3 -    Audio-Visual/Temporal accuracy: 73.48(302/411) 
[2026-09-20 00:21:31,926]-[trainutils.py line:497]:Epoch 3 -             Audio-Visual accuracy: 68.81(1754/2549) 
[2026-09-20 00:21:31,927]-[trainutils.py line:501]:Epoch 3 -                    Total accuracy: 71.85(3282/4568) 
[2026-09-20 00:21:32,269]-[trainutils.py line:461]:Test progress:   0/95 
[2026-09-20 00:22:02,546]-[trainutils.py line:461]:Test progress:  95/95 
[2026-09-20 00:22:02,546]-[trainutils.py line:492]:Epoch 3 -           Audio/Counting accuracy: 76.91(393/511) 
[2026-09-20 00:22:02,547]-[trainutils.py line:492]:Epoch 3 -        Audio/Comparative accuracy: 60.68(179/295) 
[2026-09-20 00:22:02,547]-[trainutils.py line:497]:Epoch 3 -                    Audio accuracy: 70.97(572/806) 
[2026-09-20 00:22:02,547]-[trainutils.py line:492]:Epoch 3 -          Visual/Counting accuracy: 70.17(421/600) 
[2026-09-20 00:22:02,547]-[trainutils.py line:492]:Epoch 3 -          Visual/Location accuracy: 85.15(522/613) 
[2026-09-20 00:22:02,547]-[trainutils.py line:497]:Epoch 3 -                   Visual accuracy: 77.74(943/1213) 
[2026-09-20 00:22:02,547]-[trainutils.py line:492]:Epoch 3 - Audio-Visual/Existential accuracy: 82.02(406/495) 
[2026-09-20 00:22:02,548]-[trainutils.py line:492]:Epoch 3 -    Audio-Visual/Counting accuracy: 69.98(443/633) 
[2026-09-20 00:22:02,548]-[trainutils.py line:492]:Epoch 3 -    Audio-Visual/Location accuracy: 67.46(311/461) 
[2026-09-20 00:22:02,548]-[trainutils.py line:492]:Epoch 3 - Audio-Visual/Comparative accuracy: 61.20(336/549) 
[2026-09-20 00:22:02,548]-[trainutils.py line:492]:Epoch 3 -    Audio-Visual/Temporal accuracy: 72.51(298/411) 
[2026-09-20 00:22:02,548]-[trainutils.py line:497]:Epoch 3 -             Audio-Visual accuracy: 70.38(1794/2549) 
[2026-09-20 00:22:02,548]-[trainutils.py line:501]:Epoch 3 -                    Total accuracy: 72.44(3309/4568) 
[2026-09-20 00:22:02,588]-[train.py line:151]:best model saved at epoch 3 with acc 72.43870402802102 (ema) 
[2026-09-20 00:22:02,627]-[train.py line:167]:Epoch 3 done with 72.44 and loss 0.63672. 
[2026-09-20 00:22:02,627]-[train.py line:168]:At epoch3 best acc: 72.44. 
[2026-09-20 00:22:02,627]-[train.py line:102]:
-------------- training epoch 4 -------------- 
[2026-09-20 00:22:02,837]-[trainutils.py line:416]:[EST:    4.60m][Process Time:    0.05s]- Epoch: 4 [0000/1330 (  0%)]	Losses: ce_loss-0.7675(0.7675) loss_tacl-0.0001(0.0001) loss_sacl-0.0148(0.0148) loss_event-0.0050(0.0050) loss_evidence-0.0000(0.0000) loss_query_diversity-0.0043(0.0043) loss_position-0.0000(0.0000) total_loss-0.7675(0.7675) 
[2026-09-20 00:22:22,973]-[trainutils.py line:416]:[EST:    4.13m][Process Time:    0.05s]- Epoch: 4 [0100/1330 (  8%)]	Losses: ce_loss-0.3497(0.5782) loss_tacl-0.0001(0.0001) loss_sacl-0.0164(0.0136) loss_event-0.0059(0.0047) loss_evidence-0.0000(0.0002) loss_query_diversity-0.0043(0.0043) loss_position-0.0000(0.0000) total_loss-0.3497(0.5782) 
[2026-09-20 00:22:43,324]-[trainutils.py line:416]:[EST:    3.81m][Process Time:    0.05s]- Epoch: 4 [0200/1330 ( 15%)]	Losses: ce_loss-0.5323(0.5823) loss_tacl-0.0001(0.0001) loss_sacl-0.0149(0.0134) loss_event-0.0058(0.0048) loss_evidence-0.0000(0.0002) loss_query_diversity-0.0043(0.0043) loss_position-0.0000(0.0000) total_loss-0.5323(0.5823) 
[2026-09-20 00:23:03,690]-[trainutils.py line:416]:[EST:    3.48m][Process Time:    0.05s]- Epoch: 4 [0300/1330 ( 23%)]	Losses: ce_loss-0.8176(0.5904) loss_tacl-0.0001(0.0001) loss_sacl-0.0127(0.0134) loss_event-0.0054(0.0048) loss_evidence-0.0000(0.0002) loss_query_diversity-0.0043(0.0043) loss_position-0.0000(0.0000) total_loss-0.8176(0.5904) 
[2026-09-20 00:23:23,989]-[trainutils.py line:416]:[EST:    3.14m][Process Time:    0.05s]- Epoch: 4 [0400/1330 ( 30%)]	Losses: ce_loss-0.6469(0.5880) loss_tacl-0.0001(0.0001) loss_sacl-0.0130(0.0133) loss_event-0.0050(0.0048) loss_evidence-0.0000(0.0002) loss_query_diversity-0.0043(0.0043) loss_position-0.0000(0.0000) total_loss-0.6469(0.5880) 
[2026-09-20 00:23:44,340]-[trainutils.py line:416]:[EST:    2.80m][Process Time:    0.05s]- Epoch: 4 [0500/1330 ( 38%)]	Losses: ce_loss-0.7381(0.5824) loss_tacl-0.0001(0.0001) loss_sacl-0.0135(0.0131) loss_event-0.0045(0.0048) loss_evidence-0.0000(0.0002) loss_query_diversity-0.0043(0.0043) loss_position-0.0000(0.0000) total_loss-0.7381(0.5824) 
[2026-09-20 00:24:04,509]-[trainutils.py line:416]:[EST:    2.46m][Process Time:    0.04s]- Epoch: 4 [0600/1330 ( 45%)]	Losses: ce_loss-0.9337(0.5893) loss_tacl-0.0001(0.0001) loss_sacl-0.0116(0.0130) loss_event-0.0048(0.0047) loss_evidence-0.0021(0.0003) loss_query_diversity-0.0043(0.0043) loss_position-0.0000(0.0000) total_loss-0.9337(0.5893) 
[2026-09-20 00:24:26,885]-[trainutils.py line:416]:[EST:    2.16m][Process Time:    0.05s]- Epoch: 4 [0700/1330 ( 53%)]	Losses: ce_loss-0.5489(0.5883) loss_tacl-0.0001(0.0001) loss_sacl-0.0124(0.0129) loss_event-0.0042(0.0047) loss_evidence-0.0000(0.0003) loss_query_diversity-0.0043(0.0043) loss_position-0.0000(0.0000) total_loss-0.5489(0.5883) 
[2026-09-20 00:24:47,210]-[trainutils.py line:416]:[EST:    1.81m][Process Time:    0.05s]- Epoch: 4 [0800/1330 ( 60%)]	Losses: ce_loss-0.5132(0.5876) loss_tacl-0.0001(0.0001) loss_sacl-0.0139(0.0128) loss_event-0.0049(0.0047) loss_evidence-0.0000(0.0003) loss_query_diversity-0.0043(0.0043) loss_position-0.0000(0.0000) total_loss-0.5132(0.5876) 
[2026-09-20 00:25:07,276]-[trainutils.py line:416]:[EST:    1.47m][Process Time:    0.05s]- Epoch: 4 [0900/1330 ( 68%)]	Losses: ce_loss-0.4885(0.5878) loss_tacl-0.0001(0.0001) loss_sacl-0.0115(0.0127) loss_event-0.0032(0.0046) loss_evidence-0.0023(0.0003) loss_query_diversity-0.0043(0.0043) loss_position-0.0000(0.0000) total_loss-0.4885(0.5878) 
[2026-09-20 00:25:27,464]-[trainutils.py line:416]:[EST:    1.12m][Process Time:    0.05s]- Epoch: 4 [1000/1330 ( 75%)]	Losses: ce_loss-0.4842(0.5881) loss_tacl-0.0001(0.0001) loss_sacl-0.0122(0.0127) loss_event-0.0043(0.0046) loss_evidence-0.0000(0.0003) loss_query_diversity-0.0043(0.0043) loss_position-0.0000(0.0000) total_loss-0.4842(0.5881) 
[2026-09-20 00:25:47,455]-[trainutils.py line:416]:[EST:    0.78m][Process Time:    0.04s]- Epoch: 4 [1100/1330 ( 83%)]	Losses: ce_loss-0.7339(0.5878) loss_tacl-0.0001(0.0001) loss_sacl-0.0113(0.0127) loss_event-0.0040(0.0046) loss_evidence-0.0000(0.0003) loss_query_diversity-0.0043(0.0043) loss_position-0.0000(0.0000) total_loss-0.7339(0.5878) 
[2026-09-20 00:26:07,451]-[trainutils.py line:416]:[EST:    0.44m][Process Time:    0.05s]- Epoch: 4 [1200/1330 ( 90%)]	Losses: ce_loss-0.4747(0.5890) loss_tacl-0.0001(0.0001) loss_sacl-0.0123(0.0126) loss_event-0.0045(0.0045) loss_evidence-0.0013(0.0003) loss_query_diversity-0.0043(0.0043) loss_position-0.0000(0.0000) total_loss-0.4747(0.5890) 
[2026-09-20 00:26:27,451]-[trainutils.py line:416]:[EST:    0.10m][Process Time:    0.06s]- Epoch: 4 [1300/1330 ( 98%)]	Losses: ce_loss-0.4308(0.5916) loss_tacl-0.0001(0.0001) loss_sacl-0.0173(0.0126) loss_event-0.0060(0.0045) loss_evidence-0.0000(0.0003) loss_query_diversity-0.0043(0.0043) loss_position-0.0000(0.0000) total_loss-0.4308(0.5916) 
[2026-09-20 00:26:33,252]-[trainutils.py line:416]:[EST:   -0.00m][Process Time:    0.06s]- Epoch: 4 [1330/1330 (100%)]	Losses: ce_loss-0.4817(0.5915) loss_tacl-0.0001(0.0001) loss_sacl-0.0155(0.0126) loss_event-0.0060(0.0045) loss_evidence-0.0000(0.0003) loss_query_diversity-0.0044(0.0043) loss_position-0.0000(0.0000) total_loss-0.4817(0.5915) 
[2026-09-20 00:26:33,792]-[train.py line:106]:
-------------- validation epoch 4 -------------- 
[2026-09-20 00:26:34,129]-[trainutils.py line:461]:Test progress:   0/95 
[2026-09-20 00:27:04,461]-[trainutils.py line:461]:Test progress:  95/95 
[2026-09-20 00:27:04,462]-[trainutils.py line:492]:Epoch 4 -           Audio/Counting accuracy: 85.13(435/511) 
[2026-09-20 00:27:04,462]-[trainutils.py line:492]:Epoch 4 -        Audio/Comparative accuracy: 57.97(171/295) 
[2026-09-20 00:27:04,462]-[trainutils.py line:497]:Epoch 4 -                    Audio accuracy: 75.19(606/806) 
[2026-09-20 00:27:04,462]-[trainutils.py line:492]:Epoch 4 -          Visual/Counting accuracy: 76.50(459/600) 
[2026-09-20 00:27:04,462]-[trainutils.py line:492]:Epoch 4 -          Visual/Location accuracy: 83.20(510/613) 
[2026-09-20 00:27:04,462]-[trainutils.py line:497]:Epoch 4 -                   Visual accuracy: 79.88(969/1213) 
[2026-09-20 00:27:04,462]-[trainutils.py line:492]:Epoch 4 - Audio-Visual/Existential accuracy: 80.40(398/495) 
[2026-09-20 00:27:04,463]-[trainutils.py line:492]:Epoch 4 -    Audio-Visual/Counting accuracy: 72.04(456/633) 
[2026-09-20 00:27:04,463]-[trainutils.py line:492]:Epoch 4 -    Audio-Visual/Location accuracy: 64.86(299/461) 
[2026-09-20 00:27:04,463]-[trainutils.py line:492]:Epoch 4 - Audio-Visual/Comparative accuracy: 58.11(319/549) 
[2026-09-20 00:27:04,463]-[trainutils.py line:492]:Epoch 4 -    Audio-Visual/Temporal accuracy: 71.78(295/411) 
[2026-09-20 00:27:04,463]-[trainutils.py line:497]:Epoch 4 -             Audio-Visual accuracy: 69.32(1767/2549) 
[2026-09-20 00:27:04,464]-[trainutils.py line:501]:Epoch 4 -                    Total accuracy: 73.16(3342/4568) 
[2026-09-20 00:27:04,817]-[trainutils.py line:461]:Test progress:   0/95 
[2026-09-20 00:27:34,753]-[trainutils.py line:461]:Test progress:  95/95 
[2026-09-20 00:27:34,753]-[trainutils.py line:492]:Epoch 4 -           Audio/Counting accuracy: 83.95(429/511) 
[2026-09-20 00:27:34,754]-[trainutils.py line:492]:Epoch 4 -        Audio/Comparative accuracy: 60.34(178/295) 
[2026-09-20 00:27:34,754]-[trainutils.py line:497]:Epoch 4 -                    Audio accuracy: 75.31(607/806) 
[2026-09-20 00:27:34,754]-[trainutils.py line:492]:Epoch 4 -          Visual/Counting accuracy: 77.00(462/600) 
[2026-09-20 00:27:34,754]-[trainutils.py line:492]:Epoch 4 -          Visual/Location accuracy: 86.46(530/613) 
[2026-09-20 00:27:34,754]-[trainutils.py line:497]:Epoch 4 -                   Visual accuracy: 81.78(992/1213) 
[2026-09-20 00:27:34,754]-[trainutils.py line:492]:Epoch 4 - Audio-Visual/Existential accuracy: 83.84(415/495) 
[2026-09-20 00:27:34,754]-[trainutils.py line:492]:Epoch 4 -    Audio-Visual/Counting accuracy: 73.30(464/633) 
[2026-09-20 00:27:34,754]-[trainutils.py line:492]:Epoch 4 -    Audio-Visual/Location accuracy: 65.08(300/461) 
[2026-09-20 00:27:34,754]-[trainutils.py line:492]:Epoch 4 - Audio-Visual/Comparative accuracy: 62.48(343/549) 
[2026-09-20 00:27:34,754]-[trainutils.py line:492]:Epoch 4 -    Audio-Visual/Temporal accuracy: 72.51(298/411) 
[2026-09-20 00:27:34,755]-[trainutils.py line:497]:Epoch 4 -             Audio-Visual accuracy: 71.40(1820/2549) 
[2026-09-20 00:27:34,755]-[trainutils.py line:501]:Epoch 4 -                    Total accuracy: 74.85(3419/4568) 
[2026-09-20 00:27:34,792]-[train.py line:151]:best model saved at epoch 4 with acc 74.84676007005254 (ema) 
[2026-09-20 00:27:34,832]-[train.py line:167]:Epoch 4 done with 74.85 and loss 0.58203. 
[2026-09-20 00:27:34,832]-[train.py line:168]:At epoch4 best acc: 74.85. 
[2026-09-20 00:27:34,832]-[train.py line:102]:
-------------- training epoch 5 -------------- 
[2026-09-20 00:27:35,045]-[trainutils.py line:416]:[EST:    4.63m][Process Time:    0.05s]- Epoch: 5 [0000/1330 (  0%)]	Losses: ce_loss-0.6094(0.6094) loss_tacl-0.0001(0.0001) loss_sacl-0.0142(0.0142) loss_event-0.0055(0.0055) loss_evidence-0.0000(0.0000) loss_query_diversity-0.0043(0.0043) loss_position-0.0000(0.0000) total_loss-0.6094(0.6094) 
[2026-09-20 00:27:55,284]-[trainutils.py line:416]:[EST:    4.15m][Process Time:    0.05s]- Epoch: 5 [0100/1330 (  8%)]	Losses: ce_loss-0.5809(0.5201) loss_tacl-0.0001(0.0001) loss_sacl-0.0120(0.0123) loss_event-0.0041(0.0044) loss_evidence-0.0000(0.0001) loss_query_diversity-0.0043(0.0043) loss_position-0.0000(0.0000) total_loss-0.5809(0.5201) 
[2026-09-20 00:28:15,968]-[trainutils.py line:416]:[EST:    3.85m][Process Time:    0.04s]- Epoch: 5 [0200/1330 ( 15%)]	Losses: ce_loss-0.3242(0.5187) loss_tacl-0.0001(0.0001) loss_sacl-0.0095(0.0119) loss_event-0.0036(0.0043) loss_evidence-0.0000(0.0002) loss_query_diversity-0.0043(0.0043) loss_position-0.0000(0.0000) total_loss-0.3242(0.5187) 
[2026-09-20 00:28:36,146]-[trainutils.py line:416]:[EST:    3.49m][Process Time:    0.04s]- Epoch: 5 [0300/1330 ( 23%)]	Losses: ce_loss-0.4760(0.5213) loss_tacl-0.0001(0.0001) loss_sacl-0.0109(0.0117) loss_event-0.0041(0.0043) loss_evidence-0.0000(0.0001) loss_query_diversity-0.0044(0.0043) loss_position-0.0000(0.0000) total_loss-0.4760(0.5213) 
[2026-09-20 00:28:56,130]-[trainutils.py line:416]:[EST:    3.14m][Process Time:    0.05s]- Epoch: 5 [0400/1330 ( 30%)]	Losses: ce_loss-0.3273(0.5234) loss_tacl-0.0001(0.0001) loss_sacl-0.0093(0.0117) loss_event-0.0035(0.0044) loss_evidence-0.0000(0.0002) loss_query_diversity-0.0043(0.0043) loss_position-0.0000(0.0000) total_loss-0.3273(0.5234) 
[2026-09-20 00:29:16,047]-[trainutils.py line:416]:[EST:    2.79m][Process Time:    0.04s]- Epoch: 5 [0500/1330 ( 38%)]	Losses: ce_loss-0.2862(0.5255) loss_tacl-0.0001(0.0001) loss_sacl-0.0103(0.0117) loss_event-0.0039(0.0044) loss_evidence-0.0000(0.0002) loss_query_diversity-0.0043(0.0043) loss_position-0.0000(0.0000) total_loss-0.2862(0.5255) 
[2026-09-20 00:29:35,957]-[trainutils.py line:416]:[EST:    2.45m][Process Time:    0.04s]- Epoch: 5 [0600/1330 ( 45%)]	Losses: ce_loss-0.5969(0.5225) loss_tacl-0.0001(0.0001) loss_sacl-0.0109(0.0117) loss_event-0.0041(0.0044) loss_evidence-0.0000(0.0002) loss_query_diversity-0.0043(0.0043) loss_position-0.0000(0.0000) total_loss-0.5969(0.5225) 
[2026-09-20 00:29:55,822]-[trainutils.py line:416]:[EST:    2.11m][Process Time:    0.05s]- Epoch: 5 [0700/1330 ( 53%)]	Losses: ce_loss-0.4005(0.5227) loss_tacl-0.0001(0.0001) loss_sacl-0.0114(0.0116) loss_event-0.0036(0.0044) loss_evidence-0.0000(0.0002) loss_query_diversity-0.0043(0.0043) loss_position-0.0000(0.0000) total_loss-0.4005(0.5227) 
[2026-09-20 00:30:15,705]-[trainutils.py line:416]:[EST:    1.77m][Process Time:    0.05s]- Epoch: 5 [0800/1330 ( 60%)]	Losses: ce_loss-0.5514(0.5248) loss_tacl-0.0001(0.0001) loss_sacl-0.0119(0.0116) loss_event-0.0052(0.0044) loss_evidence-0.0000(0.0002) loss_query_diversity-0.0043(0.0043) loss_position-0.0000(0.0000) total_loss-0.5514(0.5248) 
[2026-09-20 00:30:35,822]-[trainutils.py line:416]:[EST:    1.44m][Process Time:    0.04s]- Epoch: 5 [0900/1330 ( 68%)]	Losses: ce_loss-0.3324(0.5237) loss_tacl-0.0001(0.0001) loss_sacl-0.0120(0.0115) loss_event-0.0053(0.0044) loss_evidence-0.0002(0.0002) loss_query_diversity-0.0043(0.0043) loss_position-0.0000(0.0000) total_loss-0.3324(0.5237) 
[2026-09-20 00:30:55,860]-[trainutils.py line:416]:[EST:    1.10m][Process Time:    0.05s]- Epoch: 5 [1000/1330 ( 75%)]	Losses: ce_loss-0.7277(0.5256) loss_tacl-0.0001(0.0001) loss_sacl-0.0118(0.0115) loss_event-0.0044(0.0044) loss_evidence-0.0001(0.0002) loss_query_diversity-0.0043(0.0043) loss_position-0.0000(0.0000) total_loss-0.7277(0.5256) 
[2026-09-20 00:31:15,793]-[trainutils.py line:416]:[EST:    0.77m][Process Time:    0.05s]- Epoch: 5 [1100/1330 ( 83%)]	Losses: ce_loss-0.7175(0.5249) loss_tacl-0.0001(0.0001) loss_sacl-0.0121(0.0115) loss_event-0.0052(0.0044) loss_evidence-0.0000(0.0002) loss_query_diversity-0.0043(0.0043) loss_position-0.0000(0.0000) total_loss-0.7175(0.5249) 
[2026-09-20 00:31:35,749]-[trainutils.py line:416]:[EST:    0.43m][Process Time:    0.04s]- Epoch: 5 [1200/1330 ( 90%)]	Losses: ce_loss-0.5288(0.5259) loss_tacl-0.0001(0.0001) loss_sacl-0.0116(0.0115) loss_event-0.0052(0.0044) loss_evidence-0.0000(0.0002) loss_query_diversity-0.0043(0.0043) loss_position-0.0000(0.0000) total_loss-0.5288(0.5259) 
[2026-09-20 00:31:55,749]-[trainutils.py line:416]:[EST:    0.10m][Process Time:    0.05s]- Epoch: 5 [1300/1330 ( 98%)]	Losses: ce_loss-0.2851(0.5258) loss_tacl-0.0001(0.0001) loss_sacl-0.0101(0.0115) loss_event-0.0044(0.0044) loss_evidence-0.0000(0.0002) loss_query_diversity-0.0043(0.0043) loss_position-0.0000(0.0000) total_loss-0.2851(0.5258) 
[2026-09-20 00:32:01,613]-[trainutils.py line:416]:[EST:   -0.00m][Process Time:    0.04s]- Epoch: 5 [1330/1330 (100%)]	Losses: ce_loss-0.5171(0.5257) loss_tacl-0.0001(0.0001) loss_sacl-0.0097(0.0114) loss_event-0.0046(0.0044) loss_evidence-0.0000(0.0002) loss_query_diversity-0.0043(0.0043) loss_position-0.0000(0.0000) total_loss-0.5171(0.5257) 
[2026-09-20 00:32:02,150]-[train.py line:106]:
-------------- validation epoch 5 -------------- 
[2026-09-20 00:32:02,462]-[trainutils.py line:461]:Test progress:   0/95 
[2026-09-20 00:32:32,447]-[trainutils.py line:461]:Test progress:  95/95 
[2026-09-20 00:32:32,447]-[trainutils.py line:492]:Epoch 5 -           Audio/Counting accuracy: 82.00(419/511) 
[2026-09-20 00:32:32,448]-[trainutils.py line:492]:Epoch 5 -        Audio/Comparative accuracy: 60.34(178/295) 
[2026-09-20 00:32:32,448]-[trainutils.py line:497]:Epoch 5 -                    Audio accuracy: 74.07(597/806) 
[2026-09-20 00:32:32,448]-[trainutils.py line:492]:Epoch 5 -          Visual/Counting accuracy: 79.33(476/600) 
[2026-09-20 00:32:32,448]-[trainutils.py line:492]:Epoch 5 -          Visual/Location accuracy: 85.97(527/613) 
[2026-09-20 00:32:32,448]-[trainutils.py line:497]:Epoch 5 -                   Visual accuracy: 82.69(1003/1213) 
[2026-09-20 00:32:32,448]-[trainutils.py line:492]:Epoch 5 - Audio-Visual/Existential accuracy: 84.04(416/495) 
[2026-09-20 00:32:32,448]-[trainutils.py line:492]:Epoch 5 -    Audio-Visual/Counting accuracy: 75.20(476/633) 
[2026-09-20 00:32:32,449]-[trainutils.py line:492]:Epoch 5 -    Audio-Visual/Location accuracy: 63.77(294/461) 
[2026-09-20 00:32:32,449]-[trainutils.py line:492]:Epoch 5 - Audio-Visual/Comparative accuracy: 58.47(321/549) 
[2026-09-20 00:32:32,449]-[trainutils.py line:492]:Epoch 5 -    Audio-Visual/Temporal accuracy: 72.26(297/411) 
[2026-09-20 00:32:32,450]-[trainutils.py line:497]:Epoch 5 -             Audio-Visual accuracy: 70.77(1804/2549) 
[2026-09-20 00:32:32,450]-[trainutils.py line:501]:Epoch 5 -                    Total accuracy: 74.52(3404/4568) 
[2026-09-20 00:32:32,788]-[trainutils.py line:461]:Test progress:   0/95 
[2026-09-20 00:33:02,478]-[trainutils.py line:461]:Test progress:  95/95 
[2026-09-20 00:33:02,478]-[trainutils.py line:492]:Epoch 5 -           Audio/Counting accuracy: 85.71(438/511) 
[2026-09-20 00:33:02,478]-[trainutils.py line:492]:Epoch 5 -        Audio/Comparative accuracy: 61.69(182/295) 
[2026-09-20 00:33:02,478]-[trainutils.py line:497]:Epoch 5 -                    Audio accuracy: 76.92(620/806) 
[2026-09-20 00:33:02,479]-[trainutils.py line:492]:Epoch 5 -          Visual/Counting accuracy: 79.50(477/600) 
[2026-09-20 00:33:02,479]-[trainutils.py line:492]:Epoch 5 -          Visual/Location accuracy: 86.30(529/613) 
[2026-09-20 00:33:02,479]-[trainutils.py line:497]:Epoch 5 -                   Visual accuracy: 82.93(1006/1213) 
[2026-09-20 00:33:02,479]-[trainutils.py line:492]:Epoch 5 - Audio-Visual/Existential accuracy: 84.04(416/495) 
[2026-09-20 00:33:02,479]-[trainutils.py line:492]:Epoch 5 -    Audio-Visual/Counting accuracy: 75.99(481/633) 
[2026-09-20 00:33:02,480]-[trainutils.py line:492]:Epoch 5 -    Audio-Visual/Location accuracy: 65.94(304/461) 
[2026-09-20 00:33:02,480]-[trainutils.py line:492]:Epoch 5 - Audio-Visual/Comparative accuracy: 62.84(345/549) 
[2026-09-20 00:33:02,480]-[trainutils.py line:492]:Epoch 5 -    Audio-Visual/Temporal accuracy: 73.72(303/411) 
[2026-09-20 00:33:02,480]-[trainutils.py line:497]:Epoch 5 -             Audio-Visual accuracy: 72.54(1849/2549) 
[2026-09-20 00:33:02,480]-[trainutils.py line:501]:Epoch 5 -                    Total accuracy: 76.07(3475/4568) 
[2026-09-20 00:33:02,515]-[train.py line:151]:best model saved at epoch 5 with acc 76.07267950963222 (ema) 
[2026-09-20 00:33:02,555]-[train.py line:167]:Epoch 5 done with 76.07 and loss 0.56250. 
[2026-09-20 00:33:02,555]-[train.py line:168]:At epoch5 best acc: 76.07. 
[2026-09-20 00:33:02,555]-[train.py line:102]:
-------------- training epoch 6 -------------- 
[2026-09-20 00:33:02,761]-[trainutils.py line:416]:[EST:    4.51m][Process Time:    0.05s]- Epoch: 6 [0000/1330 (  0%)]	Losses: ce_loss-0.6222(0.6222) loss_tacl-0.0001(0.0001) loss_sacl-0.0092(0.0092) loss_event-0.0034(0.0034) loss_evidence-0.0000(0.0000) loss_query_diversity-0.0043(0.0043) loss_position-0.0000(0.0000) total_loss-0.6222(0.6222) 
[2026-09-20 00:33:22,629]-[trainutils.py line:416]:[EST:    4.07m][Process Time:    0.06s]- Epoch: 6 [0100/1330 (  8%)]	Losses: ce_loss-0.4282(0.4656) loss_tacl-0.0001(0.0001) loss_sacl-0.0120(0.0106) loss_event-0.0045(0.0044) loss_evidence-0.0000(0.0002) loss_query_diversity-0.0043(0.0043) loss_position-0.0000(0.0000) total_loss-0.4282(0.4656) 
[2026-09-20 00:33:42,405]-[trainutils.py line:416]:[EST:    3.73m][Process Time:    0.04s]- Epoch: 6 [0200/1330 ( 15%)]	Losses: ce_loss-0.6943(0.4614) loss_tacl-0.0001(0.0001) loss_sacl-0.0114(0.0108) loss_event-0.0051(0.0045) loss_evidence-0.0000(0.0002) loss_query_diversity-0.0043(0.0043) loss_position-0.0000(0.0000) total_loss-0.6943(0.4614) 
[2026-09-20 00:34:02,317]-[trainutils.py line:416]:[EST:    3.40m][Process Time:    0.04s]- Epoch: 6 [0300/1330 ( 23%)]	Losses: ce_loss-0.5125(0.4677) loss_tacl-0.0001(0.0001) loss_sacl-0.0100(0.0110) loss_event-0.0044(0.0046) loss_evidence-0.0000(0.0002) loss_query_diversity-0.0043(0.0043) loss_position-0.0000(0.0000) total_loss-0.5125(0.4677) 
[2026-09-20 00:34:22,230]-[trainutils.py line:416]:[EST:    3.08m][Process Time:    0.05s]- Epoch: 6 [0400/1330 ( 30%)]	Losses: ce_loss-0.3471(0.4679) loss_tacl-0.0001(0.0001) loss_sacl-0.0134(0.0109) loss_event-0.0061(0.0045) loss_evidence-0.0000(0.0002) loss_query_diversity-0.0043(0.0043) loss_position-0.0000(0.0000) total_loss-0.3471(0.4679) 
[2026-09-20 00:34:42,011]-[trainutils.py line:416]:[EST:    2.74m][Process Time:    0.05s]- Epoch: 6 [0500/1330 ( 38%)]	Losses: ce_loss-0.3497(0.4680) loss_tacl-0.0001(0.0001) loss_sacl-0.0093(0.0108) loss_event-0.0040(0.0045) loss_evidence-0.0000(0.0002) loss_query_diversity-0.0043(0.0043) loss_position-0.0000(0.0000) total_loss-0.3497(0.4680) 
[2026-09-20 00:35:02,109]-[trainutils.py line:416]:[EST:    2.42m][Process Time:    0.05s]- Epoch: 6 [0600/1330 ( 45%)]	Losses: ce_loss-0.6607(0.4683) loss_tacl-0.0001(0.0001) loss_sacl-0.0086(0.0107) loss_event-0.0038(0.0045) loss_evidence-0.0000(0.0001) loss_query_diversity-0.0043(0.0043) loss_position-0.0000(0.0000) total_loss-0.6607(0.4683) 
[2026-09-20 00:35:22,025]-[trainutils.py line:416]:[EST:    2.09m][Process Time:    0.04s]- Epoch: 6 [0700/1330 ( 53%)]	Losses: ce_loss-0.3618(0.4712) loss_tacl-0.0001(0.0001) loss_sacl-0.0085(0.0106) loss_event-0.0032(0.0045) loss_evidence-0.0000(0.0001) loss_query_diversity-0.0043(0.0043) loss_position-0.0000(0.0000) total_loss-0.3618(0.4712) 
[2026-09-20 00:35:41,901]-[trainutils.py line:416]:[EST:    1.75m][Process Time:    0.05s]- Epoch: 6 [0800/1330 ( 60%)]	Losses: ce_loss-0.4781(0.4705) loss_tacl-0.0001(0.0001) loss_sacl-0.0109(0.0106) loss_event-0.0039(0.0045) loss_evidence-0.0000(0.0001) loss_query_diversity-0.0043(0.0043) loss_position-0.0000(0.0000) total_loss-0.4781(0.4705) 
[2026-09-20 00:36:03,257]-[trainutils.py line:416]:[EST:    1.43m][Process Time:    0.05s]- Epoch: 6 [0900/1330 ( 68%)]	Losses: ce_loss-0.3753(0.4709) loss_tacl-0.0001(0.0001) loss_sacl-0.0084(0.0105) loss_event-0.0038(0.0044) loss_evidence-0.0000(0.0001) loss_query_diversity-0.0043(0.0043) loss_position-0.0000(0.0000) total_loss-0.3753(0.4709) 
[2026-09-20 00:36:25,375]-[trainutils.py line:416]:[EST:    1.11m][Process Time:    0.05s]- Epoch: 6 [1000/1330 ( 75%)]	Losses: ce_loss-0.3561(0.4704) loss_tacl-0.0001(0.0001) loss_sacl-0.0100(0.0105) loss_event-0.0037(0.0044) loss_evidence-0.0000(0.0001) loss_query_diversity-0.0043(0.0043) loss_position-0.0000(0.0000) total_loss-0.3561(0.4704) 
[2026-09-20 00:36:53,890]-[trainutils.py line:416]:[EST:    0.80m][Process Time:    0.06s]- Epoch: 6 [1100/1330 ( 83%)]	Losses: ce_loss-0.2741(0.4690) loss_tacl-0.0001(0.0001) loss_sacl-0.0098(0.0105) loss_event-0.0034(0.0044) loss_evidence-0.0000(0.0001) loss_query_diversity-0.0043(0.0043) loss_position-0.0000(0.0000) total_loss-0.2741(0.4690) 
[2026-09-20 00:37:17,080]-[trainutils.py line:416]:[EST:    0.46m][Process Time:    0.06s]- Epoch: 6 [1200/1330 ( 90%)]	Losses: ce_loss-0.5155(0.4695) loss_tacl-0.0001(0.0001) loss_sacl-0.0095(0.0105) loss_event-0.0043(0.0044) loss_evidence-0.0000(0.0001) loss_query_diversity-0.0043(0.0043) loss_position-0.0000(0.0000) total_loss-0.5155(0.4695) 
[2026-09-20 00:37:42,671]-[trainutils.py line:416]:[EST:    0.10m][Process Time:    0.07s]- Epoch: 6 [1300/1330 ( 98%)]	Losses: ce_loss-0.5927(0.4687) loss_tacl-0.0001(0.0001) loss_sacl-0.0111(0.0104) loss_event-0.0048(0.0044) loss_evidence-0.0000(0.0001) loss_query_diversity-0.0043(0.0043) loss_position-0.0000(0.0000) total_loss-0.5927(0.4687) 
[2026-09-20 00:37:50,411]-[trainutils.py line:416]:[EST:   -0.00m][Process Time:    0.09s]- Epoch: 6 [1330/1330 (100%)]	Losses: ce_loss-0.1243(0.4675) loss_tacl-0.0001(0.0001) loss_sacl-0.0092(0.0104) loss_event-0.0021(0.0043) loss_evidence-0.0000(0.0001) loss_query_diversity-0.0043(0.0043) loss_position-0.0000(0.0000) total_loss-0.1243(0.4675) 
[2026-09-20 00:37:54,695]-[train.py line:106]:
-------------- validation epoch 6 -------------- 
[2026-09-20 00:37:55,171]-[trainutils.py line:461]:Test progress:   0/95 
[2026-09-20 00:38:32,873]-[trainutils.py line:461]:Test progress:  95/95 
[2026-09-20 00:38:32,875]-[trainutils.py line:492]:Epoch 6 -           Audio/Counting accuracy: 87.67(448/511) 
[2026-09-20 00:38:32,875]-[trainutils.py line:492]:Epoch 6 -        Audio/Comparative accuracy: 54.92(162/295) 
[2026-09-20 00:38:32,875]-[trainutils.py line:497]:Epoch 6 -                    Audio accuracy: 75.68(610/806) 
[2026-09-20 00:38:32,876]-[trainutils.py line:492]:Epoch 6 -          Visual/Counting accuracy: 80.50(483/600) 
[2026-09-20 00:38:32,876]-[trainutils.py line:492]:Epoch 6 -          Visual/Location accuracy: 86.79(532/613) 
[2026-09-20 00:38:32,876]-[trainutils.py line:497]:Epoch 6 -                   Visual accuracy: 83.68(1015/1213) 
[2026-09-20 00:38:32,876]-[trainutils.py line:492]:Epoch 6 - Audio-Visual/Existential accuracy: 83.64(414/495) 
[2026-09-20 00:38:32,877]-[trainutils.py line:492]:Epoch 6 -    Audio-Visual/Counting accuracy: 75.83(480/633) 
[2026-09-20 00:38:32,877]-[trainutils.py line:492]:Epoch 6 -    Audio-Visual/Location accuracy: 68.76(317/461) 
[2026-09-20 00:38:32,877]-[trainutils.py line:492]:Epoch 6 - Audio-Visual/Comparative accuracy: 57.56(316/549) 
[2026-09-20 00:38:32,877]-[trainutils.py line:492]:Epoch 6 -    Audio-Visual/Temporal accuracy: 73.48(302/411) 
[2026-09-20 00:38:32,877]-[trainutils.py line:497]:Epoch 6 -             Audio-Visual accuracy: 71.75(1829/2549) 
[2026-09-20 00:38:32,879]-[trainutils.py line:501]:Epoch 6 -                    Total accuracy: 75.61(3454/4568) 
[2026-09-20 00:38:33,416]-[trainutils.py line:461]:Test progress:   0/95 
[2026-09-20 00:39:24,474]-[trainutils.py line:461]:Test progress:  95/95 
[2026-09-20 00:39:24,475]-[trainutils.py line:492]:Epoch 6 -           Audio/Counting accuracy: 87.08(445/511) 
[2026-09-20 00:39:24,476]-[trainutils.py line:492]:Epoch 6 -        Audio/Comparative accuracy: 62.03(183/295) 
[2026-09-20 00:39:24,476]-[trainutils.py line:497]:Epoch 6 -                    Audio accuracy: 77.92(628/806) 
[2026-09-20 00:39:24,476]-[trainutils.py line:492]:Epoch 6 -          Visual/Counting accuracy: 81.33(488/600) 
[2026-09-20 00:39:24,476]-[trainutils.py line:492]:Epoch 6 -          Visual/Location accuracy: 87.77(538/613) 
[2026-09-20 00:39:24,476]-[trainutils.py line:497]:Epoch 6 -                   Visual accuracy: 84.58(1026/1213) 
[2026-09-20 00:39:24,477]-[trainutils.py line:492]:Epoch 6 - Audio-Visual/Existential accuracy: 83.84(415/495) 
[2026-09-20 00:39:24,477]-[trainutils.py line:492]:Epoch 6 -    Audio-Visual/Counting accuracy: 76.30(483/633) 
[2026-09-20 00:39:24,477]-[trainutils.py line:492]:Epoch 6 -    Audio-Visual/Location accuracy: 66.59(307/461) 
[2026-09-20 00:39:24,477]-[trainutils.py line:492]:Epoch 6 - Audio-Visual/Comparative accuracy: 63.93(351/549) 
[2026-09-20 00:39:24,478]-[trainutils.py line:492]:Epoch 6 -    Audio-Visual/Temporal accuracy: 73.48(302/411) 
[2026-09-20 00:39:24,478]-[trainutils.py line:497]:Epoch 6 -             Audio-Visual accuracy: 72.89(1858/2549) 
[2026-09-20 00:39:24,478]-[trainutils.py line:501]:Epoch 6 -                    Total accuracy: 76.88(3512/4568) 
[2026-09-20 00:39:24,568]-[train.py line:151]:best model saved at epoch 6 with acc 76.88266199649738 (ema) 
[2026-09-20 00:39:24,693]-[train.py line:167]:Epoch 6 done with 76.88 and loss 0.55078. 
[2026-09-20 00:39:24,693]-[train.py line:168]:At epoch6 best acc: 76.88. 
[2026-09-20 00:39:24,695]-[train.py line:102]:
-------------- training epoch 7 -------------- 
[2026-09-20 00:39:25,082]-[trainutils.py line:416]:[EST:    8.50m][Process Time:    0.09s]- Epoch: 7 [0000/1330 (  0%)]	Losses: ce_loss-0.3744(0.3744) loss_tacl-0.0001(0.0001) loss_sacl-0.0077(0.0077) loss_event-0.0038(0.0038) loss_evidence-0.0000(0.0000) loss_query_diversity-0.0043(0.0043) loss_position-0.0000(0.0000) total_loss-0.3744(0.3744) 
[2026-09-20 00:40:03,509]-[trainutils.py line:416]:[EST:    7.87m][Process Time:    0.08s]- Epoch: 7 [0100/1330 (  8%)]	Losses: ce_loss-0.4430(0.4005) loss_tacl-0.0001(0.0001) loss_sacl-0.0096(0.0101) loss_event-0.0043(0.0043) loss_evidence-0.0000(0.0001) loss_query_diversity-0.0043(0.0043) loss_position-0.0000(0.0000) total_loss-0.4430(0.4005) 
[2026-09-20 00:40:43,856]-[trainutils.py line:416]:[EST:    7.41m][Process Time:    0.09s]- Epoch: 7 [0200/1330 ( 15%)]	Losses: ce_loss-0.6481(0.4055) loss_tacl-0.0001(0.0001) loss_sacl-0.0095(0.0101) loss_event-0.0051(0.0045) loss_evidence-0.0000(0.0001) loss_query_diversity-0.0043(0.0043) loss_position-0.0000(0.0000) total_loss-0.6481(0.4055) 
[2026-09-20 00:41:22,108]-[trainutils.py line:416]:[EST:    6.69m][Process Time:    0.08s]- Epoch: 7 [0300/1330 ( 23%)]	Losses: ce_loss-0.3490(0.4077) loss_tacl-0.0001(0.0001) loss_sacl-0.0092(0.0099) loss_event-0.0040(0.0044) loss_evidence-0.0000(0.0001) loss_query_diversity-0.0043(0.0043) loss_position-0.0000(0.0000) total_loss-0.3490(0.4077) 
[2026-09-20 00:42:01,684]-[trainutils.py line:416]:[EST:    6.06m][Process Time:    0.09s]- Epoch: 7 [0400/1330 ( 30%)]	Losses: ce_loss-0.3947(0.4097) loss_tacl-0.0001(0.0001) loss_sacl-0.0092(0.0099) loss_event-0.0036(0.0044) loss_evidence-0.0000(0.0001) loss_query_diversity-0.0043(0.0043) loss_position-0.0000(0.0000) total_loss-0.3947(0.4097) 
[2026-09-20 00:42:40,630]-[trainutils.py line:416]:[EST:    5.40m][Process Time:    0.09s]- Epoch: 7 [0500/1330 ( 38%)]	Losses: ce_loss-0.2610(0.4098) loss_tacl-0.0001(0.0001) loss_sacl-0.0104(0.0098) loss_event-0.0043(0.0043) loss_evidence-0.0000(0.0001) loss_query_diversity-0.0043(0.0043) loss_position-0.0000(0.0000) total_loss-0.2610(0.4098) 
[2026-09-20 00:43:17,531]-[trainutils.py line:416]:[EST:    4.71m][Process Time:    0.09s]- Epoch: 7 [0600/1330 ( 45%)]	Losses: ce_loss-0.2496(0.4105) loss_tacl-0.0001(0.0001) loss_sacl-0.0100(0.0097) loss_event-0.0054(0.0043) loss_evidence-0.0000(0.0001) loss_query_diversity-0.0043(0.0043) loss_position-0.0000(0.0000) total_loss-0.2496(0.4105) 
[2026-09-20 00:43:54,321]-[trainutils.py line:416]:[EST:    4.03m][Process Time:    0.10s]- Epoch: 7 [0700/1330 ( 53%)]	Losses: ce_loss-0.4625(0.4103) loss_tacl-0.0001(0.0001) loss_sacl-0.0088(0.0098) loss_event-0.0046(0.0044) loss_evidence-0.0000(0.0001) loss_query_diversity-0.0043(0.0043) loss_position-0.0000(0.0000) total_loss-0.4625(0.4103) 
[2026-09-20 00:44:33,556]-[trainutils.py line:416]:[EST:    3.40m][Process Time:    0.08s]- Epoch: 7 [0800/1330 ( 60%)]	Losses: ce_loss-0.4571(0.4120) loss_tacl-0.0001(0.0001) loss_sacl-0.0097(0.0097) loss_event-0.0045(0.0044) loss_evidence-0.0017(0.0001) loss_query_diversity-0.0043(0.0043) loss_position-0.0000(0.0000) total_loss-0.4571(0.4120) 
[2026-09-20 00:45:12,944]-[trainutils.py line:416]:[EST:    2.76m][Process Time:    0.08s]- Epoch: 7 [0900/1330 ( 68%)]	Losses: ce_loss-0.4890(0.4103) loss_tacl-0.0001(0.0001) loss_sacl-0.0104(0.0097) loss_event-0.0064(0.0044) loss_evidence-0.0000(0.0001) loss_query_diversity-0.0042(0.0043) loss_position-0.0000(0.0000) total_loss-0.4890(0.4103) 
[2026-09-20 00:45:52,412]-[trainutils.py line:416]:[EST:    2.12m][Process Time:    0.08s]- Epoch: 7 [1000/1330 ( 75%)]	Losses: ce_loss-0.2956(0.4131) loss_tacl-0.0001(0.0001) loss_sacl-0.0107(0.0097) loss_event-0.0050(0.0043) loss_evidence-0.0000(0.0001) loss_query_diversity-0.0043(0.0043) loss_position-0.0000(0.0000) total_loss-0.2956(0.4131) 
[2026-09-20 00:46:27,494]-[trainutils.py line:416]:[EST:    1.47m][Process Time:    0.07s]- Epoch: 7 [1100/1330 ( 83%)]	Losses: ce_loss-0.3276(0.4134) loss_tacl-0.0001(0.0001) loss_sacl-0.0109(0.0096) loss_event-0.0043(0.0043) loss_evidence-0.0000(0.0001) loss_query_diversity-0.0043(0.0043) loss_position-0.0000(0.0000) total_loss-0.3276(0.4134) 
[2026-09-20 00:47:03,291]-[trainutils.py line:416]:[EST:    0.82m][Process Time:    0.08s]- Epoch: 7 [1200/1330 ( 90%)]	Losses: ce_loss-0.5113(0.4141) loss_tacl-0.0001(0.0001) loss_sacl-0.0084(0.0096) loss_event-0.0044(0.0043) loss_evidence-0.0000(0.0001) loss_query_diversity-0.0043(0.0043) loss_position-0.0000(0.0000) total_loss-0.5113(0.4141) 
[2026-09-20 00:47:40,934]-[trainutils.py line:416]:[EST:    0.18m][Process Time:    0.08s]- Epoch: 7 [1300/1330 ( 98%)]	Losses: ce_loss-0.2312(0.4156) loss_tacl-0.0001(0.0001) loss_sacl-0.0088(0.0096) loss_event-0.0039(0.0043) loss_evidence-0.0000(0.0001) loss_query_diversity-0.0043(0.0043) loss_position-0.0000(0.0000) total_loss-0.2312(0.4156) 
[2026-09-20 00:47:52,079]-[trainutils.py line:416]:[EST:   -0.01m][Process Time:    0.11s]- Epoch: 7 [1330/1330 (100%)]	Losses: ce_loss-0.2245(0.4157) loss_tacl-0.0001(0.0001) loss_sacl-0.0101(0.0096) loss_event-0.0030(0.0043) loss_evidence-0.0000(0.0001) loss_query_diversity-0.0043(0.0043) loss_position-0.0000(0.0000) total_loss-0.2245(0.4157) 
[2026-09-20 00:47:53,420]-[train.py line:106]:
-------------- validation epoch 7 -------------- 
[2026-09-20 00:47:54,023]-[trainutils.py line:461]:Test progress:   0/95 
[2026-09-20 00:48:50,458]-[trainutils.py line:461]:Test progress:  95/95 
[2026-09-20 00:48:50,460]-[trainutils.py line:492]:Epoch 7 -           Audio/Counting accuracy: 86.50(442/511) 
[2026-09-20 00:48:50,461]-[trainutils.py line:492]:Epoch 7 -        Audio/Comparative accuracy: 61.69(182/295) 
[2026-09-20 00:48:50,461]-[trainutils.py line:497]:Epoch 7 -                    Audio accuracy: 77.42(624/806) 
[2026-09-20 00:48:50,461]-[trainutils.py line:492]:Epoch 7 -          Visual/Counting accuracy: 81.67(490/600) 
[2026-09-20 00:48:50,462]-[trainutils.py line:492]:Epoch 7 -          Visual/Location accuracy: 85.64(525/613) 
[2026-09-20 00:48:50,462]-[trainutils.py line:497]:Epoch 7 -                   Visual accuracy: 83.68(1015/1213) 
[2026-09-20 00:48:50,463]-[trainutils.py line:492]:Epoch 7 - Audio-Visual/Existential accuracy: 82.63(409/495) 
[2026-09-20 00:48:50,465]-[trainutils.py line:492]:Epoch 7 -    Audio-Visual/Counting accuracy: 75.51(478/633) 
[2026-09-20 00:48:50,466]-[trainutils.py line:492]:Epoch 7 -    Audio-Visual/Location accuracy: 66.38(306/461) 
[2026-09-20 00:48:50,466]-[trainutils.py line:492]:Epoch 7 - Audio-Visual/Comparative accuracy: 62.30(342/549) 
[2026-09-20 00:48:50,467]-[trainutils.py line:492]:Epoch 7 -    Audio-Visual/Temporal accuracy: 71.05(292/411) 
[2026-09-20 00:48:50,467]-[trainutils.py line:497]:Epoch 7 -             Audio-Visual accuracy: 71.68(1827/2549) 
[2026-09-20 00:48:50,467]-[trainutils.py line:501]:Epoch 7 -                    Total accuracy: 75.88(3466/4568) 
[2026-09-20 00:48:51,143]-[trainutils.py line:461]:Test progress:   0/95 
[2026-09-20 00:49:45,797]-[trainutils.py line:461]:Test progress:  95/95 
[2026-09-20 00:49:45,799]-[trainutils.py line:492]:Epoch 7 -           Audio/Counting accuracy: 87.67(448/511) 
[2026-09-20 00:49:45,799]-[trainutils.py line:492]:Epoch 7 -        Audio/Comparative accuracy: 62.03(183/295) 
[2026-09-20 00:49:45,800]-[trainutils.py line:497]:Epoch 7 -                    Audio accuracy: 78.29(631/806) 
[2026-09-20 00:49:45,800]-[trainutils.py line:492]:Epoch 7 -          Visual/Counting accuracy: 82.33(494/600) 
[2026-09-20 00:49:45,800]-[trainutils.py line:492]:Epoch 7 -          Visual/Location accuracy: 88.74(544/613) 
[2026-09-20 00:49:45,801]-[trainutils.py line:497]:Epoch 7 -                   Visual accuracy: 85.57(1038/1213) 
[2026-09-20 00:49:45,801]-[trainutils.py line:492]:Epoch 7 - Audio-Visual/Existential accuracy: 84.04(416/495) 
[2026-09-20 00:49:45,801]-[trainutils.py line:492]:Epoch 7 -    Audio-Visual/Counting accuracy: 77.57(491/633) 
[2026-09-20 00:49:45,801]-[trainutils.py line:492]:Epoch 7 -    Audio-Visual/Location accuracy: 67.46(311/461) 
[2026-09-20 00:49:45,801]-[trainutils.py line:492]:Epoch 7 - Audio-Visual/Comparative accuracy: 63.93(351/549) 
[2026-09-20 00:49:45,801]-[trainutils.py line:492]:Epoch 7 -    Audio-Visual/Temporal accuracy: 73.97(304/411) 
[2026-09-20 00:49:45,802]-[trainutils.py line:497]:Epoch 7 -             Audio-Visual accuracy: 73.48(1873/2549) 
[2026-09-20 00:49:45,802]-[trainutils.py line:501]:Epoch 7 -                    Total accuracy: 77.54(3542/4568) 
[2026-09-20 00:49:45,877]-[train.py line:151]:best model saved at epoch 7 with acc 77.53940455341505 (ema) 
[2026-09-20 00:49:45,979]-[train.py line:167]:Epoch 7 done with 77.54 and loss 0.54297. 
[2026-09-20 00:49:45,979]-[train.py line:168]:At epoch7 best acc: 77.54. 
[2026-09-20 00:49:45,979]-[train.py line:102]:
-------------- training epoch 8 -------------- 
[2026-09-20 00:49:46,401]-[trainutils.py line:416]:[EST:    9.20m][Process Time:    0.09s]- Epoch: 8 [0000/1330 (  0%)]	Losses: ce_loss-0.2818(0.2818) loss_tacl-0.0001(0.0001) loss_sacl-0.0083(0.0083) loss_event-0.0037(0.0037) loss_evidence-0.0000(0.0000) loss_query_diversity-0.0043(0.0043) loss_position-0.0000(0.0000) total_loss-0.2818(0.2818) 
[2026-09-20 00:50:23,073]-[trainutils.py line:416]:[EST:    7.52m][Process Time:    0.08s]- Epoch: 8 [0100/1330 (  8%)]	Losses: ce_loss-0.2769(0.3520) loss_tacl-0.0001(0.0001) loss_sacl-0.0090(0.0091) loss_event-0.0044(0.0041) loss_evidence-0.0000(0.0001) loss_query_diversity-0.0043(0.0043) loss_position-0.0000(0.0000) total_loss-0.2769(0.3520) 
[2026-09-20 00:50:59,866]-[trainutils.py line:416]:[EST:    6.92m][Process Time:    0.09s]- Epoch: 8 [0200/1330 ( 15%)]	Losses: ce_loss-0.2615(0.3555) loss_tacl-0.0001(0.0001) loss_sacl-0.0084(0.0092) loss_event-0.0040(0.0043) loss_evidence-0.0000(0.0001) loss_query_diversity-0.0043(0.0043) loss_position-0.0000(0.0000) total_loss-0.2615(0.3555) 
[2026-09-20 00:51:36,952]-[trainutils.py line:416]:[EST:    6.32m][Process Time:    0.08s]- Epoch: 8 [0300/1330 ( 23%)]	Losses: ce_loss-0.3431(0.3535) loss_tacl-0.0001(0.0001) loss_sacl-0.0093(0.0091) loss_event-0.0048(0.0043) loss_evidence-0.0000(0.0001) loss_query_diversity-0.0043(0.0043) loss_position-0.0000(0.0000) total_loss-0.3431(0.3535) 
[2026-09-20 00:52:14,241]-[trainutils.py line:416]:[EST:    5.72m][Process Time:    0.08s]- Epoch: 8 [0400/1330 ( 30%)]	Losses: ce_loss-0.1809(0.3500) loss_tacl-0.0001(0.0001) loss_sacl-0.0085(0.0091) loss_event-0.0042(0.0043) loss_evidence-0.0000(0.0001) loss_query_diversity-0.0043(0.0043) loss_position-0.0000(0.0000) total_loss-0.1809(0.3500) 
[2026-09-20 00:52:54,446]-[trainutils.py line:416]:[EST:    5.20m][Process Time:    0.08s]- Epoch: 8 [0500/1330 ( 38%)]	Losses: ce_loss-0.4258(0.3511) loss_tacl-0.0001(0.0001) loss_sacl-0.0085(0.0091) loss_event-0.0038(0.0043) loss_evidence-0.0000(0.0001) loss_query_diversity-0.0043(0.0043) loss_position-0.0000(0.0000) total_loss-0.4258(0.3511) 
[2026-09-20 00:53:31,508]-[trainutils.py line:416]:[EST:    4.56m][Process Time:    0.08s]- Epoch: 8 [0600/1330 ( 45%)]	Losses: ce_loss-0.1796(0.3563) loss_tacl-0.0001(0.0001) loss_sacl-0.0101(0.0091) loss_event-0.0042(0.0043) loss_evidence-0.0000(0.0000) loss_query_diversity-0.0043(0.0043) loss_position-0.0000(0.0000) total_loss-0.1796(0.3563) 
[2026-09-20 00:54:08,705]-[trainutils.py line:416]:[EST:    3.93m][Process Time:    0.09s]- Epoch: 8 [0700/1330 ( 53%)]	Losses: ce_loss-0.5956(0.3561) loss_tacl-0.0001(0.0001) loss_sacl-0.0092(0.0090) loss_event-0.0046(0.0043) loss_evidence-0.0000(0.0000) loss_query_diversity-0.0043(0.0043) loss_position-0.0000(0.0000) total_loss-0.5956(0.3561) 
[2026-09-20 00:54:44,797]-[trainutils.py line:416]:[EST:    3.29m][Process Time:    0.08s]- Epoch: 8 [0800/1330 ( 60%)]	Losses: ce_loss-0.2886(0.3569) loss_tacl-0.0001(0.0001) loss_sacl-0.0087(0.0089) loss_event-0.0043(0.0043) loss_evidence-0.0022(0.0001) loss_query_diversity-0.0043(0.0043) loss_position-0.0000(0.0000) total_loss-0.2886(0.3569) 
[2026-09-20 00:55:21,636]-[trainutils.py line:416]:[EST:    2.66m][Process Time:    0.08s]- Epoch: 8 [0900/1330 ( 68%)]	Losses: ce_loss-0.3292(0.3587) loss_tacl-0.0001(0.0001) loss_sacl-0.0099(0.0089) loss_event-0.0051(0.0043) loss_evidence-0.0000(0.0001) loss_query_diversity-0.0043(0.0043) loss_position-0.0000(0.0000) total_loss-0.3292(0.3587) 
[2026-09-20 00:55:58,807]-[trainutils.py line:416]:[EST:    2.04m][Process Time:    0.08s]- Epoch: 8 [1000/1330 ( 75%)]	Losses: ce_loss-0.2479(0.3592) loss_tacl-0.0001(0.0001) loss_sacl-0.0096(0.0089) loss_event-0.0042(0.0043) loss_evidence-0.0000(0.0001) loss_query_diversity-0.0043(0.0043) loss_position-0.0000(0.0000) total_loss-0.2479(0.3592) 
[2026-09-20 00:56:37,704]-[trainutils.py line:416]:[EST:    1.43m][Process Time:    0.08s]- Epoch: 8 [1100/1330 ( 83%)]	Losses: ce_loss-0.4469(0.3603) loss_tacl-0.0001(0.0001) loss_sacl-0.0093(0.0089) loss_event-0.0040(0.0043) loss_evidence-0.0000(0.0001) loss_query_diversity-0.0043(0.0043) loss_position-0.0000(0.0000) total_loss-0.4469(0.3603) 
[2026-09-20 00:57:13,941]-[trainutils.py line:416]:[EST:    0.80m][Process Time:    0.08s]- Epoch: 8 [1200/1330 ( 90%)]	Losses: ce_loss-0.3201(0.3618) loss_tacl-0.0001(0.0001) loss_sacl-0.0079(0.0089) loss_event-0.0041(0.0043) loss_evidence-0.0000(0.0001) loss_query_diversity-0.0043(0.0043) loss_position-0.0000(0.0000) total_loss-0.3201(0.3618) 
[2026-09-20 00:57:48,491]-[trainutils.py line:416]:[EST:    0.18m][Process Time:    0.09s]- Epoch: 8 [1300/1330 ( 98%)]	Losses: ce_loss-0.3605(0.3627) loss_tacl-0.0001(0.0001) loss_sacl-0.0062(0.0088) loss_event-0.0033(0.0043) loss_evidence-0.0000(0.0001) loss_query_diversity-0.0043(0.0043) loss_position-0.0000(0.0000) total_loss-0.3605(0.3627) 
[2026-09-20 00:57:59,103]-[trainutils.py line:416]:[EST:   -0.01m][Process Time:    0.10s]- Epoch: 8 [1330/1330 (100%)]	Losses: ce_loss-0.7370(0.3636) loss_tacl-0.0001(0.0001) loss_sacl-0.0082(0.0088) loss_event-0.0033(0.0043) loss_evidence-0.0000(0.0001) loss_query_diversity-0.0043(0.0043) loss_position-0.0000(0.0000) total_loss-0.7370(0.3636) 
[2026-09-20 00:58:00,427]-[train.py line:106]:
-------------- validation epoch 8 -------------- 
[2026-09-20 00:58:00,985]-[trainutils.py line:461]:Test progress:   0/95 
[2026-09-20 00:58:53,459]-[trainutils.py line:461]:Test progress:  95/95 
[2026-09-20 00:58:53,460]-[trainutils.py line:492]:Epoch 8 -           Audio/Counting accuracy: 85.71(438/511) 
[2026-09-20 00:58:53,460]-[trainutils.py line:492]:Epoch 8 -        Audio/Comparative accuracy: 61.36(181/295) 
[2026-09-20 00:58:53,460]-[trainutils.py line:497]:Epoch 8 -                    Audio accuracy: 76.80(619/806) 
[2026-09-20 00:58:53,460]-[trainutils.py line:492]:Epoch 8 -          Visual/Counting accuracy: 82.17(493/600) 
[2026-09-20 00:58:53,460]-[trainutils.py line:492]:Epoch 8 -          Visual/Location accuracy: 89.07(546/613) 
[2026-09-20 00:58:53,460]-[trainutils.py line:497]:Epoch 8 -                   Visual accuracy: 85.66(1039/1213) 
[2026-09-20 00:58:53,461]-[trainutils.py line:492]:Epoch 8 - Audio-Visual/Existential accuracy: 82.63(409/495) 
[2026-09-20 00:58:53,461]-[trainutils.py line:492]:Epoch 8 -    Audio-Visual/Counting accuracy: 78.20(495/633) 
[2026-09-20 00:58:53,461]-[trainutils.py line:492]:Epoch 8 -    Audio-Visual/Location accuracy: 69.20(319/461) 
[2026-09-20 00:58:53,462]-[trainutils.py line:492]:Epoch 8 - Audio-Visual/Comparative accuracy: 59.20(325/549) 
[2026-09-20 00:58:53,462]-[trainutils.py line:492]:Epoch 8 -    Audio-Visual/Temporal accuracy: 72.02(296/411) 
[2026-09-20 00:58:53,462]-[trainutils.py line:497]:Epoch 8 -             Audio-Visual accuracy: 72.34(1844/2549) 
[2026-09-20 00:58:53,462]-[trainutils.py line:501]:Epoch 8 -                    Total accuracy: 76.66(3502/4568) 
[2026-09-20 00:58:54,018]-[trainutils.py line:461]:Test progress:   0/95 
[2026-09-20 00:59:48,006]-[trainutils.py line:461]:Test progress:  95/95 
[2026-09-20 00:59:48,008]-[trainutils.py line:492]:Epoch 8 -           Audio/Counting accuracy: 88.06(450/511) 
[2026-09-20 00:59:48,009]-[trainutils.py line:492]:Epoch 8 -        Audio/Comparative accuracy: 63.39(187/295) 
[2026-09-20 00:59:48,009]-[trainutils.py line:497]:Epoch 8 -                    Audio accuracy: 79.03(637/806) 
[2026-09-20 00:59:48,009]-[trainutils.py line:492]:Epoch 8 -          Visual/Counting accuracy: 83.33(500/600) 
[2026-09-20 00:59:48,010]-[trainutils.py line:492]:Epoch 8 -          Visual/Location accuracy: 88.58(543/613) 
[2026-09-20 00:59:48,010]-[trainutils.py line:497]:Epoch 8 -                   Visual accuracy: 85.99(1043/1213) 
[2026-09-20 00:59:48,011]-[trainutils.py line:492]:Epoch 8 - Audio-Visual/Existential accuracy: 84.44(418/495) 
[2026-09-20 00:59:48,011]-[trainutils.py line:492]:Epoch 8 -    Audio-Visual/Counting accuracy: 77.57(491/633) 
[2026-09-20 00:59:48,011]-[trainutils.py line:492]:Epoch 8 -    Audio-Visual/Location accuracy: 66.81(308/461) 
[2026-09-20 00:59:48,011]-[trainutils.py line:492]:Epoch 8 - Audio-Visual/Comparative accuracy: 64.85(356/549) 
[2026-09-20 00:59:48,011]-[trainutils.py line:492]:Epoch 8 -    Audio-Visual/Temporal accuracy: 74.21(305/411) 
[2026-09-20 00:59:48,011]-[trainutils.py line:497]:Epoch 8 -             Audio-Visual accuracy: 73.68(1878/2549) 
[2026-09-20 00:59:48,011]-[trainutils.py line:501]:Epoch 8 -                    Total accuracy: 77.89(3558/4568) 
[2026-09-20 00:59:48,100]-[train.py line:151]:best model saved at epoch 8 with acc 77.88966725043784 (ema) 
[2026-09-20 00:59:48,222]-[train.py line:167]:Epoch 8 done with 77.89 and loss 0.54297. 
[2026-09-20 00:59:48,222]-[train.py line:168]:At epoch8 best acc: 77.89. 
[2026-09-20 00:59:48,223]-[train.py line:102]:
-------------- training epoch 9 -------------- 
[2026-09-20 00:59:48,652]-[trainutils.py line:416]:[EST:    9.42m][Process Time:    0.09s]- Epoch: 9 [0000/1330 (  0%)]	Losses: ce_loss-0.5109(0.5109) loss_tacl-0.0001(0.0001) loss_sacl-0.0088(0.0088) loss_event-0.0051(0.0051) loss_evidence-0.0000(0.0000) loss_query_diversity-0.0043(0.0043) loss_position-0.0000(0.0000) total_loss-0.5109(0.5109) 
[2026-09-20 01:00:25,284]-[trainutils.py line:416]:[EST:    7.52m][Process Time:    0.08s]- Epoch: 9 [0100/1330 (  8%)]	Losses: ce_loss-0.3531(0.3168) loss_tacl-0.0001(0.0001) loss_sacl-0.0078(0.0083) loss_event-0.0037(0.0042) loss_evidence-0.0000(0.0000) loss_query_diversity-0.0042(0.0043) loss_position-0.0000(0.0000) total_loss-0.3531(0.3168) 
[2026-09-20 01:01:01,877]-[trainutils.py line:416]:[EST:    6.89m][Process Time:    0.09s]- Epoch: 9 [0200/1330 ( 15%)]	Losses: ce_loss-0.3055(0.3175) loss_tacl-0.0001(0.0001) loss_sacl-0.0082(0.0084) loss_event-0.0038(0.0042) loss_evidence-0.0000(0.0000) loss_query_diversity-0.0043(0.0043) loss_position-0.0000(0.0000) total_loss-0.3055(0.3175) 
[2026-09-20 01:01:35,757]-[trainutils.py line:416]:[EST:    6.13m][Process Time:    0.07s]- Epoch: 9 [0300/1330 ( 23%)]	Losses: ce_loss-0.1502(0.3162) loss_tacl-0.0001(0.0001) loss_sacl-0.0094(0.0084) loss_event-0.0053(0.0043) loss_evidence-0.0000(0.0000) loss_query_diversity-0.0043(0.0043) loss_position-0.0000(0.0000) total_loss-0.1502(0.3162) 
[2026-09-20 01:02:09,709]-[trainutils.py line:416]:[EST:    5.46m][Process Time:    0.07s]- Epoch: 9 [0400/1330 ( 30%)]	Losses: ce_loss-0.4219(0.3134) loss_tacl-0.0001(0.0001) loss_sacl-0.0075(0.0084) loss_event-0.0046(0.0043) loss_evidence-0.0000(0.0000) loss_query_diversity-0.0043(0.0043) loss_position-0.0000(0.0000) total_loss-0.4219(0.3134) 
[2026-09-20 01:02:46,029]-[trainutils.py line:416]:[EST:    4.90m][Process Time:    0.08s]- Epoch: 9 [0500/1330 ( 38%)]	Losses: ce_loss-0.5179(0.3103) loss_tacl-0.0001(0.0001) loss_sacl-0.0086(0.0085) loss_event-0.0037(0.0043) loss_evidence-0.0000(0.0000) loss_query_diversity-0.0043(0.0043) loss_position-0.0000(0.0000) total_loss-0.5179(0.3103) 
[2026-09-20 01:03:23,291]-[trainutils.py line:416]:[EST:    4.35m][Process Time:    0.08s]- Epoch: 9 [0600/1330 ( 45%)]	Losses: ce_loss-0.2248(0.3121) loss_tacl-0.0001(0.0001) loss_sacl-0.0090(0.0084) loss_event-0.0049(0.0043) loss_evidence-0.0000(0.0000) loss_query_diversity-0.0042(0.0043) loss_position-0.0000(0.0000) total_loss-0.2248(0.3121) 
[2026-09-20 01:03:59,844]-[trainutils.py line:416]:[EST:    3.76m][Process Time:    0.08s]- Epoch: 9 [0700/1330 ( 53%)]	Losses: ce_loss-0.2839(0.3145) loss_tacl-0.0001(0.0001) loss_sacl-0.0065(0.0084) loss_event-0.0033(0.0043) loss_evidence-0.0000(0.0000) loss_query_diversity-0.0043(0.0043) loss_position-0.0000(0.0000) total_loss-0.2839(0.3145) 
[2026-09-20 01:04:36,057]-[trainutils.py line:416]:[EST:    3.17m][Process Time:    0.08s]- Epoch: 9 [0800/1330 ( 60%)]	Losses: ce_loss-0.2338(0.3137) loss_tacl-0.0001(0.0001) loss_sacl-0.0076(0.0084) loss_event-0.0040(0.0043) loss_evidence-0.0000(0.0000) loss_query_diversity-0.0043(0.0043) loss_position-0.0000(0.0000) total_loss-0.2338(0.3137) 
[2026-09-20 01:05:12,430]-[trainutils.py line:416]:[EST:    2.57m][Process Time:    0.09s]- Epoch: 9 [0900/1330 ( 68%)]	Losses: ce_loss-0.1970(0.3138) loss_tacl-0.0001(0.0001) loss_sacl-0.0100(0.0084) loss_event-0.0049(0.0043) loss_evidence-0.0000(0.0000) loss_query_diversity-0.0043(0.0043) loss_position-0.0000(0.0000) total_loss-0.1970(0.3138) 
[2026-09-20 01:05:48,914]-[trainutils.py line:416]:[EST:    1.98m][Process Time:    0.08s]- Epoch: 9 [1000/1330 ( 75%)]	Losses: ce_loss-0.4209(0.3150) loss_tacl-0.0001(0.0001) loss_sacl-0.0072(0.0083) loss_event-0.0039(0.0043) loss_evidence-0.0000(0.0000) loss_query_diversity-0.0043(0.0043) loss_position-0.0000(0.0000) total_loss-0.4209(0.3150) 
[2026-09-20 01:06:23,618]-[trainutils.py line:416]:[EST:    1.37m][Process Time:    0.07s]- Epoch: 9 [1100/1330 ( 83%)]	Losses: ce_loss-0.3564(0.3179) loss_tacl-0.0001(0.0001) loss_sacl-0.0082(0.0083) loss_event-0.0050(0.0043) loss_evidence-0.0000(0.0000) loss_query_diversity-0.0043(0.0043) loss_position-0.0000(0.0000) total_loss-0.3564(0.3179) 
[2026-09-20 01:06:58,656]-[trainutils.py line:416]:[EST:    0.77m][Process Time:    0.08s]- Epoch: 9 [1200/1330 ( 90%)]	Losses: ce_loss-0.2947(0.3191) loss_tacl-0.0001(0.0001) loss_sacl-0.0083(0.0083) loss_event-0.0038(0.0043) loss_evidence-0.0000(0.0000) loss_query_diversity-0.0043(0.0043) loss_position-0.0000(0.0000) total_loss-0.2947(0.3191) 
[2026-09-20 01:07:34,696]-[trainutils.py line:416]:[EST:    0.17m][Process Time:    0.08s]- Epoch: 9 [1300/1330 ( 98%)]	Losses: ce_loss-0.4277(0.3213) loss_tacl-0.0001(0.0001) loss_sacl-0.0073(0.0083) loss_event-0.0040(0.0043) loss_evidence-0.0000(0.0000) loss_query_diversity-0.0043(0.0043) loss_position-0.0000(0.0000) total_loss-0.4277(0.3213) 
[2026-09-20 01:07:45,077]-[trainutils.py line:416]:[EST:   -0.01m][Process Time:    0.07s]- Epoch: 9 [1330/1330 (100%)]	Losses: ce_loss-0.3864(0.3213) loss_tacl-0.0001(0.0001) loss_sacl-0.0105(0.0083) loss_event-0.0067(0.0043) loss_evidence-0.0016(0.0000) loss_query_diversity-0.0042(0.0043) loss_position-0.0000(0.0000) total_loss-0.3864(0.3213) 
[2026-09-20 01:07:46,333]-[train.py line:106]:
-------------- validation epoch 9 -------------- 
[2026-09-20 01:07:46,862]-[trainutils.py line:461]:Test progress:   0/95 
[2026-09-20 01:08:39,674]-[trainutils.py line:461]:Test progress:  95/95 
[2026-09-20 01:08:39,675]-[trainutils.py line:492]:Epoch 9 -           Audio/Counting accuracy: 87.67(448/511) 
[2026-09-20 01:08:39,677]-[trainutils.py line:492]:Epoch 9 -        Audio/Comparative accuracy: 60.34(178/295) 
[2026-09-20 01:08:39,678]-[trainutils.py line:497]:Epoch 9 -                    Audio accuracy: 77.67(626/806) 
[2026-09-20 01:08:39,678]-[trainutils.py line:492]:Epoch 9 -          Visual/Counting accuracy: 81.00(486/600) 
[2026-09-20 01:08:39,679]-[trainutils.py line:492]:Epoch 9 -          Visual/Location accuracy: 88.25(541/613) 
[2026-09-20 01:08:39,679]-[trainutils.py line:497]:Epoch 9 -                   Visual accuracy: 84.67(1027/1213) 
[2026-09-20 01:08:39,680]-[trainutils.py line:492]:Epoch 9 - Audio-Visual/Existential accuracy: 84.44(418/495) 
[2026-09-20 01:08:39,681]-[trainutils.py line:492]:Epoch 9 -    Audio-Visual/Counting accuracy: 76.46(484/633) 
[2026-09-20 01:08:39,681]-[trainutils.py line:492]:Epoch 9 -    Audio-Visual/Location accuracy: 67.25(310/461) 
[2026-09-20 01:08:39,682]-[trainutils.py line:492]:Epoch 9 - Audio-Visual/Comparative accuracy: 65.03(357/549) 
[2026-09-20 01:08:39,682]-[trainutils.py line:492]:Epoch 9 -    Audio-Visual/Temporal accuracy: 73.48(302/411) 
[2026-09-20 01:08:39,682]-[trainutils.py line:497]:Epoch 9 -             Audio-Visual accuracy: 73.40(1871/2549) 
[2026-09-20 01:08:39,682]-[trainutils.py line:501]:Epoch 9 -                    Total accuracy: 77.15(3524/4568) 
[2026-09-20 01:08:40,275]-[trainutils.py line:461]:Test progress:   0/95 
[2026-09-20 01:09:30,495]-[trainutils.py line:461]:Test progress:  95/95 
[2026-09-20 01:09:30,496]-[trainutils.py line:492]:Epoch 9 -           Audio/Counting accuracy: 88.06(450/511) 
[2026-09-20 01:09:30,498]-[trainutils.py line:492]:Epoch 9 -        Audio/Comparative accuracy: 64.75(191/295) 
[2026-09-20 01:09:30,498]-[trainutils.py line:497]:Epoch 9 -                    Audio accuracy: 79.53(641/806) 
[2026-09-20 01:09:30,499]-[trainutils.py line:492]:Epoch 9 -          Visual/Counting accuracy: 82.33(494/600) 
[2026-09-20 01:09:30,499]-[trainutils.py line:492]:Epoch 9 -          Visual/Location accuracy: 89.23(547/613) 
[2026-09-20 01:09:30,499]-[trainutils.py line:497]:Epoch 9 -                   Visual accuracy: 85.82(1041/1213) 
[2026-09-20 01:09:30,499]-[trainutils.py line:492]:Epoch 9 - Audio-Visual/Existential accuracy: 83.64(414/495) 
[2026-09-20 01:09:30,500]-[trainutils.py line:492]:Epoch 9 -    Audio-Visual/Counting accuracy: 78.04(494/633) 
[2026-09-20 01:09:30,500]-[trainutils.py line:492]:Epoch 9 -    Audio-Visual/Location accuracy: 68.55(316/461) 
[2026-09-20 01:09:30,500]-[trainutils.py line:492]:Epoch 9 - Audio-Visual/Comparative accuracy: 63.93(351/549) 
[2026-09-20 01:09:30,500]-[trainutils.py line:492]:Epoch 9 -    Audio-Visual/Temporal accuracy: 74.70(307/411) 
[2026-09-20 01:09:30,500]-[trainutils.py line:497]:Epoch 9 -             Audio-Visual accuracy: 73.83(1882/2549) 
[2026-09-20 01:09:30,501]-[trainutils.py line:501]:Epoch 9 -                    Total accuracy: 78.02(3564/4568) 
[2026-09-20 01:09:30,566]-[train.py line:151]:best model saved at epoch 9 with acc 78.02101576182136 (ema) 
[2026-09-20 01:09:30,632]-[train.py line:167]:Epoch 9 done with 78.02 and loss 0.56250. 
[2026-09-20 01:09:30,632]-[train.py line:168]:At epoch9 best acc: 78.02. 
[2026-09-20 01:09:30,632]-[train.py line:102]:
-------------- training epoch 10 -------------- 
[2026-09-20 01:09:30,963]-[trainutils.py line:416]:[EST:    7.29m][Process Time:    0.07s]- Epoch: 10 [0000/1330 (  0%)]	Losses: ce_loss-0.1582(0.1582) loss_tacl-0.0001(0.0001) loss_sacl-0.0093(0.0093) loss_event-0.0047(0.0047) loss_evidence-0.0000(0.0000) loss_query_diversity-0.0043(0.0043) loss_position-0.0000(0.0000) total_loss-0.1582(0.1582) 
[2026-09-20 01:10:04,810]-[trainutils.py line:416]:[EST:    6.93m][Process Time:    0.08s]- Epoch: 10 [0100/1330 (  8%)]	Losses: ce_loss-0.2997(0.2553) loss_tacl-0.0001(0.0001) loss_sacl-0.0069(0.0081) loss_event-0.0033(0.0042) loss_evidence-0.0000(0.0000) loss_query_diversity-0.0043(0.0043) loss_position-0.0000(0.0000) total_loss-0.2997(0.2553) 
[2026-09-20 01:10:39,311]-[trainutils.py line:416]:[EST:    6.43m][Process Time:    0.07s]- Epoch: 10 [0200/1330 ( 15%)]	Losses: ce_loss-0.3238(0.2734) loss_tacl-0.0001(0.0001) loss_sacl-0.0072(0.0080) loss_event-0.0038(0.0042) loss_evidence-0.0000(0.0000) loss_query_diversity-0.0043(0.0043) loss_position-0.0000(0.0000) total_loss-0.3238(0.2734) 
[2026-09-20 01:11:14,936]-[trainutils.py line:416]:[EST:    5.94m][Process Time:    0.08s]- Epoch: 10 [0300/1330 ( 23%)]	Losses: ce_loss-0.1896(0.2747) loss_tacl-0.0001(0.0001) loss_sacl-0.0087(0.0080) loss_event-0.0044(0.0043) loss_evidence-0.0000(0.0000) loss_query_diversity-0.0043(0.0043) loss_position-0.0000(0.0000) total_loss-0.1896(0.2747) 
[2026-09-20 01:11:50,615]-[trainutils.py line:416]:[EST:    5.40m][Process Time:    0.07s]- Epoch: 10 [0400/1330 ( 30%)]	Losses: ce_loss-0.2921(0.2766) loss_tacl-0.0001(0.0001) loss_sacl-0.0076(0.0080) loss_event-0.0043(0.0044) loss_evidence-0.0000(0.0000) loss_query_diversity-0.0043(0.0043) loss_position-0.0000(0.0000) total_loss-0.2921(0.2766) 
[2026-09-20 01:12:26,218]-[trainutils.py line:416]:[EST:    4.84m][Process Time:    0.08s]- Epoch: 10 [0500/1330 ( 38%)]	Losses: ce_loss-0.3547(0.2746) loss_tacl-0.0001(0.0001) loss_sacl-0.0077(0.0080) loss_event-0.0044(0.0044) loss_evidence-0.0000(0.0000) loss_query_diversity-0.0043(0.0043) loss_position-0.0000(0.0000) total_loss-0.3547(0.2746) 
[2026-09-20 01:12:50,589]-[trainutils.py line:416]:[EST:    4.04m][Process Time:    0.05s]- Epoch: 10 [0600/1330 ( 45%)]	Losses: ce_loss-0.2728(0.2745) loss_tacl-0.0001(0.0001) loss_sacl-0.0070(0.0080) loss_event-0.0039(0.0044) loss_evidence-0.0000(0.0000) loss_query_diversity-0.0043(0.0043) loss_position-0.0000(0.0000) total_loss-0.2728(0.2745) 
[2026-09-20 01:13:12,840]-[trainutils.py line:416]:[EST:    3.32m][Process Time:    0.05s]- Epoch: 10 [0700/1330 ( 53%)]	Losses: ce_loss-0.2392(0.2743) loss_tacl-0.0001(0.0001) loss_sacl-0.0081(0.0079) loss_event-0.0047(0.0044) loss_evidence-0.0000(0.0000) loss_query_diversity-0.0043(0.0043) loss_position-0.0000(0.0000) total_loss-0.2392(0.2743) 
[2026-09-20 01:13:35,747]-[trainutils.py line:416]:[EST:    2.70m][Process Time:    0.04s]- Epoch: 10 [0800/1330 ( 60%)]	Losses: ce_loss-0.2406(0.2745) loss_tacl-0.0001(0.0001) loss_sacl-0.0086(0.0079) loss_event-0.0048(0.0044) loss_evidence-0.0016(0.0000) loss_query_diversity-0.0043(0.0043) loss_position-0.0000(0.0000) total_loss-0.2406(0.2745) 
[2026-09-20 01:13:56,649]-[trainutils.py line:416]:[EST:    2.11m][Process Time:    0.05s]- Epoch: 10 [0900/1330 ( 68%)]	Losses: ce_loss-0.1981(0.2773) loss_tacl-0.0001(0.0001) loss_sacl-0.0066(0.0079) loss_event-0.0044(0.0044) loss_evidence-0.0000(0.0000) loss_query_diversity-0.0042(0.0043) loss_position-0.0000(0.0000) total_loss-0.1981(0.2773) 
[2026-09-20 01:14:17,353]-[trainutils.py line:416]:[EST:    1.57m][Process Time:    0.05s]- Epoch: 10 [1000/1330 ( 75%)]	Losses: ce_loss-0.2735(0.2771) loss_tacl-0.0001(0.0001) loss_sacl-0.0069(0.0078) loss_event-0.0041(0.0044) loss_evidence-0.0000(0.0000) loss_query_diversity-0.0043(0.0043) loss_position-0.0000(0.0000) total_loss-0.2735(0.2771) 
[2026-09-20 01:14:38,567]-[trainutils.py line:416]:[EST:    1.07m][Process Time:    0.06s]- Epoch: 10 [1100/1330 ( 83%)]	Losses: ce_loss-0.2260(0.2784) loss_tacl-0.0001(0.0001) loss_sacl-0.0086(0.0078) loss_event-0.0050(0.0044) loss_evidence-0.0000(0.0000) loss_query_diversity-0.0043(0.0043) loss_position-0.0000(0.0000) total_loss-0.2260(0.2784) 
[2026-09-20 01:14:58,993]-[trainutils.py line:416]:[EST:    0.59m][Process Time:    0.05s]- Epoch: 10 [1200/1330 ( 90%)]	Losses: ce_loss-0.2469(0.2799) loss_tacl-0.0001(0.0001) loss_sacl-0.0074(0.0078) loss_event-0.0041(0.0044) loss_evidence-0.0000(0.0000) loss_query_diversity-0.0043(0.0043) loss_position-0.0000(0.0000) total_loss-0.2469(0.2799) 
[2026-09-20 01:15:19,157]-[trainutils.py line:416]:[EST:    0.13m][Process Time:    0.07s]- Epoch: 10 [1300/1330 ( 98%)]	Losses: ce_loss-0.2763(0.2799) loss_tacl-0.0001(0.0001) loss_sacl-0.0082(0.0078) loss_event-0.0048(0.0044) loss_evidence-0.0000(0.0000) loss_query_diversity-0.0043(0.0043) loss_position-0.0000(0.0000) total_loss-0.2763(0.2799) 
[2026-09-20 01:15:25,137]-[trainutils.py line:416]:[EST:   -0.00m][Process Time:    0.07s]- Epoch: 10 [1330/1330 (100%)]	Losses: ce_loss-0.1141(0.2803) loss_tacl-0.0001(0.0001) loss_sacl-0.0072(0.0078) loss_event-0.0051(0.0044) loss_evidence-0.0000(0.0000) loss_query_diversity-0.0042(0.0043) loss_position-0.0000(0.0000) total_loss-0.1141(0.2803) 
[2026-09-20 01:15:25,692]-[train.py line:106]:
-------------- validation epoch 10 -------------- 
[2026-09-20 01:15:25,988]-[trainutils.py line:461]:Test progress:   0/95 
[2026-09-20 01:15:55,890]-[trainutils.py line:461]:Test progress:  95/95 
[2026-09-20 01:15:55,891]-[trainutils.py line:492]:Epoch 10 -           Audio/Counting accuracy: 87.28(446/511) 
[2026-09-20 01:15:55,891]-[trainutils.py line:492]:Epoch 10 -        Audio/Comparative accuracy: 60.00(177/295) 
[2026-09-20 01:15:55,891]-[trainutils.py line:497]:Epoch 10 -                    Audio accuracy: 77.30(623/806) 
[2026-09-20 01:15:55,891]-[trainutils.py line:492]:Epoch 10 -          Visual/Counting accuracy: 83.00(498/600) 
[2026-09-20 01:15:55,891]-[trainutils.py line:492]:Epoch 10 -          Visual/Location accuracy: 89.23(547/613) 
[2026-09-20 01:15:55,891]-[trainutils.py line:497]:Epoch 10 -                   Visual accuracy: 86.15(1045/1213) 
[2026-09-20 01:15:55,891]-[trainutils.py line:492]:Epoch 10 - Audio-Visual/Existential accuracy: 83.03(411/495) 
[2026-09-20 01:15:55,891]-[trainutils.py line:492]:Epoch 10 -    Audio-Visual/Counting accuracy: 76.30(483/633) 
[2026-09-20 01:15:55,891]-[trainutils.py line:492]:Epoch 10 -    Audio-Visual/Location accuracy: 67.90(313/461) 
[2026-09-20 01:15:55,891]-[trainutils.py line:492]:Epoch 10 - Audio-Visual/Comparative accuracy: 63.39(348/549) 
[2026-09-20 01:15:55,891]-[trainutils.py line:492]:Epoch 10 -    Audio-Visual/Temporal accuracy: 71.53(294/411) 
[2026-09-20 01:15:55,891]-[trainutils.py line:497]:Epoch 10 -             Audio-Visual accuracy: 72.54(1849/2549) 
[2026-09-20 01:15:55,891]-[trainutils.py line:501]:Epoch 10 -                    Total accuracy: 76.99(3517/4568) 
[2026-09-20 01:15:56,225]-[trainutils.py line:461]:Test progress:   0/95 
[2026-09-20 01:16:25,976]-[trainutils.py line:461]:Test progress:  95/95 
[2026-09-20 01:16:25,977]-[trainutils.py line:492]:Epoch 10 -           Audio/Counting accuracy: 87.67(448/511) 
[2026-09-20 01:16:25,977]-[trainutils.py line:492]:Epoch 10 -        Audio/Comparative accuracy: 64.75(191/295) 
[2026-09-20 01:16:25,977]-[trainutils.py line:497]:Epoch 10 -                    Audio accuracy: 79.28(639/806) 
[2026-09-20 01:16:25,977]-[trainutils.py line:492]:Epoch 10 -          Visual/Counting accuracy: 83.17(499/600) 
[2026-09-20 01:16:25,977]-[trainutils.py line:492]:Epoch 10 -          Visual/Location accuracy: 89.23(547/613) 
[2026-09-20 01:16:25,977]-[trainutils.py line:497]:Epoch 10 -                   Visual accuracy: 86.23(1046/1213) 
[2026-09-20 01:16:25,978]-[trainutils.py line:492]:Epoch 10 - Audio-Visual/Existential accuracy: 84.04(416/495) 
[2026-09-20 01:16:25,978]-[trainutils.py line:492]:Epoch 10 -    Audio-Visual/Counting accuracy: 78.52(497/633) 
[2026-09-20 01:16:25,978]-[trainutils.py line:492]:Epoch 10 -    Audio-Visual/Location accuracy: 70.93(327/461) 
[2026-09-20 01:16:25,978]-[trainutils.py line:492]:Epoch 10 - Audio-Visual/Comparative accuracy: 64.30(353/549) 
[2026-09-20 01:16:25,979]-[trainutils.py line:492]:Epoch 10 -    Audio-Visual/Temporal accuracy: 74.21(305/411) 
[2026-09-20 01:16:25,979]-[trainutils.py line:497]:Epoch 10 -             Audio-Visual accuracy: 74.46(1898/2549) 
[2026-09-20 01:16:25,979]-[trainutils.py line:501]:Epoch 10 -                    Total accuracy: 78.44(3583/4568) 
[2026-09-20 01:16:26,017]-[train.py line:151]:best model saved at epoch 10 with acc 78.4369527145359 (ema) 
[2026-09-20 01:16:26,056]-[train.py line:167]:Epoch 10 done with 78.44 and loss 0.58984. 
[2026-09-20 01:16:26,057]-[train.py line:168]:At epoch10 best acc: 78.44. 
[2026-09-20 01:16:26,057]-[train.py line:102]:
-------------- training epoch 11 -------------- 
[2026-09-20 01:16:26,277]-[trainutils.py line:416]:[EST:    4.85m][Process Time:    0.06s]- Epoch: 11 [0000/1330 (  0%)]	Losses: ce_loss-0.3686(0.3686) loss_tacl-0.0001(0.0001) loss_sacl-0.0085(0.0085) loss_event-0.0047(0.0047) loss_evidence-0.0000(0.0000) loss_query_diversity-0.0043(0.0043) loss_position-0.0000(0.0000) total_loss-0.3686(0.3686) 
[2026-09-20 01:16:46,243]-[trainutils.py line:416]:[EST:    4.09m][Process Time:    0.07s]- Epoch: 11 [0100/1330 (  8%)]	Losses: ce_loss-0.1279(0.2434) loss_tacl-0.0001(0.0001) loss_sacl-0.0096(0.0075) loss_event-0.0054(0.0044) loss_evidence-0.0000(0.0001) loss_query_diversity-0.0043(0.0043) loss_position-0.0000(0.0000) total_loss-0.1279(0.2434) 
[2026-09-20 01:17:06,298]-[trainutils.py line:416]:[EST:    3.77m][Process Time:    0.07s]- Epoch: 11 [0200/1330 ( 15%)]	Losses: ce_loss-0.2161(0.2331) loss_tacl-0.0001(0.0001) loss_sacl-0.0063(0.0075) loss_event-0.0040(0.0044) loss_evidence-0.0000(0.0001) loss_query_diversity-0.0043(0.0043) loss_position-0.0000(0.0000) total_loss-0.2161(0.2331) 
[2026-09-20 01:17:26,283]-[trainutils.py line:416]:[EST:    3.43m][Process Time:    0.06s]- Epoch: 11 [0300/1330 ( 23%)]	Losses: ce_loss-0.4000(0.2379) loss_tacl-0.0001(0.0001) loss_sacl-0.0055(0.0075) loss_event-0.0039(0.0044) loss_evidence-0.0000(0.0000) loss_query_diversity-0.0043(0.0043) loss_position-0.0000(0.0000) total_loss-0.4000(0.2379) 
[2026-09-20 01:17:46,266]-[trainutils.py line:416]:[EST:    3.10m][Process Time:    0.05s]- Epoch: 11 [0400/1330 ( 30%)]	Losses: ce_loss-0.2849(0.2398) loss_tacl-0.0001(0.0001) loss_sacl-0.0061(0.0075) loss_event-0.0035(0.0044) loss_evidence-0.0000(0.0000) loss_query_diversity-0.0043(0.0043) loss_position-0.0000(0.0000) total_loss-0.2849(0.2398) 
[2026-09-20 01:18:06,070]-[trainutils.py line:416]:[EST:    2.76m][Process Time:    0.05s]- Epoch: 11 [0500/1330 ( 38%)]	Losses: ce_loss-0.4542(0.2384) loss_tacl-0.0001(0.0001) loss_sacl-0.0068(0.0074) loss_event-0.0045(0.0044) loss_evidence-0.0000(0.0000) loss_query_diversity-0.0043(0.0043) loss_position-0.0000(0.0000) total_loss-0.4542(0.2384) 
[2026-09-20 01:18:26,167]-[trainutils.py line:416]:[EST:    2.43m][Process Time:    0.05s]- Epoch: 11 [0600/1330 ( 45%)]	Losses: ce_loss-0.3503(0.2416) loss_tacl-0.0001(0.0001) loss_sacl-0.0073(0.0074) loss_event-0.0039(0.0043) loss_evidence-0.0000(0.0000) loss_query_diversity-0.0043(0.0043) loss_position-0.0000(0.0000) total_loss-0.3503(0.2416) 
[2026-09-20 01:18:46,050]-[trainutils.py line:416]:[EST:    2.09m][Process Time:    0.06s]- Epoch: 11 [0700/1330 ( 53%)]	Losses: ce_loss-0.2498(0.2421) loss_tacl-0.0001(0.0001) loss_sacl-0.0081(0.0074) loss_event-0.0050(0.0043) loss_evidence-0.0000(0.0000) loss_query_diversity-0.0043(0.0043) loss_position-0.0000(0.0000) total_loss-0.2498(0.2421) 
[2026-09-20 01:19:05,978]-[trainutils.py line:416]:[EST:    1.76m][Process Time:    0.06s]- Epoch: 11 [0800/1330 ( 60%)]	Losses: ce_loss-0.1501(0.2426) loss_tacl-0.0001(0.0001) loss_sacl-0.0073(0.0074) loss_event-0.0038(0.0043) loss_evidence-0.0000(0.0000) loss_query_diversity-0.0043(0.0043) loss_position-0.0000(0.0000) total_loss-0.1501(0.2426) 
[2026-09-20 01:19:25,814]-[trainutils.py line:416]:[EST:    1.43m][Process Time:    0.04s]- Epoch: 11 [0900/1330 ( 68%)]	Losses: ce_loss-0.1702(0.2429) loss_tacl-0.0001(0.0001) loss_sacl-0.0077(0.0073) loss_event-0.0040(0.0043) loss_evidence-0.0000(0.0000) loss_query_diversity-0.0043(0.0043) loss_position-0.0000(0.0000) total_loss-0.1702(0.2429) 
[2026-09-20 01:19:45,617]-[trainutils.py line:416]:[EST:    1.09m][Process Time:    0.06s]- Epoch: 11 [1000/1330 ( 75%)]	Losses: ce_loss-0.2480(0.2435) loss_tacl-0.0001(0.0001) loss_sacl-0.0071(0.0073) loss_event-0.0031(0.0043) loss_evidence-0.0000(0.0000) loss_query_diversity-0.0043(0.0043) loss_position-0.0000(0.0000) total_loss-0.2480(0.2435) 
[2026-09-20 01:20:05,658]-[trainutils.py line:416]:[EST:    0.76m][Process Time:    0.04s]- Epoch: 11 [1100/1330 ( 83%)]	Losses: ce_loss-0.1441(0.2444) loss_tacl-0.0001(0.0001) loss_sacl-0.0063(0.0073) loss_event-0.0041(0.0043) loss_evidence-0.0000(0.0000) loss_query_diversity-0.0043(0.0043) loss_position-0.0000(0.0000) total_loss-0.1441(0.2444) 
[2026-09-20 01:20:25,858]-[trainutils.py line:416]:[EST:    0.43m][Process Time:    0.04s]- Epoch: 11 [1200/1330 ( 90%)]	Losses: ce_loss-0.2726(0.2442) loss_tacl-0.0001(0.0001) loss_sacl-0.0073(0.0073) loss_event-0.0045(0.0043) loss_evidence-0.0000(0.0000) loss_query_diversity-0.0043(0.0043) loss_position-0.0000(0.0000) total_loss-0.2726(0.2442) 
[2026-09-20 01:20:45,935]-[trainutils.py line:416]:[EST:    0.10m][Process Time:    0.06s]- Epoch: 11 [1300/1330 ( 98%)]	Losses: ce_loss-0.3178(0.2447) loss_tacl-0.0001(0.0001) loss_sacl-0.0080(0.0073) loss_event-0.0051(0.0043) loss_evidence-0.0000(0.0000) loss_query_diversity-0.0042(0.0043) loss_position-0.0000(0.0000) total_loss-0.3178(0.2447) 
[2026-09-20 01:20:51,858]-[trainutils.py line:416]:[EST:   -0.00m][Process Time:    0.07s]- Epoch: 11 [1330/1330 (100%)]	Losses: ce_loss-0.1809(0.2446) loss_tacl-0.0001(0.0001) loss_sacl-0.0098(0.0073) loss_event-0.0057(0.0043) loss_evidence-0.0000(0.0000) loss_query_diversity-0.0043(0.0043) loss_position-0.0000(0.0000) total_loss-0.1809(0.2446) 
[2026-09-20 01:20:52,388]-[train.py line:106]:
-------------- validation epoch 11 -------------- 
[2026-09-20 01:20:52,682]-[trainutils.py line:461]:Test progress:   0/95 
[2026-09-20 01:21:22,290]-[trainutils.py line:461]:Test progress:  95/95 
[2026-09-20 01:21:22,291]-[trainutils.py line:492]:Epoch 11 -           Audio/Counting accuracy: 86.89(444/511) 
[2026-09-20 01:21:22,291]-[trainutils.py line:492]:Epoch 11 -        Audio/Comparative accuracy: 64.41(190/295) 
[2026-09-20 01:21:22,291]-[trainutils.py line:497]:Epoch 11 -                    Audio accuracy: 78.66(634/806) 
[2026-09-20 01:21:22,292]-[trainutils.py line:492]:Epoch 11 -          Visual/Counting accuracy: 82.33(494/600) 
[2026-09-20 01:21:22,293]-[trainutils.py line:492]:Epoch 11 -          Visual/Location accuracy: 89.07(546/613) 
[2026-09-20 01:21:22,293]-[trainutils.py line:497]:Epoch 11 -                   Visual accuracy: 85.74(1040/1213) 
[2026-09-20 01:21:22,293]-[trainutils.py line:492]:Epoch 11 - Audio-Visual/Existential accuracy: 84.24(417/495) 
[2026-09-20 01:21:22,293]-[trainutils.py line:492]:Epoch 11 -    Audio-Visual/Counting accuracy: 75.99(481/633) 
[2026-09-20 01:21:22,293]-[trainutils.py line:492]:Epoch 11 -    Audio-Visual/Location accuracy: 68.55(316/461) 
[2026-09-20 01:21:22,294]-[trainutils.py line:492]:Epoch 11 - Audio-Visual/Comparative accuracy: 60.47(332/549) 
[2026-09-20 01:21:22,294]-[trainutils.py line:492]:Epoch 11 -    Audio-Visual/Temporal accuracy: 73.48(302/411) 
[2026-09-20 01:21:22,294]-[trainutils.py line:497]:Epoch 11 -             Audio-Visual accuracy: 72.50(1848/2549) 
[2026-09-20 01:21:22,294]-[trainutils.py line:501]:Epoch 11 -                    Total accuracy: 77.10(3522/4568) 
[2026-09-20 01:21:22,625]-[trainutils.py line:461]:Test progress:   0/95 
[2026-09-20 01:21:52,029]-[trainutils.py line:461]:Test progress:  95/95 
[2026-09-20 01:21:52,030]-[trainutils.py line:492]:Epoch 11 -           Audio/Counting accuracy: 87.87(449/511) 
[2026-09-20 01:21:52,030]-[trainutils.py line:492]:Epoch 11 -        Audio/Comparative accuracy: 64.07(189/295) 
[2026-09-20 01:21:52,030]-[trainutils.py line:497]:Epoch 11 -                    Audio accuracy: 79.16(638/806) 
[2026-09-20 01:21:52,030]-[trainutils.py line:492]:Epoch 11 -          Visual/Counting accuracy: 82.83(497/600) 
[2026-09-20 01:21:52,031]-[trainutils.py line:492]:Epoch 11 -          Visual/Location accuracy: 89.07(546/613) 
[2026-09-20 01:21:52,031]-[trainutils.py line:497]:Epoch 11 -                   Visual accuracy: 85.99(1043/1213) 
[2026-09-20 01:21:52,031]-[trainutils.py line:492]:Epoch 11 - Audio-Visual/Existential accuracy: 84.24(417/495) 
[2026-09-20 01:21:52,031]-[trainutils.py line:492]:Epoch 11 -    Audio-Visual/Counting accuracy: 77.41(490/633) 
[2026-09-20 01:21:52,031]-[trainutils.py line:492]:Epoch 11 -    Audio-Visual/Location accuracy: 69.63(321/461) 
[2026-09-20 01:21:52,031]-[trainutils.py line:492]:Epoch 11 - Audio-Visual/Comparative accuracy: 63.57(349/549) 
[2026-09-20 01:21:52,032]-[trainutils.py line:492]:Epoch 11 -    Audio-Visual/Temporal accuracy: 72.51(298/411) 
[2026-09-20 01:21:52,032]-[trainutils.py line:497]:Epoch 11 -             Audio-Visual accuracy: 73.56(1875/2549) 
[2026-09-20 01:21:52,032]-[trainutils.py line:501]:Epoch 11 -                    Total accuracy: 77.85(3556/4568) 
[2026-09-20 01:21:52,035]-[train.py line:167]:Epoch 11 done with 77.85 and loss 0.60156. 
[2026-09-20 01:21:52,035]-[train.py line:168]:At epoch10 best acc: 78.44. 
[2026-09-20 01:21:52,035]-[train.py line:102]:
-------------- training epoch 12 -------------- 
[2026-09-20 01:21:52,223]-[trainutils.py line:416]:[EST:    4.13m][Process Time:    0.04s]- Epoch: 12 [0000/1330 (  0%)]	Losses: ce_loss-0.2019(0.2019) loss_tacl-0.0001(0.0001) loss_sacl-0.0068(0.0068) loss_event-0.0042(0.0042) loss_evidence-0.0000(0.0000) loss_query_diversity-0.0042(0.0042) loss_position-0.0000(0.0000) total_loss-0.2019(0.2019) 
[2026-09-20 01:22:12,738]-[trainutils.py line:416]:[EST:    4.20m][Process Time:    0.05s]- Epoch: 12 [0100/1330 (  8%)]	Losses: ce_loss-0.2496(0.2097) loss_tacl-0.0001(0.0001) loss_sacl-0.0076(0.0070) loss_event-0.0042(0.0042) loss_evidence-0.0000(0.0000) loss_query_diversity-0.0043(0.0043) loss_position-0.0000(0.0000) total_loss-0.2496(0.2097) 
[2026-09-20 01:22:33,407]-[trainutils.py line:416]:[EST:    3.87m][Process Time:    0.06s]- Epoch: 12 [0200/1330 ( 15%)]	Losses: ce_loss-0.2220(0.2044) loss_tacl-0.0001(0.0001) loss_sacl-0.0068(0.0070) loss_event-0.0040(0.0042) loss_evidence-0.0000(0.0000) loss_query_diversity-0.0043(0.0043) loss_position-0.0000(0.0000) total_loss-0.2220(0.2044) 
[2026-09-20 01:22:53,668]-[trainutils.py line:416]:[EST:    3.51m][Process Time:    0.06s]- Epoch: 12 [0300/1330 ( 23%)]	Losses: ce_loss-0.2598(0.2062) loss_tacl-0.0001(0.0001) loss_sacl-0.0076(0.0070) loss_event-0.0047(0.0043) loss_evidence-0.0000(0.0000) loss_query_diversity-0.0043(0.0043) loss_position-0.0000(0.0000) total_loss-0.2598(0.2062) 
[2026-09-20 01:23:13,676]-[trainutils.py line:416]:[EST:    3.15m][Process Time:    0.05s]- Epoch: 12 [0400/1330 ( 30%)]	Losses: ce_loss-0.3249(0.2090) loss_tacl-0.0001(0.0001) loss_sacl-0.0054(0.0071) loss_event-0.0031(0.0043) loss_evidence-0.0000(0.0000) loss_query_diversity-0.0042(0.0043) loss_position-0.0000(0.0000) total_loss-0.3249(0.2090) 
[2026-09-20 01:23:33,336]-[trainutils.py line:416]:[EST:    2.79m][Process Time:    0.05s]- Epoch: 12 [0500/1330 ( 38%)]	Losses: ce_loss-0.4886(0.2103) loss_tacl-0.0001(0.0001) loss_sacl-0.0060(0.0070) loss_event-0.0047(0.0043) loss_evidence-0.0002(0.0000) loss_query_diversity-0.0042(0.0043) loss_position-0.0000(0.0000) total_loss-0.4886(0.2103) 
[2026-09-20 01:23:52,917]-[trainutils.py line:416]:[EST:    2.44m][Process Time:    0.04s]- Epoch: 12 [0600/1330 ( 45%)]	Losses: ce_loss-0.1118(0.2109) loss_tacl-0.0001(0.0001) loss_sacl-0.0061(0.0070) loss_event-0.0035(0.0043) loss_evidence-0.0000(0.0000) loss_query_diversity-0.0043(0.0043) loss_position-0.0000(0.0000) total_loss-0.1118(0.2109) 
[2026-09-20 01:24:12,689]-[trainutils.py line:416]:[EST:    2.10m][Process Time:    0.04s]- Epoch: 12 [0700/1330 ( 53%)]	Losses: ce_loss-0.1383(0.2092) loss_tacl-0.0001(0.0001) loss_sacl-0.0069(0.0070) loss_event-0.0045(0.0043) loss_evidence-0.0000(0.0000) loss_query_diversity-0.0043(0.0043) loss_position-0.0000(0.0000) total_loss-0.1383(0.2092) 
[2026-09-20 01:24:32,351]-[trainutils.py line:416]:[EST:    1.76m][Process Time:    0.06s]- Epoch: 12 [0800/1330 ( 60%)]	Losses: ce_loss-0.1259(0.2095) loss_tacl-0.0001(0.0001) loss_sacl-0.0064(0.0070) loss_event-0.0041(0.0043) loss_evidence-0.0000(0.0000) loss_query_diversity-0.0042(0.0043) loss_position-0.0000(0.0000) total_loss-0.1259(0.2095) 
[2026-09-20 01:24:52,284]-[trainutils.py line:416]:[EST:    1.43m][Process Time:    0.05s]- Epoch: 12 [0900/1330 ( 68%)]	Losses: ce_loss-0.6166(0.2104) loss_tacl-0.0001(0.0001) loss_sacl-0.0071(0.0070) loss_event-0.0045(0.0043) loss_evidence-0.0000(0.0000) loss_query_diversity-0.0043(0.0043) loss_position-0.0000(0.0000) total_loss-0.6166(0.2104) 
[2026-09-20 01:25:12,462]-[trainutils.py line:416]:[EST:    1.10m][Process Time:    0.06s]- Epoch: 12 [1000/1330 ( 75%)]	Losses: ce_loss-0.1431(0.2118) loss_tacl-0.0001(0.0001) loss_sacl-0.0065(0.0070) loss_event-0.0045(0.0043) loss_evidence-0.0000(0.0000) loss_query_diversity-0.0043(0.0043) loss_position-0.0000(0.0000) total_loss-0.1431(0.2118) 
[2026-09-20 01:25:32,391]-[trainutils.py line:416]:[EST:    0.76m][Process Time:    0.06s]- Epoch: 12 [1100/1330 ( 83%)]	Losses: ce_loss-0.0829(0.2108) loss_tacl-0.0001(0.0001) loss_sacl-0.0073(0.0069) loss_event-0.0040(0.0042) loss_evidence-0.0000(0.0000) loss_query_diversity-0.0043(0.0043) loss_position-0.0000(0.0000) total_loss-0.0829(0.2108) 
[2026-09-20 01:25:52,272]-[trainutils.py line:416]:[EST:    0.43m][Process Time:    0.05s]- Epoch: 12 [1200/1330 ( 90%)]	Losses: ce_loss-0.4010(0.2108) loss_tacl-0.0001(0.0001) loss_sacl-0.0067(0.0069) loss_event-0.0043(0.0042) loss_evidence-0.0000(0.0000) loss_query_diversity-0.0043(0.0043) loss_position-0.0000(0.0000) total_loss-0.4010(0.2108) 
[2026-09-20 01:26:12,362]-[trainutils.py line:416]:[EST:    0.10m][Process Time:    0.06s]- Epoch: 12 [1300/1330 ( 98%)]	Losses: ce_loss-0.1475(0.2123) loss_tacl-0.0001(0.0001) loss_sacl-0.0074(0.0069) loss_event-0.0048(0.0042) loss_evidence-0.0000(0.0000) loss_query_diversity-0.0043(0.0043) loss_position-0.0000(0.0000) total_loss-0.1475(0.2123) 
[2026-09-20 01:26:18,327]-[trainutils.py line:416]:[EST:   -0.00m][Process Time:    0.05s]- Epoch: 12 [1330/1330 (100%)]	Losses: ce_loss-0.2393(0.2118) loss_tacl-0.0001(0.0001) loss_sacl-0.0088(0.0069) loss_event-0.0063(0.0042) loss_evidence-0.0000(0.0000) loss_query_diversity-0.0043(0.0043) loss_position-0.0000(0.0000) total_loss-0.2393(0.2118) 
[2026-09-20 01:26:18,886]-[train.py line:106]:
-------------- validation epoch 12 -------------- 
[2026-09-20 01:26:19,200]-[trainutils.py line:461]:Test progress:   0/95 
[2026-09-20 01:26:48,806]-[trainutils.py line:461]:Test progress:  95/95 
[2026-09-20 01:26:48,806]-[trainutils.py line:492]:Epoch 12 -           Audio/Counting accuracy: 87.28(446/511) 
[2026-09-20 01:26:48,806]-[trainutils.py line:492]:Epoch 12 -        Audio/Comparative accuracy: 60.34(178/295) 
[2026-09-20 01:26:48,807]-[trainutils.py line:497]:Epoch 12 -                    Audio accuracy: 77.42(624/806) 
[2026-09-20 01:26:48,807]-[trainutils.py line:492]:Epoch 12 -          Visual/Counting accuracy: 81.67(490/600) 
[2026-09-20 01:26:48,807]-[trainutils.py line:492]:Epoch 12 -          Visual/Location accuracy: 88.74(544/613) 
[2026-09-20 01:26:48,807]-[trainutils.py line:497]:Epoch 12 -                   Visual accuracy: 85.24(1034/1213) 
[2026-09-20 01:26:48,807]-[trainutils.py line:492]:Epoch 12 - Audio-Visual/Existential accuracy: 83.23(412/495) 
[2026-09-20 01:26:48,807]-[trainutils.py line:492]:Epoch 12 -    Audio-Visual/Counting accuracy: 77.73(492/633) 
[2026-09-20 01:26:48,809]-[trainutils.py line:492]:Epoch 12 -    Audio-Visual/Location accuracy: 70.50(325/461) 
[2026-09-20 01:26:48,809]-[trainutils.py line:492]:Epoch 12 - Audio-Visual/Comparative accuracy: 63.02(346/549) 
[2026-09-20 01:26:48,809]-[trainutils.py line:492]:Epoch 12 -    Audio-Visual/Temporal accuracy: 71.29(293/411) 
[2026-09-20 01:26:48,810]-[trainutils.py line:497]:Epoch 12 -             Audio-Visual accuracy: 73.28(1868/2549) 
[2026-09-20 01:26:48,810]-[trainutils.py line:501]:Epoch 12 -                    Total accuracy: 77.19(3526/4568) 
[2026-09-20 01:26:49,133]-[trainutils.py line:461]:Test progress:   0/95 
[2026-09-20 01:27:18,668]-[trainutils.py line:461]:Test progress:  95/95 
[2026-09-20 01:27:18,668]-[trainutils.py line:492]:Epoch 12 -           Audio/Counting accuracy: 87.87(449/511) 
[2026-09-20 01:27:18,669]-[trainutils.py line:492]:Epoch 12 -        Audio/Comparative accuracy: 61.69(182/295) 
[2026-09-20 01:27:18,669]-[trainutils.py line:497]:Epoch 12 -                    Audio accuracy: 78.29(631/806) 
[2026-09-20 01:27:18,669]-[trainutils.py line:492]:Epoch 12 -          Visual/Counting accuracy: 82.67(496/600) 
[2026-09-20 01:27:18,669]-[trainutils.py line:492]:Epoch 12 -          Visual/Location accuracy: 89.56(549/613) 
[2026-09-20 01:27:18,670]-[trainutils.py line:497]:Epoch 12 -                   Visual accuracy: 86.15(1045/1213) 
[2026-09-20 01:27:18,670]-[trainutils.py line:492]:Epoch 12 - Audio-Visual/Existential accuracy: 83.43(413/495) 
[2026-09-20 01:27:18,670]-[trainutils.py line:492]:Epoch 12 -    Audio-Visual/Counting accuracy: 77.88(493/633) 
[2026-09-20 01:27:18,670]-[trainutils.py line:492]:Epoch 12 -    Audio-Visual/Location accuracy: 69.41(320/461) 
[2026-09-20 01:27:18,670]-[trainutils.py line:492]:Epoch 12 - Audio-Visual/Comparative accuracy: 64.12(352/549) 
[2026-09-20 01:27:18,670]-[trainutils.py line:492]:Epoch 12 -    Audio-Visual/Temporal accuracy: 72.51(298/411) 
[2026-09-20 01:27:18,670]-[trainutils.py line:497]:Epoch 12 -             Audio-Visual accuracy: 73.60(1876/2549) 
[2026-09-20 01:27:18,671]-[trainutils.py line:501]:Epoch 12 -                    Total accuracy: 77.76(3552/4568) 
[2026-09-20 01:27:18,677]-[train.py line:167]:Epoch 12 done with 77.76 and loss 0.62891. 
[2026-09-20 01:27:18,677]-[train.py line:168]:At epoch10 best acc: 78.44. 
[2026-09-20 01:27:18,677]-[train.py line:102]:
-------------- training epoch 13 -------------- 
[2026-09-20 01:27:18,878]-[trainutils.py line:416]:[EST:    4.42m][Process Time:    0.04s]- Epoch: 13 [0000/1330 (  0%)]	Losses: ce_loss-0.1347(0.1347) loss_tacl-0.0001(0.0001) loss_sacl-0.0060(0.0060) loss_event-0.0038(0.0038) loss_evidence-0.0000(0.0000) loss_query_diversity-0.0043(0.0043) loss_position-0.0000(0.0000) total_loss-0.1347(0.1347) 
[2026-09-20 01:27:38,944]-[trainutils.py line:416]:[EST:    4.11m][Process Time:    0.07s]- Epoch: 13 [0100/1330 (  8%)]	Losses: ce_loss-0.1131(0.1761) loss_tacl-0.0001(0.0001) loss_sacl-0.0065(0.0069) loss_event-0.0044(0.0043) loss_evidence-0.0000(0.0000) loss_query_diversity-0.0042(0.0043) loss_position-0.0000(0.0000) total_loss-0.1131(0.1761) 
[2026-09-20 01:27:58,698]-[trainutils.py line:416]:[EST:    3.75m][Process Time:    0.06s]- Epoch: 13 [0200/1330 ( 15%)]	Losses: ce_loss-0.0595(0.1766) loss_tacl-0.0001(0.0001) loss_sacl-0.0077(0.0069) loss_event-0.0044(0.0044) loss_evidence-0.0000(0.0000) loss_query_diversity-0.0042(0.0043) loss_position-0.0000(0.0000) total_loss-0.0595(0.1766) 
[2026-09-20 01:28:18,337]-[trainutils.py line:416]:[EST:    3.40m][Process Time:    0.06s]- Epoch: 13 [0300/1330 ( 23%)]	Losses: ce_loss-0.1364(0.1786) loss_tacl-0.0001(0.0001) loss_sacl-0.0073(0.0069) loss_event-0.0038(0.0044) loss_evidence-0.0000(0.0000) loss_query_diversity-0.0043(0.0043) loss_position-0.0000(0.0000) total_loss-0.1364(0.1786) 
[2026-09-20 01:28:38,087]-[trainutils.py line:416]:[EST:    3.07m][Process Time:    0.05s]- Epoch: 13 [0400/1330 ( 30%)]	Losses: ce_loss-0.1394(0.1779) loss_tacl-0.0001(0.0001) loss_sacl-0.0067(0.0069) loss_event-0.0050(0.0044) loss_evidence-0.0000(0.0000) loss_query_diversity-0.0043(0.0043) loss_position-0.0000(0.0000) total_loss-0.1394(0.1779) 
[2026-09-20 01:28:58,138]-[trainutils.py line:416]:[EST:    2.74m][Process Time:    0.07s]- Epoch: 13 [0500/1330 ( 38%)]	Losses: ce_loss-0.1391(0.1801) loss_tacl-0.0001(0.0001) loss_sacl-0.0053(0.0069) loss_event-0.0036(0.0044) loss_evidence-0.0000(0.0000) loss_query_diversity-0.0043(0.0043) loss_position-0.0000(0.0000) total_loss-0.1391(0.1801) 
[2026-09-20 01:29:18,027]-[trainutils.py line:416]:[EST:    2.41m][Process Time:    0.07s]- Epoch: 13 [0600/1330 ( 45%)]	Losses: ce_loss-0.1200(0.1820) loss_tacl-0.0001(0.0001) loss_sacl-0.0060(0.0068) loss_event-0.0040(0.0044) loss_evidence-0.0000(0.0000) loss_query_diversity-0.0042(0.0043) loss_position-0.0000(0.0000) total_loss-0.1200(0.1820) 
[2026-09-20 01:29:37,873]-[trainutils.py line:416]:[EST:    2.08m][Process Time:    0.07s]- Epoch: 13 [0700/1330 ( 53%)]	Losses: ce_loss-0.2186(0.1816) loss_tacl-0.0001(0.0001) loss_sacl-0.0050(0.0068) loss_event-0.0034(0.0043) loss_evidence-0.0000(0.0000) loss_query_diversity-0.0042(0.0043) loss_position-0.0000(0.0000) total_loss-0.2186(0.1816) 
[2026-09-20 01:29:57,960]-[trainutils.py line:416]:[EST:    1.75m][Process Time:    0.05s]- Epoch: 13 [0800/1330 ( 60%)]	Losses: ce_loss-0.2103(0.1807) loss_tacl-0.0001(0.0001) loss_sacl-0.0071(0.0068) loss_event-0.0050(0.0043) loss_evidence-0.0000(0.0000) loss_query_diversity-0.0043(0.0043) loss_position-0.0000(0.0000) total_loss-0.2103(0.1807) 
[2026-09-20 01:30:17,801]-[trainutils.py line:416]:[EST:    1.42m][Process Time:    0.05s]- Epoch: 13 [0900/1330 ( 68%)]	Losses: ce_loss-0.0773(0.1814) loss_tacl-0.0001(0.0001) loss_sacl-0.0062(0.0068) loss_event-0.0044(0.0043) loss_evidence-0.0000(0.0000) loss_query_diversity-0.0043(0.0043) loss_position-0.0000(0.0000) total_loss-0.0773(0.1814) 
[2026-09-20 01:30:37,564]-[trainutils.py line:416]:[EST:    1.09m][Process Time:    0.05s]- Epoch: 13 [1000/1330 ( 75%)]	Losses: ce_loss-0.2028(0.1812) loss_tacl-0.0001(0.0001) loss_sacl-0.0073(0.0068) loss_event-0.0053(0.0043) loss_evidence-0.0000(0.0000) loss_query_diversity-0.0043(0.0043) loss_position-0.0000(0.0000) total_loss-0.2028(0.1812) 
[2026-09-20 01:30:57,341]-[trainutils.py line:416]:[EST:    0.76m][Process Time:    0.05s]- Epoch: 13 [1100/1330 ( 83%)]	Losses: ce_loss-0.1242(0.1815) loss_tacl-0.0001(0.0001) loss_sacl-0.0070(0.0068) loss_event-0.0043(0.0043) loss_evidence-0.0000(0.0000) loss_query_diversity-0.0043(0.0043) loss_position-0.0000(0.0000) total_loss-0.1242(0.1815) 
[2026-09-20 01:31:17,076]-[trainutils.py line:416]:[EST:    0.43m][Process Time:    0.05s]- Epoch: 13 [1200/1330 ( 90%)]	Losses: ce_loss-0.1753(0.1832) loss_tacl-0.0001(0.0001) loss_sacl-0.0087(0.0068) loss_event-0.0047(0.0043) loss_evidence-0.0000(0.0000) loss_query_diversity-0.0042(0.0043) loss_position-0.0000(0.0000) total_loss-0.1753(0.1832) 
[2026-09-20 01:31:36,857]-[trainutils.py line:416]:[EST:    0.10m][Process Time:    0.04s]- Epoch: 13 [1300/1330 ( 98%)]	Losses: ce_loss-0.2201(0.1837) loss_tacl-0.0001(0.0001) loss_sacl-0.0069(0.0068) loss_event-0.0040(0.0043) loss_evidence-0.0000(0.0000) loss_query_diversity-0.0042(0.0043) loss_position-0.0000(0.0000) total_loss-0.2201(0.1837) 
[2026-09-20 01:31:42,649]-[trainutils.py line:416]:[EST:   -0.00m][Process Time:    0.05s]- Epoch: 13 [1330/1330 (100%)]	Losses: ce_loss-0.0553(0.1836) loss_tacl-0.0001(0.0001) loss_sacl-0.0069(0.0068) loss_event-0.0047(0.0043) loss_evidence-0.0000(0.0000) loss_query_diversity-0.0042(0.0043) loss_position-0.0000(0.0000) total_loss-0.0553(0.1836) 
[2026-09-20 01:31:43,201]-[train.py line:106]:
-------------- validation epoch 13 -------------- 
[2026-09-20 01:31:43,489]-[trainutils.py line:461]:Test progress:   0/95 
[2026-09-20 01:32:13,102]-[trainutils.py line:461]:Test progress:  95/95 
[2026-09-20 01:32:13,103]-[trainutils.py line:492]:Epoch 13 -           Audio/Counting accuracy: 87.48(447/511) 
[2026-09-20 01:32:13,103]-[trainutils.py line:492]:Epoch 13 -        Audio/Comparative accuracy: 62.03(183/295) 
[2026-09-20 01:32:13,103]-[trainutils.py line:497]:Epoch 13 -                    Audio accuracy: 78.16(630/806) 
[2026-09-20 01:32:13,103]-[trainutils.py line:492]:Epoch 13 -          Visual/Counting accuracy: 82.17(493/600) 
[2026-09-20 01:32:13,103]-[trainutils.py line:492]:Epoch 13 -          Visual/Location accuracy: 88.74(544/613) 
[2026-09-20 01:32:13,103]-[trainutils.py line:497]:Epoch 13 -                   Visual accuracy: 85.49(1037/1213) 
[2026-09-20 01:32:13,104]-[trainutils.py line:492]:Epoch 13 - Audio-Visual/Existential accuracy: 81.41(403/495) 
[2026-09-20 01:32:13,104]-[trainutils.py line:492]:Epoch 13 -    Audio-Visual/Counting accuracy: 75.83(480/633) 
[2026-09-20 01:32:13,104]-[trainutils.py line:492]:Epoch 13 -    Audio-Visual/Location accuracy: 69.63(321/461) 
[2026-09-20 01:32:13,104]-[trainutils.py line:492]:Epoch 13 - Audio-Visual/Comparative accuracy: 64.66(355/549) 
[2026-09-20 01:32:13,105]-[trainutils.py line:492]:Epoch 13 -    Audio-Visual/Temporal accuracy: 71.05(292/411) 
[2026-09-20 01:32:13,105]-[trainutils.py line:497]:Epoch 13 -             Audio-Visual accuracy: 72.62(1851/2549) 
[2026-09-20 01:32:13,105]-[trainutils.py line:501]:Epoch 13 -                    Total accuracy: 77.01(3518/4568) 
[2026-09-20 01:32:13,433]-[trainutils.py line:461]:Test progress:   0/95 
[2026-09-20 01:32:42,814]-[trainutils.py line:461]:Test progress:  95/95 
[2026-09-20 01:32:42,814]-[trainutils.py line:492]:Epoch 13 -           Audio/Counting accuracy: 87.87(449/511) 
[2026-09-20 01:32:42,815]-[trainutils.py line:492]:Epoch 13 -        Audio/Comparative accuracy: 61.36(181/295) 
[2026-09-20 01:32:42,815]-[trainutils.py line:497]:Epoch 13 -                    Audio accuracy: 78.16(630/806) 
[2026-09-20 01:32:42,815]-[trainutils.py line:492]:Epoch 13 -          Visual/Counting accuracy: 82.50(495/600) 
[2026-09-20 01:32:42,815]-[trainutils.py line:492]:Epoch 13 -          Visual/Location accuracy: 89.07(546/613) 
[2026-09-20 01:32:42,815]-[trainutils.py line:497]:Epoch 13 -                   Visual accuracy: 85.82(1041/1213) 
[2026-09-20 01:32:42,815]-[trainutils.py line:492]:Epoch 13 - Audio-Visual/Existential accuracy: 83.23(412/495) 
[2026-09-20 01:32:42,815]-[trainutils.py line:492]:Epoch 13 -    Audio-Visual/Counting accuracy: 77.88(493/633) 
[2026-09-20 01:32:42,815]-[trainutils.py line:492]:Epoch 13 -    Audio-Visual/Location accuracy: 70.07(323/461) 
[2026-09-20 01:32:42,816]-[trainutils.py line:492]:Epoch 13 - Audio-Visual/Comparative accuracy: 65.21(358/549) 
[2026-09-20 01:32:42,816]-[trainutils.py line:492]:Epoch 13 -    Audio-Visual/Temporal accuracy: 72.51(298/411) 
[2026-09-20 01:32:42,816]-[trainutils.py line:497]:Epoch 13 -             Audio-Visual accuracy: 73.91(1884/2549) 
[2026-09-20 01:32:42,816]-[trainutils.py line:501]:Epoch 13 -                    Total accuracy: 77.82(3555/4568) 
[2026-09-20 01:32:42,817]-[train.py line:167]:Epoch 13 done with 77.82 and loss 0.66406. 
[2026-09-20 01:32:42,817]-[train.py line:168]:At epoch10 best acc: 78.44. 
[2026-09-20 01:32:42,817]-[train.py line:102]:
-------------- training epoch 14 -------------- 
[2026-09-20 01:32:43,016]-[trainutils.py line:416]:[EST:    4.31m][Process Time:    0.05s]- Epoch: 14 [0000/1330 (  0%)]	Losses: ce_loss-0.0678(0.0678) loss_tacl-0.0001(0.0001) loss_sacl-0.0076(0.0076) loss_event-0.0051(0.0051) loss_evidence-0.0006(0.0006) loss_query_diversity-0.0043(0.0043) loss_position-0.0000(0.0000) total_loss-0.0678(0.0678) 
[2026-09-20 01:33:02,678]-[trainutils.py line:416]:[EST:    4.03m][Process Time:    0.04s]- Epoch: 14 [0100/1330 (  8%)]	Losses: ce_loss-0.1262(0.1549) loss_tacl-0.0001(0.0001) loss_sacl-0.0063(0.0067) loss_event-0.0037(0.0043) loss_evidence-0.0000(0.0000) loss_query_diversity-0.0043(0.0043) loss_position-0.0000(0.0000) total_loss-0.1262(0.1549) 
[2026-09-20 01:33:22,169]-[trainutils.py line:416]:[EST:    3.68m][Process Time:    0.05s]- Epoch: 14 [0200/1330 ( 15%)]	Losses: ce_loss-0.1558(0.1580) loss_tacl-0.0001(0.0001) loss_sacl-0.0066(0.0067) loss_event-0.0039(0.0043) loss_evidence-0.0000(0.0000) loss_query_diversity-0.0043(0.0043) loss_position-0.0000(0.0000) total_loss-0.1558(0.1580) 
[2026-09-20 01:33:41,825]-[trainutils.py line:416]:[EST:    3.36m][Process Time:    0.04s]- Epoch: 14 [0300/1330 ( 23%)]	Losses: ce_loss-0.1230(0.1583) loss_tacl-0.0001(0.0001) loss_sacl-0.0059(0.0067) loss_event-0.0037(0.0043) loss_evidence-0.0000(0.0000) loss_query_diversity-0.0043(0.0043) loss_position-0.0000(0.0000) total_loss-0.1230(0.1583) 
[2026-09-20 01:34:01,641]-[trainutils.py line:416]:[EST:    3.04m][Process Time:    0.05s]- Epoch: 14 [0400/1330 ( 30%)]	Losses: ce_loss-0.1992(0.1591) loss_tacl-0.0001(0.0001) loss_sacl-0.0079(0.0067) loss_event-0.0052(0.0043) loss_evidence-0.0000(0.0000) loss_query_diversity-0.0043(0.0043) loss_position-0.0000(0.0000) total_loss-0.1992(0.1591) 
[2026-09-20 01:34:21,129]-[trainutils.py line:416]:[EST:    2.71m][Process Time:    0.06s]- Epoch: 14 [0500/1330 ( 38%)]	Losses: ce_loss-0.4281(0.1606) loss_tacl-0.0001(0.0001) loss_sacl-0.0057(0.0067) loss_event-0.0034(0.0043) loss_evidence-0.0000(0.0000) loss_query_diversity-0.0043(0.0043) loss_position-0.0000(0.0000) total_loss-0.4281(0.1606) 
[2026-09-20 01:34:40,396]-[trainutils.py line:416]:[EST:    2.38m][Process Time:    0.04s]- Epoch: 14 [0600/1330 ( 45%)]	Losses: ce_loss-0.2078(0.1608) loss_tacl-0.0001(0.0001) loss_sacl-0.0055(0.0067) loss_event-0.0037(0.0043) loss_evidence-0.0000(0.0000) loss_query_diversity-0.0043(0.0043) loss_position-0.0000(0.0000) total_loss-0.2078(0.1608) 
[2026-09-20 01:34:59,979]-[trainutils.py line:416]:[EST:    2.05m][Process Time:    0.05s]- Epoch: 14 [0700/1330 ( 53%)]	Losses: ce_loss-0.2759(0.1614) loss_tacl-0.0001(0.0001) loss_sacl-0.0064(0.0067) loss_event-0.0044(0.0043) loss_evidence-0.0000(0.0000) loss_query_diversity-0.0043(0.0043) loss_position-0.0000(0.0000) total_loss-0.2759(0.1614) 
[2026-09-20 01:35:19,504]-[trainutils.py line:416]:[EST:    1.72m][Process Time:    0.04s]- Epoch: 14 [0800/1330 ( 60%)]	Losses: ce_loss-0.1514(0.1620) loss_tacl-0.0001(0.0001) loss_sacl-0.0066(0.0067) loss_event-0.0040(0.0043) loss_evidence-0.0000(0.0000) loss_query_diversity-0.0043(0.0043) loss_position-0.0000(0.0000) total_loss-0.1514(0.1620) 
[2026-09-20 01:35:38,935]-[trainutils.py line:416]:[EST:    1.40m][Process Time:    0.06s]- Epoch: 14 [0900/1330 ( 68%)]	Losses: ce_loss-0.0687(0.1615) loss_tacl-0.0001(0.0001) loss_sacl-0.0077(0.0067) loss_event-0.0044(0.0043) loss_evidence-0.0000(0.0000) loss_query_diversity-0.0043(0.0043) loss_position-0.0000(0.0000) total_loss-0.0687(0.1615) 
[2026-09-20 01:35:58,705]-[trainutils.py line:416]:[EST:    1.07m][Process Time:    0.04s]- Epoch: 14 [1000/1330 ( 75%)]	Losses: ce_loss-0.1674(0.1621) loss_tacl-0.0001(0.0001) loss_sacl-0.0064(0.0067) loss_event-0.0040(0.0043) loss_evidence-0.0000(0.0000) loss_query_diversity-0.0043(0.0043) loss_position-0.0000(0.0000) total_loss-0.1674(0.1621) 
[2026-09-20 01:36:18,145]-[trainutils.py line:416]:[EST:    0.75m][Process Time:    0.04s]- Epoch: 14 [1100/1330 ( 83%)]	Losses: ce_loss-0.1320(0.1611) loss_tacl-0.0001(0.0001) loss_sacl-0.0052(0.0067) loss_event-0.0036(0.0043) loss_evidence-0.0000(0.0000) loss_query_diversity-0.0043(0.0043) loss_position-0.0000(0.0000) total_loss-0.1320(0.1611) 
[2026-09-20 01:36:37,779]-[trainutils.py line:416]:[EST:    0.42m][Process Time:    0.06s]- Epoch: 14 [1200/1330 ( 90%)]	Losses: ce_loss-0.2746(0.1621) loss_tacl-0.0001(0.0001) loss_sacl-0.0075(0.0066) loss_event-0.0047(0.0043) loss_evidence-0.0000(0.0000) loss_query_diversity-0.0043(0.0043) loss_position-0.0000(0.0000) total_loss-0.2746(0.1621) 
[2026-09-20 01:36:57,655]-[trainutils.py line:416]:[EST:    0.09m][Process Time:    0.05s]- Epoch: 14 [1300/1330 ( 98%)]	Losses: ce_loss-0.1990(0.1634) loss_tacl-0.0001(0.0001) loss_sacl-0.0064(0.0066) loss_event-0.0040(0.0043) loss_evidence-0.0000(0.0000) loss_query_diversity-0.0042(0.0043) loss_position-0.0000(0.0000) total_loss-0.1990(0.1634) 
[2026-09-20 01:37:03,551]-[trainutils.py line:416]:[EST:   -0.00m][Process Time:    0.04s]- Epoch: 14 [1330/1330 (100%)]	Losses: ce_loss-0.1706(0.1633) loss_tacl-0.0001(0.0001) loss_sacl-0.0068(0.0066) loss_event-0.0035(0.0043) loss_evidence-0.0000(0.0000) loss_query_diversity-0.0043(0.0043) loss_position-0.0000(0.0000) total_loss-0.1706(0.1633) 
[2026-09-20 01:37:04,084]-[train.py line:106]:
-------------- validation epoch 14 -------------- 
[2026-09-20 01:37:04,367]-[trainutils.py line:461]:Test progress:   0/95 
[2026-09-20 01:37:33,699]-[trainutils.py line:461]:Test progress:  95/95 
[2026-09-20 01:37:33,700]-[trainutils.py line:492]:Epoch 14 -           Audio/Counting accuracy: 87.48(447/511) 
[2026-09-20 01:37:33,700]-[trainutils.py line:492]:Epoch 14 -        Audio/Comparative accuracy: 61.02(180/295) 
[2026-09-20 01:37:33,700]-[trainutils.py line:497]:Epoch 14 -                    Audio accuracy: 77.79(627/806) 
[2026-09-20 01:37:33,701]-[trainutils.py line:492]:Epoch 14 -          Visual/Counting accuracy: 82.67(496/600) 
[2026-09-20 01:37:33,701]-[trainutils.py line:492]:Epoch 14 -          Visual/Location accuracy: 89.23(547/613) 
[2026-09-20 01:37:33,701]-[trainutils.py line:497]:Epoch 14 -                   Visual accuracy: 85.99(1043/1213) 
[2026-09-20 01:37:33,701]-[trainutils.py line:492]:Epoch 14 - Audio-Visual/Existential accuracy: 81.41(403/495) 
[2026-09-20 01:37:33,701]-[trainutils.py line:492]:Epoch 14 -    Audio-Visual/Counting accuracy: 77.25(489/633) 
[2026-09-20 01:37:33,702]-[trainutils.py line:492]:Epoch 14 -    Audio-Visual/Location accuracy: 69.63(321/461) 
[2026-09-20 01:37:33,702]-[trainutils.py line:492]:Epoch 14 - Audio-Visual/Comparative accuracy: 65.57(360/549) 
[2026-09-20 01:37:33,702]-[trainutils.py line:492]:Epoch 14 -    Audio-Visual/Temporal accuracy: 70.80(291/411) 
[2026-09-20 01:37:33,703]-[trainutils.py line:497]:Epoch 14 -             Audio-Visual accuracy: 73.13(1864/2549) 
[2026-09-20 01:37:33,703]-[trainutils.py line:501]:Epoch 14 -                    Total accuracy: 77.36(3534/4568) 
[2026-09-20 01:37:34,040]-[trainutils.py line:461]:Test progress:   0/95 
[2026-09-20 01:38:03,613]-[trainutils.py line:461]:Test progress:  95/95 
[2026-09-20 01:38:03,615]-[trainutils.py line:492]:Epoch 14 -           Audio/Counting accuracy: 87.87(449/511) 
[2026-09-20 01:38:03,615]-[trainutils.py line:492]:Epoch 14 -        Audio/Comparative accuracy: 62.03(183/295) 
[2026-09-20 01:38:03,615]-[trainutils.py line:497]:Epoch 14 -                    Audio accuracy: 78.41(632/806) 
[2026-09-20 01:38:03,615]-[trainutils.py line:492]:Epoch 14 -          Visual/Counting accuracy: 83.17(499/600) 
[2026-09-20 01:38:03,616]-[trainutils.py line:492]:Epoch 14 -          Visual/Location accuracy: 89.23(547/613) 
[2026-09-20 01:38:03,616]-[trainutils.py line:497]:Epoch 14 -                   Visual accuracy: 86.23(1046/1213) 
[2026-09-20 01:38:03,616]-[trainutils.py line:492]:Epoch 14 - Audio-Visual/Existential accuracy: 82.22(407/495) 
[2026-09-20 01:38:03,616]-[trainutils.py line:492]:Epoch 14 -    Audio-Visual/Counting accuracy: 77.25(489/633) 
[2026-09-20 01:38:03,617]-[trainutils.py line:492]:Epoch 14 -    Audio-Visual/Location accuracy: 68.76(317/461) 
[2026-09-20 01:38:03,618]-[trainutils.py line:492]:Epoch 14 - Audio-Visual/Comparative accuracy: 65.39(359/549) 
[2026-09-20 01:38:03,618]-[trainutils.py line:492]:Epoch 14 -    Audio-Visual/Temporal accuracy: 72.26(297/411) 
[2026-09-20 01:38:03,618]-[trainutils.py line:497]:Epoch 14 -             Audio-Visual accuracy: 73.32(1869/2549) 
[2026-09-20 01:38:03,618]-[trainutils.py line:501]:Epoch 14 -                    Total accuracy: 77.65(3547/4568) 
[2026-09-20 01:38:03,622]-[train.py line:167]:Epoch 14 done with 77.65 and loss 0.69141. 
[2026-09-20 01:38:03,622]-[train.py line:168]:At epoch10 best acc: 78.44. 
[2026-09-20 01:38:03,622]-[train.py line:102]:
-------------- training epoch 15 -------------- 
[2026-09-20 01:38:03,816]-[trainutils.py line:416]:[EST:    4.26m][Process Time:    0.05s]- Epoch: 15 [0000/1330 (  0%)]	Losses: ce_loss-0.0744(0.0744) loss_tacl-0.0001(0.0001) loss_sacl-0.0069(0.0069) loss_event-0.0049(0.0049) loss_evidence-0.0000(0.0000) loss_query_diversity-0.0043(0.0043) loss_position-0.0000(0.0000) total_loss-0.0744(0.0744) 
[2026-09-20 01:38:23,377]-[trainutils.py line:416]:[EST:    4.01m][Process Time:    0.05s]- Epoch: 15 [0100/1330 (  8%)]	Losses: ce_loss-0.3064(0.1647) loss_tacl-0.0001(0.0001) loss_sacl-0.0062(0.0065) loss_event-0.0036(0.0043) loss_evidence-0.0009(0.0000) loss_query_diversity-0.0043(0.0043) loss_position-0.0000(0.0000) total_loss-0.3064(0.1647) 
[2026-09-20 01:38:42,756]-[trainutils.py line:416]:[EST:    3.66m][Process Time:    0.04s]- Epoch: 15 [0200/1330 ( 15%)]	Losses: ce_loss-0.2427(0.1598) loss_tacl-0.0001(0.0001) loss_sacl-0.0058(0.0065) loss_event-0.0042(0.0043) loss_evidence-0.0000(0.0000) loss_query_diversity-0.0042(0.0043) loss_position-0.0000(0.0000) total_loss-0.2427(0.1598) 
[2026-09-20 01:39:02,201]-[trainutils.py line:416]:[EST:    3.34m][Process Time:    0.06s]- Epoch: 15 [0300/1330 ( 23%)]	Losses: ce_loss-0.0810(0.1523) loss_tacl-0.0001(0.0001) loss_sacl-0.0068(0.0066) loss_event-0.0052(0.0043) loss_evidence-0.0000(0.0000) loss_query_diversity-0.0042(0.0043) loss_position-0.0000(0.0000) total_loss-0.0810(0.1523) 
[2026-09-20 01:39:22,041]-[trainutils.py line:416]:[EST:    3.03m][Process Time:    0.05s]- Epoch: 15 [0400/1330 ( 30%)]	Losses: ce_loss-0.2677(0.1507) loss_tacl-0.0001(0.0001) loss_sacl-0.0064(0.0066) loss_event-0.0042(0.0043) loss_evidence-0.0000(0.0000) loss_query_diversity-0.0043(0.0043) loss_position-0.0000(0.0000) total_loss-0.2677(0.1507) 
[2026-09-20 01:39:41,989]-[trainutils.py line:416]:[EST:    2.71m][Process Time:    0.06s]- Epoch: 15 [0500/1330 ( 38%)]	Losses: ce_loss-0.2178(0.1516) loss_tacl-0.0001(0.0001) loss_sacl-0.0069(0.0066) loss_event-0.0047(0.0043) loss_evidence-0.0000(0.0000) loss_query_diversity-0.0042(0.0043) loss_position-0.0000(0.0000) total_loss-0.2178(0.1516) 
[2026-09-20 01:40:01,900]-[trainutils.py line:416]:[EST:    2.39m][Process Time:    0.05s]- Epoch: 15 [0600/1330 ( 45%)]	Losses: ce_loss-0.0923(0.1495) loss_tacl-0.0001(0.0001) loss_sacl-0.0078(0.0066) loss_event-0.0047(0.0043) loss_evidence-0.0000(0.0000) loss_query_diversity-0.0043(0.0043) loss_position-0.0000(0.0000) total_loss-0.0923(0.1495) 
[2026-09-20 01:40:21,351]-[trainutils.py line:416]:[EST:    2.06m][Process Time:    0.04s]- Epoch: 15 [0700/1330 ( 53%)]	Losses: ce_loss-0.1927(0.1497) loss_tacl-0.0001(0.0001) loss_sacl-0.0064(0.0066) loss_event-0.0042(0.0043) loss_evidence-0.0000(0.0000) loss_query_diversity-0.0042(0.0043) loss_position-0.0000(0.0000) total_loss-0.1927(0.1497) 
[2026-09-20 01:40:41,132]-[trainutils.py line:416]:[EST:    1.73m][Process Time:    0.05s]- Epoch: 15 [0800/1330 ( 60%)]	Losses: ce_loss-0.1877(0.1500) loss_tacl-0.0001(0.0001) loss_sacl-0.0063(0.0066) loss_event-0.0041(0.0043) loss_evidence-0.0000(0.0000) loss_query_diversity-0.0043(0.0043) loss_position-0.0000(0.0000) total_loss-0.1877(0.1500) 
[2026-09-20 01:41:00,817]-[trainutils.py line:416]:[EST:    1.41m][Process Time:    0.04s]- Epoch: 15 [0900/1330 ( 68%)]	Losses: ce_loss-0.0894(0.1509) loss_tacl-0.0001(0.0001) loss_sacl-0.0062(0.0066) loss_event-0.0048(0.0043) loss_evidence-0.0000(0.0000) loss_query_diversity-0.0042(0.0043) loss_position-0.0000(0.0000) total_loss-0.0894(0.1509) 
[2026-09-20 01:41:20,710]-[trainutils.py line:416]:[EST:    1.08m][Process Time:    0.05s]- Epoch: 15 [1000/1330 ( 75%)]	Losses: ce_loss-0.1876(0.1510) loss_tacl-0.0001(0.0001) loss_sacl-0.0060(0.0066) loss_event-0.0035(0.0043) loss_evidence-0.0000(0.0000) loss_query_diversity-0.0043(0.0043) loss_position-0.0000(0.0000) total_loss-0.1876(0.1510) 
[2026-09-20 01:41:40,746]-[trainutils.py line:416]:[EST:    0.75m][Process Time:    0.06s]- Epoch: 15 [1100/1330 ( 83%)]	Losses: ce_loss-0.2069(0.1518) loss_tacl-0.0001(0.0001) loss_sacl-0.0071(0.0066) loss_event-0.0047(0.0043) loss_evidence-0.0000(0.0000) loss_query_diversity-0.0042(0.0043) loss_position-0.0000(0.0000) total_loss-0.2069(0.1518) 
[2026-09-20 01:42:00,674]-[trainutils.py line:416]:[EST:    0.42m][Process Time:    0.04s]- Epoch: 15 [1200/1330 ( 90%)]	Losses: ce_loss-0.0753(0.1523) loss_tacl-0.0001(0.0001) loss_sacl-0.0061(0.0066) loss_event-0.0041(0.0043) loss_evidence-0.0000(0.0000) loss_query_diversity-0.0043(0.0043) loss_position-0.0000(0.0000) total_loss-0.0753(0.1523) 
[2026-09-20 01:42:20,707]-[trainutils.py line:416]:[EST:    0.10m][Process Time:    0.04s]- Epoch: 15 [1300/1330 ( 98%)]	Losses: ce_loss-0.0491(0.1514) loss_tacl-0.0001(0.0001) loss_sacl-0.0061(0.0066) loss_event-0.0037(0.0043) loss_evidence-0.0000(0.0000) loss_query_diversity-0.0043(0.0043) loss_position-0.0000(0.0000) total_loss-0.0491(0.1514) 
[2026-09-20 01:42:26,565]-[trainutils.py line:416]:[EST:   -0.00m][Process Time:    0.07s]- Epoch: 15 [1330/1330 (100%)]	Losses: ce_loss-0.0306(0.1514) loss_tacl-0.0001(0.0001) loss_sacl-0.0071(0.0066) loss_event-0.0044(0.0043) loss_evidence-0.0000(0.0000) loss_query_diversity-0.0042(0.0043) loss_position-0.0000(0.0000) total_loss-0.0306(0.1514) 
[2026-09-20 01:42:27,090]-[train.py line:106]:
-------------- validation epoch 15 -------------- 
[2026-09-20 01:42:27,380]-[trainutils.py line:461]:Test progress:   0/95 
[2026-09-20 01:42:56,842]-[trainutils.py line:461]:Test progress:  95/95 
[2026-09-20 01:42:56,843]-[trainutils.py line:492]:Epoch 15 -           Audio/Counting accuracy: 87.28(446/511) 
[2026-09-20 01:42:56,843]-[trainutils.py line:492]:Epoch 15 -        Audio/Comparative accuracy: 61.02(180/295) 
[2026-09-20 01:42:56,844]-[trainutils.py line:497]:Epoch 15 -                    Audio accuracy: 77.67(626/806) 
[2026-09-20 01:42:56,844]-[trainutils.py line:492]:Epoch 15 -          Visual/Counting accuracy: 83.17(499/600) 
[2026-09-20 01:42:56,844]-[trainutils.py line:492]:Epoch 15 -          Visual/Location accuracy: 88.91(545/613) 
[2026-09-20 01:42:56,844]-[trainutils.py line:497]:Epoch 15 -                   Visual accuracy: 86.07(1044/1213) 
[2026-09-20 01:42:56,844]-[trainutils.py line:492]:Epoch 15 - Audio-Visual/Existential accuracy: 81.41(403/495) 
[2026-09-20 01:42:56,845]-[trainutils.py line:492]:Epoch 15 -    Audio-Visual/Counting accuracy: 77.25(489/633) 
[2026-09-20 01:42:56,845]-[trainutils.py line:492]:Epoch 15 -    Audio-Visual/Location accuracy: 69.85(322/461) 
[2026-09-20 01:42:56,845]-[trainutils.py line:492]:Epoch 15 - Audio-Visual/Comparative accuracy: 64.66(355/549) 
[2026-09-20 01:42:56,846]-[trainutils.py line:492]:Epoch 15 -    Audio-Visual/Temporal accuracy: 71.53(294/411) 
[2026-09-20 01:42:56,846]-[trainutils.py line:497]:Epoch 15 -             Audio-Visual accuracy: 73.09(1863/2549) 
[2026-09-20 01:42:56,846]-[trainutils.py line:501]:Epoch 15 -                    Total accuracy: 77.34(3533/4568) 
[2026-09-20 01:42:57,191]-[trainutils.py line:461]:Test progress:   0/95 
[2026-09-20 01:43:26,546]-[trainutils.py line:461]:Test progress:  95/95 
[2026-09-20 01:43:26,546]-[trainutils.py line:492]:Epoch 15 -           Audio/Counting accuracy: 87.87(449/511) 
[2026-09-20 01:43:26,547]-[trainutils.py line:492]:Epoch 15 -        Audio/Comparative accuracy: 61.36(181/295) 
[2026-09-20 01:43:26,547]-[trainutils.py line:497]:Epoch 15 -                    Audio accuracy: 78.16(630/806) 
[2026-09-20 01:43:26,547]-[trainutils.py line:492]:Epoch 15 -          Visual/Counting accuracy: 83.17(499/600) 
[2026-09-20 01:43:26,547]-[trainutils.py line:492]:Epoch 15 -          Visual/Location accuracy: 88.91(545/613) 
[2026-09-20 01:43:26,547]-[trainutils.py line:497]:Epoch 15 -                   Visual accuracy: 86.07(1044/1213) 
[2026-09-20 01:43:26,547]-[trainutils.py line:492]:Epoch 15 - Audio-Visual/Existential accuracy: 81.62(404/495) 
[2026-09-20 01:43:26,547]-[trainutils.py line:492]:Epoch 15 -    Audio-Visual/Counting accuracy: 76.94(487/633) 
[2026-09-20 01:43:26,549]-[trainutils.py line:492]:Epoch 15 -    Audio-Visual/Location accuracy: 68.98(318/461) 
[2026-09-20 01:43:26,549]-[trainutils.py line:492]:Epoch 15 - Audio-Visual/Comparative accuracy: 64.66(355/549) 
[2026-09-20 01:43:26,549]-[trainutils.py line:492]:Epoch 15 -    Audio-Visual/Temporal accuracy: 71.53(294/411) 
[2026-09-20 01:43:26,549]-[trainutils.py line:497]:Epoch 15 -             Audio-Visual accuracy: 72.89(1858/2549) 
[2026-09-20 01:43:26,549]-[trainutils.py line:501]:Epoch 15 -                    Total accuracy: 77.32(3532/4568) 
[2026-09-20 01:43:26,552]-[train.py line:167]:Epoch 15 done with 77.34 and loss 0.76172. 
[2026-09-20 01:43:26,552]-[train.py line:168]:At epoch10 best acc: 78.44. 
{
  "overall": 78.4369527145359,
  "audio": 79.28039702233251,
  "visual": 86.23248145094806,
  "audio_visual": 74.46057277363673,
  "av_temporal": 74.20924574209246,
  "position_ratio": 0.051369620574862544,
  "max_query_share": 0.2241712675200707,
  "eligible_for_test": true,
  "checkpoint": "D:\\model\\qast_ehr_scm_baseline_without_cmg_seed713\\2026-09-20-00-05-43_seed713\\best.pt",
  "config": "D:\\AVQA_experiment\\QA-TIGER2\\QA-TIGER\\reproduce_qast_recent2025_v3_77_24\\experiments\\qast_ehr\\scm_baseline_ablations\\configs\\without_cmg_seed713.py",
  "sha256": "7995bda332e034dd1610080374ce3c40a666e53889adf08d281edecafb2cd242",
  "counts": {
    "overall": {
      "correct": 3583,
      "total": 4568
    },
    "Audio": {
      "correct": 639,
      "total": 806
    },
    "Visual": {
      "correct": 1046,
      "total": 1213
    },
    "Audio-Visual": {
      "correct": 1898,
      "total": 2549
    },
    "av_temporal": {
      "correct": 305,
      "total": 411
    }
  }
}
Code snapshot saved as D:\model\qast_ehr_scm_baseline_without_adaptive_position_seed713\2026-09-20-01-44-18_seed713\code_snapshot.zip
[2026-09-20 01:44:18,228]-[utils.py line:217]:
-------------- config -------------- 
[2026-09-20 01:44:18,228]-[utils.py line:218]:{
    "standard_protocol": true,
    "run_test_after_training": false,
    "amp": true,
    "gradient_accumulation_steps": 2,
    "distill_logits": null,
    "type": "question_aware",
    "seed": 713,
    "epochs": 15,
    "num_labels": 42,
    "log_interval": 100,
    "output_dir": "D:/model/qast_ehr_scm_baseline_without_adaptive_position_seed713",
    "pretrained_weight": "fixed_features_only",
    "weight": "",
    "data": {
        "root": "D:/AVQA_experiment/QA-TIGER2/QA-TIGER/reproduce_qast_recent2025_v3_77_24",
        "img_size": 336,
        "batch_size": 24,
        "eval_batch_size": 48,
        "num_workers": 0,
        "frame_sample_rate": 1,
        "audios_dir": "D:/data/musicavqa/audio",
        "frames_dir": "D:/data/frames-1fps",
        "train_annot": "D:/AVQA_experiment/QA-TIGER2/QA-TIGER/reproduce_qast_recent2025_v3_77_24/data/annots/music_avqa/music_avqa_train.json",
        "valid_annot": "D:/AVQA_experiment/QA-TIGER2/QA-TIGER/reproduce_qast_recent2025_v3_77_24/data/annots/music_avqa/music_avqa_val.json",
        "test_annot": "D:/AVQA_experiment/QA-TIGER2/QA-TIGER/reproduce_qast_recent2025_v3_77_24/data/annots/music_avqa/music_avqa_test.json",
        "test_annots": null,
        "ans_quelen": "D:/AVQA_experiment/QA-TIGER2/QA-TIGER/reproduce_qast_recent2025_v3_77_24/data/annots/music_avqa/answer2idx.json",
        "audio_feat": "D:/data/musicavqa/vggish",
        "quest_feat": "D:/data/musicavqa/qst_ViT-L14@336px",
        "prompt_feat": "D:/data/musicavqa/qaPrompt_ViT-L14@336px",
        "patch_feat": "D:/data/musicavqa/visual_tome14_60",
        "video_feat": "D:/data/musicavqa/frames_vit"
    },
    "hyper_params": {
        "gpus": "0",
        "model_type": "QAST-EHR-2025",
        "model": {
            "topK": 10,
            "num_experts": 1,
            "audio_dim": 128,
            "video_dim": 768,
            "patch_dim": 1024,
            "question_dim": 768,
            "d_model": 512,
            "num_labels": 42,
            "num_heads": 8,
            "num_temporal_queries": 10,
            "event_scales": [
                3,
                7,
                15
            ],
            "keep_patches": 4,
            "lambda_tacl": 0.035,
            "lambda_sacl": 0.035,
            "lambda_event": 0.03,
            "lambda_evidence": 0.06,
            "lambda_diversity": 0.005,
            "lambda_position": 0.02,
            "aux_warmup_epochs": 3,
            "position_min_strength": 0.05,
            "position_max_strength": 0.1,
            "position_init_strength": 0.07,
            "evidence_margin": 0.2,
            "dropout": 0.1,
            "enable_cmg": true,
            "enable_scm": false,
            "enable_adaptive_position": false,
            "enable_patch_grounder": true
        },
        "optim": {
            "name": "AdamW",
            "lr": 0.0001,
            "new_lr": null,
            "encoder_lr": null,
            "min_lr": 1e-06,
            "weight_decay": 0.0002,
            "betas": [
                0.9,
                0.999
            ],
            "grad_clip": 1.0
        },
        "sched": {
            "name": "cosine",
            "mode": "max",
            "gamma": 0.1,
            "step_size": 6,
            "factor": 0.5,
            "patience": 3,
            "verbose": true,
            "warmup_epochs": 1
        },
        "ema": {
            "enabled": true,
            "decay": 0.999
        }
    },
    "mode": "train",
    "debug": false,
    "output_path": "",
    "cur_rank": 0
} 
[2026-09-20 01:44:18,229]-[utils.py line:219]:
-------------- environment -------------- 
[2026-09-20 01:44:18,229]-[utils.py line:220]:OS version:   
[2026-09-20 01:44:18,229]-[utils.py line:221]:Kernel version: Windows-10-10.0.26200-SP0 
[2026-09-20 01:44:18,229]-[utils.py line:222]:Python version: 3.10.20 
[2026-09-20 01:44:18,229]-[utils.py line:223]:torch version: 2.11.0+cu128 
[2026-09-20 01:44:18,229]-[utils.py line:224]:cuda version: 12.8 
[2026-09-20 01:44:18,231]-[utils.py line:225]:cuDNN version: 91900 
[2026-09-20 01:44:18,231]-[utils.py line:226]:gpu device count: 1 
[2026-09-20 01:44:18,231]-[utils.py line:231]:gpu device 0: NVIDIA GeForce RTX 5070 Laptop GPU - 8.0GB 
[2026-09-20 01:44:18,340]-[train.py line:62]:Standard protocol audit passed: train=31927, val=4568, test=9129; no split overlap; no test-derived distillation. 
[2026-09-20 01:44:21,661]-[utils.py line:204]:
-------------- parameter info -------------- 
[2026-09-20 01:44:21,661]-[utils.py line:205]:num total params: 12343352 
[2026-09-20 01:44:21,661]-[utils.py line:206]:num tunable params: 12343352 
[2026-09-20 01:44:21,661]-[utils.py line:207]:tunable param ratio: 100.00% 
[2026-09-20 01:44:21,661]-[utils.py line:208]:tunable params: 
[2026-09-20 01:44:21,661]-[utils.py line:209]:[
    "module.audio_projection.weight",
    "module.audio_projection.bias",
    "module.video_projection.weight",
    "module.video_projection.bias",
    "module.patch_projection.weight",
    "module.patch_projection.bias",
    "module.question_projection.weight",
    "module.question_projection.bias",
    "module.prompt_projection.weight",
    "module.prompt_projection.bias",
    "module.evidence_router.norms.0.weight",
    "module.evidence_router.norms.0.bias",
    "module.evidence_router.norms.1.weight",
    "module.evidence_router.norms.1.bias",
    "module.evidence_router.norms.2.weight",
    "module.evidence_router.norms.2.bias",
    "module.evidence_router.norms.3.weight",
    "module.evidence_router.norms.3.bias",
    "module.evidence_router.projections.0.weight",
    "module.evidence_router.projections.0.bias",
    "module.evidence_router.projections.1.weight",
    "module.evidence_router.projections.1.bias",
    "module.evidence_router.projections.2.weight",
    "module.evidence_router.projections.2.bias",
    "module.evidence_router.projections.3.weight",
    "module.evidence_router.projections.3.bias",
    "module.evidence_router.question_gate.0.weight",
    "module.evidence_router.question_gate.0.bias",
    "module.evidence_router.question_gate.1.weight",
    "module.evidence_router.question_gate.1.bias",
    "module.evidence_router.question_gate.3.weight",
    "module.evidence_router.question_gate.3.bias",
    "module.evidence_router.refine.0.weight",
    "module.evidence_router.refine.0.bias",
    "module.evidence_router.refine.1.weight",
    "module.evidence_router.refine.1.bias",
    "module.evidence_router.refine.4.weight",
    "module.evidence_router.refine.4.bias",
    "module.patch_grounder.patch_key.weight",
    "module.patch_grounder.patch_key.bias",
    "module.patch_grounder.audio_query.weight",
    "module.patch_grounder.audio_query.bias",
    "module.patch_grounder.question_query.weight",
    "module.patch_grounder.question_query.bias",
    "module.patch_grounder.value.weight",
    "module.patch_grounder.value.bias",
    "module.patch_grounder.score_gate.0.weight",
    "module.patch_grounder.score_gate.0.bias",
    "module.patch_grounder.score_gate.1.weight",
    "module.patch_grounder.score_gate.1.bias",
    "module.patch_grounder.output.0.weight",
    "module.patch_grounder.output.0.bias",
    "module.patch_grounder.output.2.weight",
    "module.patch_grounder.output.2.bias",
    "module.evidence_norm.weight",
    "module.evidence_norm.bias",
    "module.event_memory.branches.0.0.weight",
    "module.event_memory.branches.0.0.bias",
    "module.event_memory.branches.0.2.weight",
    "module.event_memory.branches.0.2.bias",
    "module.event_memory.branches.1.0.weight",
    "module.event_memory.branches.1.0.bias",
    "module.event_memory.branches.1.2.weight",
    "module.event_memory.branches.1.2.bias",
    "module.event_memory.branches.2.0.weight",
    "module.event_memory.branches.2.0.bias",
    "module.event_memory.branches.2.2.weight",
    "module.event_memory.branches.2.2.bias",
    "module.event_memory.question_queries.0.weight",
    "module.event_memory.question_queries.0.bias",
    "module.event_memory.question_queries.1.weight",
    "module.event_memory.question_queries.1.bias",
    "module.event_memory.question_queries.2.weight",
    "module.event_memory.question_queries.2.bias",
    "module.event_memory.scale_gate.0.weight",
    "module.event_memory.scale_gate.0.bias",
    "module.event_memory.scale_gate.1.weight",
    "module.event_memory.scale_gate.1.bias",
    "module.event_memory.output_norm.weight",
    "module.event_memory.output_norm.bias",
    "module.cmg.in_proj_weight",
    "module.cmg.in_proj_bias",
    "module.cmg.out_proj.weight",
    "module.cmg.out_proj.bias",
    "module.cmg_norm.weight",
    "module.cmg_norm.bias",
    "module.temporal_reader.query_tokens",
    "module.temporal_reader.condition.0.weight",
    "module.temporal_reader.condition.0.bias",
    "module.temporal_reader.condition.1.weight",
    "module.temporal_reader.condition.1.bias",
    "module.temporal_reader.attention.in_proj_weight",
    "module.temporal_reader.attention.in_proj_bias",
    "module.temporal_reader.attention.out_proj.weight",
    "module.temporal_reader.attention.out_proj.bias",
    "module.temporal_reader.norm.weight",
    "module.temporal_reader.norm.bias",
    "module.temporal_reader.ffn.0.weight",
    "module.temporal_reader.ffn.0.bias",
    "module.temporal_reader.ffn.3.weight",
    "module.temporal_reader.ffn.3.bias",
    "module.fusion_gate.0.weight",
    "module.fusion_gate.0.bias",
    "module.fusion_gate.1.weight",
    "module.fusion_gate.1.bias",
    "module.fusion_gate.3.weight",
    "module.fusion_gate.3.bias",
    "module.fusion_refine.0.weight",
    "module.fusion_refine.0.bias",
    "module.fusion_refine.1.weight",
    "module.fusion_refine.1.bias",
    "module.fusion_refine.4.weight",
    "module.fusion_refine.4.bias",
    "module.fusion_refine.5.weight",
    "module.fusion_refine.5.bias",
    "module.answer_head.weight",
    "module.answer_head.bias"
] 
[2026-09-20 01:44:21,662]-[trainutils.py line:220]:
-------------- optimizer info -------------- 
[2026-09-20 01:44:21,662]-[trainutils.py line:221]:Learning rate: 0.0001 
[2026-09-20 01:44:21,662]-[trainutils.py line:222]:Betas: (0.9, 0.999) 
[2026-09-20 01:44:21,662]-[trainutils.py line:223]:Eps: 1e-08 
[2026-09-20 01:44:21,662]-[trainutils.py line:224]:Weight decay: 0.0002 
[2026-09-20 01:44:21,675]-[train.py line:102]:
-------------- training epoch 1 -------------- 
[2026-09-20 01:44:22,626]-[trainutils.py line:416]:[EST:   21.07m][Process Time:    0.79s]- Epoch: 1 [0000/1330 (  0%)]	Losses: ce_loss-3.9032(3.9032) loss_tacl-0.0000(0.0000) loss_sacl-0.0112(0.0112) loss_event-0.0205(0.0205) loss_evidence-0.0175(0.0175) loss_query_diversity-0.0044(0.0044) loss_position-0.0000(0.0000) total_loss-3.9032(3.9032) 
[2026-09-20 01:44:41,931]-[trainutils.py line:416]:[EST:    4.11m][Process Time:    0.04s]- Epoch: 1 [0100/1330 (  8%)]	Losses: ce_loss-3.2861(3.4889) loss_tacl-0.0000(0.0000) loss_sacl-0.0112(0.0112) loss_event-0.0198(0.0196) loss_evidence-0.0104(0.0139) loss_query_diversity-0.0044(0.0044) loss_position-0.0000(0.0000) total_loss-3.2861(3.4889) 
[2026-09-20 01:45:00,965]-[trainutils.py line:416]:[EST:    3.68m][Process Time:    0.04s]- Epoch: 1 [0200/1330 ( 15%)]	Losses: ce_loss-3.2192(3.2794) loss_tacl-0.0000(0.0000) loss_sacl-0.0113(0.0112) loss_event-0.0160(0.0185) loss_evidence-0.0101(0.0137) loss_query_diversity-0.0044(0.0044) loss_position-0.0000(0.0000) total_loss-3.2192(3.2794) 
[2026-09-20 01:45:19,607]-[trainutils.py line:416]:[EST:    3.30m][Process Time:    0.04s]- Epoch: 1 [0300/1330 ( 23%)]	Losses: ce_loss-2.7050(3.1384) loss_tacl-0.0000(0.0000) loss_sacl-0.0113(0.0112) loss_event-0.0146(0.0174) loss_evidence-0.0110(0.0133) loss_query_diversity-0.0044(0.0044) loss_position-0.0000(0.0000) total_loss-2.7050(3.1384) 
[2026-09-20 01:45:38,127]-[trainutils.py line:416]:[EST:    2.95m][Process Time:    0.04s]- Epoch: 1 [0400/1330 ( 30%)]	Losses: ce_loss-2.4650(3.0352) loss_tacl-0.0000(0.0000) loss_sacl-0.0114(0.0112) loss_event-0.0132(0.0165) loss_evidence-0.0087(0.0099) loss_query_diversity-0.0044(0.0044) loss_position-0.0000(0.0000) total_loss-2.4650(3.0352) 
[2026-09-20 01:45:56,627]-[trainutils.py line:416]:[EST:    2.62m][Process Time:    0.04s]- Epoch: 1 [0500/1330 ( 38%)]	Losses: ce_loss-2.6446(2.9442) loss_tacl-0.0000(0.0000) loss_sacl-0.0113(0.0113) loss_event-0.0124(0.0158) loss_evidence-0.0063(0.0080) loss_query_diversity-0.0044(0.0044) loss_position-0.0000(0.0000) total_loss-2.6446(2.9442) 
[2026-09-20 01:46:15,238]-[trainutils.py line:416]:[EST:    2.30m][Process Time:    0.04s]- Epoch: 1 [0600/1330 ( 45%)]	Losses: ce_loss-2.5679(2.8575) loss_tacl-0.0000(0.0000) loss_sacl-0.0113(0.0113) loss_event-0.0120(0.0152) loss_evidence-0.0048(0.0067) loss_query_diversity-0.0044(0.0044) loss_position-0.0000(0.0000) total_loss-2.5679(2.8575) 
[2026-09-20 01:46:33,728]-[trainutils.py line:416]:[EST:    1.97m][Process Time:    0.04s]- Epoch: 1 [0700/1330 ( 53%)]	Losses: ce_loss-2.4865(2.7907) loss_tacl-0.0000(0.0000) loss_sacl-0.0114(0.0113) loss_event-0.0115(0.0147) loss_evidence-0.0055(0.0057) loss_query_diversity-0.0044(0.0044) loss_position-0.0000(0.0000) total_loss-2.4865(2.7907) 
[2026-09-20 01:46:52,391]-[trainutils.py line:416]:[EST:    1.66m][Process Time:    0.04s]- Epoch: 1 [0800/1330 ( 60%)]	Losses: ce_loss-2.1842(2.7298) loss_tacl-0.0000(0.0000) loss_sacl-0.0113(0.0113) loss_event-0.0113(0.0144) loss_evidence-0.0078(0.0050) loss_query_diversity-0.0044(0.0044) loss_position-0.0000(0.0000) total_loss-2.1842(2.7298) 
[2026-09-20 01:47:10,988]-[trainutils.py line:416]:[EST:    1.34m][Process Time:    0.04s]- Epoch: 1 [0900/1330 ( 68%)]	Losses: ce_loss-2.0887(2.6734) loss_tacl-0.0000(0.0000) loss_sacl-0.0113(0.0113) loss_event-0.0115(0.0140) loss_evidence-0.0053(0.0044) loss_query_diversity-0.0044(0.0044) loss_position-0.0000(0.0000) total_loss-2.0887(2.6734) 
[2026-09-20 01:47:29,740]-[trainutils.py line:416]:[EST:    1.03m][Process Time:    0.04s]- Epoch: 1 [1000/1330 ( 75%)]	Losses: ce_loss-2.4918(2.6240) loss_tacl-0.0000(0.0000) loss_sacl-0.0113(0.0113) loss_event-0.0119(0.0138) loss_evidence-0.0055(0.0040) loss_query_diversity-0.0044(0.0044) loss_position-0.0000(0.0000) total_loss-2.4918(2.6240) 
[2026-09-20 01:47:48,345]-[trainutils.py line:416]:[EST:    0.72m][Process Time:    0.04s]- Epoch: 1 [1100/1330 ( 83%)]	Losses: ce_loss-2.2211(2.5779) loss_tacl-0.0000(0.0000) loss_sacl-0.0112(0.0113) loss_event-0.0107(0.0136) loss_evidence-0.0053(0.0036) loss_query_diversity-0.0044(0.0044) loss_position-0.0000(0.0000) total_loss-2.2211(2.5779) 
[2026-09-20 01:48:06,798]-[trainutils.py line:416]:[EST:    0.40m][Process Time:    0.04s]- Epoch: 1 [1200/1330 ( 90%)]	Losses: ce_loss-1.7079(2.5293) loss_tacl-0.0000(0.0000) loss_sacl-0.0111(0.0113) loss_event-0.0115(0.0134) loss_evidence-0.0014(0.0033) loss_query_diversity-0.0044(0.0044) loss_position--0.0000(0.0000) total_loss-1.7079(2.5293) 
[2026-09-20 01:48:25,194]-[trainutils.py line:416]:[EST:    0.09m][Process Time:    0.04s]- Epoch: 1 [1300/1330 ( 98%)]	Losses: ce_loss-2.0179(2.4863) loss_tacl-0.0000(0.0000) loss_sacl-0.0111(0.0113) loss_event-0.0116(0.0132) loss_evidence-0.0014(0.0031) loss_query_diversity-0.0044(0.0044) loss_position--0.0000(0.0000) total_loss-2.0179(2.4863) 
[2026-09-20 01:48:30,660]-[trainutils.py line:416]:[EST:   -0.00m][Process Time:    0.06s]- Epoch: 1 [1330/1330 (100%)]	Losses: ce_loss-2.5514(2.4735) loss_tacl-0.0000(0.0000) loss_sacl-0.0109(0.0113) loss_event-0.0113(0.0132) loss_evidence-0.0070(0.0030) loss_query_diversity-0.0044(0.0044) loss_position--0.0000(0.0000) total_loss-2.5514(2.4735) 
[2026-09-20 01:48:31,155]-[train.py line:106]:
-------------- validation epoch 1 -------------- 
[2026-09-20 01:48:31,529]-[trainutils.py line:461]:Test progress:   0/95 
[2026-09-20 01:49:00,864]-[trainutils.py line:461]:Test progress:  95/95 
[2026-09-20 01:49:00,864]-[trainutils.py line:492]:Epoch 1 -           Audio/Counting accuracy: 64.77(331/511) 
[2026-09-20 01:49:00,864]-[trainutils.py line:492]:Epoch 1 -        Audio/Comparative accuracy: 50.17(148/295) 
[2026-09-20 01:49:00,866]-[trainutils.py line:497]:Epoch 1 -                    Audio accuracy: 59.43(479/806) 
[2026-09-20 01:49:00,866]-[trainutils.py line:492]:Epoch 1 -          Visual/Counting accuracy: 55.67(334/600) 
[2026-09-20 01:49:00,866]-[trainutils.py line:492]:Epoch 1 -          Visual/Location accuracy: 17.13(105/613) 
[2026-09-20 01:49:00,866]-[trainutils.py line:497]:Epoch 1 -                   Visual accuracy: 36.19(439/1213) 
[2026-09-20 01:49:00,866]-[trainutils.py line:492]:Epoch 1 - Audio-Visual/Existential accuracy: 78.79(390/495) 
[2026-09-20 01:49:00,866]-[trainutils.py line:492]:Epoch 1 -    Audio-Visual/Counting accuracy: 45.97(291/633) 
[2026-09-20 01:49:00,866]-[trainutils.py line:492]:Epoch 1 -    Audio-Visual/Location accuracy: 20.61(95/461) 
[2026-09-20 01:49:00,866]-[trainutils.py line:492]:Epoch 1 - Audio-Visual/Comparative accuracy: 52.64(289/549) 
[2026-09-20 01:49:00,867]-[trainutils.py line:492]:Epoch 1 -    Audio-Visual/Temporal accuracy: 4.62(19/411) 
[2026-09-20 01:49:00,867]-[trainutils.py line:497]:Epoch 1 -             Audio-Visual accuracy: 42.53(1084/2549) 
[2026-09-20 01:49:00,867]-[trainutils.py line:501]:Epoch 1 -                    Total accuracy: 43.83(2002/4568) 
[2026-09-20 01:49:00,885]-[train.py line:151]:best model saved at epoch 1 with acc 43.82661996497373 (raw) 
[2026-09-20 01:49:00,929]-[train.py line:167]:Epoch 1 done with 43.83 and loss 1.81250. 
[2026-09-20 01:49:00,929]-[train.py line:168]:At epoch1 best acc: 43.83. 
[2026-09-20 01:49:00,929]-[train.py line:102]:
-------------- training epoch 2 -------------- 
[2026-09-20 01:49:01,122]-[trainutils.py line:416]:[EST:    4.16m][Process Time:    0.04s]- Epoch: 2 [0000/1330 (  0%)]	Losses: ce_loss-2.1081(2.1081) loss_tacl-0.0001(0.0001) loss_sacl-0.0222(0.0222) loss_event-0.0122(0.0122) loss_evidence-0.0082(0.0082) loss_query_diversity-0.0044(0.0044) loss_position--0.0000(0.0000) total_loss-2.1081(2.1081) 
[2026-09-20 01:49:19,840]-[trainutils.py line:416]:[EST:    3.83m][Process Time:    0.04s]- Epoch: 2 [0100/1330 (  8%)]	Losses: ce_loss-0.9079(1.4876) loss_tacl-0.0001(0.0001) loss_sacl-0.0205(0.0215) loss_event-0.0089(0.0102) loss_evidence-0.0000(0.0013) loss_query_diversity-0.0044(0.0044) loss_position--0.0000(0.0000) total_loss-0.9079(1.4876) 
[2026-09-20 01:49:38,444]-[trainutils.py line:416]:[EST:    3.51m][Process Time:    0.04s]- Epoch: 2 [0200/1330 ( 15%)]	Losses: ce_loss-1.0214(1.2661) loss_tacl-0.0001(0.0001) loss_sacl-0.0192(0.0206) loss_event-0.0065(0.0090) loss_evidence-0.0000(0.0009) loss_query_diversity-0.0044(0.0044) loss_position--0.0000(0.0000) total_loss-1.0214(1.2661) 
[2026-09-20 01:49:57,002]-[trainutils.py line:416]:[EST:    3.19m][Process Time:    0.04s]- Epoch: 2 [0300/1330 ( 23%)]	Losses: ce_loss-0.8028(1.1741) loss_tacl-0.0001(0.0001) loss_sacl-0.0183(0.0199) loss_event-0.0065(0.0084) loss_evidence-0.0002(0.0007) loss_query_diversity-0.0044(0.0044) loss_position--0.0000(0.0000) total_loss-0.8028(1.1741) 
[2026-09-20 01:50:15,569]-[trainutils.py line:416]:[EST:    2.88m][Process Time:    0.04s]- Epoch: 2 [0400/1330 ( 30%)]	Losses: ce_loss-0.7176(1.1157) loss_tacl-0.0001(0.0001) loss_sacl-0.0181(0.0194) loss_event-0.0077(0.0082) loss_evidence-0.0012(0.0006) loss_query_diversity-0.0044(0.0044) loss_position--0.0000(0.0000) total_loss-0.7176(1.1157) 
[2026-09-20 01:50:34,473]-[trainutils.py line:416]:[EST:    2.58m][Process Time:    0.04s]- Epoch: 2 [0500/1330 ( 38%)]	Losses: ce_loss-1.2613(1.0699) loss_tacl-0.0001(0.0001) loss_sacl-0.0169(0.0189) loss_event-0.0065(0.0079) loss_evidence-0.0002(0.0005) loss_query_diversity-0.0044(0.0044) loss_position--0.0000(0.0000) total_loss-1.2613(1.0699) 
[2026-09-20 01:50:52,991]-[trainutils.py line:416]:[EST:    2.27m][Process Time:    0.04s]- Epoch: 2 [0600/1330 ( 45%)]	Losses: ce_loss-0.5997(1.0384) loss_tacl-0.0001(0.0001) loss_sacl-0.0144(0.0184) loss_event-0.0058(0.0077) loss_evidence-0.0000(0.0005) loss_query_diversity-0.0044(0.0044) loss_position--0.0000(0.0000) total_loss-0.5997(1.0384) 
[2026-09-20 01:51:11,630]-[trainutils.py line:416]:[EST:    1.95m][Process Time:    0.05s]- Epoch: 2 [0700/1330 ( 53%)]	Losses: ce_loss-0.6186(1.0081) loss_tacl-0.0001(0.0001) loss_sacl-0.0123(0.0180) loss_event-0.0044(0.0075) loss_evidence-0.0000(0.0005) loss_query_diversity-0.0044(0.0044) loss_position--0.0000(0.0000) total_loss-0.6186(1.0081) 
[2026-09-20 01:51:30,375]-[trainutils.py line:416]:[EST:    1.64m][Process Time:    0.04s]- Epoch: 2 [0800/1330 ( 60%)]	Losses: ce_loss-1.1340(0.9836) loss_tacl-0.0001(0.0001) loss_sacl-0.0143(0.0176) loss_event-0.0057(0.0073) loss_evidence-0.0015(0.0005) loss_query_diversity-0.0044(0.0044) loss_position--0.0000(0.0000) total_loss-1.1340(0.9836) 
[2026-09-20 01:51:49,006]-[trainutils.py line:416]:[EST:    1.33m][Process Time:    0.04s]- Epoch: 2 [0900/1330 ( 68%)]	Losses: ce_loss-0.7184(0.9632) loss_tacl-0.0001(0.0001) loss_sacl-0.0143(0.0173) loss_event-0.0063(0.0071) loss_evidence-0.0000(0.0005) loss_query_diversity-0.0044(0.0044) loss_position--0.0000(0.0000) total_loss-0.7184(0.9632) 
[2026-09-20 01:52:07,809]-[trainutils.py line:416]:[EST:    1.02m][Process Time:    0.04s]- Epoch: 2 [1000/1330 ( 75%)]	Losses: ce_loss-0.9042(0.9452) loss_tacl-0.0001(0.0001) loss_sacl-0.0140(0.0169) loss_event-0.0078(0.0070) loss_evidence-0.0000(0.0005) loss_query_diversity-0.0044(0.0044) loss_position--0.0000(0.0000) total_loss-0.9042(0.9452) 
[2026-09-20 01:52:26,419]-[trainutils.py line:416]:[EST:    0.71m][Process Time:    0.04s]- Epoch: 2 [1100/1330 ( 83%)]	Losses: ce_loss-0.7028(0.9314) loss_tacl-0.0001(0.0001) loss_sacl-0.0158(0.0166) loss_event-0.0079(0.0070) loss_evidence-0.0005(0.0005) loss_query_diversity-0.0044(0.0044) loss_position--0.0000(0.0000) total_loss-0.7028(0.9314) 
[2026-09-20 01:52:45,033]-[trainutils.py line:416]:[EST:    0.40m][Process Time:    0.05s]- Epoch: 2 [1200/1330 ( 90%)]	Losses: ce_loss-0.6527(0.9180) loss_tacl-0.0001(0.0001) loss_sacl-0.0123(0.0164) loss_event-0.0056(0.0069) loss_evidence-0.0000(0.0005) loss_query_diversity-0.0044(0.0044) loss_position--0.0000(0.0000) total_loss-0.6527(0.9180) 
[2026-09-20 01:53:03,806]-[trainutils.py line:416]:[EST:    0.09m][Process Time:    0.04s]- Epoch: 2 [1300/1330 ( 98%)]	Losses: ce_loss-0.5349(0.9056) loss_tacl-0.0001(0.0001) loss_sacl-0.0133(0.0162) loss_event-0.0065(0.0068) loss_evidence-0.0000(0.0005) loss_query_diversity-0.0044(0.0044) loss_position--0.0000(0.0000) total_loss-0.5349(0.9056) 
[2026-09-20 01:53:09,358]-[trainutils.py line:416]:[EST:   -0.00m][Process Time:    0.05s]- Epoch: 2 [1330/1330 (100%)]	Losses: ce_loss-0.7982(0.9017) loss_tacl-0.0001(0.0001) loss_sacl-0.0132(0.0161) loss_event-0.0062(0.0068) loss_evidence-0.0000(0.0005) loss_query_diversity-0.0044(0.0044) loss_position--0.0000(0.0000) total_loss-0.7982(0.9017) 
[2026-09-20 01:53:09,835]-[train.py line:106]:
-------------- validation epoch 2 -------------- 
[2026-09-20 01:53:10,144]-[trainutils.py line:461]:Test progress:   0/95 
[2026-09-20 01:53:39,354]-[trainutils.py line:461]:Test progress:  95/95 
[2026-09-20 01:53:39,354]-[trainutils.py line:492]:Epoch 2 -           Audio/Counting accuracy: 76.52(391/511) 
[2026-09-20 01:53:39,355]-[trainutils.py line:492]:Epoch 2 -        Audio/Comparative accuracy: 54.92(162/295) 
[2026-09-20 01:53:39,355]-[trainutils.py line:497]:Epoch 2 -                    Audio accuracy: 68.61(553/806) 
[2026-09-20 01:53:39,355]-[trainutils.py line:492]:Epoch 2 -          Visual/Counting accuracy: 69.83(419/600) 
[2026-09-20 01:53:39,355]-[trainutils.py line:492]:Epoch 2 -          Visual/Location accuracy: 80.42(493/613) 
[2026-09-20 01:53:39,355]-[trainutils.py line:497]:Epoch 2 -                   Visual accuracy: 75.19(912/1213) 
[2026-09-20 01:53:39,355]-[trainutils.py line:492]:Epoch 2 - Audio-Visual/Existential accuracy: 80.61(399/495) 
[2026-09-20 01:53:39,355]-[trainutils.py line:492]:Epoch 2 -    Audio-Visual/Counting accuracy: 67.93(430/633) 
[2026-09-20 01:53:39,356]-[trainutils.py line:492]:Epoch 2 -    Audio-Visual/Location accuracy: 63.99(295/461) 
[2026-09-20 01:53:39,356]-[trainutils.py line:492]:Epoch 2 - Audio-Visual/Comparative accuracy: 54.10(297/549) 
[2026-09-20 01:53:39,356]-[trainutils.py line:492]:Epoch 2 -    Audio-Visual/Temporal accuracy: 67.88(279/411) 
[2026-09-20 01:53:39,356]-[trainutils.py line:497]:Epoch 2 -             Audio-Visual accuracy: 66.69(1700/2549) 
[2026-09-20 01:53:39,356]-[trainutils.py line:501]:Epoch 2 -                    Total accuracy: 69.29(3165/4568) 
[2026-09-20 01:53:39,695]-[trainutils.py line:461]:Test progress:   0/95 
[2026-09-20 01:54:08,644]-[trainutils.py line:461]:Test progress:  95/95 
[2026-09-20 01:54:08,644]-[trainutils.py line:492]:Epoch 2 -           Audio/Counting accuracy: 73.19(374/511) 
[2026-09-20 01:54:08,644]-[trainutils.py line:492]:Epoch 2 -        Audio/Comparative accuracy: 56.61(167/295) 
[2026-09-20 01:54:08,644]-[trainutils.py line:497]:Epoch 2 -                    Audio accuracy: 67.12(541/806) 
[2026-09-20 01:54:08,645]-[trainutils.py line:492]:Epoch 2 -          Visual/Counting accuracy: 68.17(409/600) 
[2026-09-20 01:54:08,645]-[trainutils.py line:492]:Epoch 2 -          Visual/Location accuracy: 78.47(481/613) 
[2026-09-20 01:54:08,645]-[trainutils.py line:497]:Epoch 2 -                   Visual accuracy: 73.37(890/1213) 
[2026-09-20 01:54:08,645]-[trainutils.py line:492]:Epoch 2 - Audio-Visual/Existential accuracy: 80.40(398/495) 
[2026-09-20 01:54:08,645]-[trainutils.py line:492]:Epoch 2 -    Audio-Visual/Counting accuracy: 65.88(417/633) 
[2026-09-20 01:54:08,645]-[trainutils.py line:492]:Epoch 2 -    Audio-Visual/Location accuracy: 57.70(266/461) 
[2026-09-20 01:54:08,646]-[trainutils.py line:492]:Epoch 2 - Audio-Visual/Comparative accuracy: 59.20(325/549) 
[2026-09-20 01:54:08,646]-[trainutils.py line:492]:Epoch 2 -    Audio-Visual/Temporal accuracy: 68.61(282/411) 
[2026-09-20 01:54:08,646]-[trainutils.py line:497]:Epoch 2 -             Audio-Visual accuracy: 66.22(1688/2549) 
[2026-09-20 01:54:08,646]-[trainutils.py line:501]:Epoch 2 -                    Total accuracy: 68.28(3119/4568) 
[2026-09-20 01:54:08,671]-[train.py line:151]:best model saved at epoch 2 with acc 69.28633975481611 (raw) 
[2026-09-20 01:54:08,704]-[train.py line:167]:Epoch 2 done with 69.29 and loss 0.70703. 
[2026-09-20 01:54:08,704]-[train.py line:168]:At epoch2 best acc: 69.29. 
[2026-09-20 01:54:08,704]-[train.py line:102]:
-------------- training epoch 3 -------------- 
[2026-09-20 01:54:08,898]-[trainutils.py line:416]:[EST:    4.27m][Process Time:    0.04s]- Epoch: 3 [0000/1330 (  0%)]	Losses: ce_loss-1.0548(1.0548) loss_tacl-0.0001(0.0001) loss_sacl-0.0189(0.0189) loss_event-0.0069(0.0069) loss_evidence-0.0007(0.0007) loss_query_diversity-0.0044(0.0044) loss_position--0.0000(0.0000) total_loss-1.0548(1.0548) 
[2026-09-20 01:54:27,660]-[trainutils.py line:416]:[EST:    3.84m][Process Time:    0.04s]- Epoch: 3 [0100/1330 (  8%)]	Losses: ce_loss-0.8008(0.7028) loss_tacl-0.0001(0.0001) loss_sacl-0.0205(0.0193) loss_event-0.0062(0.0059) loss_evidence-0.0029(0.0007) loss_query_diversity-0.0044(0.0044) loss_position-0.0000(0.0000) total_loss-0.8008(0.7028) 
[2026-09-20 01:54:46,425]-[trainutils.py line:416]:[EST:    3.53m][Process Time:    0.04s]- Epoch: 3 [0200/1330 ( 15%)]	Losses: ce_loss-0.7535(0.6910) loss_tacl-0.0001(0.0001) loss_sacl-0.0206(0.0191) loss_event-0.0065(0.0060) loss_evidence-0.0000(0.0005) loss_query_diversity-0.0044(0.0044) loss_position--0.0000(0.0000) total_loss-0.7535(0.6910) 
[2026-09-20 01:55:05,289]-[trainutils.py line:416]:[EST:    3.22m][Process Time:    0.04s]- Epoch: 3 [0300/1330 ( 23%)]	Losses: ce_loss-0.5507(0.6961) loss_tacl-0.0001(0.0001) loss_sacl-0.0178(0.0186) loss_event-0.0059(0.0059) loss_evidence-0.0000(0.0006) loss_query_diversity-0.0044(0.0044) loss_position--0.0000(0.0000) total_loss-0.5507(0.6961) 
[2026-09-20 01:55:24,185]-[trainutils.py line:416]:[EST:    2.91m][Process Time:    0.04s]- Epoch: 3 [0400/1330 ( 30%)]	Losses: ce_loss-0.6816(0.6996) loss_tacl-0.0001(0.0001) loss_sacl-0.0162(0.0182) loss_event-0.0060(0.0058) loss_evidence-0.0000(0.0005) loss_query_diversity-0.0044(0.0044) loss_position--0.0000(0.0000) total_loss-0.6816(0.6996) 
[2026-09-20 01:55:42,960]-[trainutils.py line:416]:[EST:    2.60m][Process Time:    0.04s]- Epoch: 3 [0500/1330 ( 38%)]	Losses: ce_loss-0.8720(0.6957) loss_tacl-0.0001(0.0001) loss_sacl-0.0169(0.0178) loss_event-0.0047(0.0056) loss_evidence-0.0003(0.0005) loss_query_diversity-0.0043(0.0044) loss_position--0.0000(0.0000) total_loss-0.8720(0.6957) 
[2026-09-20 01:56:01,762]-[trainutils.py line:416]:[EST:    2.29m][Process Time:    0.04s]- Epoch: 3 [0600/1330 ( 45%)]	Losses: ce_loss-0.6807(0.6924) loss_tacl-0.0001(0.0001) loss_sacl-0.0171(0.0178) loss_event-0.0059(0.0056) loss_evidence-0.0000(0.0005) loss_query_diversity-0.0044(0.0044) loss_position--0.0000(0.0000) total_loss-0.6807(0.6924) 
[2026-09-20 01:56:20,495]-[trainutils.py line:416]:[EST:    1.97m][Process Time:    0.04s]- Epoch: 3 [0700/1330 ( 53%)]	Losses: ce_loss-0.6416(0.6894) loss_tacl-0.0001(0.0001) loss_sacl-0.0156(0.0176) loss_event-0.0050(0.0056) loss_evidence-0.0002(0.0005) loss_query_diversity-0.0044(0.0044) loss_position--0.0000(0.0000) total_loss-0.6416(0.6894) 
[2026-09-20 01:56:39,212]-[trainutils.py line:416]:[EST:    1.66m][Process Time:    0.04s]- Epoch: 3 [0800/1330 ( 60%)]	Losses: ce_loss-0.4865(0.6846) loss_tacl-0.0001(0.0001) loss_sacl-0.0165(0.0174) loss_event-0.0058(0.0056) loss_evidence-0.0002(0.0005) loss_query_diversity-0.0044(0.0044) loss_position-0.0000(0.0000) total_loss-0.4865(0.6846) 
[2026-09-20 01:56:57,889]-[trainutils.py line:416]:[EST:    1.34m][Process Time:    0.04s]- Epoch: 3 [0900/1330 ( 68%)]	Losses: ce_loss-0.8071(0.6843) loss_tacl-0.0001(0.0001) loss_sacl-0.0174(0.0173) loss_event-0.0078(0.0056) loss_evidence-0.0000(0.0005) loss_query_diversity-0.0043(0.0044) loss_position--0.0000(0.0000) total_loss-0.8071(0.6843) 
[2026-09-20 01:57:16,649]-[trainutils.py line:416]:[EST:    1.03m][Process Time:    0.04s]- Epoch: 3 [1000/1330 ( 75%)]	Losses: ce_loss-0.5504(0.6833) loss_tacl-0.0001(0.0001) loss_sacl-0.0141(0.0172) loss_event-0.0056(0.0056) loss_evidence-0.0000(0.0005) loss_query_diversity-0.0044(0.0044) loss_position-0.0000(0.0000) total_loss-0.5504(0.6833) 
[2026-09-20 01:57:35,656]-[trainutils.py line:416]:[EST:    0.72m][Process Time:    0.04s]- Epoch: 3 [1100/1330 ( 83%)]	Losses: ce_loss-0.8480(0.6848) loss_tacl-0.0001(0.0001) loss_sacl-0.0172(0.0171) loss_event-0.0077(0.0057) loss_evidence-0.0000(0.0005) loss_query_diversity-0.0043(0.0044) loss_position-0.0000(0.0000) total_loss-0.8480(0.6848) 
[2026-09-20 01:57:54,369]-[trainutils.py line:416]:[EST:    0.40m][Process Time:    0.04s]- Epoch: 3 [1200/1330 ( 90%)]	Losses: ce_loss-0.4627(0.6822) loss_tacl-0.0001(0.0001) loss_sacl-0.0167(0.0170) loss_event-0.0063(0.0057) loss_evidence-0.0000(0.0005) loss_query_diversity-0.0043(0.0044) loss_position--0.0000(0.0000) total_loss-0.4627(0.6822) 
[2026-09-20 01:58:13,123]-[trainutils.py line:416]:[EST:    0.09m][Process Time:    0.04s]- Epoch: 3 [1300/1330 ( 98%)]	Losses: ce_loss-0.7490(0.6804) loss_tacl-0.0001(0.0001) loss_sacl-0.0162(0.0168) loss_event-0.0052(0.0057) loss_evidence-0.0009(0.0004) loss_query_diversity-0.0044(0.0044) loss_position--0.0000(0.0000) total_loss-0.7490(0.6804) 
[2026-09-20 01:58:18,784]-[trainutils.py line:416]:[EST:   -0.00m][Process Time:    0.04s]- Epoch: 3 [1330/1330 (100%)]	Losses: ce_loss-0.2251(0.6804) loss_tacl-0.0001(0.0001) loss_sacl-0.0184(0.0168) loss_event-0.0073(0.0057) loss_evidence-0.0000(0.0004) loss_query_diversity-0.0043(0.0044) loss_position--0.0000(0.0000) total_loss-0.2251(0.6804) 
[2026-09-20 01:58:19,246]-[train.py line:106]:
-------------- validation epoch 3 -------------- 
[2026-09-20 01:58:19,556]-[trainutils.py line:461]:Test progress:   0/95 
[2026-09-20 01:58:48,842]-[trainutils.py line:461]:Test progress:  95/95 
[2026-09-20 01:58:48,843]-[trainutils.py line:492]:Epoch 3 -           Audio/Counting accuracy: 82.19(420/511) 
[2026-09-20 01:58:48,843]-[trainutils.py line:492]:Epoch 3 -        Audio/Comparative accuracy: 57.29(169/295) 
[2026-09-20 01:58:48,843]-[trainutils.py line:497]:Epoch 3 -                    Audio accuracy: 73.08(589/806) 
[2026-09-20 01:58:48,843]-[trainutils.py line:492]:Epoch 3 -          Visual/Counting accuracy: 75.50(453/600) 
[2026-09-20 01:58:48,843]-[trainutils.py line:492]:Epoch 3 -          Visual/Location accuracy: 82.38(505/613) 
[2026-09-20 01:58:48,843]-[trainutils.py line:497]:Epoch 3 -                   Visual accuracy: 78.98(958/1213) 
[2026-09-20 01:58:48,843]-[trainutils.py line:492]:Epoch 3 - Audio-Visual/Existential accuracy: 82.42(408/495) 
[2026-09-20 01:58:48,843]-[trainutils.py line:492]:Epoch 3 -    Audio-Visual/Counting accuracy: 73.14(463/633) 
[2026-09-20 01:58:48,844]-[trainutils.py line:492]:Epoch 3 -    Audio-Visual/Location accuracy: 61.61(284/461) 
[2026-09-20 01:58:48,844]-[trainutils.py line:492]:Epoch 3 - Audio-Visual/Comparative accuracy: 60.47(332/549) 
[2026-09-20 01:58:48,844]-[trainutils.py line:492]:Epoch 3 -    Audio-Visual/Temporal accuracy: 69.59(286/411) 
[2026-09-20 01:58:48,844]-[trainutils.py line:497]:Epoch 3 -             Audio-Visual accuracy: 69.56(1773/2549) 
[2026-09-20 01:58:48,844]-[trainutils.py line:501]:Epoch 3 -                    Total accuracy: 72.68(3320/4568) 
[2026-09-20 01:58:49,179]-[trainutils.py line:461]:Test progress:   0/95 
[2026-09-20 01:59:18,288]-[trainutils.py line:461]:Test progress:  95/95 
[2026-09-20 01:59:18,289]-[trainutils.py line:492]:Epoch 3 -           Audio/Counting accuracy: 79.84(408/511) 
[2026-09-20 01:59:18,289]-[trainutils.py line:492]:Epoch 3 -        Audio/Comparative accuracy: 61.69(182/295) 
[2026-09-20 01:59:18,289]-[trainutils.py line:497]:Epoch 3 -                    Audio accuracy: 73.20(590/806) 
[2026-09-20 01:59:18,289]-[trainutils.py line:492]:Epoch 3 -          Visual/Counting accuracy: 74.17(445/600) 
[2026-09-20 01:59:18,289]-[trainutils.py line:492]:Epoch 3 -          Visual/Location accuracy: 85.15(522/613) 
[2026-09-20 01:59:18,289]-[trainutils.py line:497]:Epoch 3 -                   Visual accuracy: 79.72(967/1213) 
[2026-09-20 01:59:18,291]-[trainutils.py line:492]:Epoch 3 - Audio-Visual/Existential accuracy: 83.43(413/495) 
[2026-09-20 01:59:18,291]-[trainutils.py line:492]:Epoch 3 -    Audio-Visual/Counting accuracy: 71.09(450/633) 
[2026-09-20 01:59:18,291]-[trainutils.py line:492]:Epoch 3 -    Audio-Visual/Location accuracy: 65.08(300/461) 
[2026-09-20 01:59:18,291]-[trainutils.py line:492]:Epoch 3 - Audio-Visual/Comparative accuracy: 60.29(331/549) 
[2026-09-20 01:59:18,291]-[trainutils.py line:492]:Epoch 3 -    Audio-Visual/Temporal accuracy: 71.53(294/411) 
[2026-09-20 01:59:18,292]-[trainutils.py line:497]:Epoch 3 -             Audio-Visual accuracy: 70.15(1788/2549) 
[2026-09-20 01:59:18,292]-[trainutils.py line:501]:Epoch 3 -                    Total accuracy: 73.23(3345/4568) 
[2026-09-20 01:59:18,320]-[train.py line:151]:best model saved at epoch 3 with acc 73.22679509632223 (ema) 
[2026-09-20 01:59:18,354]-[train.py line:167]:Epoch 3 done with 73.23 and loss 0.63672. 
[2026-09-20 01:59:18,354]-[train.py line:168]:At epoch3 best acc: 73.23. 
[2026-09-20 01:59:18,354]-[train.py line:102]:
-------------- training epoch 4 -------------- 
[2026-09-20 01:59:18,552]-[trainutils.py line:416]:[EST:    4.33m][Process Time:    0.04s]- Epoch: 4 [0000/1330 (  0%)]	Losses: ce_loss-0.8062(0.8062) loss_tacl-0.0001(0.0001) loss_sacl-0.0157(0.0157) loss_event-0.0049(0.0049) loss_evidence-0.0009(0.0009) loss_query_diversity-0.0043(0.0043) loss_position--0.0000(0.0000) total_loss-0.8062(0.8062) 
[2026-09-20 01:59:37,557]-[trainutils.py line:416]:[EST:    3.89m][Process Time:    0.04s]- Epoch: 4 [0100/1330 (  8%)]	Losses: ce_loss-0.3446(0.5901) loss_tacl-0.0001(0.0001) loss_sacl-0.0152(0.0148) loss_event-0.0072(0.0060) loss_evidence-0.0000(0.0002) loss_query_diversity-0.0043(0.0043) loss_position--0.0000(0.0000) total_loss-0.3446(0.5901) 
[2026-09-20 01:59:56,309]-[trainutils.py line:416]:[EST:    3.55m][Process Time:    0.04s]- Epoch: 4 [0200/1330 ( 15%)]	Losses: ce_loss-0.6791(0.5948) loss_tacl-0.0001(0.0001) loss_sacl-0.0133(0.0148) loss_event-0.0061(0.0059) loss_evidence-0.0000(0.0003) loss_query_diversity-0.0043(0.0043) loss_position--0.0000(0.0000) total_loss-0.6791(0.5948) 
[2026-09-20 02:00:15,138]-[trainutils.py line:416]:[EST:    3.24m][Process Time:    0.04s]- Epoch: 4 [0300/1330 ( 23%)]	Losses: ce_loss-0.6367(0.5876) loss_tacl-0.0001(0.0001) loss_sacl-0.0131(0.0147) loss_event-0.0067(0.0059) loss_evidence-0.0000(0.0003) loss_query_diversity-0.0044(0.0043) loss_position-0.0000(0.0000) total_loss-0.6367(0.5876) 
[2026-09-20 02:00:33,832]-[trainutils.py line:416]:[EST:    2.91m][Process Time:    0.04s]- Epoch: 4 [0400/1330 ( 30%)]	Losses: ce_loss-0.6760(0.5818) loss_tacl-0.0001(0.0001) loss_sacl-0.0141(0.0145) loss_event-0.0057(0.0059) loss_evidence-0.0002(0.0003) loss_query_diversity-0.0043(0.0043) loss_position--0.0000(0.0000) total_loss-0.6760(0.5818) 
[2026-09-20 02:00:52,448]-[trainutils.py line:416]:[EST:    2.59m][Process Time:    0.04s]- Epoch: 4 [0500/1330 ( 38%)]	Losses: ce_loss-0.4992(0.5787) loss_tacl-0.0001(0.0001) loss_sacl-0.0119(0.0144) loss_event-0.0053(0.0058) loss_evidence-0.0002(0.0003) loss_query_diversity-0.0043(0.0044) loss_position--0.0000(0.0000) total_loss-0.4992(0.5787) 
[2026-09-20 02:01:11,137]-[trainutils.py line:416]:[EST:    2.28m][Process Time:    0.05s]- Epoch: 4 [0600/1330 ( 45%)]	Losses: ce_loss-0.6716(0.5812) loss_tacl-0.0001(0.0001) loss_sacl-0.0134(0.0144) loss_event-0.0051(0.0057) loss_evidence-0.0008(0.0003) loss_query_diversity-0.0043(0.0043) loss_position--0.0000(0.0000) total_loss-0.6716(0.5812) 
[2026-09-20 02:01:30,031]-[trainutils.py line:416]:[EST:    1.97m][Process Time:    0.04s]- Epoch: 4 [0700/1330 ( 53%)]	Losses: ce_loss-0.4847(0.5857) loss_tacl-0.0001(0.0001) loss_sacl-0.0132(0.0143) loss_event-0.0063(0.0057) loss_evidence-0.0000(0.0003) loss_query_diversity-0.0044(0.0043) loss_position--0.0000(0.0000) total_loss-0.4847(0.5857) 
[2026-09-20 02:01:48,824]-[trainutils.py line:416]:[EST:    1.66m][Process Time:    0.04s]- Epoch: 4 [0800/1330 ( 60%)]	Losses: ce_loss-0.5755(0.5867) loss_tacl-0.0001(0.0001) loss_sacl-0.0141(0.0142) loss_event-0.0060(0.0057) loss_evidence-0.0000(0.0003) loss_query_diversity-0.0044(0.0043) loss_position--0.0000(0.0000) total_loss-0.5755(0.5867) 
[2026-09-20 02:02:07,546]-[trainutils.py line:416]:[EST:    1.34m][Process Time:    0.04s]- Epoch: 4 [0900/1330 ( 68%)]	Losses: ce_loss-0.7182(0.5847) loss_tacl-0.0001(0.0001) loss_sacl-0.0126(0.0141) loss_event-0.0048(0.0057) loss_evidence-0.0000(0.0003) loss_query_diversity-0.0043(0.0043) loss_position-0.0000(0.0000) total_loss-0.7182(0.5847) 
[2026-09-20 02:02:26,458]-[trainutils.py line:416]:[EST:    1.03m][Process Time:    0.04s]- Epoch: 4 [1000/1330 ( 75%)]	Losses: ce_loss-0.5550(0.5882) loss_tacl-0.0001(0.0001) loss_sacl-0.0156(0.0141) loss_event-0.0064(0.0056) loss_evidence-0.0000(0.0003) loss_query_diversity-0.0044(0.0043) loss_position--0.0000(0.0000) total_loss-0.5550(0.5882) 
[2026-09-20 02:02:45,524]-[trainutils.py line:416]:[EST:    0.72m][Process Time:    0.04s]- Epoch: 4 [1100/1330 ( 83%)]	Losses: ce_loss-0.8630(0.5893) loss_tacl-0.0001(0.0001) loss_sacl-0.0127(0.0140) loss_event-0.0045(0.0056) loss_evidence-0.0000(0.0003) loss_query_diversity-0.0043(0.0043) loss_position-0.0000(0.0000) total_loss-0.8630(0.5893) 
[2026-09-20 02:03:04,275]-[trainutils.py line:416]:[EST:    0.40m][Process Time:    0.04s]- Epoch: 4 [1200/1330 ( 90%)]	Losses: ce_loss-0.6090(0.5931) loss_tacl-0.0001(0.0001) loss_sacl-0.0119(0.0139) loss_event-0.0056(0.0056) loss_evidence-0.0000(0.0003) loss_query_diversity-0.0043(0.0043) loss_position--0.0000(0.0000) total_loss-0.6090(0.5931) 
[2026-09-20 02:03:23,060]-[trainutils.py line:416]:[EST:    0.09m][Process Time:    0.04s]- Epoch: 4 [1300/1330 ( 98%)]	Losses: ce_loss-0.5623(0.5918) loss_tacl-0.0001(0.0001) loss_sacl-0.0123(0.0139) loss_event-0.0054(0.0056) loss_evidence-0.0000(0.0003) loss_query_diversity-0.0043(0.0043) loss_position--0.0000(0.0000) total_loss-0.5623(0.5918) 
[2026-09-20 02:03:28,714]-[trainutils.py line:416]:[EST:   -0.00m][Process Time:    0.04s]- Epoch: 4 [1330/1330 (100%)]	Losses: ce_loss-0.8060(0.5929) loss_tacl-0.0001(0.0001) loss_sacl-0.0158(0.0139) loss_event-0.0052(0.0056) loss_evidence-0.0005(0.0003) loss_query_diversity-0.0043(0.0043) loss_position--0.0000(0.0000) total_loss-0.8060(0.5929) 
[2026-09-20 02:03:29,180]-[train.py line:106]:
-------------- validation epoch 4 -------------- 
[2026-09-20 02:03:29,489]-[trainutils.py line:461]:Test progress:   0/95 
[2026-09-20 02:03:58,811]-[trainutils.py line:461]:Test progress:  95/95 
[2026-09-20 02:03:58,811]-[trainutils.py line:492]:Epoch 4 -           Audio/Counting accuracy: 83.37(426/511) 
[2026-09-20 02:03:58,812]-[trainutils.py line:492]:Epoch 4 -        Audio/Comparative accuracy: 55.93(165/295) 
[2026-09-20 02:03:58,812]-[trainutils.py line:497]:Epoch 4 -                    Audio accuracy: 73.33(591/806) 
[2026-09-20 02:03:58,812]-[trainutils.py line:492]:Epoch 4 -          Visual/Counting accuracy: 80.50(483/600) 
[2026-09-20 02:03:58,812]-[trainutils.py line:492]:Epoch 4 -          Visual/Location accuracy: 83.20(510/613) 
[2026-09-20 02:03:58,812]-[trainutils.py line:497]:Epoch 4 -                   Visual accuracy: 81.86(993/1213) 
[2026-09-20 02:03:58,812]-[trainutils.py line:492]:Epoch 4 - Audio-Visual/Existential accuracy: 82.63(409/495) 
[2026-09-20 02:03:58,813]-[trainutils.py line:492]:Epoch 4 -    Audio-Visual/Counting accuracy: 77.25(489/633) 
[2026-09-20 02:03:58,813]-[trainutils.py line:492]:Epoch 4 -    Audio-Visual/Location accuracy: 67.68(312/461) 
[2026-09-20 02:03:58,813]-[trainutils.py line:492]:Epoch 4 - Audio-Visual/Comparative accuracy: 53.55(294/549) 
[2026-09-20 02:03:58,813]-[trainutils.py line:492]:Epoch 4 -    Audio-Visual/Temporal accuracy: 70.80(291/411) 
[2026-09-20 02:03:58,813]-[trainutils.py line:497]:Epoch 4 -             Audio-Visual accuracy: 70.42(1795/2549) 
[2026-09-20 02:03:58,813]-[trainutils.py line:501]:Epoch 4 -                    Total accuracy: 73.97(3379/4568) 
[2026-09-20 02:03:59,156]-[trainutils.py line:461]:Test progress:   0/95 
[2026-09-20 02:04:28,128]-[trainutils.py line:461]:Test progress:  95/95 
[2026-09-20 02:04:28,129]-[trainutils.py line:492]:Epoch 4 -           Audio/Counting accuracy: 84.54(432/511) 
[2026-09-20 02:04:28,129]-[trainutils.py line:492]:Epoch 4 -        Audio/Comparative accuracy: 63.39(187/295) 
[2026-09-20 02:04:28,129]-[trainutils.py line:497]:Epoch 4 -                    Audio accuracy: 76.80(619/806) 
[2026-09-20 02:04:28,129]-[trainutils.py line:492]:Epoch 4 -          Visual/Counting accuracy: 78.50(471/600) 
[2026-09-20 02:04:28,129]-[trainutils.py line:492]:Epoch 4 -          Visual/Location accuracy: 86.95(533/613) 
[2026-09-20 02:04:28,130]-[trainutils.py line:497]:Epoch 4 -                   Visual accuracy: 82.77(1004/1213) 
[2026-09-20 02:04:28,130]-[trainutils.py line:492]:Epoch 4 - Audio-Visual/Existential accuracy: 83.43(413/495) 
[2026-09-20 02:04:28,130]-[trainutils.py line:492]:Epoch 4 -    Audio-Visual/Counting accuracy: 73.46(465/633) 
[2026-09-20 02:04:28,130]-[trainutils.py line:492]:Epoch 4 -    Audio-Visual/Location accuracy: 67.03(309/461) 
[2026-09-20 02:04:28,130]-[trainutils.py line:492]:Epoch 4 - Audio-Visual/Comparative accuracy: 63.39(348/549) 
[2026-09-20 02:04:28,130]-[trainutils.py line:492]:Epoch 4 -    Audio-Visual/Temporal accuracy: 74.70(307/411) 
[2026-09-20 02:04:28,131]-[trainutils.py line:497]:Epoch 4 -             Audio-Visual accuracy: 72.26(1842/2549) 
[2026-09-20 02:04:28,131]-[trainutils.py line:501]:Epoch 4 -                    Total accuracy: 75.85(3465/4568) 
[2026-09-20 02:04:28,158]-[train.py line:151]:best model saved at epoch 4 with acc 75.85376532399299 (ema) 
[2026-09-20 02:04:28,192]-[train.py line:167]:Epoch 4 done with 75.85 and loss 0.57812. 
[2026-09-20 02:04:28,192]-[train.py line:168]:At epoch4 best acc: 75.85. 
[2026-09-20 02:04:28,192]-[train.py line:102]:
-------------- training epoch 5 -------------- 
[2026-09-20 02:04:28,388]-[trainutils.py line:416]:[EST:    4.31m][Process Time:    0.04s]- Epoch: 5 [0000/1330 (  0%)]	Losses: ce_loss-0.6087(0.6087) loss_tacl-0.0001(0.0001) loss_sacl-0.0143(0.0143) loss_event-0.0072(0.0072) loss_evidence-0.0000(0.0000) loss_query_diversity-0.0043(0.0043) loss_position--0.0000(0.0000) total_loss-0.6087(0.6087) 
[2026-09-20 02:04:47,072]-[trainutils.py line:416]:[EST:    3.83m][Process Time:    0.04s]- Epoch: 5 [0100/1330 (  8%)]	Losses: ce_loss-0.5361(0.5200) loss_tacl-0.0001(0.0001) loss_sacl-0.0133(0.0131) loss_event-0.0066(0.0054) loss_evidence-0.0000(0.0003) loss_query_diversity-0.0043(0.0043) loss_position--0.0000(0.0000) total_loss-0.5361(0.5200) 
[2026-09-20 02:05:05,805]-[trainutils.py line:416]:[EST:    3.52m][Process Time:    0.04s]- Epoch: 5 [0200/1330 ( 15%)]	Losses: ce_loss-0.4872(0.5382) loss_tacl-0.0001(0.0001) loss_sacl-0.0147(0.0130) loss_event-0.0073(0.0055) loss_evidence-0.0000(0.0002) loss_query_diversity-0.0043(0.0043) loss_position-0.0000(0.0000) total_loss-0.4872(0.5382) 
[2026-09-20 02:05:24,641]-[trainutils.py line:416]:[EST:    3.22m][Process Time:    0.06s]- Epoch: 5 [0300/1330 ( 23%)]	Losses: ce_loss-0.5979(0.5329) loss_tacl-0.0001(0.0001) loss_sacl-0.0151(0.0130) loss_event-0.0068(0.0055) loss_evidence-0.0002(0.0002) loss_query_diversity-0.0043(0.0043) loss_position--0.0000(0.0000) total_loss-0.5979(0.5329) 
[2026-09-20 02:05:43,313]-[trainutils.py line:416]:[EST:    2.90m][Process Time:    0.04s]- Epoch: 5 [0400/1330 ( 30%)]	Losses: ce_loss-0.5279(0.5334) loss_tacl-0.0001(0.0001) loss_sacl-0.0122(0.0129) loss_event-0.0047(0.0056) loss_evidence-0.0000(0.0002) loss_query_diversity-0.0044(0.0043) loss_position--0.0000(0.0000) total_loss-0.5279(0.5334) 
[2026-09-20 02:06:01,884]-[trainutils.py line:416]:[EST:    2.58m][Process Time:    0.04s]- Epoch: 5 [0500/1330 ( 38%)]	Losses: ce_loss-0.5047(0.5314) loss_tacl-0.0001(0.0001) loss_sacl-0.0116(0.0129) loss_event-0.0052(0.0056) loss_evidence-0.0000(0.0002) loss_query_diversity-0.0043(0.0043) loss_position--0.0000(0.0000) total_loss-0.5047(0.5314) 
[2026-09-20 02:06:20,549]-[trainutils.py line:416]:[EST:    2.27m][Process Time:    0.04s]- Epoch: 5 [0600/1330 ( 45%)]	Losses: ce_loss-0.4936(0.5316) loss_tacl-0.0001(0.0001) loss_sacl-0.0142(0.0128) loss_event-0.0060(0.0056) loss_evidence-0.0000(0.0002) loss_query_diversity-0.0043(0.0043) loss_position-0.0000(0.0000) total_loss-0.4936(0.5316) 
[2026-09-20 02:06:39,220]-[trainutils.py line:416]:[EST:    1.96m][Process Time:    0.04s]- Epoch: 5 [0700/1330 ( 53%)]	Losses: ce_loss-0.7849(0.5297) loss_tacl-0.0001(0.0001) loss_sacl-0.0124(0.0128) loss_event-0.0057(0.0056) loss_evidence-0.0000(0.0002) loss_query_diversity-0.0043(0.0043) loss_position--0.0000(0.0000) total_loss-0.7849(0.5297) 
[2026-09-20 02:06:57,857]-[trainutils.py line:416]:[EST:    1.65m][Process Time:    0.06s]- Epoch: 5 [0800/1330 ( 60%)]	Losses: ce_loss-0.2714(0.5334) loss_tacl-0.0001(0.0001) loss_sacl-0.0136(0.0129) loss_event-0.0061(0.0056) loss_evidence-0.0000(0.0002) loss_query_diversity-0.0043(0.0043) loss_position--0.0000(0.0000) total_loss-0.2714(0.5334) 
[2026-09-20 02:07:16,795]-[trainutils.py line:416]:[EST:    1.34m][Process Time:    0.04s]- Epoch: 5 [0900/1330 ( 68%)]	Losses: ce_loss-0.4124(0.5319) loss_tacl-0.0001(0.0001) loss_sacl-0.0107(0.0128) loss_event-0.0063(0.0056) loss_evidence-0.0000(0.0002) loss_query_diversity-0.0043(0.0043) loss_position-0.0000(0.0000) total_loss-0.4124(0.5319) 
[2026-09-20 02:07:36,174]-[trainutils.py line:416]:[EST:    1.03m][Process Time:    0.06s]- Epoch: 5 [1000/1330 ( 75%)]	Losses: ce_loss-0.4359(0.5327) loss_tacl-0.0001(0.0001) loss_sacl-0.0113(0.0128) loss_event-0.0049(0.0056) loss_evidence-0.0000(0.0002) loss_query_diversity-0.0043(0.0043) loss_position--0.0000(0.0000) total_loss-0.4359(0.5327) 
[2026-09-20 02:07:54,853]-[trainutils.py line:416]:[EST:    0.72m][Process Time:    0.04s]- Epoch: 5 [1100/1330 ( 83%)]	Losses: ce_loss-0.5954(0.5314) loss_tacl-0.0001(0.0001) loss_sacl-0.0117(0.0127) loss_event-0.0058(0.0057) loss_evidence-0.0000(0.0002) loss_query_diversity-0.0043(0.0043) loss_position--0.0000(0.0000) total_loss-0.5954(0.5314) 
[2026-09-20 02:08:13,478]-[trainutils.py line:416]:[EST:    0.40m][Process Time:    0.06s]- Epoch: 5 [1200/1330 ( 90%)]	Losses: ce_loss-0.4729(0.5349) loss_tacl-0.0001(0.0001) loss_sacl-0.0147(0.0127) loss_event-0.0057(0.0057) loss_evidence-0.0000(0.0002) loss_query_diversity-0.0043(0.0043) loss_position-0.0000(0.0000) total_loss-0.4729(0.5349) 
[2026-09-20 02:08:32,224]-[trainutils.py line:416]:[EST:    0.09m][Process Time:    0.04s]- Epoch: 5 [1300/1330 ( 98%)]	Losses: ce_loss-0.4005(0.5331) loss_tacl-0.0001(0.0001) loss_sacl-0.0124(0.0126) loss_event-0.0056(0.0057) loss_evidence-0.0000(0.0002) loss_query_diversity-0.0043(0.0043) loss_position--0.0000(0.0000) total_loss-0.4005(0.5331) 
[2026-09-20 02:08:37,767]-[trainutils.py line:416]:[EST:   -0.00m][Process Time:    0.04s]- Epoch: 5 [1330/1330 (100%)]	Losses: ce_loss-0.3140(0.5324) loss_tacl-0.0001(0.0001) loss_sacl-0.0103(0.0126) loss_event-0.0052(0.0057) loss_evidence-0.0000(0.0002) loss_query_diversity-0.0043(0.0043) loss_position-0.0000(0.0000) total_loss-0.3140(0.5324) 
[2026-09-20 02:08:38,224]-[train.py line:106]:
-------------- validation epoch 5 -------------- 
[2026-09-20 02:08:38,526]-[trainutils.py line:461]:Test progress:   0/95 
[2026-09-20 02:09:07,755]-[trainutils.py line:461]:Test progress:  95/95 
[2026-09-20 02:09:07,756]-[trainutils.py line:492]:Epoch 5 -           Audio/Counting accuracy: 87.48(447/511) 
[2026-09-20 02:09:07,756]-[trainutils.py line:492]:Epoch 5 -        Audio/Comparative accuracy: 55.93(165/295) 
[2026-09-20 02:09:07,756]-[trainutils.py line:497]:Epoch 5 -                    Audio accuracy: 75.93(612/806) 
[2026-09-20 02:09:07,756]-[trainutils.py line:492]:Epoch 5 -          Visual/Counting accuracy: 81.50(489/600) 
[2026-09-20 02:09:07,756]-[trainutils.py line:492]:Epoch 5 -          Visual/Location accuracy: 85.32(523/613) 
[2026-09-20 02:09:07,756]-[trainutils.py line:497]:Epoch 5 -                   Visual accuracy: 83.43(1012/1213) 
[2026-09-20 02:09:07,757]-[trainutils.py line:492]:Epoch 5 - Audio-Visual/Existential accuracy: 83.23(412/495) 
[2026-09-20 02:09:07,757]-[trainutils.py line:492]:Epoch 5 -    Audio-Visual/Counting accuracy: 75.20(476/633) 
[2026-09-20 02:09:07,757]-[trainutils.py line:492]:Epoch 5 -    Audio-Visual/Location accuracy: 65.51(302/461) 
[2026-09-20 02:09:07,757]-[trainutils.py line:492]:Epoch 5 - Audio-Visual/Comparative accuracy: 60.66(333/549) 
[2026-09-20 02:09:07,757]-[trainutils.py line:492]:Epoch 5 -    Audio-Visual/Temporal accuracy: 73.24(301/411) 
[2026-09-20 02:09:07,757]-[trainutils.py line:497]:Epoch 5 -             Audio-Visual accuracy: 71.56(1824/2549) 
[2026-09-20 02:09:07,757]-[trainutils.py line:501]:Epoch 5 -                    Total accuracy: 75.48(3448/4568) 
[2026-09-20 02:09:08,107]-[trainutils.py line:461]:Test progress:   0/95 
[2026-09-20 02:09:37,197]-[trainutils.py line:461]:Test progress:  95/95 
[2026-09-20 02:09:37,197]-[trainutils.py line:492]:Epoch 5 -           Audio/Counting accuracy: 85.71(438/511) 
[2026-09-20 02:09:37,197]-[trainutils.py line:492]:Epoch 5 -        Audio/Comparative accuracy: 60.34(178/295) 
[2026-09-20 02:09:37,197]-[trainutils.py line:497]:Epoch 5 -                    Audio accuracy: 76.43(616/806) 
[2026-09-20 02:09:37,197]-[trainutils.py line:492]:Epoch 5 -          Visual/Counting accuracy: 82.33(494/600) 
[2026-09-20 02:09:37,197]-[trainutils.py line:492]:Epoch 5 -          Visual/Location accuracy: 87.11(534/613) 
[2026-09-20 02:09:37,197]-[trainutils.py line:497]:Epoch 5 -                   Visual accuracy: 84.75(1028/1213) 
[2026-09-20 02:09:37,197]-[trainutils.py line:492]:Epoch 5 - Audio-Visual/Existential accuracy: 83.64(414/495) 
[2026-09-20 02:09:37,200]-[trainutils.py line:492]:Epoch 5 -    Audio-Visual/Counting accuracy: 76.30(483/633) 
[2026-09-20 02:09:37,200]-[trainutils.py line:492]:Epoch 5 -    Audio-Visual/Location accuracy: 68.33(315/461) 
[2026-09-20 02:09:37,200]-[trainutils.py line:492]:Epoch 5 - Audio-Visual/Comparative accuracy: 62.30(342/549) 
[2026-09-20 02:09:37,200]-[trainutils.py line:492]:Epoch 5 -    Audio-Visual/Temporal accuracy: 76.16(313/411) 
[2026-09-20 02:09:37,200]-[trainutils.py line:497]:Epoch 5 -             Audio-Visual accuracy: 73.24(1867/2549) 
[2026-09-20 02:09:37,201]-[trainutils.py line:501]:Epoch 5 -                    Total accuracy: 76.86(3511/4568) 
[2026-09-20 02:09:37,230]-[train.py line:151]:best model saved at epoch 5 with acc 76.86077057793345 (ema) 
[2026-09-20 02:09:37,264]-[train.py line:167]:Epoch 5 done with 76.86 and loss 0.55469. 
[2026-09-20 02:09:37,264]-[train.py line:168]:At epoch5 best acc: 76.86. 
[2026-09-20 02:09:37,264]-[train.py line:102]:
-------------- training epoch 6 -------------- 
[2026-09-20 02:09:37,462]-[trainutils.py line:416]:[EST:    4.38m][Process Time:    0.04s]- Epoch: 6 [0000/1330 (  0%)]	Losses: ce_loss-0.4566(0.4566) loss_tacl-0.0001(0.0001) loss_sacl-0.0117(0.0117) loss_event-0.0046(0.0046) loss_evidence-0.0000(0.0000) loss_query_diversity-0.0043(0.0043) loss_position-0.0000(0.0000) total_loss-0.4566(0.4566) 
[2026-09-20 02:09:56,277]-[trainutils.py line:416]:[EST:    3.86m][Process Time:    0.04s]- Epoch: 6 [0100/1330 (  8%)]	Losses: ce_loss-0.5375(0.4624) loss_tacl-0.0001(0.0001) loss_sacl-0.0120(0.0123) loss_event-0.0065(0.0058) loss_evidence-0.0000(0.0002) loss_query_diversity-0.0043(0.0043) loss_position-0.0000(0.0000) total_loss-0.5375(0.4624) 
[2026-09-20 02:10:15,045]-[trainutils.py line:416]:[EST:    3.54m][Process Time:    0.04s]- Epoch: 6 [0200/1330 ( 15%)]	Losses: ce_loss-0.3458(0.4543) loss_tacl-0.0001(0.0001) loss_sacl-0.0121(0.0121) loss_event-0.0056(0.0057) loss_evidence-0.0000(0.0002) loss_query_diversity-0.0043(0.0043) loss_position--0.0000(0.0000) total_loss-0.3458(0.4543) 
[2026-09-20 02:10:33,764]-[trainutils.py line:416]:[EST:    3.22m][Process Time:    0.04s]- Epoch: 6 [0300/1330 ( 23%)]	Losses: ce_loss-0.3045(0.4562) loss_tacl-0.0001(0.0001) loss_sacl-0.0109(0.0120) loss_event-0.0053(0.0057) loss_evidence-0.0005(0.0002) loss_query_diversity-0.0043(0.0043) loss_position-0.0000(0.0000) total_loss-0.3045(0.4562) 
[2026-09-20 02:10:52,555]-[trainutils.py line:416]:[EST:    2.91m][Process Time:    0.04s]- Epoch: 6 [0400/1330 ( 30%)]	Losses: ce_loss-0.5290(0.4566) loss_tacl-0.0001(0.0001) loss_sacl-0.0128(0.0120) loss_event-0.0062(0.0058) loss_evidence-0.0000(0.0002) loss_query_diversity-0.0043(0.0043) loss_position-0.0000(0.0000) total_loss-0.5290(0.4566) 
[2026-09-20 02:11:11,435]-[trainutils.py line:416]:[EST:    2.60m][Process Time:    0.04s]- Epoch: 6 [0500/1330 ( 38%)]	Losses: ce_loss-0.3518(0.4595) loss_tacl-0.0001(0.0001) loss_sacl-0.0125(0.0120) loss_event-0.0058(0.0058) loss_evidence-0.0019(0.0002) loss_query_diversity-0.0043(0.0043) loss_position-0.0000(0.0000) total_loss-0.3518(0.4595) 
[2026-09-20 02:11:30,255]-[trainutils.py line:416]:[EST:    2.28m][Process Time:    0.04s]- Epoch: 6 [0600/1330 ( 45%)]	Losses: ce_loss-0.3814(0.4658) loss_tacl-0.0001(0.0001) loss_sacl-0.0117(0.0119) loss_event-0.0050(0.0058) loss_evidence-0.0000(0.0001) loss_query_diversity-0.0043(0.0043) loss_position--0.0000(0.0000) total_loss-0.3814(0.4658) 
[2026-09-20 02:11:48,985]-[trainutils.py line:416]:[EST:    1.97m][Process Time:    0.04s]- Epoch: 6 [0700/1330 ( 53%)]	Losses: ce_loss-0.3844(0.4696) loss_tacl-0.0001(0.0001) loss_sacl-0.0108(0.0119) loss_event-0.0053(0.0058) loss_evidence-0.0000(0.0001) loss_query_diversity-0.0043(0.0043) loss_position-0.0000(0.0000) total_loss-0.3844(0.4696) 
[2026-09-20 02:12:07,853]-[trainutils.py line:416]:[EST:    1.66m][Process Time:    0.04s]- Epoch: 6 [0800/1330 ( 60%)]	Losses: ce_loss-0.3628(0.4706) loss_tacl-0.0001(0.0001) loss_sacl-0.0114(0.0118) loss_event-0.0064(0.0058) loss_evidence-0.0000(0.0001) loss_query_diversity-0.0043(0.0043) loss_position-0.0000(0.0000) total_loss-0.3628(0.4706) 
[2026-09-20 02:12:26,738]-[trainutils.py line:416]:[EST:    1.34m][Process Time:    0.04s]- Epoch: 6 [0900/1330 ( 68%)]	Losses: ce_loss-0.4294(0.4730) loss_tacl-0.0001(0.0001) loss_sacl-0.0116(0.0118) loss_event-0.0051(0.0058) loss_evidence-0.0000(0.0002) loss_query_diversity-0.0043(0.0043) loss_position--0.0000(0.0000) total_loss-0.4294(0.4730) 
[2026-09-20 02:12:45,531]-[trainutils.py line:416]:[EST:    1.03m][Process Time:    0.04s]- Epoch: 6 [1000/1330 ( 75%)]	Losses: ce_loss-0.6175(0.4761) loss_tacl-0.0001(0.0001) loss_sacl-0.0131(0.0118) loss_event-0.0064(0.0058) loss_evidence-0.0000(0.0002) loss_query_diversity-0.0043(0.0043) loss_position-0.0000(0.0000) total_loss-0.6175(0.4761) 
[2026-09-20 02:13:04,841]-[trainutils.py line:416]:[EST:    0.72m][Process Time:    0.06s]- Epoch: 6 [1100/1330 ( 83%)]	Losses: ce_loss-0.5323(0.4770) loss_tacl-0.0001(0.0001) loss_sacl-0.0112(0.0118) loss_event-0.0054(0.0059) loss_evidence-0.0000(0.0002) loss_query_diversity-0.0043(0.0043) loss_position-0.0000(0.0000) total_loss-0.5323(0.4770) 
[2026-09-20 02:13:23,866]-[trainutils.py line:416]:[EST:    0.41m][Process Time:    0.04s]- Epoch: 6 [1200/1330 ( 90%)]	Losses: ce_loss-0.4851(0.4779) loss_tacl-0.0001(0.0001) loss_sacl-0.0095(0.0118) loss_event-0.0043(0.0059) loss_evidence-0.0000(0.0001) loss_query_diversity-0.0043(0.0043) loss_position-0.0000(0.0000) total_loss-0.4851(0.4779) 
[2026-09-20 02:13:42,782]-[trainutils.py line:416]:[EST:    0.09m][Process Time:    0.04s]- Epoch: 6 [1300/1330 ( 98%)]	Losses: ce_loss-0.6763(0.4760) loss_tacl-0.0001(0.0001) loss_sacl-0.0098(0.0118) loss_event-0.0047(0.0058) loss_evidence-0.0000(0.0001) loss_query_diversity-0.0043(0.0043) loss_position-0.0000(0.0000) total_loss-0.6763(0.4760) 
[2026-09-20 02:13:48,308]-[trainutils.py line:416]:[EST:   -0.00m][Process Time:    0.04s]- Epoch: 6 [1330/1330 (100%)]	Losses: ce_loss-0.4439(0.4770) loss_tacl-0.0001(0.0001) loss_sacl-0.0111(0.0118) loss_event-0.0050(0.0058) loss_evidence-0.0000(0.0001) loss_query_diversity-0.0044(0.0043) loss_position-0.0000(0.0000) total_loss-0.4439(0.4770) 
[2026-09-20 02:13:48,771]-[train.py line:106]:
-------------- validation epoch 6 -------------- 
[2026-09-20 02:13:49,077]-[trainutils.py line:461]:Test progress:   0/95 
[2026-09-20 02:14:18,427]-[trainutils.py line:461]:Test progress:  95/95 
[2026-09-20 02:14:18,427]-[trainutils.py line:492]:Epoch 6 -           Audio/Counting accuracy: 85.52(437/511) 
[2026-09-20 02:14:18,428]-[trainutils.py line:492]:Epoch 6 -        Audio/Comparative accuracy: 58.64(173/295) 
[2026-09-20 02:14:18,428]-[trainutils.py line:497]:Epoch 6 -                    Audio accuracy: 75.68(610/806) 
[2026-09-20 02:14:18,428]-[trainutils.py line:492]:Epoch 6 -          Visual/Counting accuracy: 83.17(499/600) 
[2026-09-20 02:14:18,428]-[trainutils.py line:492]:Epoch 6 -          Visual/Location accuracy: 85.64(525/613) 
[2026-09-20 02:14:18,428]-[trainutils.py line:497]:Epoch 6 -                   Visual accuracy: 84.42(1024/1213) 
[2026-09-20 02:14:18,429]-[trainutils.py line:492]:Epoch 6 - Audio-Visual/Existential accuracy: 83.23(412/495) 
[2026-09-20 02:14:18,429]-[trainutils.py line:492]:Epoch 6 -    Audio-Visual/Counting accuracy: 76.78(486/633) 
[2026-09-20 02:14:18,429]-[trainutils.py line:492]:Epoch 6 -    Audio-Visual/Location accuracy: 66.81(308/461) 
[2026-09-20 02:14:18,429]-[trainutils.py line:492]:Epoch 6 - Audio-Visual/Comparative accuracy: 62.66(344/549) 
[2026-09-20 02:14:18,429]-[trainutils.py line:492]:Epoch 6 -    Audio-Visual/Temporal accuracy: 71.05(292/411) 
[2026-09-20 02:14:18,429]-[trainutils.py line:497]:Epoch 6 -             Audio-Visual accuracy: 72.26(1842/2549) 
[2026-09-20 02:14:18,430]-[trainutils.py line:501]:Epoch 6 -                    Total accuracy: 76.09(3476/4568) 
[2026-09-20 02:14:18,768]-[trainutils.py line:461]:Test progress:   0/95 
[2026-09-20 02:14:47,908]-[trainutils.py line:461]:Test progress:  95/95 
[2026-09-20 02:14:47,908]-[trainutils.py line:492]:Epoch 6 -           Audio/Counting accuracy: 86.11(440/511) 
[2026-09-20 02:14:47,909]-[trainutils.py line:492]:Epoch 6 -        Audio/Comparative accuracy: 61.36(181/295) 
[2026-09-20 02:14:47,909]-[trainutils.py line:497]:Epoch 6 -                    Audio accuracy: 77.05(621/806) 
[2026-09-20 02:14:47,909]-[trainutils.py line:492]:Epoch 6 -          Visual/Counting accuracy: 84.00(504/600) 
[2026-09-20 02:14:47,909]-[trainutils.py line:492]:Epoch 6 -          Visual/Location accuracy: 87.28(535/613) 
[2026-09-20 02:14:47,909]-[trainutils.py line:497]:Epoch 6 -                   Visual accuracy: 85.66(1039/1213) 
[2026-09-20 02:14:47,910]-[trainutils.py line:492]:Epoch 6 - Audio-Visual/Existential accuracy: 83.84(415/495) 
[2026-09-20 02:14:47,910]-[trainutils.py line:492]:Epoch 6 -    Audio-Visual/Counting accuracy: 78.04(494/633) 
[2026-09-20 02:14:47,910]-[trainutils.py line:492]:Epoch 6 -    Audio-Visual/Location accuracy: 67.90(313/461) 
[2026-09-20 02:14:47,910]-[trainutils.py line:492]:Epoch 6 - Audio-Visual/Comparative accuracy: 62.30(342/549) 
[2026-09-20 02:14:47,910]-[trainutils.py line:492]:Epoch 6 -    Audio-Visual/Temporal accuracy: 76.64(315/411) 
[2026-09-20 02:14:47,910]-[trainutils.py line:497]:Epoch 6 -             Audio-Visual accuracy: 73.72(1879/2549) 
[2026-09-20 02:14:47,911]-[trainutils.py line:501]:Epoch 6 -                    Total accuracy: 77.47(3539/4568) 
[2026-09-20 02:14:47,939]-[train.py line:151]:best model saved at epoch 6 with acc 77.47373029772329 (ema) 
[2026-09-20 02:14:47,975]-[train.py line:167]:Epoch 6 done with 77.47 and loss 0.54297. 
[2026-09-20 02:14:47,975]-[train.py line:168]:At epoch6 best acc: 77.47. 
[2026-09-20 02:14:47,975]-[train.py line:102]:
-------------- training epoch 7 -------------- 
[2026-09-20 02:14:48,185]-[trainutils.py line:416]:[EST:    4.61m][Process Time:    0.06s]- Epoch: 7 [0000/1330 (  0%)]	Losses: ce_loss-0.3321(0.3321) loss_tacl-0.0001(0.0001) loss_sacl-0.0117(0.0117) loss_event-0.0072(0.0072) loss_evidence-0.0000(0.0000) loss_query_diversity-0.0043(0.0043) loss_position-0.0000(0.0000) total_loss-0.3321(0.3321) 
[2026-09-20 02:15:06,968]-[trainutils.py line:416]:[EST:    3.85m][Process Time:    0.04s]- Epoch: 7 [0100/1330 (  8%)]	Losses: ce_loss-0.4029(0.4021) loss_tacl-0.0001(0.0001) loss_sacl-0.0115(0.0115) loss_event-0.0052(0.0061) loss_evidence-0.0000(0.0000) loss_query_diversity-0.0043(0.0043) loss_position-0.0000(0.0000) total_loss-0.4029(0.4021) 
[2026-09-20 02:15:25,764]-[trainutils.py line:416]:[EST:    3.54m][Process Time:    0.04s]- Epoch: 7 [0200/1330 ( 15%)]	Losses: ce_loss-0.5194(0.4187) loss_tacl-0.0001(0.0001) loss_sacl-0.0111(0.0116) loss_event-0.0058(0.0062) loss_evidence-0.0000(0.0001) loss_query_diversity-0.0043(0.0043) loss_position-0.0000(0.0000) total_loss-0.5194(0.4187) 
[2026-09-20 02:15:44,545]-[trainutils.py line:416]:[EST:    3.22m][Process Time:    0.04s]- Epoch: 7 [0300/1330 ( 23%)]	Losses: ce_loss-0.5897(0.4201) loss_tacl-0.0001(0.0001) loss_sacl-0.0084(0.0114) loss_event-0.0053(0.0061) loss_evidence-0.0000(0.0001) loss_query_diversity-0.0043(0.0043) loss_position-0.0000(0.0000) total_loss-0.5897(0.4201) 
[2026-09-20 02:16:03,310]-[trainutils.py line:416]:[EST:    2.91m][Process Time:    0.04s]- Epoch: 7 [0400/1330 ( 30%)]	Losses: ce_loss-0.3029(0.4212) loss_tacl-0.0001(0.0001) loss_sacl-0.0118(0.0113) loss_event-0.0061(0.0061) loss_evidence-0.0000(0.0002) loss_query_diversity-0.0043(0.0043) loss_position-0.0000(0.0000) total_loss-0.3029(0.4212) 
[2026-09-20 02:16:22,121]-[trainutils.py line:416]:[EST:    2.60m][Process Time:    0.06s]- Epoch: 7 [0500/1330 ( 38%)]	Losses: ce_loss-0.6279(0.4235) loss_tacl-0.0001(0.0001) loss_sacl-0.0118(0.0113) loss_event-0.0073(0.0061) loss_evidence-0.0000(0.0001) loss_query_diversity-0.0043(0.0043) loss_position--0.0000(0.0000) total_loss-0.6279(0.4235) 
[2026-09-20 02:16:41,169]-[trainutils.py line:416]:[EST:    2.29m][Process Time:    0.04s]- Epoch: 7 [0600/1330 ( 45%)]	Losses: ce_loss-0.4675(0.4255) loss_tacl-0.0001(0.0001) loss_sacl-0.0106(0.0113) loss_event-0.0050(0.0061) loss_evidence-0.0000(0.0002) loss_query_diversity-0.0043(0.0043) loss_position-0.0000(0.0000) total_loss-0.4675(0.4255) 
[2026-09-20 02:17:00,008]-[trainutils.py line:416]:[EST:    1.97m][Process Time:    0.04s]- Epoch: 7 [0700/1330 ( 53%)]	Losses: ce_loss-0.2865(0.4265) loss_tacl-0.0001(0.0001) loss_sacl-0.0105(0.0113) loss_event-0.0063(0.0061) loss_evidence-0.0000(0.0001) loss_query_diversity-0.0043(0.0043) loss_position-0.0000(0.0000) total_loss-0.2865(0.4265) 
[2026-09-20 02:17:19,022]-[trainutils.py line:416]:[EST:    1.66m][Process Time:    0.04s]- Epoch: 7 [0800/1330 ( 60%)]	Losses: ce_loss-0.3705(0.4247) loss_tacl-0.0001(0.0001) loss_sacl-0.0107(0.0112) loss_event-0.0066(0.0062) loss_evidence-0.0000(0.0001) loss_query_diversity-0.0043(0.0043) loss_position-0.0000(0.0000) total_loss-0.3705(0.4247) 
[2026-09-20 02:17:37,978]-[trainutils.py line:416]:[EST:    1.35m][Process Time:    0.05s]- Epoch: 7 [0900/1330 ( 68%)]	Losses: ce_loss-0.6340(0.4238) loss_tacl-0.0001(0.0001) loss_sacl-0.0118(0.0112) loss_event-0.0069(0.0061) loss_evidence-0.0000(0.0001) loss_query_diversity-0.0043(0.0043) loss_position-0.0000(0.0000) total_loss-0.6340(0.4238) 
[2026-09-20 02:17:56,876]-[trainutils.py line:416]:[EST:    1.03m][Process Time:    0.04s]- Epoch: 7 [1000/1330 ( 75%)]	Losses: ce_loss-0.3445(0.4223) loss_tacl-0.0001(0.0001) loss_sacl-0.0092(0.0112) loss_event-0.0055(0.0061) loss_evidence-0.0000(0.0001) loss_query_diversity-0.0043(0.0043) loss_position-0.0000(0.0000) total_loss-0.3445(0.4223) 
[2026-09-20 02:18:15,745]-[trainutils.py line:416]:[EST:    0.72m][Process Time:    0.04s]- Epoch: 7 [1100/1330 ( 83%)]	Losses: ce_loss-0.4124(0.4227) loss_tacl-0.0001(0.0001) loss_sacl-0.0115(0.0111) loss_event-0.0066(0.0061) loss_evidence-0.0000(0.0001) loss_query_diversity-0.0043(0.0043) loss_position-0.0000(0.0000) total_loss-0.4124(0.4227) 
[2026-09-20 02:18:34,635]-[trainutils.py line:416]:[EST:    0.41m][Process Time:    0.04s]- Epoch: 7 [1200/1330 ( 90%)]	Losses: ce_loss-0.2977(0.4236) loss_tacl-0.0001(0.0001) loss_sacl-0.0101(0.0111) loss_event-0.0052(0.0061) loss_evidence-0.0000(0.0001) loss_query_diversity-0.0043(0.0043) loss_position-0.0000(0.0000) total_loss-0.2977(0.4236) 
[2026-09-20 02:18:53,706]-[trainutils.py line:416]:[EST:    0.09m][Process Time:    0.04s]- Epoch: 7 [1300/1330 ( 98%)]	Losses: ce_loss-0.3710(0.4244) loss_tacl-0.0001(0.0001) loss_sacl-0.0098(0.0110) loss_event-0.0054(0.0061) loss_evidence-0.0000(0.0001) loss_query_diversity-0.0043(0.0043) loss_position-0.0000(0.0000) total_loss-0.3710(0.4244) 
[2026-09-20 02:18:59,203]-[trainutils.py line:416]:[EST:   -0.00m][Process Time:    0.04s]- Epoch: 7 [1330/1330 (100%)]	Losses: ce_loss-0.1457(0.4255) loss_tacl-0.0001(0.0001) loss_sacl-0.0107(0.0110) loss_event-0.0063(0.0061) loss_evidence-0.0000(0.0001) loss_query_diversity-0.0043(0.0043) loss_position-0.0000(0.0000) total_loss-0.1457(0.4255) 
[2026-09-20 02:18:59,653]-[train.py line:106]:
-------------- validation epoch 7 -------------- 
[2026-09-20 02:18:59,955]-[trainutils.py line:461]:Test progress:   0/95 
[2026-09-20 02:19:29,610]-[trainutils.py line:461]:Test progress:  95/95 
[2026-09-20 02:19:29,611]-[trainutils.py line:492]:Epoch 7 -           Audio/Counting accuracy: 87.48(447/511) 
[2026-09-20 02:19:29,611]-[trainutils.py line:492]:Epoch 7 -        Audio/Comparative accuracy: 58.98(174/295) 
[2026-09-20 02:19:29,611]-[trainutils.py line:497]:Epoch 7 -                    Audio accuracy: 77.05(621/806) 
[2026-09-20 02:19:29,611]-[trainutils.py line:492]:Epoch 7 -          Visual/Counting accuracy: 80.83(485/600) 
[2026-09-20 02:19:29,612]-[trainutils.py line:492]:Epoch 7 -          Visual/Location accuracy: 85.32(523/613) 
[2026-09-20 02:19:29,612]-[trainutils.py line:497]:Epoch 7 -                   Visual accuracy: 83.10(1008/1213) 
[2026-09-20 02:19:29,612]-[trainutils.py line:492]:Epoch 7 - Audio-Visual/Existential accuracy: 84.24(417/495) 
[2026-09-20 02:19:29,612]-[trainutils.py line:492]:Epoch 7 -    Audio-Visual/Counting accuracy: 76.94(487/633) 
[2026-09-20 02:19:29,612]-[trainutils.py line:492]:Epoch 7 -    Audio-Visual/Location accuracy: 67.03(309/461) 
[2026-09-20 02:19:29,612]-[trainutils.py line:492]:Epoch 7 - Audio-Visual/Comparative accuracy: 61.20(336/549) 
[2026-09-20 02:19:29,613]-[trainutils.py line:492]:Epoch 7 -    Audio-Visual/Temporal accuracy: 73.48(302/411) 
[2026-09-20 02:19:29,613]-[trainutils.py line:497]:Epoch 7 -             Audio-Visual accuracy: 72.62(1851/2549) 
[2026-09-20 02:19:29,613]-[trainutils.py line:501]:Epoch 7 -                    Total accuracy: 76.18(3480/4568) 
[2026-09-20 02:19:29,948]-[trainutils.py line:461]:Test progress:   0/95 
[2026-09-20 02:19:58,895]-[trainutils.py line:461]:Test progress:  95/95 
[2026-09-20 02:19:58,895]-[trainutils.py line:492]:Epoch 7 -           Audio/Counting accuracy: 85.91(439/511) 
[2026-09-20 02:19:58,896]-[trainutils.py line:492]:Epoch 7 -        Audio/Comparative accuracy: 61.69(182/295) 
[2026-09-20 02:19:58,896]-[trainutils.py line:497]:Epoch 7 -                    Audio accuracy: 77.05(621/806) 
[2026-09-20 02:19:58,897]-[trainutils.py line:492]:Epoch 7 -          Visual/Counting accuracy: 84.17(505/600) 
[2026-09-20 02:19:58,897]-[trainutils.py line:492]:Epoch 7 -          Visual/Location accuracy: 88.42(542/613) 
[2026-09-20 02:19:58,897]-[trainutils.py line:497]:Epoch 7 -                   Visual accuracy: 86.31(1047/1213) 
[2026-09-20 02:19:58,897]-[trainutils.py line:492]:Epoch 7 - Audio-Visual/Existential accuracy: 83.84(415/495) 
[2026-09-20 02:19:58,897]-[trainutils.py line:492]:Epoch 7 -    Audio-Visual/Counting accuracy: 78.04(494/633) 
[2026-09-20 02:19:58,898]-[trainutils.py line:492]:Epoch 7 -    Audio-Visual/Location accuracy: 67.03(309/461) 
[2026-09-20 02:19:58,898]-[trainutils.py line:492]:Epoch 7 - Audio-Visual/Comparative accuracy: 63.75(350/549) 
[2026-09-20 02:19:58,898]-[trainutils.py line:492]:Epoch 7 -    Audio-Visual/Temporal accuracy: 75.43(310/411) 
[2026-09-20 02:19:58,898]-[trainutils.py line:497]:Epoch 7 -             Audio-Visual accuracy: 73.68(1878/2549) 
[2026-09-20 02:19:58,898]-[trainutils.py line:501]:Epoch 7 -                    Total accuracy: 77.63(3546/4568) 
[2026-09-20 02:19:58,928]-[train.py line:151]:best model saved at epoch 7 with acc 77.62697022767075 (ema) 
[2026-09-20 02:19:58,966]-[train.py line:167]:Epoch 7 done with 77.63 and loss 0.53125. 
[2026-09-20 02:19:58,966]-[train.py line:168]:At epoch7 best acc: 77.63. 
[2026-09-20 02:19:58,966]-[train.py line:102]:
-------------- training epoch 8 -------------- 
[2026-09-20 02:19:59,146]-[trainutils.py line:416]:[EST:    3.98m][Process Time:    0.04s]- Epoch: 8 [0000/1330 (  0%)]	Losses: ce_loss-0.2815(0.2815) loss_tacl-0.0001(0.0001) loss_sacl-0.0111(0.0111) loss_event-0.0059(0.0059) loss_evidence-0.0000(0.0000) loss_query_diversity-0.0043(0.0043) loss_position-0.0000(0.0000) total_loss-0.2815(0.2815) 
[2026-09-20 02:20:17,824]-[trainutils.py line:416]:[EST:    3.82m][Process Time:    0.04s]- Epoch: 8 [0100/1330 (  8%)]	Losses: ce_loss-0.2359(0.3715) loss_tacl-0.0001(0.0001) loss_sacl-0.0115(0.0108) loss_event-0.0062(0.0060) loss_evidence-0.0000(0.0000) loss_query_diversity-0.0043(0.0043) loss_position-0.0000(0.0000) total_loss-0.2359(0.3715) 
[2026-09-20 02:20:36,619]-[trainutils.py line:416]:[EST:    3.52m][Process Time:    0.04s]- Epoch: 8 [0200/1330 ( 15%)]	Losses: ce_loss-0.1842(0.3662) loss_tacl-0.0001(0.0001) loss_sacl-0.0116(0.0109) loss_event-0.0060(0.0062) loss_evidence-0.0000(0.0001) loss_query_diversity-0.0043(0.0043) loss_position-0.0000(0.0000) total_loss-0.1842(0.3662) 
[2026-09-20 02:20:55,391]-[trainutils.py line:416]:[EST:    3.21m][Process Time:    0.04s]- Epoch: 8 [0300/1330 ( 23%)]	Losses: ce_loss-0.4310(0.3655) loss_tacl-0.0001(0.0001) loss_sacl-0.0094(0.0108) loss_event-0.0061(0.0062) loss_evidence-0.0000(0.0001) loss_query_diversity-0.0043(0.0043) loss_position-0.0000(0.0000) total_loss-0.4310(0.3655) 
[2026-09-20 02:21:14,319]-[trainutils.py line:416]:[EST:    2.91m][Process Time:    0.04s]- Epoch: 8 [0400/1330 ( 30%)]	Losses: ce_loss-0.2724(0.3687) loss_tacl-0.0001(0.0001) loss_sacl-0.0108(0.0108) loss_event-0.0067(0.0063) loss_evidence-0.0000(0.0001) loss_query_diversity-0.0043(0.0043) loss_position-0.0000(0.0000) total_loss-0.2724(0.3687) 
[2026-09-20 02:21:32,992]-[trainutils.py line:416]:[EST:    2.59m][Process Time:    0.04s]- Epoch: 8 [0500/1330 ( 38%)]	Losses: ce_loss-0.4554(0.3764) loss_tacl-0.0001(0.0001) loss_sacl-0.0105(0.0107) loss_event-0.0058(0.0063) loss_evidence-0.0000(0.0001) loss_query_diversity-0.0043(0.0043) loss_position-0.0000(0.0000) total_loss-0.4554(0.3764) 
[2026-09-20 02:21:51,766]-[trainutils.py line:416]:[EST:    2.28m][Process Time:    0.04s]- Epoch: 8 [0600/1330 ( 45%)]	Losses: ce_loss-0.3327(0.3770) loss_tacl-0.0001(0.0001) loss_sacl-0.0109(0.0107) loss_event-0.0062(0.0063) loss_evidence-0.0000(0.0001) loss_query_diversity-0.0043(0.0043) loss_position-0.0000(0.0000) total_loss-0.3327(0.3770) 
[2026-09-20 02:22:10,689]-[trainutils.py line:416]:[EST:    1.97m][Process Time:    0.04s]- Epoch: 8 [0700/1330 ( 53%)]	Losses: ce_loss-0.4132(0.3775) loss_tacl-0.0001(0.0001) loss_sacl-0.0114(0.0107) loss_event-0.0054(0.0062) loss_evidence-0.0000(0.0001) loss_query_diversity-0.0043(0.0043) loss_position-0.0000(0.0000) total_loss-0.4132(0.3775) 
[2026-09-20 02:22:29,541]-[trainutils.py line:416]:[EST:    1.66m][Process Time:    0.04s]- Epoch: 8 [0800/1330 ( 60%)]	Losses: ce_loss-0.4814(0.3779) loss_tacl-0.0001(0.0001) loss_sacl-0.0098(0.0106) loss_event-0.0067(0.0062) loss_evidence-0.0000(0.0001) loss_query_diversity-0.0043(0.0043) loss_position-0.0000(0.0000) total_loss-0.4814(0.3779) 
[2026-09-20 02:22:48,363]-[trainutils.py line:416]:[EST:    1.34m][Process Time:    0.06s]- Epoch: 8 [0900/1330 ( 68%)]	Losses: ce_loss-0.2482(0.3762) loss_tacl-0.0001(0.0001) loss_sacl-0.0097(0.0106) loss_event-0.0054(0.0062) loss_evidence-0.0000(0.0001) loss_query_diversity-0.0043(0.0043) loss_position-0.0000(0.0000) total_loss-0.2482(0.3762) 
[2026-09-20 02:23:07,217]-[trainutils.py line:416]:[EST:    1.03m][Process Time:    0.04s]- Epoch: 8 [1000/1330 ( 75%)]	Losses: ce_loss-0.2378(0.3747) loss_tacl-0.0001(0.0001) loss_sacl-0.0099(0.0106) loss_event-0.0058(0.0062) loss_evidence-0.0000(0.0001) loss_query_diversity-0.0043(0.0043) loss_position-0.0000(0.0000) total_loss-0.2378(0.3747) 
[2026-09-20 02:23:26,207]-[trainutils.py line:416]:[EST:    0.72m][Process Time:    0.04s]- Epoch: 8 [1100/1330 ( 83%)]	Losses: ce_loss-0.5335(0.3761) loss_tacl-0.0001(0.0001) loss_sacl-0.0113(0.0106) loss_event-0.0077(0.0062) loss_evidence-0.0000(0.0001) loss_query_diversity-0.0043(0.0043) loss_position-0.0000(0.0000) total_loss-0.5335(0.3761) 
[2026-09-20 02:23:45,472]-[trainutils.py line:416]:[EST:    0.41m][Process Time:    0.04s]- Epoch: 8 [1200/1330 ( 90%)]	Losses: ce_loss-0.1999(0.3767) loss_tacl-0.0001(0.0001) loss_sacl-0.0117(0.0105) loss_event-0.0064(0.0062) loss_evidence-0.0000(0.0001) loss_query_diversity-0.0043(0.0043) loss_position-0.0000(0.0000) total_loss-0.1999(0.3767) 
[2026-09-20 02:24:04,537]-[trainutils.py line:416]:[EST:    0.09m][Process Time:    0.04s]- Epoch: 8 [1300/1330 ( 98%)]	Losses: ce_loss-0.4177(0.3761) loss_tacl-0.0001(0.0001) loss_sacl-0.0101(0.0105) loss_event-0.0060(0.0062) loss_evidence-0.0000(0.0001) loss_query_diversity-0.0043(0.0043) loss_position-0.0000(0.0000) total_loss-0.4177(0.3761) 
[2026-09-20 02:24:10,185]-[trainutils.py line:416]:[EST:   -0.00m][Process Time:    0.04s]- Epoch: 8 [1330/1330 (100%)]	Losses: ce_loss-0.2965(0.3753) loss_tacl-0.0001(0.0001) loss_sacl-0.0113(0.0105) loss_event-0.0047(0.0062) loss_evidence-0.0000(0.0001) loss_query_diversity-0.0043(0.0043) loss_position-0.0000(0.0000) total_loss-0.2965(0.3753) 
[2026-09-20 02:24:10,646]-[train.py line:106]:
-------------- validation epoch 8 -------------- 
[2026-09-20 02:24:10,962]-[trainutils.py line:461]:Test progress:   0/95 
[2026-09-20 02:24:40,540]-[trainutils.py line:461]:Test progress:  95/95 
[2026-09-20 02:24:40,540]-[trainutils.py line:492]:Epoch 8 -           Audio/Counting accuracy: 86.89(444/511) 
[2026-09-20 02:24:40,540]-[trainutils.py line:492]:Epoch 8 -        Audio/Comparative accuracy: 61.36(181/295) 
[2026-09-20 02:24:40,540]-[trainutils.py line:497]:Epoch 8 -                    Audio accuracy: 77.54(625/806) 
[2026-09-20 02:24:40,541]-[trainutils.py line:492]:Epoch 8 -          Visual/Counting accuracy: 84.00(504/600) 
[2026-09-20 02:24:40,541]-[trainutils.py line:492]:Epoch 8 -          Visual/Location accuracy: 87.60(537/613) 
[2026-09-20 02:24:40,541]-[trainutils.py line:497]:Epoch 8 -                   Visual accuracy: 85.82(1041/1213) 
[2026-09-20 02:24:40,541]-[trainutils.py line:492]:Epoch 8 - Audio-Visual/Existential accuracy: 84.04(416/495) 
[2026-09-20 02:24:40,541]-[trainutils.py line:492]:Epoch 8 -    Audio-Visual/Counting accuracy: 76.30(483/633) 
[2026-09-20 02:24:40,541]-[trainutils.py line:492]:Epoch 8 -    Audio-Visual/Location accuracy: 66.38(306/461) 
[2026-09-20 02:24:40,542]-[trainutils.py line:492]:Epoch 8 - Audio-Visual/Comparative accuracy: 58.65(322/549) 
[2026-09-20 02:24:40,542]-[trainutils.py line:492]:Epoch 8 -    Audio-Visual/Temporal accuracy: 73.24(301/411) 
[2026-09-20 02:24:40,542]-[trainutils.py line:497]:Epoch 8 -             Audio-Visual accuracy: 71.71(1828/2549) 
[2026-09-20 02:24:40,542]-[trainutils.py line:501]:Epoch 8 -                    Total accuracy: 76.49(3494/4568) 
[2026-09-20 02:24:40,879]-[trainutils.py line:461]:Test progress:   0/95 
[2026-09-20 02:25:10,254]-[trainutils.py line:461]:Test progress:  95/95 
[2026-09-20 02:25:10,255]-[trainutils.py line:492]:Epoch 8 -           Audio/Counting accuracy: 86.30(441/511) 
[2026-09-20 02:25:10,255]-[trainutils.py line:492]:Epoch 8 -        Audio/Comparative accuracy: 60.68(179/295) 
[2026-09-20 02:25:10,255]-[trainutils.py line:497]:Epoch 8 -                    Audio accuracy: 76.92(620/806) 
[2026-09-20 02:25:10,255]-[trainutils.py line:492]:Epoch 8 -          Visual/Counting accuracy: 85.67(514/600) 
[2026-09-20 02:25:10,255]-[trainutils.py line:492]:Epoch 8 -          Visual/Location accuracy: 88.42(542/613) 
[2026-09-20 02:25:10,256]-[trainutils.py line:497]:Epoch 8 -                   Visual accuracy: 87.06(1056/1213) 
[2026-09-20 02:25:10,256]-[trainutils.py line:492]:Epoch 8 - Audio-Visual/Existential accuracy: 84.65(419/495) 
[2026-09-20 02:25:10,256]-[trainutils.py line:492]:Epoch 8 -    Audio-Visual/Counting accuracy: 79.46(503/633) 
[2026-09-20 02:25:10,256]-[trainutils.py line:492]:Epoch 8 -    Audio-Visual/Location accuracy: 67.25(310/461) 
[2026-09-20 02:25:10,256]-[trainutils.py line:492]:Epoch 8 - Audio-Visual/Comparative accuracy: 62.66(344/549) 
[2026-09-20 02:25:10,256]-[trainutils.py line:492]:Epoch 8 -    Audio-Visual/Temporal accuracy: 75.67(311/411) 
[2026-09-20 02:25:10,256]-[trainutils.py line:497]:Epoch 8 -             Audio-Visual accuracy: 74.03(1887/2549) 
[2026-09-20 02:25:10,256]-[trainutils.py line:501]:Epoch 8 -                    Total accuracy: 78.00(3563/4568) 
[2026-09-20 02:25:10,285]-[train.py line:151]:best model saved at epoch 8 with acc 77.99912434325745 (ema) 
[2026-09-20 02:25:10,318]-[train.py line:167]:Epoch 8 done with 78.00 and loss 0.53516. 
[2026-09-20 02:25:10,320]-[train.py line:168]:At epoch8 best acc: 78.00. 
[2026-09-20 02:25:10,320]-[train.py line:102]:
-------------- training epoch 9 -------------- 
[2026-09-20 02:25:10,523]-[trainutils.py line:416]:[EST:    4.51m][Process Time:    0.04s]- Epoch: 9 [0000/1330 (  0%)]	Losses: ce_loss-0.2736(0.2736) loss_tacl-0.0001(0.0001) loss_sacl-0.0105(0.0105) loss_event-0.0071(0.0071) loss_evidence-0.0000(0.0000) loss_query_diversity-0.0043(0.0043) loss_position-0.0000(0.0000) total_loss-0.2736(0.2736) 
[2026-09-20 02:25:29,477]-[trainutils.py line:416]:[EST:    3.88m][Process Time:    0.04s]- Epoch: 9 [0100/1330 (  8%)]	Losses: ce_loss-0.2868(0.3244) loss_tacl-0.0001(0.0001) loss_sacl-0.0101(0.0100) loss_event-0.0052(0.0061) loss_evidence-0.0000(0.0000) loss_query_diversity-0.0043(0.0043) loss_position-0.0000(0.0000) total_loss-0.2868(0.3244) 
[2026-09-20 02:25:48,127]-[trainutils.py line:416]:[EST:    3.54m][Process Time:    0.04s]- Epoch: 9 [0200/1330 ( 15%)]	Losses: ce_loss-0.2030(0.3286) loss_tacl-0.0001(0.0001) loss_sacl-0.0106(0.0099) loss_event-0.0060(0.0061) loss_evidence-0.0006(0.0001) loss_query_diversity-0.0043(0.0043) loss_position-0.0000(0.0000) total_loss-0.2030(0.3286) 
[2026-09-20 02:26:07,082]-[trainutils.py line:416]:[EST:    3.23m][Process Time:    0.04s]- Epoch: 9 [0300/1330 ( 23%)]	Losses: ce_loss-0.2846(0.3273) loss_tacl-0.0001(0.0001) loss_sacl-0.0097(0.0100) loss_event-0.0052(0.0063) loss_evidence-0.0000(0.0001) loss_query_diversity-0.0043(0.0043) loss_position-0.0000(0.0000) total_loss-0.2846(0.3273) 
[2026-09-20 02:26:26,022]-[trainutils.py line:416]:[EST:    2.92m][Process Time:    0.04s]- Epoch: 9 [0400/1330 ( 30%)]	Losses: ce_loss-0.3011(0.3313) loss_tacl-0.0001(0.0001) loss_sacl-0.0102(0.0100) loss_event-0.0066(0.0063) loss_evidence-0.0000(0.0001) loss_query_diversity-0.0043(0.0043) loss_position-0.0000(0.0000) total_loss-0.3011(0.3313) 
[2026-09-20 02:26:44,928]-[trainutils.py line:416]:[EST:    2.61m][Process Time:    0.04s]- Epoch: 9 [0500/1330 ( 38%)]	Losses: ce_loss-0.2369(0.3272) loss_tacl-0.0001(0.0001) loss_sacl-0.0085(0.0100) loss_event-0.0048(0.0063) loss_evidence-0.0000(0.0001) loss_query_diversity-0.0043(0.0043) loss_position-0.0000(0.0000) total_loss-0.2369(0.3272) 
[2026-09-20 02:27:03,889]-[trainutils.py line:416]:[EST:    2.30m][Process Time:    0.04s]- Epoch: 9 [0600/1330 ( 45%)]	Losses: ce_loss-0.1667(0.3277) loss_tacl-0.0001(0.0001) loss_sacl-0.0102(0.0100) loss_event-0.0075(0.0063) loss_evidence-0.0000(0.0001) loss_query_diversity-0.0043(0.0043) loss_position-0.0000(0.0000) total_loss-0.1667(0.3277) 
[2026-09-20 02:27:22,938]-[trainutils.py line:416]:[EST:    1.98m][Process Time:    0.04s]- Epoch: 9 [0700/1330 ( 53%)]	Losses: ce_loss-0.3135(0.3299) loss_tacl-0.0001(0.0001) loss_sacl-0.0105(0.0100) loss_event-0.0072(0.0064) loss_evidence-0.0000(0.0001) loss_query_diversity-0.0043(0.0043) loss_position-0.0000(0.0000) total_loss-0.3135(0.3299) 
[2026-09-20 02:27:41,751]-[trainutils.py line:416]:[EST:    1.67m][Process Time:    0.06s]- Epoch: 9 [0800/1330 ( 60%)]	Losses: ce_loss-0.3263(0.3322) loss_tacl-0.0001(0.0001) loss_sacl-0.0091(0.0100) loss_event-0.0065(0.0064) loss_evidence-0.0000(0.0001) loss_query_diversity-0.0043(0.0043) loss_position-0.0000(0.0000) total_loss-0.3263(0.3322) 
[2026-09-20 02:28:00,709]-[trainutils.py line:416]:[EST:    1.35m][Process Time:    0.04s]- Epoch: 9 [0900/1330 ( 68%)]	Losses: ce_loss-0.2230(0.3324) loss_tacl-0.0001(0.0001) loss_sacl-0.0095(0.0099) loss_event-0.0061(0.0063) loss_evidence-0.0000(0.0001) loss_query_diversity-0.0043(0.0043) loss_position-0.0000(0.0000) total_loss-0.2230(0.3324) 
[2026-09-20 02:28:19,507]-[trainutils.py line:416]:[EST:    1.04m][Process Time:    0.04s]- Epoch: 9 [1000/1330 ( 75%)]	Losses: ce_loss-0.2683(0.3327) loss_tacl-0.0001(0.0001) loss_sacl-0.0090(0.0099) loss_event-0.0071(0.0064) loss_evidence-0.0000(0.0001) loss_query_diversity-0.0043(0.0043) loss_position-0.0000(0.0000) total_loss-0.2683(0.3327) 
[2026-09-20 02:28:38,218]-[trainutils.py line:416]:[EST:    0.72m][Process Time:    0.04s]- Epoch: 9 [1100/1330 ( 83%)]	Losses: ce_loss-0.2675(0.3340) loss_tacl-0.0001(0.0001) loss_sacl-0.0098(0.0099) loss_event-0.0067(0.0064) loss_evidence-0.0000(0.0001) loss_query_diversity-0.0043(0.0043) loss_position-0.0000(0.0000) total_loss-0.2675(0.3340) 
[2026-09-20 02:28:57,018]-[trainutils.py line:416]:[EST:    0.41m][Process Time:    0.05s]- Epoch: 9 [1200/1330 ( 90%)]	Losses: ce_loss-0.2477(0.3360) loss_tacl-0.0001(0.0001) loss_sacl-0.0088(0.0099) loss_event-0.0068(0.0064) loss_evidence-0.0000(0.0001) loss_query_diversity-0.0043(0.0043) loss_position-0.0000(0.0000) total_loss-0.2477(0.3360) 
[2026-09-20 02:29:15,912]-[trainutils.py line:416]:[EST:    0.09m][Process Time:    0.04s]- Epoch: 9 [1300/1330 ( 98%)]	Losses: ce_loss-0.4924(0.3350) loss_tacl-0.0001(0.0001) loss_sacl-0.0106(0.0099) loss_event-0.0063(0.0064) loss_evidence-0.0000(0.0000) loss_query_diversity-0.0043(0.0043) loss_position-0.0000(0.0000) total_loss-0.4924(0.3350) 
[2026-09-20 02:29:21,526]-[trainutils.py line:416]:[EST:   -0.00m][Process Time:    0.04s]- Epoch: 9 [1330/1330 (100%)]	Losses: ce_loss-0.2339(0.3340) loss_tacl-0.0001(0.0001) loss_sacl-0.0094(0.0099) loss_event-0.0059(0.0064) loss_evidence-0.0000(0.0000) loss_query_diversity-0.0044(0.0043) loss_position-0.0000(0.0000) total_loss-0.2339(0.3340) 
[2026-09-20 02:29:21,977]-[train.py line:106]:
-------------- validation epoch 9 -------------- 
[2026-09-20 02:29:22,281]-[trainutils.py line:461]:Test progress:   0/95 
[2026-09-20 02:29:51,740]-[trainutils.py line:461]:Test progress:  95/95 
[2026-09-20 02:29:51,740]-[trainutils.py line:492]:Epoch 9 -           Audio/Counting accuracy: 84.93(434/511) 
[2026-09-20 02:29:51,741]-[trainutils.py line:492]:Epoch 9 -        Audio/Comparative accuracy: 57.97(171/295) 
[2026-09-20 02:29:51,741]-[trainutils.py line:497]:Epoch 9 -                    Audio accuracy: 75.06(605/806) 
[2026-09-20 02:29:51,741]-[trainutils.py line:492]:Epoch 9 -          Visual/Counting accuracy: 81.67(490/600) 
[2026-09-20 02:29:51,741]-[trainutils.py line:492]:Epoch 9 -          Visual/Location accuracy: 88.09(540/613) 
[2026-09-20 02:29:51,741]-[trainutils.py line:497]:Epoch 9 -                   Visual accuracy: 84.91(1030/1213) 
[2026-09-20 02:29:51,741]-[trainutils.py line:492]:Epoch 9 - Audio-Visual/Existential accuracy: 81.62(404/495) 
[2026-09-20 02:29:51,741]-[trainutils.py line:492]:Epoch 9 -    Audio-Visual/Counting accuracy: 76.78(486/633) 
[2026-09-20 02:29:51,742]-[trainutils.py line:492]:Epoch 9 -    Audio-Visual/Location accuracy: 66.59(307/461) 
[2026-09-20 02:29:51,743]-[trainutils.py line:492]:Epoch 9 - Audio-Visual/Comparative accuracy: 59.38(326/549) 
[2026-09-20 02:29:51,743]-[trainutils.py line:492]:Epoch 9 -    Audio-Visual/Temporal accuracy: 71.53(294/411) 
[2026-09-20 02:29:51,743]-[trainutils.py line:497]:Epoch 9 -             Audio-Visual accuracy: 71.28(1817/2549) 
[2026-09-20 02:29:51,743]-[trainutils.py line:501]:Epoch 9 -                    Total accuracy: 75.57(3452/4568) 
[2026-09-20 02:29:52,070]-[trainutils.py line:461]:Test progress:   0/95 
[2026-09-20 02:30:21,038]-[trainutils.py line:461]:Test progress:  95/95 
[2026-09-20 02:30:21,038]-[trainutils.py line:492]:Epoch 9 -           Audio/Counting accuracy: 87.28(446/511) 
[2026-09-20 02:30:21,040]-[trainutils.py line:492]:Epoch 9 -        Audio/Comparative accuracy: 59.66(176/295) 
[2026-09-20 02:30:21,040]-[trainutils.py line:497]:Epoch 9 -                    Audio accuracy: 77.17(622/806) 
[2026-09-20 02:30:21,040]-[trainutils.py line:492]:Epoch 9 -          Visual/Counting accuracy: 86.33(518/600) 
[2026-09-20 02:30:21,040]-[trainutils.py line:492]:Epoch 9 -          Visual/Location accuracy: 88.09(540/613) 
[2026-09-20 02:30:21,040]-[trainutils.py line:497]:Epoch 9 -                   Visual accuracy: 87.22(1058/1213) 
[2026-09-20 02:30:21,040]-[trainutils.py line:492]:Epoch 9 - Audio-Visual/Existential accuracy: 83.64(414/495) 
[2026-09-20 02:30:21,040]-[trainutils.py line:492]:Epoch 9 -    Audio-Visual/Counting accuracy: 79.15(501/633) 
[2026-09-20 02:30:21,041]-[trainutils.py line:492]:Epoch 9 -    Audio-Visual/Location accuracy: 67.03(309/461) 
[2026-09-20 02:30:21,041]-[trainutils.py line:492]:Epoch 9 - Audio-Visual/Comparative accuracy: 63.21(347/549) 
[2026-09-20 02:30:21,041]-[trainutils.py line:492]:Epoch 9 -    Audio-Visual/Temporal accuracy: 74.21(305/411) 
[2026-09-20 02:30:21,041]-[trainutils.py line:497]:Epoch 9 -             Audio-Visual accuracy: 73.60(1876/2549) 
[2026-09-20 02:30:21,041]-[trainutils.py line:501]:Epoch 9 -                    Total accuracy: 77.85(3556/4568) 
[2026-09-20 02:30:21,044]-[train.py line:167]:Epoch 9 done with 77.85 and loss 0.55859. 
[2026-09-20 02:30:21,044]-[train.py line:168]:At epoch8 best acc: 78.00. 
[2026-09-20 02:30:21,044]-[train.py line:102]:
-------------- training epoch 10 -------------- 
[2026-09-20 02:30:21,242]-[trainutils.py line:416]:[EST:    4.36m][Process Time:    0.04s]- Epoch: 10 [0000/1330 (  0%)]	Losses: ce_loss-0.3874(0.3874) loss_tacl-0.0001(0.0001) loss_sacl-0.0105(0.0105) loss_event-0.0060(0.0060) loss_evidence-0.0000(0.0000) loss_query_diversity-0.0043(0.0043) loss_position-0.0000(0.0000) total_loss-0.3874(0.3874) 
[2026-09-20 02:30:40,014]-[trainutils.py line:416]:[EST:    3.85m][Process Time:    0.04s]- Epoch: 10 [0100/1330 (  8%)]	Losses: ce_loss-0.1640(0.3075) loss_tacl-0.0001(0.0001) loss_sacl-0.0105(0.0097) loss_event-0.0062(0.0064) loss_evidence-0.0000(0.0000) loss_query_diversity-0.0043(0.0043) loss_position-0.0000(0.0000) total_loss-0.1640(0.3075) 
[2026-09-20 02:30:58,835]-[trainutils.py line:416]:[EST:    3.54m][Process Time:    0.04s]- Epoch: 10 [0200/1330 ( 15%)]	Losses: ce_loss-0.2002(0.2981) loss_tacl-0.0001(0.0001) loss_sacl-0.0083(0.0097) loss_event-0.0061(0.0064) loss_evidence-0.0000(0.0000) loss_query_diversity-0.0042(0.0043) loss_position-0.0000(0.0000) total_loss-0.2002(0.2981) 
[2026-09-20 02:31:17,904]-[trainutils.py line:416]:[EST:    3.24m][Process Time:    0.04s]- Epoch: 10 [0300/1330 ( 23%)]	Losses: ce_loss-0.5843(0.2962) loss_tacl-0.0001(0.0001) loss_sacl-0.0091(0.0096) loss_event-0.0064(0.0064) loss_evidence-0.0000(0.0000) loss_query_diversity-0.0043(0.0043) loss_position-0.0000(0.0000) total_loss-0.5843(0.2962) 
[2026-09-20 02:31:36,698]-[trainutils.py line:416]:[EST:    2.92m][Process Time:    0.04s]- Epoch: 10 [0400/1330 ( 30%)]	Losses: ce_loss-0.3480(0.2963) loss_tacl-0.0001(0.0001) loss_sacl-0.0084(0.0096) loss_event-0.0061(0.0064) loss_evidence-0.0000(0.0000) loss_query_diversity-0.0043(0.0043) loss_position-0.0000(0.0000) total_loss-0.3480(0.2963) 
[2026-09-20 02:31:55,385]-[trainutils.py line:416]:[EST:    2.60m][Process Time:    0.04s]- Epoch: 10 [0500/1330 ( 38%)]	Losses: ce_loss-0.1726(0.2942) loss_tacl-0.0001(0.0001) loss_sacl-0.0098(0.0096) loss_event-0.0060(0.0064) loss_evidence-0.0000(0.0000) loss_query_diversity-0.0042(0.0043) loss_position-0.0000(0.0000) total_loss-0.1726(0.2942) 
[2026-09-20 02:32:14,304]-[trainutils.py line:416]:[EST:    2.29m][Process Time:    0.04s]- Epoch: 10 [0600/1330 ( 45%)]	Losses: ce_loss-0.5111(0.2963) loss_tacl-0.0001(0.0001) loss_sacl-0.0079(0.0095) loss_event-0.0061(0.0064) loss_evidence-0.0000(0.0000) loss_query_diversity-0.0043(0.0043) loss_position-0.0000(0.0000) total_loss-0.5111(0.2963) 
[2026-09-20 02:32:33,296]-[trainutils.py line:416]:[EST:    1.98m][Process Time:    0.04s]- Epoch: 10 [0700/1330 ( 53%)]	Losses: ce_loss-0.2180(0.2939) loss_tacl-0.0001(0.0001) loss_sacl-0.0087(0.0095) loss_event-0.0067(0.0064) loss_evidence-0.0000(0.0000) loss_query_diversity-0.0043(0.0043) loss_position-0.0000(0.0000) total_loss-0.2180(0.2939) 
[2026-09-20 02:32:52,040]-[trainutils.py line:416]:[EST:    1.66m][Process Time:    0.04s]- Epoch: 10 [0800/1330 ( 60%)]	Losses: ce_loss-0.1502(0.2916) loss_tacl-0.0001(0.0001) loss_sacl-0.0098(0.0094) loss_event-0.0072(0.0063) loss_evidence-0.0000(0.0000) loss_query_diversity-0.0043(0.0043) loss_position-0.0000(0.0000) total_loss-0.1502(0.2916) 
[2026-09-20 02:33:10,725]-[trainutils.py line:416]:[EST:    1.35m][Process Time:    0.04s]- Epoch: 10 [0900/1330 ( 68%)]	Losses: ce_loss-0.5247(0.2922) loss_tacl-0.0001(0.0001) loss_sacl-0.0084(0.0094) loss_event-0.0058(0.0063) loss_evidence-0.0000(0.0000) loss_query_diversity-0.0043(0.0043) loss_position-0.0000(0.0000) total_loss-0.5247(0.2922) 
[2026-09-20 02:33:29,425]-[trainutils.py line:416]:[EST:    1.03m][Process Time:    0.04s]- Epoch: 10 [1000/1330 ( 75%)]	Losses: ce_loss-0.3478(0.2911) loss_tacl-0.0001(0.0001) loss_sacl-0.0092(0.0094) loss_event-0.0062(0.0063) loss_evidence-0.0000(0.0000) loss_query_diversity-0.0043(0.0043) loss_position-0.0000(0.0000) total_loss-0.3478(0.2911) 
[2026-09-20 02:33:48,218]-[trainutils.py line:416]:[EST:    0.72m][Process Time:    0.04s]- Epoch: 10 [1100/1330 ( 83%)]	Losses: ce_loss-0.1901(0.2906) loss_tacl-0.0001(0.0001) loss_sacl-0.0094(0.0094) loss_event-0.0070(0.0063) loss_evidence-0.0000(0.0000) loss_query_diversity-0.0043(0.0043) loss_position-0.0000(0.0000) total_loss-0.1901(0.2906) 
[2026-09-20 02:34:07,060]-[trainutils.py line:416]:[EST:    0.40m][Process Time:    0.04s]- Epoch: 10 [1200/1330 ( 90%)]	Losses: ce_loss-0.1532(0.2905) loss_tacl-0.0001(0.0001) loss_sacl-0.0092(0.0094) loss_event-0.0066(0.0063) loss_evidence-0.0000(0.0000) loss_query_diversity-0.0043(0.0043) loss_position-0.0000(0.0000) total_loss-0.1532(0.2905) 
[2026-09-20 02:34:25,806]-[trainutils.py line:416]:[EST:    0.09m][Process Time:    0.04s]- Epoch: 10 [1300/1330 ( 98%)]	Losses: ce_loss-0.6964(0.2907) loss_tacl-0.0001(0.0001) loss_sacl-0.0089(0.0093) loss_event-0.0057(0.0063) loss_evidence-0.0000(0.0000) loss_query_diversity-0.0043(0.0043) loss_position-0.0000(0.0000) total_loss-0.6964(0.2907) 
[2026-09-20 02:34:31,311]-[trainutils.py line:416]:[EST:   -0.00m][Process Time:    0.04s]- Epoch: 10 [1330/1330 (100%)]	Losses: ce_loss-0.3941(0.2908) loss_tacl-0.0001(0.0001) loss_sacl-0.0091(0.0093) loss_event-0.0069(0.0063) loss_evidence-0.0000(0.0000) loss_query_diversity-0.0043(0.0043) loss_position-0.0000(0.0000) total_loss-0.3941(0.2908) 
[2026-09-20 02:34:31,790]-[train.py line:106]:
-------------- validation epoch 10 -------------- 
[2026-09-20 02:34:32,089]-[trainutils.py line:461]:Test progress:   0/95 
[2026-09-20 02:35:01,403]-[trainutils.py line:461]:Test progress:  95/95 
[2026-09-20 02:35:01,403]-[trainutils.py line:492]:Epoch 10 -           Audio/Counting accuracy: 86.89(444/511) 
[2026-09-20 02:35:01,403]-[trainutils.py line:492]:Epoch 10 -        Audio/Comparative accuracy: 58.31(172/295) 
[2026-09-20 02:35:01,403]-[trainutils.py line:497]:Epoch 10 -                    Audio accuracy: 76.43(616/806) 
[2026-09-20 02:35:01,404]-[trainutils.py line:492]:Epoch 10 -          Visual/Counting accuracy: 84.83(509/600) 
[2026-09-20 02:35:01,404]-[trainutils.py line:492]:Epoch 10 -          Visual/Location accuracy: 88.42(542/613) 
[2026-09-20 02:35:01,404]-[trainutils.py line:497]:Epoch 10 -                   Visual accuracy: 86.64(1051/1213) 
[2026-09-20 02:35:01,404]-[trainutils.py line:492]:Epoch 10 - Audio-Visual/Existential accuracy: 83.64(414/495) 
[2026-09-20 02:35:01,404]-[trainutils.py line:492]:Epoch 10 -    Audio-Visual/Counting accuracy: 77.09(488/633) 
[2026-09-20 02:35:01,404]-[trainutils.py line:492]:Epoch 10 -    Audio-Visual/Location accuracy: 69.20(319/461) 
[2026-09-20 02:35:01,404]-[trainutils.py line:492]:Epoch 10 - Audio-Visual/Comparative accuracy: 63.57(349/549) 
[2026-09-20 02:35:01,405]-[trainutils.py line:492]:Epoch 10 -    Audio-Visual/Temporal accuracy: 73.72(303/411) 
[2026-09-20 02:35:01,407]-[trainutils.py line:497]:Epoch 10 -             Audio-Visual accuracy: 73.48(1873/2549) 
[2026-09-20 02:35:01,407]-[trainutils.py line:501]:Epoch 10 -                    Total accuracy: 77.50(3540/4568) 
[2026-09-20 02:35:01,751]-[trainutils.py line:461]:Test progress:   0/95 
[2026-09-20 02:35:31,242]-[trainutils.py line:461]:Test progress:  95/95 
[2026-09-20 02:35:31,242]-[trainutils.py line:492]:Epoch 10 -           Audio/Counting accuracy: 87.87(449/511) 
[2026-09-20 02:35:31,242]-[trainutils.py line:492]:Epoch 10 -        Audio/Comparative accuracy: 59.66(176/295) 
[2026-09-20 02:35:31,242]-[trainutils.py line:497]:Epoch 10 -                    Audio accuracy: 77.54(625/806) 
[2026-09-20 02:35:31,242]-[trainutils.py line:492]:Epoch 10 -          Visual/Counting accuracy: 86.33(518/600) 
[2026-09-20 02:35:31,244]-[trainutils.py line:492]:Epoch 10 -          Visual/Location accuracy: 88.42(542/613) 
[2026-09-20 02:35:31,244]-[trainutils.py line:497]:Epoch 10 -                   Visual accuracy: 87.39(1060/1213) 
[2026-09-20 02:35:31,244]-[trainutils.py line:492]:Epoch 10 - Audio-Visual/Existential accuracy: 83.43(413/495) 
[2026-09-20 02:35:31,244]-[trainutils.py line:492]:Epoch 10 -    Audio-Visual/Counting accuracy: 78.83(499/633) 
[2026-09-20 02:35:31,244]-[trainutils.py line:492]:Epoch 10 -    Audio-Visual/Location accuracy: 67.03(309/461) 
[2026-09-20 02:35:31,244]-[trainutils.py line:492]:Epoch 10 - Audio-Visual/Comparative accuracy: 64.85(356/549) 
[2026-09-20 02:35:31,245]-[trainutils.py line:492]:Epoch 10 -    Audio-Visual/Temporal accuracy: 74.94(308/411) 
[2026-09-20 02:35:31,245]-[trainutils.py line:497]:Epoch 10 -             Audio-Visual accuracy: 73.95(1885/2549) 
[2026-09-20 02:35:31,245]-[trainutils.py line:501]:Epoch 10 -                    Total accuracy: 78.15(3570/4568) 
[2026-09-20 02:35:31,274]-[train.py line:151]:best model saved at epoch 10 with acc 78.1523642732049 (ema) 
[2026-09-20 02:35:31,310]-[train.py line:167]:Epoch 10 done with 78.15 and loss 0.57812. 
[2026-09-20 02:35:31,310]-[train.py line:168]:At epoch10 best acc: 78.15. 
[2026-09-20 02:35:31,310]-[train.py line:102]:
-------------- training epoch 11 -------------- 
[2026-09-20 02:35:31,513]-[trainutils.py line:416]:[EST:    4.43m][Process Time:    0.04s]- Epoch: 11 [0000/1330 (  0%)]	Losses: ce_loss-0.3177(0.3177) loss_tacl-0.0001(0.0001) loss_sacl-0.0102(0.0102) loss_event-0.0063(0.0063) loss_evidence-0.0000(0.0000) loss_query_diversity-0.0043(0.0043) loss_position-0.0000(0.0000) total_loss-0.3177(0.3177) 
[2026-09-20 02:35:50,426]-[trainutils.py line:416]:[EST:    3.88m][Process Time:    0.04s]- Epoch: 11 [0100/1330 (  8%)]	Losses: ce_loss-0.1892(0.2538) loss_tacl-0.0001(0.0001) loss_sacl-0.0081(0.0090) loss_event-0.0062(0.0064) loss_evidence-0.0000(0.0000) loss_query_diversity-0.0043(0.0043) loss_position-0.0000(0.0000) total_loss-0.1892(0.2538) 
[2026-09-20 02:36:09,219]-[trainutils.py line:416]:[EST:    3.55m][Process Time:    0.05s]- Epoch: 11 [0200/1330 ( 15%)]	Losses: ce_loss-0.1828(0.2527) loss_tacl-0.0001(0.0001) loss_sacl-0.0078(0.0090) loss_event-0.0048(0.0063) loss_evidence-0.0000(0.0000) loss_query_diversity-0.0043(0.0043) loss_position-0.0000(0.0000) total_loss-0.1828(0.2527) 
[2026-09-20 02:36:28,048]-[trainutils.py line:416]:[EST:    3.23m][Process Time:    0.04s]- Epoch: 11 [0300/1330 ( 23%)]	Losses: ce_loss-0.1867(0.2522) loss_tacl-0.0001(0.0001) loss_sacl-0.0099(0.0089) loss_event-0.0064(0.0063) loss_evidence-0.0000(0.0000) loss_query_diversity-0.0044(0.0043) loss_position-0.0000(0.0000) total_loss-0.1867(0.2522) 
[2026-09-20 02:36:46,829]-[trainutils.py line:416]:[EST:    2.92m][Process Time:    0.04s]- Epoch: 11 [0400/1330 ( 30%)]	Losses: ce_loss-0.3573(0.2493) loss_tacl-0.0001(0.0001) loss_sacl-0.0077(0.0089) loss_event-0.0053(0.0063) loss_evidence-0.0000(0.0000) loss_query_diversity-0.0043(0.0043) loss_position-0.0000(0.0000) total_loss-0.3573(0.2493) 
[2026-09-20 02:37:05,902]-[trainutils.py line:416]:[EST:    2.61m][Process Time:    0.04s]- Epoch: 11 [0500/1330 ( 38%)]	Losses: ce_loss-0.1628(0.2479) loss_tacl-0.0001(0.0001) loss_sacl-0.0091(0.0089) loss_event-0.0062(0.0063) loss_evidence-0.0000(0.0000) loss_query_diversity-0.0043(0.0043) loss_position-0.0000(0.0000) total_loss-0.1628(0.2479) 
[2026-09-20 02:37:25,019]-[trainutils.py line:416]:[EST:    2.30m][Process Time:    0.04s]- Epoch: 11 [0600/1330 ( 45%)]	Losses: ce_loss-0.1523(0.2505) loss_tacl-0.0001(0.0001) loss_sacl-0.0088(0.0089) loss_event-0.0053(0.0063) loss_evidence-0.0000(0.0000) loss_query_diversity-0.0043(0.0043) loss_position-0.0000(0.0000) total_loss-0.1523(0.2505) 
[2026-09-20 02:37:43,982]-[trainutils.py line:416]:[EST:    1.98m][Process Time:    0.04s]- Epoch: 11 [0700/1330 ( 53%)]	Losses: ce_loss-0.2561(0.2534) loss_tacl-0.0001(0.0001) loss_sacl-0.0085(0.0088) loss_event-0.0067(0.0062) loss_evidence-0.0000(0.0000) loss_query_diversity-0.0043(0.0043) loss_position-0.0000(0.0000) total_loss-0.2561(0.2534) 
[2026-09-20 02:38:02,795]-[trainutils.py line:416]:[EST:    1.67m][Process Time:    0.04s]- Epoch: 11 [0800/1330 ( 60%)]	Losses: ce_loss-0.1892(0.2543) loss_tacl-0.0001(0.0001) loss_sacl-0.0088(0.0088) loss_event-0.0059(0.0063) loss_evidence-0.0000(0.0000) loss_query_diversity-0.0043(0.0043) loss_position-0.0000(0.0000) total_loss-0.1892(0.2543) 
[2026-09-20 02:38:21,554]-[trainutils.py line:416]:[EST:    1.35m][Process Time:    0.04s]- Epoch: 11 [0900/1330 ( 68%)]	Losses: ce_loss-0.1449(0.2525) loss_tacl-0.0001(0.0001) loss_sacl-0.0095(0.0089) loss_event-0.0060(0.0063) loss_evidence-0.0000(0.0000) loss_query_diversity-0.0043(0.0043) loss_position-0.0000(0.0000) total_loss-0.1449(0.2525) 
[2026-09-20 02:38:40,399]-[trainutils.py line:416]:[EST:    1.04m][Process Time:    0.04s]- Epoch: 11 [1000/1330 ( 75%)]	Losses: ce_loss-0.2017(0.2535) loss_tacl-0.0001(0.0001) loss_sacl-0.0085(0.0089) loss_event-0.0064(0.0063) loss_evidence-0.0000(0.0000) loss_query_diversity-0.0043(0.0043) loss_position-0.0000(0.0000) total_loss-0.2017(0.2535) 
[2026-09-20 02:38:59,071]-[trainutils.py line:416]:[EST:    0.72m][Process Time:    0.06s]- Epoch: 11 [1100/1330 ( 83%)]	Losses: ce_loss-0.0829(0.2531) loss_tacl-0.0001(0.0001) loss_sacl-0.0087(0.0088) loss_event-0.0067(0.0062) loss_evidence-0.0000(0.0000) loss_query_diversity-0.0043(0.0043) loss_position-0.0000(0.0000) total_loss-0.0829(0.2531) 
[2026-09-20 02:39:18,016]-[trainutils.py line:416]:[EST:    0.41m][Process Time:    0.04s]- Epoch: 11 [1200/1330 ( 90%)]	Losses: ce_loss-0.1952(0.2532) loss_tacl-0.0001(0.0001) loss_sacl-0.0089(0.0088) loss_event-0.0058(0.0062) loss_evidence-0.0000(0.0000) loss_query_diversity-0.0043(0.0043) loss_position-0.0000(0.0000) total_loss-0.1952(0.2532) 
[2026-09-20 02:39:36,801]-[trainutils.py line:416]:[EST:    0.09m][Process Time:    0.04s]- Epoch: 11 [1300/1330 ( 98%)]	Losses: ce_loss-0.2792(0.2532) loss_tacl-0.0001(0.0001) loss_sacl-0.0082(0.0088) loss_event-0.0057(0.0062) loss_evidence-0.0000(0.0000) loss_query_diversity-0.0043(0.0043) loss_position-0.0000(0.0000) total_loss-0.2792(0.2532) 
[2026-09-20 02:39:42,381]-[trainutils.py line:416]:[EST:   -0.00m][Process Time:    0.04s]- Epoch: 11 [1330/1330 (100%)]	Losses: ce_loss-0.3425(0.2535) loss_tacl-0.0001(0.0001) loss_sacl-0.0075(0.0088) loss_event-0.0052(0.0062) loss_evidence-0.0000(0.0000) loss_query_diversity-0.0042(0.0043) loss_position-0.0000(0.0000) total_loss-0.3425(0.2535) 
[2026-09-20 02:39:42,825]-[train.py line:106]:
-------------- validation epoch 11 -------------- 
[2026-09-20 02:39:43,123]-[trainutils.py line:461]:Test progress:   0/95 
[2026-09-20 02:40:12,737]-[trainutils.py line:461]:Test progress:  95/95 
[2026-09-20 02:40:12,737]-[trainutils.py line:492]:Epoch 11 -           Audio/Counting accuracy: 87.08(445/511) 
[2026-09-20 02:40:12,738]-[trainutils.py line:492]:Epoch 11 -        Audio/Comparative accuracy: 56.61(167/295) 
[2026-09-20 02:40:12,738]-[trainutils.py line:497]:Epoch 11 -                    Audio accuracy: 75.93(612/806) 
[2026-09-20 02:40:12,739]-[trainutils.py line:492]:Epoch 11 -          Visual/Counting accuracy: 84.17(505/600) 
[2026-09-20 02:40:12,739]-[trainutils.py line:492]:Epoch 11 -          Visual/Location accuracy: 88.74(544/613) 
[2026-09-20 02:40:12,739]-[trainutils.py line:497]:Epoch 11 -                   Visual accuracy: 86.48(1049/1213) 
[2026-09-20 02:40:12,739]-[trainutils.py line:492]:Epoch 11 - Audio-Visual/Existential accuracy: 84.24(417/495) 
[2026-09-20 02:40:12,739]-[trainutils.py line:492]:Epoch 11 -    Audio-Visual/Counting accuracy: 77.41(490/633) 
[2026-09-20 02:40:12,739]-[trainutils.py line:492]:Epoch 11 -    Audio-Visual/Location accuracy: 69.20(319/461) 
[2026-09-20 02:40:12,739]-[trainutils.py line:492]:Epoch 11 - Audio-Visual/Comparative accuracy: 62.84(345/549) 
[2026-09-20 02:40:12,740]-[trainutils.py line:492]:Epoch 11 -    Audio-Visual/Temporal accuracy: 74.21(305/411) 
[2026-09-20 02:40:12,740]-[trainutils.py line:497]:Epoch 11 -             Audio-Visual accuracy: 73.60(1876/2549) 
[2026-09-20 02:40:12,740]-[trainutils.py line:501]:Epoch 11 -                    Total accuracy: 77.43(3537/4568) 
[2026-09-20 02:40:13,077]-[trainutils.py line:461]:Test progress:   0/95 
[2026-09-20 02:40:42,448]-[trainutils.py line:461]:Test progress:  95/95 
[2026-09-20 02:40:42,449]-[trainutils.py line:492]:Epoch 11 -           Audio/Counting accuracy: 88.06(450/511) 
[2026-09-20 02:40:42,449]-[trainutils.py line:492]:Epoch 11 -        Audio/Comparative accuracy: 58.98(174/295) 
[2026-09-20 02:40:42,449]-[trainutils.py line:497]:Epoch 11 -                    Audio accuracy: 77.42(624/806) 
[2026-09-20 02:40:42,449]-[trainutils.py line:492]:Epoch 11 -          Visual/Counting accuracy: 86.00(516/600) 
[2026-09-20 02:40:42,449]-[trainutils.py line:492]:Epoch 11 -          Visual/Location accuracy: 88.58(543/613) 
[2026-09-20 02:40:42,449]-[trainutils.py line:497]:Epoch 11 -                   Visual accuracy: 87.30(1059/1213) 
[2026-09-20 02:40:42,449]-[trainutils.py line:492]:Epoch 11 - Audio-Visual/Existential accuracy: 84.04(416/495) 
[2026-09-20 02:40:42,449]-[trainutils.py line:492]:Epoch 11 -    Audio-Visual/Counting accuracy: 78.67(498/633) 
[2026-09-20 02:40:42,449]-[trainutils.py line:492]:Epoch 11 -    Audio-Visual/Location accuracy: 67.90(313/461) 
[2026-09-20 02:40:42,450]-[trainutils.py line:492]:Epoch 11 - Audio-Visual/Comparative accuracy: 64.12(352/549) 
[2026-09-20 02:40:42,450]-[trainutils.py line:492]:Epoch 11 -    Audio-Visual/Temporal accuracy: 74.70(307/411) 
[2026-09-20 02:40:42,450]-[trainutils.py line:497]:Epoch 11 -             Audio-Visual accuracy: 73.99(1886/2549) 
[2026-09-20 02:40:42,450]-[trainutils.py line:501]:Epoch 11 -                    Total accuracy: 78.13(3569/4568) 
[2026-09-20 02:40:42,453]-[train.py line:167]:Epoch 11 done with 78.13 and loss 0.60547. 
[2026-09-20 02:40:42,454]-[train.py line:168]:At epoch10 best acc: 78.15. 
[2026-09-20 02:40:42,454]-[train.py line:102]:
-------------- training epoch 12 -------------- 
[2026-09-20 02:40:42,654]-[trainutils.py line:416]:[EST:    4.43m][Process Time:    0.04s]- Epoch: 12 [0000/1330 (  0%)]	Losses: ce_loss-0.1107(0.1107) loss_tacl-0.0001(0.0001) loss_sacl-0.0084(0.0084) loss_event-0.0053(0.0053) loss_evidence-0.0000(0.0000) loss_query_diversity-0.0043(0.0043) loss_position-0.0000(0.0000) total_loss-0.1107(0.1107) 
[2026-09-20 02:41:01,407]-[trainutils.py line:416]:[EST:    3.84m][Process Time:    0.04s]- Epoch: 12 [0100/1330 (  8%)]	Losses: ce_loss-0.1927(0.2094) loss_tacl-0.0001(0.0001) loss_sacl-0.0086(0.0087) loss_event-0.0064(0.0061) loss_evidence-0.0000(0.0000) loss_query_diversity-0.0043(0.0043) loss_position-0.0000(0.0000) total_loss-0.1927(0.2094) 
[2026-09-20 02:41:20,244]-[trainutils.py line:416]:[EST:    3.54m][Process Time:    0.04s]- Epoch: 12 [0200/1330 ( 15%)]	Losses: ce_loss-0.1227(0.2175) loss_tacl-0.0001(0.0001) loss_sacl-0.0096(0.0087) loss_event-0.0067(0.0061) loss_evidence-0.0000(0.0000) loss_query_diversity-0.0043(0.0043) loss_position-0.0000(0.0000) total_loss-0.1227(0.2175) 
[2026-09-20 02:41:39,178]-[trainutils.py line:416]:[EST:    3.23m][Process Time:    0.04s]- Epoch: 12 [0300/1330 ( 23%)]	Losses: ce_loss-0.1250(0.2151) loss_tacl-0.0001(0.0001) loss_sacl-0.0094(0.0087) loss_event-0.0073(0.0062) loss_evidence-0.0000(0.0000) loss_query_diversity-0.0043(0.0043) loss_position-0.0000(0.0000) total_loss-0.1250(0.2151) 
[2026-09-20 02:41:58,360]-[trainutils.py line:416]:[EST:    2.93m][Process Time:    0.04s]- Epoch: 12 [0400/1330 ( 30%)]	Losses: ce_loss-0.3721(0.2128) loss_tacl-0.0001(0.0001) loss_sacl-0.0077(0.0087) loss_event-0.0067(0.0062) loss_evidence-0.0010(0.0000) loss_query_diversity-0.0043(0.0043) loss_position-0.0000(0.0000) total_loss-0.3721(0.2128) 
[2026-09-20 02:42:17,321]-[trainutils.py line:416]:[EST:    2.62m][Process Time:    0.04s]- Epoch: 12 [0500/1330 ( 38%)]	Losses: ce_loss-0.1877(0.2123) loss_tacl-0.0001(0.0001) loss_sacl-0.0082(0.0087) loss_event-0.0056(0.0061) loss_evidence-0.0000(0.0000) loss_query_diversity-0.0043(0.0043) loss_position-0.0000(0.0000) total_loss-0.1877(0.2123) 
[2026-09-20 02:42:36,061]-[trainutils.py line:416]:[EST:    2.30m][Process Time:    0.06s]- Epoch: 12 [0600/1330 ( 45%)]	Losses: ce_loss-0.3061(0.2142) loss_tacl-0.0001(0.0001) loss_sacl-0.0082(0.0086) loss_event-0.0055(0.0061) loss_evidence-0.0000(0.0000) loss_query_diversity-0.0043(0.0043) loss_position-0.0000(0.0000) total_loss-0.3061(0.2142) 
[2026-09-20 02:42:54,861]-[trainutils.py line:416]:[EST:    1.98m][Process Time:    0.06s]- Epoch: 12 [0700/1330 ( 53%)]	Losses: ce_loss-0.2394(0.2154) loss_tacl-0.0001(0.0001) loss_sacl-0.0093(0.0086) loss_event-0.0061(0.0062) loss_evidence-0.0000(0.0000) loss_query_diversity-0.0043(0.0043) loss_position-0.0000(0.0000) total_loss-0.2394(0.2154) 
[2026-09-20 02:43:13,786]-[trainutils.py line:416]:[EST:    1.67m][Process Time:    0.04s]- Epoch: 12 [0800/1330 ( 60%)]	Losses: ce_loss-0.1230(0.2162) loss_tacl-0.0001(0.0001) loss_sacl-0.0088(0.0086) loss_event-0.0056(0.0062) loss_evidence-0.0000(0.0000) loss_query_diversity-0.0043(0.0043) loss_position-0.0000(0.0000) total_loss-0.1230(0.2162) 
[2026-09-20 02:43:32,862]-[trainutils.py line:416]:[EST:    1.35m][Process Time:    0.04s]- Epoch: 12 [0900/1330 ( 68%)]	Losses: ce_loss-0.0640(0.2153) loss_tacl-0.0001(0.0001) loss_sacl-0.0096(0.0086) loss_event-0.0060(0.0062) loss_evidence-0.0000(0.0000) loss_query_diversity-0.0043(0.0043) loss_position-0.0000(0.0000) total_loss-0.0640(0.2153) 
[2026-09-20 02:43:51,774]-[trainutils.py line:416]:[EST:    1.04m][Process Time:    0.04s]- Epoch: 12 [1000/1330 ( 75%)]	Losses: ce_loss-0.1383(0.2159) loss_tacl-0.0001(0.0001) loss_sacl-0.0078(0.0086) loss_event-0.0054(0.0062) loss_evidence-0.0000(0.0000) loss_query_diversity-0.0043(0.0043) loss_position-0.0000(0.0000) total_loss-0.1383(0.2159) 
[2026-09-20 02:44:10,760]-[trainutils.py line:416]:[EST:    0.72m][Process Time:    0.04s]- Epoch: 12 [1100/1330 ( 83%)]	Losses: ce_loss-0.0770(0.2178) loss_tacl-0.0001(0.0001) loss_sacl-0.0088(0.0085) loss_event-0.0073(0.0062) loss_evidence-0.0000(0.0000) loss_query_diversity-0.0043(0.0043) loss_position-0.0000(0.0000) total_loss-0.0770(0.2178) 
[2026-09-20 02:44:29,725]-[trainutils.py line:416]:[EST:    0.41m][Process Time:    0.04s]- Epoch: 12 [1200/1330 ( 90%)]	Losses: ce_loss-0.2720(0.2192) loss_tacl-0.0001(0.0001) loss_sacl-0.0075(0.0085) loss_event-0.0057(0.0062) loss_evidence-0.0000(0.0000) loss_query_diversity-0.0043(0.0043) loss_position-0.0000(0.0000) total_loss-0.2720(0.2192) 
[2026-09-20 02:44:48,592]-[trainutils.py line:416]:[EST:    0.09m][Process Time:    0.04s]- Epoch: 12 [1300/1330 ( 98%)]	Losses: ce_loss-0.1321(0.2191) loss_tacl-0.0001(0.0001) loss_sacl-0.0073(0.0085) loss_event-0.0052(0.0062) loss_evidence-0.0000(0.0000) loss_query_diversity-0.0043(0.0043) loss_position-0.0000(0.0000) total_loss-0.1321(0.2191) 
[2026-09-20 02:44:54,121]-[trainutils.py line:416]:[EST:   -0.00m][Process Time:    0.04s]- Epoch: 12 [1330/1330 (100%)]	Losses: ce_loss-0.0690(0.2195) loss_tacl-0.0001(0.0001) loss_sacl-0.0074(0.0085) loss_event-0.0067(0.0062) loss_evidence-0.0000(0.0000) loss_query_diversity-0.0043(0.0043) loss_position-0.0000(0.0000) total_loss-0.0690(0.2195) 
[2026-09-20 02:44:54,568]-[train.py line:106]:
-------------- validation epoch 12 -------------- 
[2026-09-20 02:44:54,887]-[trainutils.py line:461]:Test progress:   0/95 
[2026-09-20 02:45:24,320]-[trainutils.py line:461]:Test progress:  95/95 
[2026-09-20 02:45:24,321]-[trainutils.py line:492]:Epoch 12 -           Audio/Counting accuracy: 85.91(439/511) 
[2026-09-20 02:45:24,322]-[trainutils.py line:492]:Epoch 12 -        Audio/Comparative accuracy: 56.61(167/295) 
[2026-09-20 02:45:24,322]-[trainutils.py line:497]:Epoch 12 -                    Audio accuracy: 75.19(606/806) 
[2026-09-20 02:45:24,322]-[trainutils.py line:492]:Epoch 12 -          Visual/Counting accuracy: 84.83(509/600) 
[2026-09-20 02:45:24,322]-[trainutils.py line:492]:Epoch 12 -          Visual/Location accuracy: 89.07(546/613) 
[2026-09-20 02:45:24,322]-[trainutils.py line:497]:Epoch 12 -                   Visual accuracy: 86.97(1055/1213) 
[2026-09-20 02:45:24,323]-[trainutils.py line:492]:Epoch 12 - Audio-Visual/Existential accuracy: 82.83(410/495) 
[2026-09-20 02:45:24,323]-[trainutils.py line:492]:Epoch 12 -    Audio-Visual/Counting accuracy: 77.88(493/633) 
[2026-09-20 02:45:24,323]-[trainutils.py line:492]:Epoch 12 -    Audio-Visual/Location accuracy: 67.46(311/461) 
[2026-09-20 02:45:24,323]-[trainutils.py line:492]:Epoch 12 - Audio-Visual/Comparative accuracy: 63.57(349/549) 
[2026-09-20 02:45:24,323]-[trainutils.py line:492]:Epoch 12 -    Audio-Visual/Temporal accuracy: 73.97(304/411) 
[2026-09-20 02:45:24,324]-[trainutils.py line:497]:Epoch 12 -             Audio-Visual accuracy: 73.24(1867/2549) 
[2026-09-20 02:45:24,324]-[trainutils.py line:501]:Epoch 12 -                    Total accuracy: 77.23(3528/4568) 
[2026-09-20 02:45:24,657]-[trainutils.py line:461]:Test progress:   0/95 
[2026-09-20 02:45:53,786]-[trainutils.py line:461]:Test progress:  95/95 
[2026-09-20 02:45:53,787]-[trainutils.py line:492]:Epoch 12 -           Audio/Counting accuracy: 87.67(448/511) 
[2026-09-20 02:45:53,787]-[trainutils.py line:492]:Epoch 12 -        Audio/Comparative accuracy: 57.97(171/295) 
[2026-09-20 02:45:53,787]-[trainutils.py line:497]:Epoch 12 -                    Audio accuracy: 76.80(619/806) 
[2026-09-20 02:45:53,788]-[trainutils.py line:492]:Epoch 12 -          Visual/Counting accuracy: 85.50(513/600) 
[2026-09-20 02:45:53,788]-[trainutils.py line:492]:Epoch 12 -          Visual/Location accuracy: 88.74(544/613) 
[2026-09-20 02:45:53,788]-[trainutils.py line:497]:Epoch 12 -                   Visual accuracy: 87.14(1057/1213) 
[2026-09-20 02:45:53,788]-[trainutils.py line:492]:Epoch 12 - Audio-Visual/Existential accuracy: 83.43(413/495) 
[2026-09-20 02:45:53,789]-[trainutils.py line:492]:Epoch 12 -    Audio-Visual/Counting accuracy: 78.20(495/633) 
[2026-09-20 02:45:53,789]-[trainutils.py line:492]:Epoch 12 -    Audio-Visual/Location accuracy: 68.98(318/461) 
[2026-09-20 02:45:53,789]-[trainutils.py line:492]:Epoch 12 - Audio-Visual/Comparative accuracy: 63.39(348/549) 
[2026-09-20 02:45:53,789]-[trainutils.py line:492]:Epoch 12 -    Audio-Visual/Temporal accuracy: 72.99(300/411) 
[2026-09-20 02:45:53,789]-[trainutils.py line:497]:Epoch 12 -             Audio-Visual accuracy: 73.52(1874/2549) 
[2026-09-20 02:45:53,789]-[trainutils.py line:501]:Epoch 12 -                    Total accuracy: 77.71(3550/4568) 
[2026-09-20 02:45:53,792]-[train.py line:167]:Epoch 12 done with 77.71 and loss 0.63281. 
[2026-09-20 02:45:53,792]-[train.py line:168]:At epoch10 best acc: 78.15. 
[2026-09-20 02:45:53,792]-[train.py line:102]:
-------------- training epoch 13 -------------- 
[2026-09-20 02:45:53,982]-[trainutils.py line:416]:[EST:    4.11m][Process Time:    0.04s]- Epoch: 13 [0000/1330 (  0%)]	Losses: ce_loss-0.1114(0.1114) loss_tacl-0.0001(0.0001) loss_sacl-0.0083(0.0083) loss_event-0.0053(0.0053) loss_evidence-0.0000(0.0000) loss_query_diversity-0.0043(0.0043) loss_position-0.0000(0.0000) total_loss-0.1114(0.1114) 
[2026-09-20 02:46:12,760]-[trainutils.py line:416]:[EST:    3.85m][Process Time:    0.04s]- Epoch: 13 [0100/1330 (  8%)]	Losses: ce_loss-0.1902(0.1988) loss_tacl-0.0001(0.0001) loss_sacl-0.0090(0.0083) loss_event-0.0056(0.0060) loss_evidence-0.0000(0.0000) loss_query_diversity-0.0043(0.0043) loss_position-0.0000(0.0000) total_loss-0.1902(0.1988) 
[2026-09-20 02:46:31,743]-[trainutils.py line:416]:[EST:    3.55m][Process Time:    0.04s]- Epoch: 13 [0200/1330 ( 15%)]	Losses: ce_loss-0.1529(0.1965) loss_tacl-0.0001(0.0001) loss_sacl-0.0078(0.0083) loss_event-0.0060(0.0061) loss_evidence-0.0000(0.0000) loss_query_diversity-0.0043(0.0043) loss_position-0.0000(0.0000) total_loss-0.1529(0.1965) 
[2026-09-20 02:46:50,751]-[trainutils.py line:416]:[EST:    3.25m][Process Time:    0.05s]- Epoch: 13 [0300/1330 ( 23%)]	Losses: ce_loss-0.1926(0.1940) loss_tacl-0.0001(0.0001) loss_sacl-0.0079(0.0083) loss_event-0.0060(0.0061) loss_evidence-0.0000(0.0000) loss_query_diversity-0.0043(0.0043) loss_position-0.0000(0.0000) total_loss-0.1926(0.1940) 
[2026-09-20 02:47:09,726]-[trainutils.py line:416]:[EST:    2.93m][Process Time:    0.04s]- Epoch: 13 [0400/1330 ( 30%)]	Losses: ce_loss-0.2865(0.1959) loss_tacl-0.0001(0.0001) loss_sacl-0.0084(0.0083) loss_event-0.0060(0.0061) loss_evidence-0.0000(0.0000) loss_query_diversity-0.0043(0.0043) loss_position-0.0000(0.0000) total_loss-0.2865(0.1959) 
[2026-09-20 02:47:28,602]-[trainutils.py line:416]:[EST:    2.61m][Process Time:    0.04s]- Epoch: 13 [0500/1330 ( 38%)]	Losses: ce_loss-0.2378(0.1989) loss_tacl-0.0001(0.0001) loss_sacl-0.0079(0.0082) loss_event-0.0059(0.0061) loss_evidence-0.0000(0.0000) loss_query_diversity-0.0043(0.0043) loss_position-0.0000(0.0000) total_loss-0.2378(0.1989) 
[2026-09-20 02:47:47,381]-[trainutils.py line:416]:[EST:    2.30m][Process Time:    0.04s]- Epoch: 13 [0600/1330 ( 45%)]	Losses: ce_loss-0.1816(0.1993) loss_tacl-0.0001(0.0001) loss_sacl-0.0079(0.0082) loss_event-0.0058(0.0061) loss_evidence-0.0000(0.0000) loss_query_diversity-0.0043(0.0043) loss_position-0.0000(0.0000) total_loss-0.1816(0.1993) 
[2026-09-20 02:48:06,036]-[trainutils.py line:416]:[EST:    1.98m][Process Time:    0.04s]- Epoch: 13 [0700/1330 ( 53%)]	Losses: ce_loss-0.1514(0.1973) loss_tacl-0.0001(0.0001) loss_sacl-0.0086(0.0082) loss_event-0.0055(0.0061) loss_evidence-0.0000(0.0000) loss_query_diversity-0.0043(0.0043) loss_position-0.0000(0.0000) total_loss-0.1514(0.1973) 
[2026-09-20 02:48:24,681]-[trainutils.py line:416]:[EST:    1.66m][Process Time:    0.04s]- Epoch: 13 [0800/1330 ( 60%)]	Losses: ce_loss-0.0382(0.1961) loss_tacl-0.0001(0.0001) loss_sacl-0.0078(0.0082) loss_event-0.0067(0.0061) loss_evidence-0.0000(0.0000) loss_query_diversity-0.0043(0.0043) loss_position-0.0000(0.0000) total_loss-0.0382(0.1961) 
[2026-09-20 02:48:43,333]-[trainutils.py line:416]:[EST:    1.35m][Process Time:    0.04s]- Epoch: 13 [0900/1330 ( 68%)]	Losses: ce_loss-0.1606(0.1955) loss_tacl-0.0001(0.0001) loss_sacl-0.0075(0.0082) loss_event-0.0062(0.0061) loss_evidence-0.0000(0.0000) loss_query_diversity-0.0043(0.0043) loss_position-0.0000(0.0000) total_loss-0.1606(0.1955) 
[2026-09-20 02:49:02,329]-[trainutils.py line:416]:[EST:    1.03m][Process Time:    0.04s]- Epoch: 13 [1000/1330 ( 75%)]	Losses: ce_loss-0.2680(0.1959) loss_tacl-0.0001(0.0001) loss_sacl-0.0080(0.0082) loss_event-0.0059(0.0061) loss_evidence-0.0000(0.0000) loss_query_diversity-0.0043(0.0043) loss_position-0.0000(0.0000) total_loss-0.2680(0.1959) 
[2026-09-20 02:49:21,148]-[trainutils.py line:416]:[EST:    0.72m][Process Time:    0.04s]- Epoch: 13 [1100/1330 ( 83%)]	Losses: ce_loss-0.2866(0.1958) loss_tacl-0.0001(0.0001) loss_sacl-0.0084(0.0082) loss_event-0.0064(0.0061) loss_evidence-0.0000(0.0000) loss_query_diversity-0.0043(0.0043) loss_position-0.0000(0.0000) total_loss-0.2866(0.1958) 
[2026-09-20 02:49:39,865]-[trainutils.py line:416]:[EST:    0.40m][Process Time:    0.04s]- Epoch: 13 [1200/1330 ( 90%)]	Losses: ce_loss-0.1455(0.1958) loss_tacl-0.0001(0.0001) loss_sacl-0.0083(0.0082) loss_event-0.0062(0.0061) loss_evidence-0.0000(0.0000) loss_query_diversity-0.0043(0.0043) loss_position-0.0000(0.0000) total_loss-0.1455(0.1958) 
[2026-09-20 02:49:58,602]-[trainutils.py line:416]:[EST:    0.09m][Process Time:    0.04s]- Epoch: 13 [1300/1330 ( 98%)]	Losses: ce_loss-0.1127(0.1951) loss_tacl-0.0001(0.0001) loss_sacl-0.0075(0.0081) loss_event-0.0059(0.0061) loss_evidence-0.0000(0.0000) loss_query_diversity-0.0043(0.0043) loss_position-0.0000(0.0000) total_loss-0.1127(0.1951) 
[2026-09-20 02:50:04,038]-[trainutils.py line:416]:[EST:   -0.00m][Process Time:    0.04s]- Epoch: 13 [1330/1330 (100%)]	Losses: ce_loss-0.0354(0.1944) loss_tacl-0.0001(0.0001) loss_sacl-0.0071(0.0081) loss_event-0.0058(0.0061) loss_evidence-0.0000(0.0000) loss_query_diversity-0.0043(0.0043) loss_position-0.0000(0.0000) total_loss-0.0354(0.1944) 
[2026-09-20 02:50:04,496]-[train.py line:106]:
-------------- validation epoch 13 -------------- 
[2026-09-20 02:50:04,798]-[trainutils.py line:461]:Test progress:   0/95 
[2026-09-20 02:50:34,117]-[trainutils.py line:461]:Test progress:  95/95 
[2026-09-20 02:50:34,117]-[trainutils.py line:492]:Epoch 13 -           Audio/Counting accuracy: 86.11(440/511) 
[2026-09-20 02:50:34,117]-[trainutils.py line:492]:Epoch 13 -        Audio/Comparative accuracy: 56.95(168/295) 
[2026-09-20 02:50:34,117]-[trainutils.py line:497]:Epoch 13 -                    Audio accuracy: 75.43(608/806) 
[2026-09-20 02:50:34,118]-[trainutils.py line:492]:Epoch 13 -          Visual/Counting accuracy: 84.17(505/600) 
[2026-09-20 02:50:34,118]-[trainutils.py line:492]:Epoch 13 -          Visual/Location accuracy: 88.91(545/613) 
[2026-09-20 02:50:34,118]-[trainutils.py line:497]:Epoch 13 -                   Visual accuracy: 86.56(1050/1213) 
[2026-09-20 02:50:34,118]-[trainutils.py line:492]:Epoch 13 - Audio-Visual/Existential accuracy: 82.63(409/495) 
[2026-09-20 02:50:34,118]-[trainutils.py line:492]:Epoch 13 -    Audio-Visual/Counting accuracy: 77.09(488/633) 
[2026-09-20 02:50:34,118]-[trainutils.py line:492]:Epoch 13 -    Audio-Visual/Location accuracy: 69.85(322/461) 
[2026-09-20 02:50:34,119]-[trainutils.py line:492]:Epoch 13 - Audio-Visual/Comparative accuracy: 65.57(360/549) 
[2026-09-20 02:50:34,119]-[trainutils.py line:492]:Epoch 13 -    Audio-Visual/Temporal accuracy: 74.21(305/411) 
[2026-09-20 02:50:34,119]-[trainutils.py line:497]:Epoch 13 -             Audio-Visual accuracy: 73.91(1884/2549) 
[2026-09-20 02:50:34,119]-[trainutils.py line:501]:Epoch 13 -                    Total accuracy: 77.54(3542/4568) 
[2026-09-20 02:50:34,445]-[trainutils.py line:461]:Test progress:   0/95 
[2026-09-20 02:51:03,585]-[trainutils.py line:461]:Test progress:  95/95 
[2026-09-20 02:51:03,585]-[trainutils.py line:492]:Epoch 13 -           Audio/Counting accuracy: 86.89(444/511) 
[2026-09-20 02:51:03,585]-[trainutils.py line:492]:Epoch 13 -        Audio/Comparative accuracy: 57.29(169/295) 
[2026-09-20 02:51:03,585]-[trainutils.py line:497]:Epoch 13 -                    Audio accuracy: 76.05(613/806) 
[2026-09-20 02:51:03,589]-[trainutils.py line:492]:Epoch 13 -          Visual/Counting accuracy: 85.33(512/600) 
[2026-09-20 02:51:03,589]-[trainutils.py line:492]:Epoch 13 -          Visual/Location accuracy: 88.91(545/613) 
[2026-09-20 02:51:03,589]-[trainutils.py line:497]:Epoch 13 -                   Visual accuracy: 87.14(1057/1213) 
[2026-09-20 02:51:03,589]-[trainutils.py line:492]:Epoch 13 - Audio-Visual/Existential accuracy: 83.23(412/495) 
[2026-09-20 02:51:03,589]-[trainutils.py line:492]:Epoch 13 -    Audio-Visual/Counting accuracy: 77.41(490/633) 
[2026-09-20 02:51:03,589]-[trainutils.py line:492]:Epoch 13 -    Audio-Visual/Location accuracy: 68.98(318/461) 
[2026-09-20 02:51:03,590]-[trainutils.py line:492]:Epoch 13 - Audio-Visual/Comparative accuracy: 63.57(349/549) 
[2026-09-20 02:51:03,590]-[trainutils.py line:492]:Epoch 13 -    Audio-Visual/Temporal accuracy: 73.97(304/411) 
[2026-09-20 02:51:03,590]-[trainutils.py line:497]:Epoch 13 -             Audio-Visual accuracy: 73.48(1873/2549) 
[2026-09-20 02:51:03,590]-[trainutils.py line:501]:Epoch 13 -                    Total accuracy: 77.56(3543/4568) 
[2026-09-20 02:51:03,593]-[train.py line:167]:Epoch 13 done with 77.56 and loss 0.67188. 
[2026-09-20 02:51:03,593]-[train.py line:168]:At epoch10 best acc: 78.15. 
[2026-09-20 02:51:03,593]-[train.py line:102]:
-------------- training epoch 14 -------------- 
[2026-09-20 02:51:03,778]-[trainutils.py line:416]:[EST:    4.04m][Process Time:    0.04s]- Epoch: 14 [0000/1330 (  0%)]	Losses: ce_loss-0.1842(0.1842) loss_tacl-0.0001(0.0001) loss_sacl-0.0079(0.0079) loss_event-0.0056(0.0056) loss_evidence-0.0000(0.0000) loss_query_diversity-0.0043(0.0043) loss_position-0.0000(0.0000) total_loss-0.1842(0.1842) 
[2026-09-20 02:51:22,512]-[trainutils.py line:416]:[EST:    3.84m][Process Time:    0.04s]- Epoch: 14 [0100/1330 (  8%)]	Losses: ce_loss-0.1860(0.1783) loss_tacl-0.0001(0.0001) loss_sacl-0.0072(0.0080) loss_event-0.0062(0.0060) loss_evidence-0.0000(0.0000) loss_query_diversity-0.0043(0.0043) loss_position-0.0000(0.0000) total_loss-0.1860(0.1783) 
[2026-09-20 02:51:41,360]-[trainutils.py line:416]:[EST:    3.54m][Process Time:    0.04s]- Epoch: 14 [0200/1330 ( 15%)]	Losses: ce_loss-0.2383(0.1763) loss_tacl-0.0001(0.0001) loss_sacl-0.0079(0.0080) loss_event-0.0055(0.0060) loss_evidence-0.0000(0.0000) loss_query_diversity-0.0043(0.0043) loss_position-0.0000(0.0000) total_loss-0.2383(0.1763) 
[2026-09-20 02:52:00,140]-[trainutils.py line:416]:[EST:    3.22m][Process Time:    0.04s]- Epoch: 14 [0300/1330 ( 23%)]	Losses: ce_loss-0.0712(0.1801) loss_tacl-0.0001(0.0001) loss_sacl-0.0079(0.0080) loss_event-0.0063(0.0061) loss_evidence-0.0000(0.0000) loss_query_diversity-0.0043(0.0043) loss_position-0.0000(0.0000) total_loss-0.0712(0.1801) 
[2026-09-20 02:52:19,011]-[trainutils.py line:416]:[EST:    2.91m][Process Time:    0.04s]- Epoch: 14 [0400/1330 ( 30%)]	Losses: ce_loss-0.1086(0.1772) loss_tacl-0.0001(0.0001) loss_sacl-0.0088(0.0080) loss_event-0.0056(0.0060) loss_evidence-0.0000(0.0000) loss_query_diversity-0.0043(0.0043) loss_position-0.0000(0.0000) total_loss-0.1086(0.1772) 
[2026-09-20 02:52:37,854]-[trainutils.py line:416]:[EST:    2.60m][Process Time:    0.04s]- Epoch: 14 [0500/1330 ( 38%)]	Losses: ce_loss-0.1276(0.1759) loss_tacl-0.0001(0.0001) loss_sacl-0.0077(0.0080) loss_event-0.0058(0.0060) loss_evidence-0.0000(0.0000) loss_query_diversity-0.0043(0.0043) loss_position-0.0000(0.0000) total_loss-0.1276(0.1759) 
[2026-09-20 02:52:56,624]-[trainutils.py line:416]:[EST:    2.29m][Process Time:    0.04s]- Epoch: 14 [0600/1330 ( 45%)]	Losses: ce_loss-0.1127(0.1747) loss_tacl-0.0001(0.0001) loss_sacl-0.0084(0.0079) loss_event-0.0068(0.0060) loss_evidence-0.0000(0.0000) loss_query_diversity-0.0043(0.0043) loss_position-0.0000(0.0000) total_loss-0.1127(0.1747) 
[2026-09-20 02:53:15,329]-[trainutils.py line:416]:[EST:    1.97m][Process Time:    0.05s]- Epoch: 14 [0700/1330 ( 53%)]	Losses: ce_loss-0.2359(0.1738) loss_tacl-0.0001(0.0001) loss_sacl-0.0077(0.0079) loss_event-0.0054(0.0060) loss_evidence-0.0000(0.0000) loss_query_diversity-0.0043(0.0043) loss_position-0.0000(0.0000) total_loss-0.2359(0.1738) 
[2026-09-20 02:53:34,159]-[trainutils.py line:416]:[EST:    1.66m][Process Time:    0.04s]- Epoch: 14 [0800/1330 ( 60%)]	Losses: ce_loss-0.1215(0.1752) loss_tacl-0.0001(0.0001) loss_sacl-0.0081(0.0079) loss_event-0.0054(0.0060) loss_evidence-0.0000(0.0000) loss_query_diversity-0.0043(0.0043) loss_position-0.0000(0.0000) total_loss-0.1215(0.1752) 
[2026-09-20 02:53:53,201]-[trainutils.py line:416]:[EST:    1.35m][Process Time:    0.05s]- Epoch: 14 [0900/1330 ( 68%)]	Losses: ce_loss-0.1313(0.1755) loss_tacl-0.0001(0.0001) loss_sacl-0.0080(0.0079) loss_event-0.0058(0.0060) loss_evidence-0.0000(0.0000) loss_query_diversity-0.0043(0.0043) loss_position-0.0000(0.0000) total_loss-0.1313(0.1755) 
[2026-09-20 02:54:12,135]-[trainutils.py line:416]:[EST:    1.03m][Process Time:    0.04s]- Epoch: 14 [1000/1330 ( 75%)]	Losses: ce_loss-0.1412(0.1754) loss_tacl-0.0001(0.0001) loss_sacl-0.0085(0.0079) loss_event-0.0055(0.0060) loss_evidence-0.0000(0.0000) loss_query_diversity-0.0043(0.0043) loss_position-0.0000(0.0000) total_loss-0.1412(0.1754) 
[2026-09-20 02:54:31,042]-[trainutils.py line:416]:[EST:    0.72m][Process Time:    0.04s]- Epoch: 14 [1100/1330 ( 83%)]	Losses: ce_loss-0.3258(0.1751) loss_tacl-0.0001(0.0001) loss_sacl-0.0076(0.0079) loss_event-0.0050(0.0060) loss_evidence-0.0000(0.0000) loss_query_diversity-0.0043(0.0043) loss_position-0.0000(0.0000) total_loss-0.3258(0.1751) 
[2026-09-20 02:54:50,302]-[trainutils.py line:416]:[EST:    0.41m][Process Time:    0.05s]- Epoch: 14 [1200/1330 ( 90%)]	Losses: ce_loss-0.1099(0.1749) loss_tacl-0.0001(0.0001) loss_sacl-0.0082(0.0079) loss_event-0.0057(0.0060) loss_evidence-0.0000(0.0000) loss_query_diversity-0.0043(0.0043) loss_position-0.0000(0.0000) total_loss-0.1099(0.1749) 
[2026-09-20 02:55:09,641]-[trainutils.py line:416]:[EST:    0.09m][Process Time:    0.04s]- Epoch: 14 [1300/1330 ( 98%)]	Losses: ce_loss-0.1982(0.1744) loss_tacl-0.0001(0.0001) loss_sacl-0.0079(0.0079) loss_event-0.0060(0.0060) loss_evidence-0.0000(0.0000) loss_query_diversity-0.0043(0.0043) loss_position-0.0000(0.0000) total_loss-0.1982(0.1744) 
[2026-09-20 02:55:15,282]-[trainutils.py line:416]:[EST:   -0.00m][Process Time:    0.04s]- Epoch: 14 [1330/1330 (100%)]	Losses: ce_loss-0.1485(0.1745) loss_tacl-0.0001(0.0001) loss_sacl-0.0084(0.0079) loss_event-0.0074(0.0060) loss_evidence-0.0000(0.0000) loss_query_diversity-0.0043(0.0043) loss_position-0.0000(0.0000) total_loss-0.1485(0.1745) 
[2026-09-20 02:55:15,738]-[train.py line:106]:
-------------- validation epoch 14 -------------- 
[2026-09-20 02:55:16,040]-[trainutils.py line:461]:Test progress:   0/95 
[2026-09-20 02:55:45,608]-[trainutils.py line:461]:Test progress:  95/95 
[2026-09-20 02:55:45,609]-[trainutils.py line:492]:Epoch 14 -           Audio/Counting accuracy: 85.32(436/511) 
[2026-09-20 02:55:45,609]-[trainutils.py line:492]:Epoch 14 -        Audio/Comparative accuracy: 56.27(166/295) 
[2026-09-20 02:55:45,609]-[trainutils.py line:497]:Epoch 14 -                    Audio accuracy: 74.69(602/806) 
[2026-09-20 02:55:45,610]-[trainutils.py line:492]:Epoch 14 -          Visual/Counting accuracy: 83.67(502/600) 
[2026-09-20 02:55:45,610]-[trainutils.py line:492]:Epoch 14 -          Visual/Location accuracy: 88.25(541/613) 
[2026-09-20 02:55:45,610]-[trainutils.py line:497]:Epoch 14 -                   Visual accuracy: 85.99(1043/1213) 
[2026-09-20 02:55:45,610]-[trainutils.py line:492]:Epoch 14 - Audio-Visual/Existential accuracy: 83.03(411/495) 
[2026-09-20 02:55:45,610]-[trainutils.py line:492]:Epoch 14 -    Audio-Visual/Counting accuracy: 76.30(483/633) 
[2026-09-20 02:55:45,611]-[trainutils.py line:492]:Epoch 14 -    Audio-Visual/Location accuracy: 69.20(319/461) 
[2026-09-20 02:55:45,611]-[trainutils.py line:492]:Epoch 14 - Audio-Visual/Comparative accuracy: 63.57(349/549) 
[2026-09-20 02:55:45,611]-[trainutils.py line:492]:Epoch 14 -    Audio-Visual/Temporal accuracy: 73.72(303/411) 
[2026-09-20 02:55:45,611]-[trainutils.py line:497]:Epoch 14 -             Audio-Visual accuracy: 73.17(1865/2549) 
[2026-09-20 02:55:45,611]-[trainutils.py line:501]:Epoch 14 -                    Total accuracy: 76.84(3510/4568) 
[2026-09-20 02:55:45,950]-[trainutils.py line:461]:Test progress:   0/95 
[2026-09-20 02:56:15,052]-[trainutils.py line:461]:Test progress:  95/95 
[2026-09-20 02:56:15,052]-[trainutils.py line:492]:Epoch 14 -           Audio/Counting accuracy: 86.69(443/511) 
[2026-09-20 02:56:15,052]-[trainutils.py line:492]:Epoch 14 -        Audio/Comparative accuracy: 56.95(168/295) 
[2026-09-20 02:56:15,052]-[trainutils.py line:497]:Epoch 14 -                    Audio accuracy: 75.81(611/806) 
[2026-09-20 02:56:15,053]-[trainutils.py line:492]:Epoch 14 -          Visual/Counting accuracy: 84.33(506/600) 
[2026-09-20 02:56:15,053]-[trainutils.py line:492]:Epoch 14 -          Visual/Location accuracy: 88.91(545/613) 
[2026-09-20 02:56:15,053]-[trainutils.py line:497]:Epoch 14 -                   Visual accuracy: 86.64(1051/1213) 
[2026-09-20 02:56:15,053]-[trainutils.py line:492]:Epoch 14 - Audio-Visual/Existential accuracy: 82.83(410/495) 
[2026-09-20 02:56:15,054]-[trainutils.py line:492]:Epoch 14 -    Audio-Visual/Counting accuracy: 77.25(489/633) 
[2026-09-20 02:56:15,054]-[trainutils.py line:492]:Epoch 14 -    Audio-Visual/Location accuracy: 69.20(319/461) 
[2026-09-20 02:56:15,054]-[trainutils.py line:492]:Epoch 14 - Audio-Visual/Comparative accuracy: 63.39(348/549) 
[2026-09-20 02:56:15,054]-[trainutils.py line:492]:Epoch 14 -    Audio-Visual/Temporal accuracy: 73.97(304/411) 
[2026-09-20 02:56:15,054]-[trainutils.py line:497]:Epoch 14 -             Audio-Visual accuracy: 73.36(1870/2549) 
[2026-09-20 02:56:15,054]-[trainutils.py line:501]:Epoch 14 -                    Total accuracy: 77.32(3532/4568) 
[2026-09-20 02:56:15,055]-[train.py line:167]:Epoch 14 done with 77.32 and loss 0.69531. 
[2026-09-20 02:56:15,055]-[train.py line:168]:At epoch10 best acc: 78.15. 
[2026-09-20 02:56:15,055]-[train.py line:102]:
-------------- training epoch 15 -------------- 
[2026-09-20 02:56:15,249]-[trainutils.py line:416]:[EST:    4.18m][Process Time:    0.04s]- Epoch: 15 [0000/1330 (  0%)]	Losses: ce_loss-0.0666(0.0666) loss_tacl-0.0001(0.0001) loss_sacl-0.0079(0.0079) loss_event-0.0066(0.0066) loss_evidence-0.0000(0.0000) loss_query_diversity-0.0044(0.0044) loss_position-0.0000(0.0000) total_loss-0.0666(0.0666) 
[2026-09-20 02:56:34,118]-[trainutils.py line:416]:[EST:    3.87m][Process Time:    0.05s]- Epoch: 15 [0100/1330 (  8%)]	Losses: ce_loss-0.2284(0.1786) loss_tacl-0.0001(0.0001) loss_sacl-0.0077(0.0079) loss_event-0.0055(0.0059) loss_evidence-0.0000(0.0000) loss_query_diversity-0.0043(0.0043) loss_position-0.0000(0.0000) total_loss-0.2284(0.1786) 
[2026-09-20 02:56:53,142]-[trainutils.py line:416]:[EST:    3.57m][Process Time:    0.04s]- Epoch: 15 [0200/1330 ( 15%)]	Losses: ce_loss-0.1806(0.1723) loss_tacl-0.0001(0.0001) loss_sacl-0.0094(0.0079) loss_event-0.0059(0.0059) loss_evidence-0.0000(0.0000) loss_query_diversity-0.0043(0.0043) loss_position-0.0000(0.0000) total_loss-0.1806(0.1723) 
[2026-09-20 02:57:12,106]-[trainutils.py line:416]:[EST:    3.25m][Process Time:    0.04s]- Epoch: 15 [0300/1330 ( 23%)]	Losses: ce_loss-0.2300(0.1692) loss_tacl-0.0001(0.0001) loss_sacl-0.0076(0.0079) loss_event-0.0059(0.0059) loss_evidence-0.0000(0.0000) loss_query_diversity-0.0043(0.0043) loss_position-0.0000(0.0000) total_loss-0.2300(0.1692) 
[2026-09-20 02:57:30,818]-[trainutils.py line:416]:[EST:    2.93m][Process Time:    0.04s]- Epoch: 15 [0400/1330 ( 30%)]	Losses: ce_loss-0.1545(0.1685) loss_tacl-0.0001(0.0001) loss_sacl-0.0078(0.0079) loss_event-0.0054(0.0059) loss_evidence-0.0000(0.0000) loss_query_diversity-0.0043(0.0043) loss_position-0.0000(0.0000) total_loss-0.1545(0.1685) 
[2026-09-20 02:57:49,528]-[trainutils.py line:416]:[EST:    2.61m][Process Time:    0.04s]- Epoch: 15 [0500/1330 ( 38%)]	Losses: ce_loss-0.1360(0.1681) loss_tacl-0.0001(0.0001) loss_sacl-0.0088(0.0079) loss_event-0.0061(0.0059) loss_evidence-0.0000(0.0000) loss_query_diversity-0.0043(0.0043) loss_position-0.0000(0.0000) total_loss-0.1360(0.1681) 
[2026-09-20 02:58:08,355]-[trainutils.py line:416]:[EST:    2.29m][Process Time:    0.04s]- Epoch: 15 [0600/1330 ( 45%)]	Losses: ce_loss-0.1707(0.1667) loss_tacl-0.0001(0.0001) loss_sacl-0.0084(0.0078) loss_event-0.0064(0.0059) loss_evidence-0.0000(0.0000) loss_query_diversity-0.0043(0.0043) loss_position-0.0000(0.0000) total_loss-0.1707(0.1667) 
[2026-09-20 02:58:27,138]-[trainutils.py line:416]:[EST:    1.98m][Process Time:    0.04s]- Epoch: 15 [0700/1330 ( 53%)]	Losses: ce_loss-0.1593(0.1662) loss_tacl-0.0001(0.0001) loss_sacl-0.0082(0.0078) loss_event-0.0063(0.0059) loss_evidence-0.0000(0.0000) loss_query_diversity-0.0043(0.0043) loss_position-0.0000(0.0000) total_loss-0.1593(0.1662) 
[2026-09-20 02:58:46,260]-[trainutils.py line:416]:[EST:    1.66m][Process Time:    0.04s]- Epoch: 15 [0800/1330 ( 60%)]	Losses: ce_loss-0.2086(0.1654) loss_tacl-0.0001(0.0001) loss_sacl-0.0083(0.0078) loss_event-0.0059(0.0060) loss_evidence-0.0000(0.0000) loss_query_diversity-0.0043(0.0043) loss_position-0.0000(0.0000) total_loss-0.2086(0.1654) 
[2026-09-20 02:59:04,985]-[trainutils.py line:416]:[EST:    1.35m][Process Time:    0.04s]- Epoch: 15 [0900/1330 ( 68%)]	Losses: ce_loss-0.2561(0.1647) loss_tacl-0.0001(0.0001) loss_sacl-0.0069(0.0078) loss_event-0.0066(0.0060) loss_evidence-0.0000(0.0000) loss_query_diversity-0.0043(0.0043) loss_position-0.0000(0.0000) total_loss-0.2561(0.1647) 
[2026-09-20 02:59:23,776]-[trainutils.py line:416]:[EST:    1.03m][Process Time:    0.04s]- Epoch: 15 [1000/1330 ( 75%)]	Losses: ce_loss-0.1127(0.1639) loss_tacl-0.0001(0.0001) loss_sacl-0.0072(0.0078) loss_event-0.0075(0.0060) loss_evidence-0.0000(0.0000) loss_query_diversity-0.0043(0.0043) loss_position-0.0000(0.0000) total_loss-0.1127(0.1639) 
[2026-09-20 02:59:42,648]-[trainutils.py line:416]:[EST:    0.72m][Process Time:    0.06s]- Epoch: 15 [1100/1330 ( 83%)]	Losses: ce_loss-0.1229(0.1631) loss_tacl-0.0001(0.0001) loss_sacl-0.0081(0.0078) loss_event-0.0056(0.0060) loss_evidence-0.0000(0.0000) loss_query_diversity-0.0043(0.0043) loss_position-0.0000(0.0000) total_loss-0.1229(0.1631) 
[2026-09-20 03:00:01,503]-[trainutils.py line:416]:[EST:    0.41m][Process Time:    0.04s]- Epoch: 15 [1200/1330 ( 90%)]	Losses: ce_loss-0.0738(0.1631) loss_tacl-0.0001(0.0001) loss_sacl-0.0080(0.0078) loss_event-0.0056(0.0059) loss_evidence-0.0000(0.0000) loss_query_diversity-0.0043(0.0043) loss_position-0.0000(0.0000) total_loss-0.0738(0.1631) 
[2026-09-20 03:00:20,397]-[trainutils.py line:416]:[EST:    0.09m][Process Time:    0.04s]- Epoch: 15 [1300/1330 ( 98%)]	Losses: ce_loss-0.2596(0.1627) loss_tacl-0.0001(0.0001) loss_sacl-0.0074(0.0078) loss_event-0.0062(0.0059) loss_evidence-0.0000(0.0000) loss_query_diversity-0.0043(0.0043) loss_position-0.0000(0.0000) total_loss-0.2596(0.1627) 
[2026-09-20 03:00:25,922]-[trainutils.py line:416]:[EST:   -0.00m][Process Time:    0.04s]- Epoch: 15 [1330/1330 (100%)]	Losses: ce_loss-0.1327(0.1624) loss_tacl-0.0001(0.0001) loss_sacl-0.0084(0.0078) loss_event-0.0069(0.0059) loss_evidence-0.0000(0.0000) loss_query_diversity-0.0044(0.0043) loss_position-0.0000(0.0000) total_loss-0.1327(0.1624) 
[2026-09-20 03:00:26,370]-[train.py line:106]:
-------------- validation epoch 15 -------------- 
[2026-09-20 03:00:26,676]-[trainutils.py line:461]:Test progress:   0/95 
[2026-09-20 03:00:56,320]-[trainutils.py line:461]:Test progress:  95/95 
[2026-09-20 03:00:56,320]-[trainutils.py line:492]:Epoch 15 -           Audio/Counting accuracy: 85.52(437/511) 
[2026-09-20 03:00:56,321]-[trainutils.py line:492]:Epoch 15 -        Audio/Comparative accuracy: 56.27(166/295) 
[2026-09-20 03:00:56,321]-[trainutils.py line:497]:Epoch 15 -                    Audio accuracy: 74.81(603/806) 
[2026-09-20 03:00:56,321]-[trainutils.py line:492]:Epoch 15 -          Visual/Counting accuracy: 84.33(506/600) 
[2026-09-20 03:00:56,321]-[trainutils.py line:492]:Epoch 15 -          Visual/Location accuracy: 88.74(544/613) 
[2026-09-20 03:00:56,321]-[trainutils.py line:497]:Epoch 15 -                   Visual accuracy: 86.56(1050/1213) 
[2026-09-20 03:00:56,322]-[trainutils.py line:492]:Epoch 15 - Audio-Visual/Existential accuracy: 82.42(408/495) 
[2026-09-20 03:00:56,322]-[trainutils.py line:492]:Epoch 15 -    Audio-Visual/Counting accuracy: 76.46(484/633) 
[2026-09-20 03:00:56,322]-[trainutils.py line:492]:Epoch 15 -    Audio-Visual/Location accuracy: 69.20(319/461) 
[2026-09-20 03:00:56,323]-[trainutils.py line:492]:Epoch 15 - Audio-Visual/Comparative accuracy: 63.75(350/549) 
[2026-09-20 03:00:56,323]-[trainutils.py line:492]:Epoch 15 -    Audio-Visual/Temporal accuracy: 73.48(302/411) 
[2026-09-20 03:00:56,323]-[trainutils.py line:497]:Epoch 15 -             Audio-Visual accuracy: 73.09(1863/2549) 
[2026-09-20 03:00:56,323]-[trainutils.py line:501]:Epoch 15 -                    Total accuracy: 76.97(3516/4568) 
[2026-09-20 03:00:56,666]-[trainutils.py line:461]:Test progress:   0/95 
[2026-09-20 03:01:25,785]-[trainutils.py line:461]:Test progress:  95/95 
[2026-09-20 03:01:25,785]-[trainutils.py line:492]:Epoch 15 -           Audio/Counting accuracy: 86.50(442/511) 
[2026-09-20 03:01:25,786]-[trainutils.py line:492]:Epoch 15 -        Audio/Comparative accuracy: 56.27(166/295) 
[2026-09-20 03:01:25,786]-[trainutils.py line:497]:Epoch 15 -                    Audio accuracy: 75.43(608/806) 
[2026-09-20 03:01:25,786]-[trainutils.py line:492]:Epoch 15 -          Visual/Counting accuracy: 84.00(504/600) 
[2026-09-20 03:01:25,786]-[trainutils.py line:492]:Epoch 15 -          Visual/Location accuracy: 88.74(544/613) 
[2026-09-20 03:01:25,786]-[trainutils.py line:497]:Epoch 15 -                   Visual accuracy: 86.40(1048/1213) 
[2026-09-20 03:01:25,786]-[trainutils.py line:492]:Epoch 15 - Audio-Visual/Existential accuracy: 82.42(408/495) 
[2026-09-20 03:01:25,787]-[trainutils.py line:492]:Epoch 15 -    Audio-Visual/Counting accuracy: 76.94(487/633) 
[2026-09-20 03:01:25,787]-[trainutils.py line:492]:Epoch 15 -    Audio-Visual/Location accuracy: 68.98(318/461) 
[2026-09-20 03:01:25,787]-[trainutils.py line:492]:Epoch 15 - Audio-Visual/Comparative accuracy: 63.93(351/549) 
[2026-09-20 03:01:25,787]-[trainutils.py line:492]:Epoch 15 -    Audio-Visual/Temporal accuracy: 73.97(304/411) 
[2026-09-20 03:01:25,787]-[trainutils.py line:497]:Epoch 15 -             Audio-Visual accuracy: 73.28(1868/2549) 
[2026-09-20 03:01:25,787]-[trainutils.py line:501]:Epoch 15 -                    Total accuracy: 77.15(3524/4568) 
[2026-09-20 03:01:25,791]-[train.py line:167]:Epoch 15 done with 77.15 and loss 0.71875. 
[2026-09-20 03:01:25,791]-[train.py line:168]:At epoch10 best acc: 78.15. 
{
  "overall": 78.15236427320491,
  "audio": 77.54342431761786,
  "visual": 87.38664468260511,
  "audio_visual": 73.95056885052962,
  "av_temporal": 74.93917274939173,
  "position_ratio": 0.0,
  "max_query_share": 0.2576786398263502,
  "eligible_for_test": false,
  "checkpoint": "D:\\model\\qast_ehr_scm_baseline_without_adaptive_position_seed713\\2026-09-20-01-44-18_seed713\\best.pt",
  "config": "D:\\AVQA_experiment\\QA-TIGER2\\QA-TIGER\\reproduce_qast_recent2025_v3_77_24\\experiments\\qast_ehr\\scm_baseline_ablations\\configs\\without_adaptive_position_seed713.py",
  "sha256": "bcfad449143102892563d2d91726a1a2fdb4a4ff443c37bc8fdd7c5a9c94dd2c",
  "counts": {
    "overall": {
      "correct": 3570,
      "total": 4568
    },
    "Audio": {
      "correct": 625,
      "total": 806
    },
    "Visual": {
      "correct": 1060,
      "total": 1213
    },
    "Audio-Visual": {
      "correct": 1885,
      "total": 2549
    },
    "av_temporal": {
      "correct": 308,
      "total": 411
    }
  }
}
Code snapshot saved as D:\model\qast_ehr_scm_baseline_without_patch_grounder_seed713\2026-09-20-03-02-12_seed713\code_snapshot.zip
[2026-09-20 03:02:12,729]-[utils.py line:217]:
-------------- config -------------- 
[2026-09-20 03:02:12,729]-[utils.py line:218]:{
    "standard_protocol": true,
    "run_test_after_training": false,
    "amp": true,
    "gradient_accumulation_steps": 2,
    "distill_logits": null,
    "type": "question_aware",
    "seed": 713,
    "epochs": 15,
    "num_labels": 42,
    "log_interval": 100,
    "output_dir": "D:/model/qast_ehr_scm_baseline_without_patch_grounder_seed713",
    "pretrained_weight": "fixed_features_only",
    "weight": "",
    "data": {
        "root": "D:/AVQA_experiment/QA-TIGER2/QA-TIGER/reproduce_qast_recent2025_v3_77_24",
        "img_size": 336,
        "batch_size": 24,
        "eval_batch_size": 48,
        "num_workers": 0,
        "frame_sample_rate": 1,
        "audios_dir": "D:/data/musicavqa/audio",
        "frames_dir": "D:/data/frames-1fps",
        "train_annot": "D:/AVQA_experiment/QA-TIGER2/QA-TIGER/reproduce_qast_recent2025_v3_77_24/data/annots/music_avqa/music_avqa_train.json",
        "valid_annot": "D:/AVQA_experiment/QA-TIGER2/QA-TIGER/reproduce_qast_recent2025_v3_77_24/data/annots/music_avqa/music_avqa_val.json",
        "test_annot": "D:/AVQA_experiment/QA-TIGER2/QA-TIGER/reproduce_qast_recent2025_v3_77_24/data/annots/music_avqa/music_avqa_test.json",
        "test_annots": null,
        "ans_quelen": "D:/AVQA_experiment/QA-TIGER2/QA-TIGER/reproduce_qast_recent2025_v3_77_24/data/annots/music_avqa/answer2idx.json",
        "audio_feat": "D:/data/musicavqa/vggish",
        "quest_feat": "D:/data/musicavqa/qst_ViT-L14@336px",
        "prompt_feat": "D:/data/musicavqa/qaPrompt_ViT-L14@336px",
        "patch_feat": "D:/data/musicavqa/visual_tome14_60",
        "video_feat": "D:/data/musicavqa/frames_vit"
    },
    "hyper_params": {
        "gpus": "0",
        "model_type": "QAST-EHR-2025",
        "model": {
            "topK": 10,
            "num_experts": 1,
            "audio_dim": 128,
            "video_dim": 768,
            "patch_dim": 1024,
            "question_dim": 768,
            "d_model": 512,
            "num_labels": 42,
            "num_heads": 8,
            "num_temporal_queries": 10,
            "event_scales": [
                3,
                7,
                15
            ],
            "keep_patches": 4,
            "lambda_tacl": 0.035,
            "lambda_sacl": 0.035,
            "lambda_event": 0.03,
            "lambda_evidence": 0.06,
            "lambda_diversity": 0.005,
            "lambda_position": 0.02,
            "aux_warmup_epochs": 3,
            "position_min_strength": 0.05,
            "position_max_strength": 0.1,
            "position_init_strength": 0.07,
            "evidence_margin": 0.2,
            "dropout": 0.1,
            "enable_cmg": true,
            "enable_scm": false,
            "enable_adaptive_position": true,
            "enable_patch_grounder": false
        },
        "optim": {
            "name": "AdamW",
            "lr": 0.0001,
            "new_lr": null,
            "encoder_lr": null,
            "min_lr": 1e-06,
            "weight_decay": 0.0002,
            "betas": [
                0.9,
                0.999
            ],
            "grad_clip": 1.0
        },
        "sched": {
            "name": "cosine",
            "mode": "max",
            "gamma": 0.1,
            "step_size": 6,
            "factor": 0.5,
            "patience": 3,
            "verbose": true,
            "warmup_epochs": 1
        },
        "ema": {
            "enabled": true,
            "decay": 0.999
        }
    },
    "mode": "train",
    "debug": false,
    "output_path": "",
    "cur_rank": 0
} 
[2026-09-20 03:02:12,729]-[utils.py line:219]:
-------------- environment -------------- 
[2026-09-20 03:02:12,729]-[utils.py line:220]:OS version:   
[2026-09-20 03:02:12,730]-[utils.py line:221]:Kernel version: Windows-10-10.0.26200-SP0 
[2026-09-20 03:02:12,730]-[utils.py line:222]:Python version: 3.10.20 
[2026-09-20 03:02:12,730]-[utils.py line:223]:torch version: 2.11.0+cu128 
[2026-09-20 03:02:12,730]-[utils.py line:224]:cuda version: 12.8 
[2026-09-20 03:02:12,732]-[utils.py line:225]:cuDNN version: 91900 
[2026-09-20 03:02:12,732]-[utils.py line:226]:gpu device count: 1 
[2026-09-20 03:02:12,732]-[utils.py line:231]:gpu device 0: NVIDIA GeForce RTX 5070 Laptop GPU - 8.0GB 
[2026-09-20 03:02:12,843]-[train.py line:62]:Standard protocol audit passed: train=31927, val=4568, test=9129; no split overlap; no test-derived distillation. 
[2026-09-20 03:02:15,776]-[utils.py line:204]:
-------------- parameter info -------------- 
[2026-09-20 03:02:15,776]-[utils.py line:205]:num total params: 13922360 
[2026-09-20 03:02:15,776]-[utils.py line:206]:num tunable params: 13922360 
[2026-09-20 03:02:15,776]-[utils.py line:207]:tunable param ratio: 100.00% 
[2026-09-20 03:02:15,776]-[utils.py line:208]:tunable params: 
[2026-09-20 03:02:15,776]-[utils.py line:209]:[
    "module.audio_projection.weight",
    "module.audio_projection.bias",
    "module.video_projection.weight",
    "module.video_projection.bias",
    "module.patch_projection.weight",
    "module.patch_projection.bias",
    "module.question_projection.weight",
    "module.question_projection.bias",
    "module.prompt_projection.weight",
    "module.prompt_projection.bias",
    "module.evidence_router.norms.0.weight",
    "module.evidence_router.norms.0.bias",
    "module.evidence_router.norms.1.weight",
    "module.evidence_router.norms.1.bias",
    "module.evidence_router.norms.2.weight",
    "module.evidence_router.norms.2.bias",
    "module.evidence_router.norms.3.weight",
    "module.evidence_router.norms.3.bias",
    "module.evidence_router.projections.0.weight",
    "module.evidence_router.projections.0.bias",
    "module.evidence_router.projections.1.weight",
    "module.evidence_router.projections.1.bias",
    "module.evidence_router.projections.2.weight",
    "module.evidence_router.projections.2.bias",
    "module.evidence_router.projections.3.weight",
    "module.evidence_router.projections.3.bias",
    "module.evidence_router.question_gate.0.weight",
    "module.evidence_router.question_gate.0.bias",
    "module.evidence_router.question_gate.1.weight",
    "module.evidence_router.question_gate.1.bias",
    "module.evidence_router.question_gate.3.weight",
    "module.evidence_router.question_gate.3.bias",
    "module.evidence_router.refine.0.weight",
    "module.evidence_router.refine.0.bias",
    "module.evidence_router.refine.1.weight",
    "module.evidence_router.refine.1.bias",
    "module.evidence_router.refine.4.weight",
    "module.evidence_router.refine.4.bias",
    "module.evidence_norm.weight",
    "module.evidence_norm.bias",
    "module.event_memory.branches.0.0.weight",
    "module.event_memory.branches.0.0.bias",
    "module.event_memory.branches.0.2.weight",
    "module.event_memory.branches.0.2.bias",
    "module.event_memory.branches.1.0.weight",
    "module.event_memory.branches.1.0.bias",
    "module.event_memory.branches.1.2.weight",
    "module.event_memory.branches.1.2.bias",
    "module.event_memory.branches.2.0.weight",
    "module.event_memory.branches.2.0.bias",
    "module.event_memory.branches.2.2.weight",
    "module.event_memory.branches.2.2.bias",
    "module.event_memory.question_queries.0.weight",
    "module.event_memory.question_queries.0.bias",
    "module.event_memory.question_queries.1.weight",
    "module.event_memory.question_queries.1.bias",
    "module.event_memory.question_queries.2.weight",
    "module.event_memory.question_queries.2.bias",
    "module.event_memory.scale_gate.0.weight",
    "module.event_memory.scale_gate.0.bias",
    "module.event_memory.scale_gate.1.weight",
    "module.event_memory.scale_gate.1.bias",
    "module.event_memory.output_norm.weight",
    "module.event_memory.output_norm.bias",
    "module.adaptive_position.strength_bias",
    "module.adaptive_position.strength_gate.0.weight",
    "module.adaptive_position.strength_gate.0.bias",
    "module.adaptive_position.strength_gate.1.weight",
    "module.adaptive_position.strength_gate.1.bias",
    "module.adaptive_position.audio_projection.weight",
    "module.adaptive_position.audio_projection.bias",
    "module.adaptive_position.motion_projection.weight",
    "module.adaptive_position.motion_projection.bias",
    "module.adaptive_position.question_projection.weight",
    "module.adaptive_position.question_projection.bias",
    "module.adaptive_position.relation_projection.weight",
    "module.adaptive_position.relation_projection.bias",
    "module.adaptive_position.phi.0.weight",
    "module.adaptive_position.phi.0.bias",
    "module.adaptive_position.phi.2.weight",
    "module.adaptive_position.phi.2.bias",
    "module.adaptive_position.phi.3.weight",
    "module.adaptive_position.phi.3.bias",
    "module.adaptive_position.time_gate.weight",
    "module.adaptive_position.time_gate.bias",
    "module.cmg.in_proj_weight",
    "module.cmg.in_proj_bias",
    "module.cmg.out_proj.weight",
    "module.cmg.out_proj.bias",
    "module.cmg_norm.weight",
    "module.cmg_norm.bias",
    "module.temporal_reader.query_tokens",
    "module.temporal_reader.condition.0.weight",
    "module.temporal_reader.condition.0.bias",
    "module.temporal_reader.condition.1.weight",
    "module.temporal_reader.condition.1.bias",
    "module.temporal_reader.attention.in_proj_weight",
    "module.temporal_reader.attention.in_proj_bias",
    "module.temporal_reader.attention.out_proj.weight",
    "module.temporal_reader.attention.out_proj.bias",
    "module.temporal_reader.norm.weight",
    "module.temporal_reader.norm.bias",
    "module.temporal_reader.ffn.0.weight",
    "module.temporal_reader.ffn.0.bias",
    "module.temporal_reader.ffn.3.weight",
    "module.temporal_reader.ffn.3.bias",
    "module.fusion_gate.0.weight",
    "module.fusion_gate.0.bias",
    "module.fusion_gate.1.weight",
    "module.fusion_gate.1.bias",
    "module.fusion_gate.3.weight",
    "module.fusion_gate.3.bias",
    "module.fusion_refine.0.weight",
    "module.fusion_refine.0.bias",
    "module.fusion_refine.1.weight",
    "module.fusion_refine.1.bias",
    "module.fusion_refine.4.weight",
    "module.fusion_refine.4.bias",
    "module.fusion_refine.5.weight",
    "module.fusion_refine.5.bias",
    "module.answer_head.weight",
    "module.answer_head.bias"
] 
[2026-09-20 03:02:15,777]-[trainutils.py line:220]:
-------------- optimizer info -------------- 
[2026-09-20 03:02:15,777]-[trainutils.py line:221]:Learning rate: 0.0001 
[2026-09-20 03:02:15,777]-[trainutils.py line:222]:Betas: (0.9, 0.999) 
[2026-09-20 03:02:15,777]-[trainutils.py line:223]:Eps: 1e-08 
[2026-09-20 03:02:15,777]-[trainutils.py line:224]:Weight decay: 0.0002 
[2026-09-20 03:02:15,789]-[train.py line:102]:
-------------- training epoch 1 -------------- 
[2026-09-20 03:02:16,732]-[trainutils.py line:416]:[EST:   20.84m][Process Time:    0.78s]- Epoch: 1 [0000/1330 (  0%)]	Losses: ce_loss-3.9500(3.9500) loss_tacl-0.0000(0.0000) loss_sacl-0.0112(0.0112) loss_event-0.0106(0.0106) loss_evidence-0.0117(0.0117) loss_query_diversity-0.0044(0.0044) loss_position-0.0000(0.0000) total_loss-3.9500(3.9500) 
[2026-09-20 03:02:36,230]-[trainutils.py line:416]:[EST:    4.14m][Process Time:    0.04s]- Epoch: 1 [0100/1330 (  8%)]	Losses: ce_loss-3.3270(3.6501) loss_tacl-0.0000(0.0000) loss_sacl-0.0113(0.0113) loss_event-0.0107(0.0106) loss_evidence-0.0082(0.0108) loss_query_diversity-0.0044(0.0044) loss_position-0.0000(0.0000) total_loss-3.3270(3.6501) 
[2026-09-20 03:02:55,470]-[trainutils.py line:416]:[EST:    3.71m][Process Time:    0.04s]- Epoch: 1 [0200/1330 ( 15%)]	Losses: ce_loss-2.7466(3.4133) loss_tacl-0.0000(0.0000) loss_sacl-0.0112(0.0113) loss_event-0.0098(0.0105) loss_evidence-0.0131(0.0107) loss_query_diversity-0.0044(0.0044) loss_position-0.0000(0.0000) total_loss-2.7466(3.4133) 
[2026-09-20 03:03:15,272]-[trainutils.py line:416]:[EST:    3.39m][Process Time:    0.06s]- Epoch: 1 [0300/1330 ( 23%)]	Losses: ce_loss-2.8647(3.2196) loss_tacl-0.0000(0.0000) loss_sacl-0.0113(0.0113) loss_event-0.0103(0.0103) loss_evidence-0.0088(0.0105) loss_query_diversity-0.0044(0.0044) loss_position-0.0000(0.0000) total_loss-2.8647(3.2196) 
[2026-09-20 03:03:34,686]-[trainutils.py line:416]:[EST:    3.05m][Process Time:    0.04s]- Epoch: 1 [0400/1330 ( 30%)]	Losses: ce_loss-2.3208(3.0918) loss_tacl-0.0000(0.0000) loss_sacl-0.0114(0.0113) loss_event-0.0098(0.0101) loss_evidence-0.0068(0.0099) loss_query_diversity-0.0044(0.0044) loss_position-0.0000(0.0000) total_loss-2.3208(3.0918) 
[2026-09-20 03:03:54,233]-[trainutils.py line:416]:[EST:    2.71m][Process Time:    0.04s]- Epoch: 1 [0500/1330 ( 38%)]	Losses: ce_loss-2.7014(2.9832) loss_tacl-0.0000(0.0000) loss_sacl-0.0112(0.0113) loss_event-0.0093(0.0099) loss_evidence-0.0075(0.0080) loss_query_diversity-0.0044(0.0044) loss_position-0.0000(0.0000) total_loss-2.7014(2.9832) 
[2026-09-20 03:04:13,619]-[trainutils.py line:416]:[EST:    2.38m][Process Time:    0.05s]- Epoch: 1 [0600/1330 ( 45%)]	Losses: ce_loss-2.3806(2.9050) loss_tacl-0.0000(0.0000) loss_sacl-0.0113(0.0113) loss_event-0.0090(0.0098) loss_evidence-0.0077(0.0067) loss_query_diversity-0.0044(0.0044) loss_position-0.0000(0.0000) total_loss-2.3806(2.9050) 
[2026-09-20 03:04:32,850]-[trainutils.py line:416]:[EST:    2.05m][Process Time:    0.04s]- Epoch: 1 [0700/1330 ( 53%)]	Losses: ce_loss-2.5857(2.8400) loss_tacl-0.0000(0.0000) loss_sacl-0.0115(0.0113) loss_event-0.0090(0.0097) loss_evidence-0.0092(0.0057) loss_query_diversity-0.0044(0.0044) loss_position-0.0000(0.0000) total_loss-2.5857(2.8400) 
[2026-09-20 03:04:51,904]-[trainutils.py line:416]:[EST:    1.72m][Process Time:    0.04s]- Epoch: 1 [0800/1330 ( 60%)]	Losses: ce_loss-2.5167(2.7788) loss_tacl-0.0000(0.0000) loss_sacl-0.0113(0.0113) loss_event-0.0082(0.0096) loss_evidence-0.0064(0.0050) loss_query_diversity-0.0044(0.0044) loss_position-0.0000(0.0000) total_loss-2.5167(2.7788) 
[2026-09-20 03:05:11,011]-[trainutils.py line:416]:[EST:    1.39m][Process Time:    0.05s]- Epoch: 1 [0900/1330 ( 68%)]	Losses: ce_loss-1.8121(2.7186) loss_tacl-0.0000(0.0000) loss_sacl-0.0113(0.0113) loss_event-0.0093(0.0095) loss_evidence-0.0010(0.0044) loss_query_diversity-0.0044(0.0044) loss_position-0.0000(0.0000) total_loss-1.8121(2.7186) 
[2026-09-20 03:05:30,113]-[trainutils.py line:416]:[EST:    1.06m][Process Time:    0.04s]- Epoch: 1 [1000/1330 ( 75%)]	Losses: ce_loss-2.4389(2.6702) loss_tacl-0.0000(0.0000) loss_sacl-0.0114(0.0113) loss_event-0.0087(0.0094) loss_evidence-0.0066(0.0040) loss_query_diversity-0.0044(0.0044) loss_position-0.0000(0.0000) total_loss-2.4389(2.6702) 
[2026-09-20 03:05:49,399]-[trainutils.py line:416]:[EST:    0.74m][Process Time:    0.04s]- Epoch: 1 [1100/1330 ( 83%)]	Losses: ce_loss-2.2202(2.6228) loss_tacl-0.0000(0.0000) loss_sacl-0.0113(0.0113) loss_event-0.0087(0.0093) loss_evidence-0.0063(0.0036) loss_query_diversity-0.0044(0.0044) loss_position-0.0000(0.0000) total_loss-2.2202(2.6228) 
[2026-09-20 03:06:08,725]-[trainutils.py line:416]:[EST:    0.42m][Process Time:    0.04s]- Epoch: 1 [1200/1330 ( 90%)]	Losses: ce_loss-1.9865(2.5788) loss_tacl-0.0000(0.0000) loss_sacl-0.0113(0.0113) loss_event-0.0080(0.0092) loss_evidence-0.0011(0.0033) loss_query_diversity-0.0044(0.0044) loss_position-0.0000(0.0000) total_loss-1.9865(2.5788) 
[2026-09-20 03:06:28,120]-[trainutils.py line:416]:[EST:    0.09m][Process Time:    0.06s]- Epoch: 1 [1300/1330 ( 98%)]	Losses: ce_loss-2.4916(2.5357) loss_tacl-0.0000(0.0000) loss_sacl-0.0113(0.0113) loss_event-0.0083(0.0092) loss_evidence-0.0105(0.0031) loss_query_diversity-0.0044(0.0044) loss_position-0.0000(0.0000) total_loss-2.4916(2.5357) 
[2026-09-20 03:06:33,818]-[trainutils.py line:416]:[EST:   -0.00m][Process Time:    0.07s]- Epoch: 1 [1330/1330 (100%)]	Losses: ce_loss-1.1712(2.5209) loss_tacl-0.0000(0.0000) loss_sacl-0.0112(0.0113) loss_event-0.0080(0.0091) loss_evidence-0.0000(0.0030) loss_query_diversity-0.0044(0.0044) loss_position-0.0000(0.0000) total_loss-1.1712(2.5209) 
[2026-09-20 03:06:34,335]-[train.py line:106]:
-------------- validation epoch 1 -------------- 
[2026-09-20 03:06:34,718]-[trainutils.py line:461]:Test progress:   0/95 
[2026-09-20 03:07:04,859]-[trainutils.py line:461]:Test progress:  95/95 
[2026-09-20 03:07:04,859]-[trainutils.py line:492]:Epoch 1 -           Audio/Counting accuracy: 68.10(348/511) 
[2026-09-20 03:07:04,859]-[trainutils.py line:492]:Epoch 1 -        Audio/Comparative accuracy: 50.17(148/295) 
[2026-09-20 03:07:04,859]-[trainutils.py line:497]:Epoch 1 -                    Audio accuracy: 61.54(496/806) 
[2026-09-20 03:07:04,859]-[trainutils.py line:492]:Epoch 1 -          Visual/Counting accuracy: 56.67(340/600) 
[2026-09-20 03:07:04,859]-[trainutils.py line:492]:Epoch 1 -          Visual/Location accuracy: 16.80(103/613) 
[2026-09-20 03:07:04,859]-[trainutils.py line:497]:Epoch 1 -                   Visual accuracy: 36.52(443/1213) 
[2026-09-20 03:07:04,859]-[trainutils.py line:492]:Epoch 1 - Audio-Visual/Existential accuracy: 78.79(390/495) 
[2026-09-20 03:07:04,859]-[trainutils.py line:492]:Epoch 1 -    Audio-Visual/Counting accuracy: 43.92(278/633) 
[2026-09-20 03:07:04,859]-[trainutils.py line:492]:Epoch 1 -    Audio-Visual/Location accuracy: 18.00(83/461) 
[2026-09-20 03:07:04,859]-[trainutils.py line:492]:Epoch 1 - Audio-Visual/Comparative accuracy: 56.47(310/549) 
[2026-09-20 03:07:04,859]-[trainutils.py line:492]:Epoch 1 -    Audio-Visual/Temporal accuracy: 0.00(0/411) 
[2026-09-20 03:07:04,859]-[trainutils.py line:497]:Epoch 1 -             Audio-Visual accuracy: 41.62(1061/2549) 
[2026-09-20 03:07:04,859]-[trainutils.py line:501]:Epoch 1 -                    Total accuracy: 43.78(2000/4568) 
[2026-09-20 03:07:04,884]-[train.py line:151]:best model saved at epoch 1 with acc 43.78283712784589 (raw) 
[2026-09-20 03:07:04,930]-[train.py line:167]:Epoch 1 done with 43.78 and loss 1.92969. 
[2026-09-20 03:07:04,930]-[train.py line:168]:At epoch1 best acc: 43.78. 
[2026-09-20 03:07:04,930]-[train.py line:102]:
-------------- training epoch 2 -------------- 
[2026-09-20 03:07:05,126]-[trainutils.py line:416]:[EST:    4.34m][Process Time:    0.04s]- Epoch: 2 [0000/1330 (  0%)]	Losses: ce_loss-2.1236(2.1236) loss_tacl-0.0001(0.0001) loss_sacl-0.0227(0.0227) loss_event-0.0086(0.0086) loss_evidence-0.0070(0.0070) loss_query_diversity-0.0044(0.0044) loss_position-0.0000(0.0000) total_loss-2.1236(2.1236) 
[2026-09-20 03:07:24,090]-[trainutils.py line:416]:[EST:    3.89m][Process Time:    0.06s]- Epoch: 2 [0100/1330 (  8%)]	Losses: ce_loss-1.0749(1.5194) loss_tacl-0.0001(0.0001) loss_sacl-0.0219(0.0224) loss_event-0.0077(0.0070) loss_evidence-0.0011(0.0017) loss_query_diversity-0.0044(0.0044) loss_position-0.0000(0.0000) total_loss-1.0749(1.5194) 
[2026-09-20 03:07:43,394]-[trainutils.py line:416]:[EST:    3.60m][Process Time:    0.04s]- Epoch: 2 [0200/1330 ( 15%)]	Losses: ce_loss-0.8603(1.2905) loss_tacl-0.0001(0.0001) loss_sacl-0.0198(0.0217) loss_event-0.0074(0.0075) loss_evidence-0.0000(0.0013) loss_query_diversity-0.0044(0.0044) loss_position-0.0000(0.0000) total_loss-0.8603(1.2905) 
[2026-09-20 03:08:02,487]-[trainutils.py line:416]:[EST:    3.28m][Process Time:    0.07s]- Epoch: 2 [0300/1330 ( 23%)]	Losses: ce_loss-1.0390(1.1999) loss_tacl-0.0001(0.0001) loss_sacl-0.0193(0.0209) loss_event-0.0062(0.0073) loss_evidence-0.0000(0.0011) loss_query_diversity-0.0044(0.0044) loss_position-0.0000(0.0000) total_loss-1.0390(1.1999) 
[2026-09-20 03:08:21,665]-[trainutils.py line:416]:[EST:    2.96m][Process Time:    0.05s]- Epoch: 2 [0400/1330 ( 30%)]	Losses: ce_loss-1.2987(1.1415) loss_tacl-0.0001(0.0001) loss_sacl-0.0180(0.0203) loss_event-0.0072(0.0073) loss_evidence-0.0002(0.0009) loss_query_diversity-0.0044(0.0044) loss_position-0.0000(0.0000) total_loss-1.2987(1.1415) 
[2026-09-20 03:08:41,083]-[trainutils.py line:416]:[EST:    2.65m][Process Time:    0.05s]- Epoch: 2 [0500/1330 ( 38%)]	Losses: ce_loss-0.8448(1.0946) loss_tacl-0.0001(0.0001) loss_sacl-0.0166(0.0197) loss_event-0.0081(0.0072) loss_evidence-0.0000(0.0008) loss_query_diversity-0.0044(0.0044) loss_position-0.0000(0.0000) total_loss-0.8448(1.0946) 
[2026-09-20 03:09:00,486]-[trainutils.py line:416]:[EST:    2.34m][Process Time:    0.04s]- Epoch: 2 [0600/1330 ( 45%)]	Losses: ce_loss-0.8587(1.0567) loss_tacl-0.0001(0.0001) loss_sacl-0.0158(0.0192) loss_event-0.0059(0.0070) loss_evidence-0.0000(0.0007) loss_query_diversity-0.0044(0.0044) loss_position-0.0000(0.0000) total_loss-0.8587(1.0567) 
[2026-09-20 03:09:20,034]-[trainutils.py line:416]:[EST:    2.02m][Process Time:    0.04s]- Epoch: 2 [0700/1330 ( 53%)]	Losses: ce_loss-0.7918(1.0279) loss_tacl-0.0001(0.0001) loss_sacl-0.0162(0.0187) loss_event-0.0047(0.0069) loss_evidence-0.0000(0.0007) loss_query_diversity-0.0044(0.0044) loss_position-0.0000(0.0000) total_loss-0.7918(1.0279) 
[2026-09-20 03:09:39,542]-[trainutils.py line:416]:[EST:    1.70m][Process Time:    0.04s]- Epoch: 2 [0800/1330 ( 60%)]	Losses: ce_loss-0.9429(1.0004) loss_tacl-0.0001(0.0001) loss_sacl-0.0149(0.0183) loss_event-0.0058(0.0068) loss_evidence-0.0002(0.0006) loss_query_diversity-0.0044(0.0044) loss_position-0.0000(0.0000) total_loss-0.9429(1.0004) 
[2026-09-20 03:09:59,037]-[trainutils.py line:416]:[EST:    1.38m][Process Time:    0.04s]- Epoch: 2 [0900/1330 ( 68%)]	Losses: ce_loss-0.5006(0.9769) loss_tacl-0.0001(0.0001) loss_sacl-0.0147(0.0179) loss_event-0.0048(0.0067) loss_evidence-0.0000(0.0006) loss_query_diversity-0.0044(0.0044) loss_position-0.0000(0.0000) total_loss-0.5006(0.9769) 
[2026-09-20 03:10:19,255]-[trainutils.py line:416]:[EST:    1.06m][Process Time:    0.06s]- Epoch: 2 [1000/1330 ( 75%)]	Losses: ce_loss-0.8608(0.9602) loss_tacl-0.0001(0.0001) loss_sacl-0.0145(0.0176) loss_event-0.0050(0.0066) loss_evidence-0.0001(0.0005) loss_query_diversity-0.0044(0.0044) loss_position-0.0000(0.0000) total_loss-0.8608(0.9602) 
[2026-09-20 03:10:38,721]-[trainutils.py line:416]:[EST:    0.74m][Process Time:    0.04s]- Epoch: 2 [1100/1330 ( 83%)]	Losses: ce_loss-0.7333(0.9433) loss_tacl-0.0001(0.0001) loss_sacl-0.0144(0.0173) loss_event-0.0055(0.0065) loss_evidence-0.0000(0.0005) loss_query_diversity-0.0044(0.0044) loss_position-0.0000(0.0000) total_loss-0.7333(0.9433) 
[2026-09-20 03:10:58,691]-[trainutils.py line:416]:[EST:    0.42m][Process Time:    0.06s]- Epoch: 2 [1200/1330 ( 90%)]	Losses: ce_loss-0.7091(0.9283) loss_tacl-0.0001(0.0001) loss_sacl-0.0131(0.0170) loss_event-0.0065(0.0064) loss_evidence-0.0000(0.0004) loss_query_diversity-0.0044(0.0044) loss_position-0.0000(0.0000) total_loss-0.7091(0.9283) 
[2026-09-20 03:11:18,416]-[trainutils.py line:416]:[EST:    0.09m][Process Time:    0.04s]- Epoch: 2 [1300/1330 ( 98%)]	Losses: ce_loss-0.9413(0.9166) loss_tacl-0.0001(0.0001) loss_sacl-0.0140(0.0167) loss_event-0.0041(0.0064) loss_evidence-0.0000(0.0004) loss_query_diversity-0.0043(0.0044) loss_position-0.0000(0.0000) total_loss-0.9413(0.9166) 
[2026-09-20 03:11:24,199]-[trainutils.py line:416]:[EST:   -0.00m][Process Time:    0.04s]- Epoch: 2 [1330/1330 (100%)]	Losses: ce_loss-0.5994(0.9122) loss_tacl-0.0001(0.0001) loss_sacl-0.0135(0.0166) loss_event-0.0044(0.0063) loss_evidence-0.0000(0.0004) loss_query_diversity-0.0044(0.0044) loss_position-0.0000(0.0000) total_loss-0.5994(0.9122) 
[2026-09-20 03:11:24,681]-[train.py line:106]:
-------------- validation epoch 2 -------------- 
[2026-09-20 03:11:25,022]-[trainutils.py line:461]:Test progress:   0/95 
[2026-09-20 03:11:55,117]-[trainutils.py line:461]:Test progress:  95/95 
[2026-09-20 03:11:55,117]-[trainutils.py line:492]:Epoch 2 -           Audio/Counting accuracy: 77.30(395/511) 
[2026-09-20 03:11:55,118]-[trainutils.py line:492]:Epoch 2 -        Audio/Comparative accuracy: 50.51(149/295) 
[2026-09-20 03:11:55,118]-[trainutils.py line:497]:Epoch 2 -                    Audio accuracy: 67.49(544/806) 
[2026-09-20 03:11:55,118]-[trainutils.py line:492]:Epoch 2 -          Visual/Counting accuracy: 72.50(435/600) 
[2026-09-20 03:11:55,118]-[trainutils.py line:492]:Epoch 2 -          Visual/Location accuracy: 78.47(481/613) 
[2026-09-20 03:11:55,118]-[trainutils.py line:497]:Epoch 2 -                   Visual accuracy: 75.52(916/1213) 
[2026-09-20 03:11:55,119]-[trainutils.py line:492]:Epoch 2 - Audio-Visual/Existential accuracy: 80.81(400/495) 
[2026-09-20 03:11:55,119]-[trainutils.py line:492]:Epoch 2 -    Audio-Visual/Counting accuracy: 66.19(419/633) 
[2026-09-20 03:11:55,119]-[trainutils.py line:492]:Epoch 2 -    Audio-Visual/Location accuracy: 58.57(270/461) 
[2026-09-20 03:11:55,119]-[trainutils.py line:492]:Epoch 2 - Audio-Visual/Comparative accuracy: 53.55(294/549) 
[2026-09-20 03:11:55,119]-[trainutils.py line:492]:Epoch 2 -    Audio-Visual/Temporal accuracy: 66.67(274/411) 
[2026-09-20 03:11:55,119]-[trainutils.py line:497]:Epoch 2 -             Audio-Visual accuracy: 65.01(1657/2549) 
[2026-09-20 03:11:55,120]-[trainutils.py line:501]:Epoch 2 -                    Total accuracy: 68.24(3117/4568) 
[2026-09-20 03:11:55,468]-[trainutils.py line:461]:Test progress:   0/95 
[2026-09-20 03:12:25,027]-[trainutils.py line:461]:Test progress:  95/95 
[2026-09-20 03:12:25,028]-[trainutils.py line:492]:Epoch 2 -           Audio/Counting accuracy: 74.17(379/511) 
[2026-09-20 03:12:25,029]-[trainutils.py line:492]:Epoch 2 -        Audio/Comparative accuracy: 60.00(177/295) 
[2026-09-20 03:12:25,029]-[trainutils.py line:497]:Epoch 2 -                    Audio accuracy: 68.98(556/806) 
[2026-09-20 03:12:25,029]-[trainutils.py line:492]:Epoch 2 -          Visual/Counting accuracy: 65.17(391/600) 
[2026-09-20 03:12:25,029]-[trainutils.py line:492]:Epoch 2 -          Visual/Location accuracy: 76.84(471/613) 
[2026-09-20 03:12:25,029]-[trainutils.py line:497]:Epoch 2 -                   Visual accuracy: 71.06(862/1213) 
[2026-09-20 03:12:25,029]-[trainutils.py line:492]:Epoch 2 - Audio-Visual/Existential accuracy: 80.40(398/495) 
[2026-09-20 03:12:25,029]-[trainutils.py line:492]:Epoch 2 -    Audio-Visual/Counting accuracy: 66.51(421/633) 
[2026-09-20 03:12:25,029]-[trainutils.py line:492]:Epoch 2 -    Audio-Visual/Location accuracy: 58.13(268/461) 
[2026-09-20 03:12:25,029]-[trainutils.py line:492]:Epoch 2 - Audio-Visual/Comparative accuracy: 57.19(314/549) 
[2026-09-20 03:12:25,029]-[trainutils.py line:492]:Epoch 2 -    Audio-Visual/Temporal accuracy: 67.64(278/411) 
[2026-09-20 03:12:25,029]-[trainutils.py line:497]:Epoch 2 -             Audio-Visual accuracy: 65.87(1679/2549) 
[2026-09-20 03:12:25,029]-[trainutils.py line:501]:Epoch 2 -                    Total accuracy: 67.80(3097/4568) 
[2026-09-20 03:12:25,055]-[train.py line:151]:best model saved at epoch 2 with acc 68.23555166374781 (raw) 
[2026-09-20 03:12:25,096]-[train.py line:167]:Epoch 2 done with 68.24 and loss 0.76172. 
[2026-09-20 03:12:25,096]-[train.py line:168]:At epoch2 best acc: 68.24. 
[2026-09-20 03:12:25,099]-[train.py line:102]:
-------------- training epoch 3 -------------- 
[2026-09-20 03:12:25,311]-[trainutils.py line:416]:[EST:    4.65m][Process Time:    0.06s]- Epoch: 3 [0000/1330 (  0%)]	Losses: ce_loss-0.4485(0.4485) loss_tacl-0.0001(0.0001) loss_sacl-0.0194(0.0194) loss_event-0.0064(0.0064) loss_evidence-0.0000(0.0000) loss_query_diversity-0.0044(0.0044) loss_position-0.0000(0.0000) total_loss-0.4485(0.4485) 
[2026-09-20 03:12:44,866]-[trainutils.py line:416]:[EST:    4.01m][Process Time:    0.06s]- Epoch: 3 [0100/1330 (  8%)]	Losses: ce_loss-0.7281(0.6830) loss_tacl-0.0001(0.0001) loss_sacl-0.0182(0.0199) loss_event-0.0044(0.0052) loss_evidence-0.0000(0.0002) loss_query_diversity-0.0044(0.0044) loss_position-0.0000(0.0000) total_loss-0.7281(0.6830) 
[2026-09-20 03:13:04,518]-[trainutils.py line:416]:[EST:    3.69m][Process Time:    0.06s]- Epoch: 3 [0200/1330 ( 15%)]	Losses: ce_loss-0.5764(0.6862) loss_tacl-0.0001(0.0001) loss_sacl-0.0194(0.0195) loss_event-0.0059(0.0054) loss_evidence-0.0000(0.0002) loss_query_diversity-0.0044(0.0044) loss_position-0.0000(0.0000) total_loss-0.5764(0.6862) 
[2026-09-20 03:13:24,053]-[trainutils.py line:416]:[EST:    3.36m][Process Time:    0.04s]- Epoch: 3 [0300/1330 ( 23%)]	Losses: ce_loss-0.5776(0.6800) loss_tacl-0.0001(0.0001) loss_sacl-0.0179(0.0190) loss_event-0.0055(0.0053) loss_evidence-0.0000(0.0002) loss_query_diversity-0.0044(0.0044) loss_position-0.0000(0.0000) total_loss-0.5776(0.6800) 
[2026-09-20 03:13:44,144]-[trainutils.py line:416]:[EST:    3.05m][Process Time:    0.06s]- Epoch: 3 [0400/1330 ( 30%)]	Losses: ce_loss-0.5190(0.6798) loss_tacl-0.0001(0.0001) loss_sacl-0.0169(0.0186) loss_event-0.0054(0.0052) loss_evidence-0.0000(0.0002) loss_query_diversity-0.0044(0.0044) loss_position-0.0000(0.0000) total_loss-0.5190(0.6798) 
[2026-09-20 03:14:03,891]-[trainutils.py line:416]:[EST:    2.72m][Process Time:    0.06s]- Epoch: 3 [0500/1330 ( 38%)]	Losses: ce_loss-0.6108(0.6816) loss_tacl-0.0001(0.0001) loss_sacl-0.0179(0.0184) loss_event-0.0057(0.0052) loss_evidence-0.0010(0.0002) loss_query_diversity-0.0044(0.0044) loss_position-0.0000(0.0000) total_loss-0.6108(0.6816) 
[2026-09-20 03:14:23,575]-[trainutils.py line:416]:[EST:    2.40m][Process Time:    0.04s]- Epoch: 3 [0600/1330 ( 45%)]	Losses: ce_loss-0.4943(0.6807) loss_tacl-0.0001(0.0001) loss_sacl-0.0180(0.0182) loss_event-0.0065(0.0052) loss_evidence-0.0000(0.0002) loss_query_diversity-0.0044(0.0044) loss_position-0.0000(0.0000) total_loss-0.4943(0.6807) 
[2026-09-20 03:14:43,051]-[trainutils.py line:416]:[EST:    2.06m][Process Time:    0.05s]- Epoch: 3 [0700/1330 ( 53%)]	Losses: ce_loss-0.6818(0.6825) loss_tacl-0.0001(0.0001) loss_sacl-0.0169(0.0180) loss_event-0.0055(0.0052) loss_evidence-0.0000(0.0002) loss_query_diversity-0.0043(0.0044) loss_position-0.0000(0.0000) total_loss-0.6818(0.6825) 
[2026-09-20 03:15:02,413]-[trainutils.py line:416]:[EST:    1.73m][Process Time:    0.04s]- Epoch: 3 [0800/1330 ( 60%)]	Losses: ce_loss-0.8578(0.6835) loss_tacl-0.0001(0.0001) loss_sacl-0.0165(0.0178) loss_event-0.0053(0.0051) loss_evidence-0.0033(0.0002) loss_query_diversity-0.0044(0.0044) loss_position-0.0000(0.0000) total_loss-0.8578(0.6835) 
[2026-09-20 03:15:21,896]-[trainutils.py line:416]:[EST:    1.40m][Process Time:    0.04s]- Epoch: 3 [0900/1330 ( 68%)]	Losses: ce_loss-0.8005(0.6832) loss_tacl-0.0001(0.0001) loss_sacl-0.0159(0.0176) loss_event-0.0070(0.0051) loss_evidence-0.0000(0.0002) loss_query_diversity-0.0043(0.0044) loss_position-0.0000(0.0000) total_loss-0.8005(0.6832) 
[2026-09-20 03:15:41,869]-[trainutils.py line:416]:[EST:    1.08m][Process Time:    0.06s]- Epoch: 3 [1000/1330 ( 75%)]	Losses: ce_loss-0.4703(0.6832) loss_tacl-0.0001(0.0001) loss_sacl-0.0158(0.0175) loss_event-0.0043(0.0051) loss_evidence-0.0002(0.0002) loss_query_diversity-0.0044(0.0044) loss_position-0.0000(0.0000) total_loss-0.4703(0.6832) 
[2026-09-20 03:16:02,059]-[trainutils.py line:416]:[EST:    0.75m][Process Time:    0.04s]- Epoch: 3 [1100/1330 ( 83%)]	Losses: ce_loss-0.4901(0.6781) loss_tacl-0.0001(0.0001) loss_sacl-0.0159(0.0173) loss_event-0.0055(0.0051) loss_evidence-0.0000(0.0002) loss_query_diversity-0.0044(0.0044) loss_position-0.0000(0.0000) total_loss-0.4901(0.6781) 
[2026-09-20 03:16:21,924]-[trainutils.py line:416]:[EST:    0.42m][Process Time:    0.06s]- Epoch: 3 [1200/1330 ( 90%)]	Losses: ce_loss-0.3655(0.6765) loss_tacl-0.0001(0.0001) loss_sacl-0.0150(0.0172) loss_event-0.0054(0.0051) loss_evidence-0.0000(0.0002) loss_query_diversity-0.0043(0.0044) loss_position-0.0000(0.0000) total_loss-0.3655(0.6765) 
[2026-09-20 03:16:41,881]-[trainutils.py line:416]:[EST:    0.10m][Process Time:    0.04s]- Epoch: 3 [1300/1330 ( 98%)]	Losses: ce_loss-0.5763(0.6748) loss_tacl-0.0001(0.0001) loss_sacl-0.0145(0.0170) loss_event-0.0051(0.0051) loss_evidence-0.0000(0.0002) loss_query_diversity-0.0043(0.0044) loss_position-0.0000(0.0000) total_loss-0.5763(0.6748) 
[2026-09-20 03:16:47,780]-[trainutils.py line:416]:[EST:   -0.00m][Process Time:    0.04s]- Epoch: 3 [1330/1330 (100%)]	Losses: ce_loss-0.3719(0.6748) loss_tacl-0.0001(0.0001) loss_sacl-0.0172(0.0170) loss_event-0.0051(0.0051) loss_evidence-0.0000(0.0002) loss_query_diversity-0.0044(0.0044) loss_position-0.0000(0.0000) total_loss-0.3719(0.6748) 
[2026-09-20 03:16:48,255]-[train.py line:106]:
-------------- validation epoch 3 -------------- 
[2026-09-20 03:16:48,575]-[trainutils.py line:461]:Test progress:   0/95 
[2026-09-20 03:17:18,469]-[trainutils.py line:461]:Test progress:  95/95 
[2026-09-20 03:17:18,469]-[trainutils.py line:492]:Epoch 3 -           Audio/Counting accuracy: 80.82(413/511) 
[2026-09-20 03:17:18,471]-[trainutils.py line:492]:Epoch 3 -        Audio/Comparative accuracy: 53.22(157/295) 
[2026-09-20 03:17:18,471]-[trainutils.py line:497]:Epoch 3 -                    Audio accuracy: 70.72(570/806) 
[2026-09-20 03:17:18,471]-[trainutils.py line:492]:Epoch 3 -          Visual/Counting accuracy: 75.17(451/600) 
[2026-09-20 03:17:18,472]-[trainutils.py line:492]:Epoch 3 -          Visual/Location accuracy: 81.73(501/613) 
[2026-09-20 03:17:18,472]-[trainutils.py line:497]:Epoch 3 -                   Visual accuracy: 78.48(952/1213) 
[2026-09-20 03:17:18,472]-[trainutils.py line:492]:Epoch 3 - Audio-Visual/Existential accuracy: 81.82(405/495) 
[2026-09-20 03:17:18,472]-[trainutils.py line:492]:Epoch 3 -    Audio-Visual/Counting accuracy: 65.88(417/633) 
[2026-09-20 03:17:18,472]-[trainutils.py line:492]:Epoch 3 -    Audio-Visual/Location accuracy: 61.61(284/461) 
[2026-09-20 03:17:18,472]-[trainutils.py line:492]:Epoch 3 - Audio-Visual/Comparative accuracy: 53.55(294/549) 
[2026-09-20 03:17:18,473]-[trainutils.py line:492]:Epoch 3 -    Audio-Visual/Temporal accuracy: 72.75(299/411) 
[2026-09-20 03:17:18,473]-[trainutils.py line:497]:Epoch 3 -             Audio-Visual accuracy: 66.65(1699/2549) 
[2026-09-20 03:17:18,473]-[trainutils.py line:501]:Epoch 3 -                    Total accuracy: 70.51(3221/4568) 
[2026-09-20 03:17:18,813]-[trainutils.py line:461]:Test progress:   0/95 
[2026-09-20 03:17:48,334]-[trainutils.py line:461]:Test progress:  95/95 
[2026-09-20 03:17:48,335]-[trainutils.py line:492]:Epoch 3 -           Audio/Counting accuracy: 77.50(396/511) 
[2026-09-20 03:17:48,336]-[trainutils.py line:492]:Epoch 3 -        Audio/Comparative accuracy: 58.64(173/295) 
[2026-09-20 03:17:48,336]-[trainutils.py line:497]:Epoch 3 -                    Audio accuracy: 70.60(569/806) 
[2026-09-20 03:17:48,336]-[trainutils.py line:492]:Epoch 3 -          Visual/Counting accuracy: 72.17(433/600) 
[2026-09-20 03:17:48,336]-[trainutils.py line:492]:Epoch 3 -          Visual/Location accuracy: 83.52(512/613) 
[2026-09-20 03:17:48,336]-[trainutils.py line:497]:Epoch 3 -                   Visual accuracy: 77.91(945/1213) 
[2026-09-20 03:17:48,337]-[trainutils.py line:492]:Epoch 3 - Audio-Visual/Existential accuracy: 82.42(408/495) 
[2026-09-20 03:17:48,337]-[trainutils.py line:492]:Epoch 3 -    Audio-Visual/Counting accuracy: 69.67(441/633) 
[2026-09-20 03:17:48,337]-[trainutils.py line:492]:Epoch 3 -    Audio-Visual/Location accuracy: 63.56(293/461) 
[2026-09-20 03:17:48,337]-[trainutils.py line:492]:Epoch 3 - Audio-Visual/Comparative accuracy: 60.29(331/549) 
[2026-09-20 03:17:48,338]-[trainutils.py line:492]:Epoch 3 -    Audio-Visual/Temporal accuracy: 71.78(295/411) 
[2026-09-20 03:17:48,338]-[trainutils.py line:497]:Epoch 3 -             Audio-Visual accuracy: 69.36(1768/2549) 
[2026-09-20 03:17:48,338]-[trainutils.py line:501]:Epoch 3 -                    Total accuracy: 71.85(3282/4568) 
[2026-09-20 03:17:48,368]-[train.py line:151]:best model saved at epoch 3 with acc 71.8476357267951 (ema) 
[2026-09-20 03:17:48,406]-[train.py line:167]:Epoch 3 done with 71.85 and loss 0.65234. 
[2026-09-20 03:17:48,406]-[train.py line:168]:At epoch3 best acc: 71.85. 
[2026-09-20 03:17:48,406]-[train.py line:102]:
-------------- training epoch 4 -------------- 
[2026-09-20 03:17:48,638]-[trainutils.py line:416]:[EST:    5.14m][Process Time:    0.07s]- Epoch: 4 [0000/1330 (  0%)]	Losses: ce_loss-0.4354(0.4354) loss_tacl-0.0001(0.0001) loss_sacl-0.0155(0.0155) loss_event-0.0074(0.0074) loss_evidence-0.0000(0.0000) loss_query_diversity-0.0044(0.0044) loss_position-0.0000(0.0000) total_loss-0.4354(0.4354) 
[2026-09-20 03:18:08,275]-[trainutils.py line:416]:[EST:    4.03m][Process Time:    0.05s]- Epoch: 4 [0100/1330 (  8%)]	Losses: ce_loss-0.2744(0.6090) loss_tacl-0.0001(0.0001) loss_sacl-0.0151(0.0153) loss_event-0.0057(0.0052) loss_evidence-0.0000(0.0002) loss_query_diversity-0.0043(0.0043) loss_position-0.0000(0.0000) total_loss-0.2744(0.6090) 
[2026-09-20 03:18:28,215]-[trainutils.py line:416]:[EST:    3.73m][Process Time:    0.06s]- Epoch: 4 [0200/1330 ( 15%)]	Losses: ce_loss-0.3990(0.5972) loss_tacl-0.0001(0.0001) loss_sacl-0.0152(0.0151) loss_event-0.0050(0.0050) loss_evidence-0.0000(0.0002) loss_query_diversity-0.0044(0.0043) loss_position-0.0000(0.0000) total_loss-0.3990(0.5972) 
[2026-09-20 03:18:47,830]-[trainutils.py line:416]:[EST:    3.39m][Process Time:    0.04s]- Epoch: 4 [0300/1330 ( 23%)]	Losses: ce_loss-0.5580(0.5893) loss_tacl-0.0001(0.0001) loss_sacl-0.0147(0.0150) loss_event-0.0056(0.0051) loss_evidence-0.0000(0.0002) loss_query_diversity-0.0044(0.0043) loss_position-0.0000(0.0000) total_loss-0.5580(0.5893) 
[2026-09-20 03:19:07,556]-[trainutils.py line:416]:[EST:    3.06m][Process Time:    0.06s]- Epoch: 4 [0400/1330 ( 30%)]	Losses: ce_loss-0.6961(0.5871) loss_tacl-0.0001(0.0001) loss_sacl-0.0141(0.0149) loss_event-0.0038(0.0051) loss_evidence-0.0000(0.0002) loss_query_diversity-0.0043(0.0043) loss_position-0.0000(0.0000) total_loss-0.6961(0.5871) 
[2026-09-20 03:19:27,019]-[trainutils.py line:416]:[EST:    2.72m][Process Time:    0.04s]- Epoch: 4 [0500/1330 ( 38%)]	Losses: ce_loss-0.9545(0.5819) loss_tacl-0.0001(0.0001) loss_sacl-0.0137(0.0148) loss_event-0.0064(0.0052) loss_evidence-0.0000(0.0002) loss_query_diversity-0.0044(0.0043) loss_position-0.0000(0.0000) total_loss-0.9545(0.5819) 
[2026-09-20 03:19:46,758]-[trainutils.py line:416]:[EST:    2.39m][Process Time:    0.06s]- Epoch: 4 [0600/1330 ( 45%)]	Losses: ce_loss-0.4100(0.5845) loss_tacl-0.0001(0.0001) loss_sacl-0.0145(0.0148) loss_event-0.0040(0.0052) loss_evidence-0.0000(0.0002) loss_query_diversity-0.0044(0.0044) loss_position-0.0000(0.0000) total_loss-0.4100(0.5845) 
[2026-09-20 03:20:06,301]-[trainutils.py line:416]:[EST:    2.06m][Process Time:    0.06s]- Epoch: 4 [0700/1330 ( 53%)]	Losses: ce_loss-0.8865(0.5859) loss_tacl-0.0001(0.0001) loss_sacl-0.0148(0.0147) loss_event-0.0051(0.0052) loss_evidence-0.0011(0.0002) loss_query_diversity-0.0044(0.0043) loss_position-0.0000(0.0000) total_loss-0.8865(0.5859) 
[2026-09-20 03:20:26,042]-[trainutils.py line:416]:[EST:    1.74m][Process Time:    0.06s]- Epoch: 4 [0800/1330 ( 60%)]	Losses: ce_loss-0.4146(0.5841) loss_tacl-0.0001(0.0001) loss_sacl-0.0134(0.0146) loss_event-0.0048(0.0052) loss_evidence-0.0000(0.0002) loss_query_diversity-0.0043(0.0043) loss_position-0.0000(0.0000) total_loss-0.4146(0.5841) 
[2026-09-20 03:20:45,631]-[trainutils.py line:416]:[EST:    1.41m][Process Time:    0.04s]- Epoch: 4 [0900/1330 ( 68%)]	Losses: ce_loss-0.5523(0.5854) loss_tacl-0.0001(0.0001) loss_sacl-0.0150(0.0146) loss_event-0.0048(0.0052) loss_evidence-0.0013(0.0002) loss_query_diversity-0.0044(0.0043) loss_position-0.0000(0.0000) total_loss-0.5523(0.5854) 
[2026-09-20 03:21:05,365]-[trainutils.py line:416]:[EST:    1.08m][Process Time:    0.04s]- Epoch: 4 [1000/1330 ( 75%)]	Losses: ce_loss-0.5563(0.5862) loss_tacl-0.0001(0.0001) loss_sacl-0.0144(0.0145) loss_event-0.0063(0.0053) loss_evidence-0.0000(0.0002) loss_query_diversity-0.0043(0.0043) loss_position-0.0000(0.0000) total_loss-0.5563(0.5862) 
[2026-09-20 03:21:25,271]-[trainutils.py line:416]:[EST:    0.75m][Process Time:    0.04s]- Epoch: 4 [1100/1330 ( 83%)]	Losses: ce_loss-0.6181(0.5896) loss_tacl-0.0001(0.0001) loss_sacl-0.0137(0.0145) loss_event-0.0057(0.0053) loss_evidence-0.0000(0.0002) loss_query_diversity-0.0044(0.0043) loss_position-0.0000(0.0000) total_loss-0.6181(0.5896) 
[2026-09-20 03:21:45,000]-[trainutils.py line:416]:[EST:    0.42m][Process Time:    0.04s]- Epoch: 4 [1200/1330 ( 90%)]	Losses: ce_loss-0.7802(0.5898) loss_tacl-0.0001(0.0001) loss_sacl-0.0132(0.0144) loss_event-0.0063(0.0053) loss_evidence-0.0000(0.0002) loss_query_diversity-0.0043(0.0043) loss_position-0.0000(0.0000) total_loss-0.7802(0.5898) 
[2026-09-20 03:22:04,609]-[trainutils.py line:416]:[EST:    0.10m][Process Time:    0.06s]- Epoch: 4 [1300/1330 ( 98%)]	Losses: ce_loss-0.2680(0.5890) loss_tacl-0.0001(0.0001) loss_sacl-0.0140(0.0144) loss_event-0.0046(0.0052) loss_evidence-0.0002(0.0002) loss_query_diversity-0.0044(0.0043) loss_position-0.0000(0.0000) total_loss-0.2680(0.5890) 
[2026-09-20 03:22:10,343]-[trainutils.py line:416]:[EST:   -0.00m][Process Time:    0.06s]- Epoch: 4 [1330/1330 (100%)]	Losses: ce_loss-0.9214(0.5900) loss_tacl-0.0001(0.0001) loss_sacl-0.0154(0.0144) loss_event-0.0056(0.0052) loss_evidence-0.0000(0.0002) loss_query_diversity-0.0044(0.0043) loss_position-0.0000(0.0000) total_loss-0.9214(0.5900) 
[2026-09-20 03:22:10,823]-[train.py line:106]:
-------------- validation epoch 4 -------------- 
[2026-09-20 03:22:11,139]-[trainutils.py line:461]:Test progress:   0/95 
[2026-09-20 03:22:42,238]-[trainutils.py line:461]:Test progress:  95/95 
[2026-09-20 03:22:42,238]-[trainutils.py line:492]:Epoch 4 -           Audio/Counting accuracy: 83.17(425/511) 
[2026-09-20 03:22:42,238]-[trainutils.py line:492]:Epoch 4 -        Audio/Comparative accuracy: 56.27(166/295) 
[2026-09-20 03:22:42,238]-[trainutils.py line:497]:Epoch 4 -                    Audio accuracy: 73.33(591/806) 
[2026-09-20 03:22:42,238]-[trainutils.py line:492]:Epoch 4 -          Visual/Counting accuracy: 79.00(474/600) 
[2026-09-20 03:22:42,242]-[trainutils.py line:492]:Epoch 4 -          Visual/Location accuracy: 83.85(514/613) 
[2026-09-20 03:22:42,242]-[trainutils.py line:497]:Epoch 4 -                   Visual accuracy: 81.45(988/1213) 
[2026-09-20 03:22:42,242]-[trainutils.py line:492]:Epoch 4 - Audio-Visual/Existential accuracy: 83.23(412/495) 
[2026-09-20 03:22:42,242]-[trainutils.py line:492]:Epoch 4 -    Audio-Visual/Counting accuracy: 73.93(468/633) 
[2026-09-20 03:22:42,242]-[trainutils.py line:492]:Epoch 4 -    Audio-Visual/Location accuracy: 64.21(296/461) 
[2026-09-20 03:22:42,243]-[trainutils.py line:492]:Epoch 4 - Audio-Visual/Comparative accuracy: 61.20(336/549) 
[2026-09-20 03:22:42,243]-[trainutils.py line:492]:Epoch 4 -    Audio-Visual/Temporal accuracy: 73.48(302/411) 
[2026-09-20 03:22:42,243]-[trainutils.py line:497]:Epoch 4 -             Audio-Visual accuracy: 71.17(1814/2549) 
[2026-09-20 03:22:42,243]-[trainutils.py line:501]:Epoch 4 -                    Total accuracy: 74.28(3393/4568) 
[2026-09-20 03:22:42,575]-[trainutils.py line:461]:Test progress:   0/95 
[2026-09-20 03:23:12,344]-[trainutils.py line:461]:Test progress:  95/95 
[2026-09-20 03:23:12,344]-[trainutils.py line:492]:Epoch 4 -           Audio/Counting accuracy: 83.17(425/511) 
[2026-09-20 03:23:12,346]-[trainutils.py line:492]:Epoch 4 -        Audio/Comparative accuracy: 58.98(174/295) 
[2026-09-20 03:23:12,346]-[trainutils.py line:497]:Epoch 4 -                    Audio accuracy: 74.32(599/806) 
[2026-09-20 03:23:12,346]-[trainutils.py line:492]:Epoch 4 -          Visual/Counting accuracy: 77.17(463/600) 
[2026-09-20 03:23:12,346]-[trainutils.py line:492]:Epoch 4 -          Visual/Location accuracy: 85.64(525/613) 
[2026-09-20 03:23:12,346]-[trainutils.py line:497]:Epoch 4 -                   Visual accuracy: 81.45(988/1213) 
[2026-09-20 03:23:12,346]-[trainutils.py line:492]:Epoch 4 - Audio-Visual/Existential accuracy: 83.43(413/495) 
[2026-09-20 03:23:12,346]-[trainutils.py line:492]:Epoch 4 -    Audio-Visual/Counting accuracy: 72.83(461/633) 
[2026-09-20 03:23:12,346]-[trainutils.py line:492]:Epoch 4 -    Audio-Visual/Location accuracy: 65.08(300/461) 
[2026-09-20 03:23:12,346]-[trainutils.py line:492]:Epoch 4 - Audio-Visual/Comparative accuracy: 61.57(338/549) 
[2026-09-20 03:23:12,346]-[trainutils.py line:492]:Epoch 4 -    Audio-Visual/Temporal accuracy: 74.21(305/411) 
[2026-09-20 03:23:12,346]-[trainutils.py line:497]:Epoch 4 -             Audio-Visual accuracy: 71.28(1817/2549) 
[2026-09-20 03:23:12,346]-[trainutils.py line:501]:Epoch 4 -                    Total accuracy: 74.52(3404/4568) 
[2026-09-20 03:23:12,377]-[train.py line:151]:best model saved at epoch 4 with acc 74.5183887915937 (ema) 
[2026-09-20 03:23:12,416]-[train.py line:167]:Epoch 4 done with 74.52 and loss 0.58984. 
[2026-09-20 03:23:12,416]-[train.py line:168]:At epoch4 best acc: 74.52. 
[2026-09-20 03:23:12,416]-[train.py line:102]:
-------------- training epoch 5 -------------- 
[2026-09-20 03:23:12,610]-[trainutils.py line:416]:[EST:    4.28m][Process Time:    0.04s]- Epoch: 5 [0000/1330 (  0%)]	Losses: ce_loss-0.4443(0.4443) loss_tacl-0.0001(0.0001) loss_sacl-0.0134(0.0134) loss_event-0.0067(0.0067) loss_evidence-0.0000(0.0000) loss_query_diversity-0.0043(0.0043) loss_position-0.0000(0.0000) total_loss-0.4443(0.4443) 
[2026-09-20 03:23:32,225]-[trainutils.py line:416]:[EST:    4.02m][Process Time:    0.04s]- Epoch: 5 [0100/1330 (  8%)]	Losses: ce_loss-0.4791(0.4880) loss_tacl-0.0001(0.0001) loss_sacl-0.0133(0.0134) loss_event-0.0052(0.0054) loss_evidence-0.0000(0.0001) loss_query_diversity-0.0043(0.0043) loss_position-0.0000(0.0000) total_loss-0.4791(0.4880) 
[2026-09-20 03:23:51,936]-[trainutils.py line:416]:[EST:    3.70m][Process Time:    0.04s]- Epoch: 5 [0200/1330 ( 15%)]	Losses: ce_loss-0.5527(0.5020) loss_tacl-0.0001(0.0001) loss_sacl-0.0126(0.0135) loss_event-0.0078(0.0054) loss_evidence-0.0000(0.0002) loss_query_diversity-0.0044(0.0043) loss_position-0.0000(0.0000) total_loss-0.5527(0.5020) 
[2026-09-20 03:24:11,440]-[trainutils.py line:416]:[EST:    3.36m][Process Time:    0.05s]- Epoch: 5 [0300/1330 ( 23%)]	Losses: ce_loss-0.5711(0.5119) loss_tacl-0.0001(0.0001) loss_sacl-0.0123(0.0133) loss_event-0.0051(0.0055) loss_evidence-0.0006(0.0002) loss_query_diversity-0.0043(0.0043) loss_position-0.0000(0.0000) total_loss-0.5711(0.5119) 
[2026-09-20 03:24:30,906]-[trainutils.py line:416]:[EST:    3.03m][Process Time:    0.04s]- Epoch: 5 [0400/1330 ( 30%)]	Losses: ce_loss-0.4995(0.5043) loss_tacl-0.0001(0.0001) loss_sacl-0.0128(0.0132) loss_event-0.0050(0.0054) loss_evidence-0.0001(0.0002) loss_query_diversity-0.0044(0.0043) loss_position-0.0000(0.0000) total_loss-0.4995(0.5043) 
[2026-09-20 03:24:50,607]-[trainutils.py line:416]:[EST:    2.71m][Process Time:    0.06s]- Epoch: 5 [0500/1330 ( 38%)]	Losses: ce_loss-0.3346(0.5110) loss_tacl-0.0001(0.0001) loss_sacl-0.0118(0.0131) loss_event-0.0055(0.0055) loss_evidence-0.0000(0.0002) loss_query_diversity-0.0043(0.0043) loss_position-0.0000(0.0000) total_loss-0.3346(0.5110) 
[2026-09-20 03:25:09,908]-[trainutils.py line:416]:[EST:    2.38m][Process Time:    0.04s]- Epoch: 5 [0600/1330 ( 45%)]	Losses: ce_loss-0.5559(0.5142) loss_tacl-0.0001(0.0001) loss_sacl-0.0133(0.0131) loss_event-0.0062(0.0055) loss_evidence-0.0000(0.0002) loss_query_diversity-0.0043(0.0043) loss_position-0.0000(0.0000) total_loss-0.5559(0.5142) 
[2026-09-20 03:25:29,276]-[trainutils.py line:416]:[EST:    2.05m][Process Time:    0.04s]- Epoch: 5 [0700/1330 ( 53%)]	Losses: ce_loss-0.5967(0.5193) loss_tacl-0.0001(0.0001) loss_sacl-0.0135(0.0130) loss_event-0.0048(0.0055) loss_evidence-0.0000(0.0002) loss_query_diversity-0.0044(0.0043) loss_position-0.0000(0.0000) total_loss-0.5967(0.5193) 
[2026-09-20 03:25:48,647]-[trainutils.py line:416]:[EST:    1.72m][Process Time:    0.04s]- Epoch: 5 [0800/1330 ( 60%)]	Losses: ce_loss-0.6240(0.5173) loss_tacl-0.0001(0.0001) loss_sacl-0.0130(0.0130) loss_event-0.0048(0.0055) loss_evidence-0.0005(0.0002) loss_query_diversity-0.0044(0.0043) loss_position-0.0000(0.0000) total_loss-0.6240(0.5173) 
[2026-09-20 03:26:08,071]-[trainutils.py line:416]:[EST:    1.39m][Process Time:    0.06s]- Epoch: 5 [0900/1330 ( 68%)]	Losses: ce_loss-0.5062(0.5179) loss_tacl-0.0001(0.0001) loss_sacl-0.0128(0.0129) loss_event-0.0058(0.0055) loss_evidence-0.0000(0.0002) loss_query_diversity-0.0043(0.0043) loss_position-0.0000(0.0000) total_loss-0.5062(0.5179) 
[2026-09-20 03:26:27,434]-[trainutils.py line:416]:[EST:    1.07m][Process Time:    0.04s]- Epoch: 5 [1000/1330 ( 75%)]	Losses: ce_loss-0.4363(0.5197) loss_tacl-0.0001(0.0001) loss_sacl-0.0123(0.0129) loss_event-0.0064(0.0056) loss_evidence-0.0000(0.0002) loss_query_diversity-0.0044(0.0043) loss_position-0.0000(0.0000) total_loss-0.4363(0.5197) 
[2026-09-20 03:26:47,086]-[trainutils.py line:416]:[EST:    0.74m][Process Time:    0.06s]- Epoch: 5 [1100/1330 ( 83%)]	Losses: ce_loss-0.4435(0.5188) loss_tacl-0.0001(0.0001) loss_sacl-0.0133(0.0129) loss_event-0.0047(0.0055) loss_evidence-0.0000(0.0002) loss_query_diversity-0.0043(0.0043) loss_position-0.0000(0.0000) total_loss-0.4435(0.5188) 
[2026-09-20 03:27:06,623]-[trainutils.py line:416]:[EST:    0.42m][Process Time:    0.04s]- Epoch: 5 [1200/1330 ( 90%)]	Losses: ce_loss-0.7125(0.5183) loss_tacl-0.0001(0.0001) loss_sacl-0.0124(0.0128) loss_event-0.0056(0.0055) loss_evidence-0.0000(0.0002) loss_query_diversity-0.0043(0.0043) loss_position-0.0000(0.0000) total_loss-0.7125(0.5183) 
[2026-09-20 03:27:26,399]-[trainutils.py line:416]:[EST:    0.09m][Process Time:    0.04s]- Epoch: 5 [1300/1330 ( 98%)]	Losses: ce_loss-1.0412(0.5211) loss_tacl-0.0001(0.0001) loss_sacl-0.0131(0.0128) loss_event-0.0063(0.0055) loss_evidence-0.0000(0.0002) loss_query_diversity-0.0043(0.0043) loss_position-0.0000(0.0000) total_loss-1.0412(0.5211) 
[2026-09-20 03:27:32,158]-[trainutils.py line:416]:[EST:   -0.00m][Process Time:    0.07s]- Epoch: 5 [1330/1330 (100%)]	Losses: ce_loss-0.8815(0.5224) loss_tacl-0.0001(0.0001) loss_sacl-0.0121(0.0128) loss_event-0.0038(0.0055) loss_evidence-0.0000(0.0002) loss_query_diversity-0.0043(0.0043) loss_position-0.0000(0.0000) total_loss-0.8815(0.5224) 
[2026-09-20 03:27:32,636]-[train.py line:106]:
-------------- validation epoch 5 -------------- 
[2026-09-20 03:27:32,950]-[trainutils.py line:461]:Test progress:   0/95 
[2026-09-20 03:28:02,729]-[trainutils.py line:461]:Test progress:  95/95 
[2026-09-20 03:28:02,730]-[trainutils.py line:492]:Epoch 5 -           Audio/Counting accuracy: 85.71(438/511) 
[2026-09-20 03:28:02,730]-[trainutils.py line:492]:Epoch 5 -        Audio/Comparative accuracy: 57.63(170/295) 
[2026-09-20 03:28:02,730]-[trainutils.py line:497]:Epoch 5 -                    Audio accuracy: 75.43(608/806) 
[2026-09-20 03:28:02,730]-[trainutils.py line:492]:Epoch 5 -          Visual/Counting accuracy: 79.00(474/600) 
[2026-09-20 03:28:02,730]-[trainutils.py line:492]:Epoch 5 -          Visual/Location accuracy: 82.38(505/613) 
[2026-09-20 03:28:02,730]-[trainutils.py line:497]:Epoch 5 -                   Visual accuracy: 80.71(979/1213) 
[2026-09-20 03:28:02,732]-[trainutils.py line:492]:Epoch 5 - Audio-Visual/Existential accuracy: 80.20(397/495) 
[2026-09-20 03:28:02,732]-[trainutils.py line:492]:Epoch 5 -    Audio-Visual/Counting accuracy: 74.88(474/633) 
[2026-09-20 03:28:02,732]-[trainutils.py line:492]:Epoch 5 -    Audio-Visual/Location accuracy: 62.47(288/461) 
[2026-09-20 03:28:02,732]-[trainutils.py line:492]:Epoch 5 - Audio-Visual/Comparative accuracy: 60.66(333/549) 
[2026-09-20 03:28:02,732]-[trainutils.py line:492]:Epoch 5 -    Audio-Visual/Temporal accuracy: 70.56(290/411) 
[2026-09-20 03:28:02,732]-[trainutils.py line:497]:Epoch 5 -             Audio-Visual accuracy: 69.91(1782/2549) 
[2026-09-20 03:28:02,733]-[trainutils.py line:501]:Epoch 5 -                    Total accuracy: 73.75(3369/4568) 
[2026-09-20 03:28:03,074]-[trainutils.py line:461]:Test progress:   0/95 
[2026-09-20 03:28:32,961]-[trainutils.py line:461]:Test progress:  95/95 
[2026-09-20 03:28:32,962]-[trainutils.py line:492]:Epoch 5 -           Audio/Counting accuracy: 86.50(442/511) 
[2026-09-20 03:28:32,962]-[trainutils.py line:492]:Epoch 5 -        Audio/Comparative accuracy: 60.34(178/295) 
[2026-09-20 03:28:32,962]-[trainutils.py line:497]:Epoch 5 -                    Audio accuracy: 76.92(620/806) 
[2026-09-20 03:28:32,962]-[trainutils.py line:492]:Epoch 5 -          Visual/Counting accuracy: 80.17(481/600) 
[2026-09-20 03:28:32,962]-[trainutils.py line:492]:Epoch 5 -          Visual/Location accuracy: 86.13(528/613) 
[2026-09-20 03:28:32,962]-[trainutils.py line:497]:Epoch 5 -                   Visual accuracy: 83.18(1009/1213) 
[2026-09-20 03:28:32,963]-[trainutils.py line:492]:Epoch 5 - Audio-Visual/Existential accuracy: 82.83(410/495) 
[2026-09-20 03:28:32,963]-[trainutils.py line:492]:Epoch 5 -    Audio-Visual/Counting accuracy: 75.51(478/633) 
[2026-09-20 03:28:32,963]-[trainutils.py line:492]:Epoch 5 -    Audio-Visual/Location accuracy: 65.73(303/461) 
[2026-09-20 03:28:32,963]-[trainutils.py line:492]:Epoch 5 - Audio-Visual/Comparative accuracy: 62.66(344/549) 
[2026-09-20 03:28:32,964]-[trainutils.py line:492]:Epoch 5 -    Audio-Visual/Temporal accuracy: 73.72(303/411) 
[2026-09-20 03:28:32,964]-[trainutils.py line:497]:Epoch 5 -             Audio-Visual accuracy: 72.11(1838/2549) 
[2026-09-20 03:28:32,964]-[trainutils.py line:501]:Epoch 5 -                    Total accuracy: 75.90(3467/4568) 
[2026-09-20 03:28:33,001]-[train.py line:151]:best model saved at epoch 5 with acc 75.89754816112084 (ema) 
[2026-09-20 03:28:33,040]-[train.py line:167]:Epoch 5 done with 75.90 and loss 0.55859. 
[2026-09-20 03:28:33,040]-[train.py line:168]:At epoch5 best acc: 75.90. 
[2026-09-20 03:28:33,041]-[train.py line:102]:
-------------- training epoch 6 -------------- 
[2026-09-20 03:28:33,240]-[trainutils.py line:416]:[EST:    4.41m][Process Time:    0.04s]- Epoch: 6 [0000/1330 (  0%)]	Losses: ce_loss-0.2169(0.2169) loss_tacl-0.0001(0.0001) loss_sacl-0.0123(0.0123) loss_event-0.0046(0.0046) loss_evidence-0.0000(0.0000) loss_query_diversity-0.0043(0.0043) loss_position-0.0000(0.0000) total_loss-0.2169(0.2169) 
[2026-09-20 03:28:52,774]-[trainutils.py line:416]:[EST:    4.00m][Process Time:    0.05s]- Epoch: 6 [0100/1330 (  8%)]	Losses: ce_loss-0.4802(0.4656) loss_tacl-0.0001(0.0001) loss_sacl-0.0120(0.0124) loss_event-0.0063(0.0057) loss_evidence-0.0000(0.0002) loss_query_diversity-0.0043(0.0043) loss_position-0.0000(0.0000) total_loss-0.4802(0.4656) 
[2026-09-20 03:29:12,484]-[trainutils.py line:416]:[EST:    3.69m][Process Time:    0.06s]- Epoch: 6 [0200/1330 ( 15%)]	Losses: ce_loss-0.2654(0.4670) loss_tacl-0.0001(0.0001) loss_sacl-0.0122(0.0124) loss_event-0.0056(0.0057) loss_evidence-0.0000(0.0001) loss_query_diversity-0.0043(0.0043) loss_position-0.0000(0.0000) total_loss-0.2654(0.4670) 
[2026-09-20 03:29:32,131]-[trainutils.py line:416]:[EST:    3.37m][Process Time:    0.04s]- Epoch: 6 [0300/1330 ( 23%)]	Losses: ce_loss-0.4048(0.4635) loss_tacl-0.0001(0.0001) loss_sacl-0.0117(0.0123) loss_event-0.0055(0.0056) loss_evidence-0.0000(0.0001) loss_query_diversity-0.0043(0.0043) loss_position-0.0000(0.0000) total_loss-0.4048(0.4635) 
[2026-09-20 03:29:51,845]-[trainutils.py line:416]:[EST:    3.04m][Process Time:    0.04s]- Epoch: 6 [0400/1330 ( 30%)]	Losses: ce_loss-0.3109(0.4607) loss_tacl-0.0001(0.0001) loss_sacl-0.0123(0.0123) loss_event-0.0045(0.0056) loss_evidence-0.0000(0.0001) loss_query_diversity-0.0043(0.0043) loss_position-0.0000(0.0000) total_loss-0.3109(0.4607) 
[2026-09-20 03:30:11,668]-[trainutils.py line:416]:[EST:    2.72m][Process Time:    0.06s]- Epoch: 6 [0500/1330 ( 38%)]	Losses: ce_loss-0.4291(0.4628) loss_tacl-0.0001(0.0001) loss_sacl-0.0126(0.0123) loss_event-0.0072(0.0056) loss_evidence-0.0000(0.0001) loss_query_diversity-0.0043(0.0043) loss_position-0.0000(0.0000) total_loss-0.4291(0.4628) 
[2026-09-20 03:30:31,284]-[trainutils.py line:416]:[EST:    2.39m][Process Time:    0.04s]- Epoch: 6 [0600/1330 ( 45%)]	Losses: ce_loss-0.3590(0.4581) loss_tacl-0.0001(0.0001) loss_sacl-0.0121(0.0122) loss_event-0.0075(0.0057) loss_evidence-0.0000(0.0001) loss_query_diversity-0.0043(0.0043) loss_position-0.0000(0.0000) total_loss-0.3590(0.4581) 
[2026-09-20 03:30:51,011]-[trainutils.py line:416]:[EST:    2.06m][Process Time:    0.06s]- Epoch: 6 [0700/1330 ( 53%)]	Losses: ce_loss-0.3915(0.4565) loss_tacl-0.0001(0.0001) loss_sacl-0.0117(0.0122) loss_event-0.0045(0.0057) loss_evidence-0.0000(0.0001) loss_query_diversity-0.0043(0.0043) loss_position-0.0000(0.0000) total_loss-0.3915(0.4565) 
[2026-09-20 03:31:10,736]-[trainutils.py line:416]:[EST:    1.74m][Process Time:    0.06s]- Epoch: 6 [0800/1330 ( 60%)]	Losses: ce_loss-0.5957(0.4610) loss_tacl-0.0001(0.0001) loss_sacl-0.0115(0.0122) loss_event-0.0058(0.0057) loss_evidence-0.0006(0.0002) loss_query_diversity-0.0043(0.0043) loss_position-0.0000(0.0000) total_loss-0.5957(0.4610) 
[2026-09-20 03:31:30,573]-[trainutils.py line:416]:[EST:    1.41m][Process Time:    0.06s]- Epoch: 6 [0900/1330 ( 68%)]	Losses: ce_loss-0.2119(0.4626) loss_tacl-0.0001(0.0001) loss_sacl-0.0113(0.0121) loss_event-0.0069(0.0057) loss_evidence-0.0000(0.0001) loss_query_diversity-0.0043(0.0043) loss_position-0.0000(0.0000) total_loss-0.2119(0.4626) 
[2026-09-20 03:31:50,426]-[trainutils.py line:416]:[EST:    1.08m][Process Time:    0.06s]- Epoch: 6 [1000/1330 ( 75%)]	Losses: ce_loss-0.4898(0.4631) loss_tacl-0.0001(0.0001) loss_sacl-0.0110(0.0121) loss_event-0.0063(0.0057) loss_evidence-0.0000(0.0001) loss_query_diversity-0.0043(0.0043) loss_position-0.0000(0.0000) total_loss-0.4898(0.4631) 
[2026-09-20 03:32:09,880]-[trainutils.py line:416]:[EST:    0.75m][Process Time:    0.04s]- Epoch: 6 [1100/1330 ( 83%)]	Losses: ce_loss-0.4886(0.4627) loss_tacl-0.0001(0.0001) loss_sacl-0.0125(0.0120) loss_event-0.0059(0.0057) loss_evidence-0.0002(0.0001) loss_query_diversity-0.0043(0.0043) loss_position-0.0000(0.0000) total_loss-0.4886(0.4627) 
[2026-09-20 03:32:29,145]-[trainutils.py line:416]:[EST:    0.42m][Process Time:    0.04s]- Epoch: 6 [1200/1330 ( 90%)]	Losses: ce_loss-0.3608(0.4641) loss_tacl-0.0001(0.0001) loss_sacl-0.0111(0.0120) loss_event-0.0059(0.0057) loss_evidence-0.0009(0.0001) loss_query_diversity-0.0043(0.0043) loss_position-0.0000(0.0000) total_loss-0.3608(0.4641) 
[2026-09-20 03:32:48,451]-[trainutils.py line:416]:[EST:    0.09m][Process Time:    0.04s]- Epoch: 6 [1300/1330 ( 98%)]	Losses: ce_loss-0.7123(0.4657) loss_tacl-0.0001(0.0001) loss_sacl-0.0126(0.0119) loss_event-0.0060(0.0057) loss_evidence-0.0000(0.0001) loss_query_diversity-0.0043(0.0043) loss_position-0.0000(0.0000) total_loss-0.7123(0.4657) 
[2026-09-20 03:32:54,128]-[trainutils.py line:416]:[EST:   -0.00m][Process Time:    0.04s]- Epoch: 6 [1330/1330 (100%)]	Losses: ce_loss-0.1399(0.4650) loss_tacl-0.0001(0.0001) loss_sacl-0.0127(0.0119) loss_event-0.0034(0.0057) loss_evidence-0.0000(0.0001) loss_query_diversity-0.0043(0.0043) loss_position-0.0000(0.0000) total_loss-0.1399(0.4650) 
[2026-09-20 03:32:54,608]-[train.py line:106]:
-------------- validation epoch 6 -------------- 
[2026-09-20 03:32:54,932]-[trainutils.py line:461]:Test progress:   0/95 
[2026-09-20 03:33:24,864]-[trainutils.py line:461]:Test progress:  95/95 
[2026-09-20 03:33:24,865]-[trainutils.py line:492]:Epoch 6 -           Audio/Counting accuracy: 85.71(438/511) 
[2026-09-20 03:33:24,865]-[trainutils.py line:492]:Epoch 6 -        Audio/Comparative accuracy: 61.69(182/295) 
[2026-09-20 03:33:24,865]-[trainutils.py line:497]:Epoch 6 -                    Audio accuracy: 76.92(620/806) 
[2026-09-20 03:33:24,865]-[trainutils.py line:492]:Epoch 6 -          Visual/Counting accuracy: 81.83(491/600) 
[2026-09-20 03:33:24,865]-[trainutils.py line:492]:Epoch 6 -          Visual/Location accuracy: 84.01(515/613) 
[2026-09-20 03:33:24,865]-[trainutils.py line:497]:Epoch 6 -                   Visual accuracy: 82.93(1006/1213) 
[2026-09-20 03:33:24,865]-[trainutils.py line:492]:Epoch 6 - Audio-Visual/Existential accuracy: 82.22(407/495) 
[2026-09-20 03:33:24,866]-[trainutils.py line:492]:Epoch 6 -    Audio-Visual/Counting accuracy: 72.67(460/633) 
[2026-09-20 03:33:24,866]-[trainutils.py line:492]:Epoch 6 -    Audio-Visual/Location accuracy: 65.51(302/461) 
[2026-09-20 03:33:24,866]-[trainutils.py line:492]:Epoch 6 - Audio-Visual/Comparative accuracy: 58.11(319/549) 
[2026-09-20 03:33:24,866]-[trainutils.py line:492]:Epoch 6 -    Audio-Visual/Temporal accuracy: 67.40(277/411) 
[2026-09-20 03:33:24,866]-[trainutils.py line:497]:Epoch 6 -             Audio-Visual accuracy: 69.24(1765/2549) 
[2026-09-20 03:33:24,866]-[trainutils.py line:501]:Epoch 6 -                    Total accuracy: 74.23(3391/4568) 
[2026-09-20 03:33:25,212]-[trainutils.py line:461]:Test progress:   0/95 
[2026-09-20 03:33:54,847]-[trainutils.py line:461]:Test progress:  95/95 
[2026-09-20 03:33:54,848]-[trainutils.py line:492]:Epoch 6 -           Audio/Counting accuracy: 86.89(444/511) 
[2026-09-20 03:33:54,848]-[trainutils.py line:492]:Epoch 6 -        Audio/Comparative accuracy: 62.71(185/295) 
[2026-09-20 03:33:54,848]-[trainutils.py line:497]:Epoch 6 -                    Audio accuracy: 78.04(629/806) 
[2026-09-20 03:33:54,848]-[trainutils.py line:492]:Epoch 6 -          Visual/Counting accuracy: 82.83(497/600) 
[2026-09-20 03:33:54,849]-[trainutils.py line:492]:Epoch 6 -          Visual/Location accuracy: 86.62(531/613) 
[2026-09-20 03:33:54,849]-[trainutils.py line:497]:Epoch 6 -                   Visual accuracy: 84.75(1028/1213) 
[2026-09-20 03:33:54,849]-[trainutils.py line:492]:Epoch 6 - Audio-Visual/Existential accuracy: 82.63(409/495) 
[2026-09-20 03:33:54,849]-[trainutils.py line:492]:Epoch 6 -    Audio-Visual/Counting accuracy: 75.67(479/633) 
[2026-09-20 03:33:54,849]-[trainutils.py line:492]:Epoch 6 -    Audio-Visual/Location accuracy: 67.46(311/461) 
[2026-09-20 03:33:54,850]-[trainutils.py line:492]:Epoch 6 - Audio-Visual/Comparative accuracy: 63.39(348/549) 
[2026-09-20 03:33:54,850]-[trainutils.py line:492]:Epoch 6 -    Audio-Visual/Temporal accuracy: 72.02(296/411) 
[2026-09-20 03:33:54,850]-[trainutils.py line:497]:Epoch 6 -             Audio-Visual accuracy: 72.30(1843/2549) 
[2026-09-20 03:33:54,850]-[trainutils.py line:501]:Epoch 6 -                    Total accuracy: 76.62(3500/4568) 
[2026-09-20 03:33:54,881]-[train.py line:151]:best model saved at epoch 6 with acc 76.61996497373029 (ema) 
[2026-09-20 03:33:54,920]-[train.py line:167]:Epoch 6 done with 76.62 and loss 0.54688. 
[2026-09-20 03:33:54,921]-[train.py line:168]:At epoch6 best acc: 76.62. 
[2026-09-20 03:33:54,921]-[train.py line:102]:
-------------- training epoch 7 -------------- 
[2026-09-20 03:33:55,142]-[trainutils.py line:416]:[EST:    4.83m][Process Time:    0.06s]- Epoch: 7 [0000/1330 (  0%)]	Losses: ce_loss-0.2035(0.2035) loss_tacl-0.0001(0.0001) loss_sacl-0.0119(0.0119) loss_event-0.0069(0.0069) loss_evidence-0.0000(0.0000) loss_query_diversity-0.0043(0.0043) loss_position-0.0000(0.0000) total_loss-0.2035(0.2035) 
[2026-09-20 03:34:14,632]-[trainutils.py line:416]:[EST:    4.00m][Process Time:    0.04s]- Epoch: 7 [0100/1330 (  8%)]	Losses: ce_loss-0.3680(0.4117) loss_tacl-0.0001(0.0001) loss_sacl-0.0122(0.0117) loss_event-0.0070(0.0062) loss_evidence-0.0000(0.0001) loss_query_diversity-0.0043(0.0043) loss_position-0.0000(0.0000) total_loss-0.3680(0.4117) 
[2026-09-20 03:34:34,268]-[trainutils.py line:416]:[EST:    3.68m][Process Time:    0.04s]- Epoch: 7 [0200/1330 ( 15%)]	Losses: ce_loss-0.2286(0.4084) loss_tacl-0.0001(0.0001) loss_sacl-0.0109(0.0116) loss_event-0.0055(0.0061) loss_evidence-0.0000(0.0001) loss_query_diversity-0.0043(0.0043) loss_position-0.0000(0.0000) total_loss-0.2286(0.4084) 
[2026-09-20 03:34:54,190]-[trainutils.py line:416]:[EST:    3.38m][Process Time:    0.06s]- Epoch: 7 [0300/1330 ( 23%)]	Losses: ce_loss-0.4399(0.4081) loss_tacl-0.0001(0.0001) loss_sacl-0.0104(0.0114) loss_event-0.0050(0.0061) loss_evidence-0.0000(0.0001) loss_query_diversity-0.0043(0.0043) loss_position-0.0000(0.0000) total_loss-0.4399(0.4081) 
[2026-09-20 03:35:13,840]-[trainutils.py line:416]:[EST:    3.05m][Process Time:    0.04s]- Epoch: 7 [0400/1330 ( 30%)]	Losses: ce_loss-0.5197(0.4039) loss_tacl-0.0001(0.0001) loss_sacl-0.0106(0.0114) loss_event-0.0069(0.0061) loss_evidence-0.0000(0.0001) loss_query_diversity-0.0043(0.0043) loss_position-0.0000(0.0000) total_loss-0.5197(0.4039) 
[2026-09-20 03:35:33,370]-[trainutils.py line:416]:[EST:    2.72m][Process Time:    0.04s]- Epoch: 7 [0500/1330 ( 38%)]	Losses: ce_loss-0.4514(0.4020) loss_tacl-0.0001(0.0001) loss_sacl-0.0106(0.0114) loss_event-0.0066(0.0062) loss_evidence-0.0000(0.0001) loss_query_diversity-0.0043(0.0043) loss_position-0.0000(0.0000) total_loss-0.4514(0.4020) 
[2026-09-20 03:35:52,933]-[trainutils.py line:416]:[EST:    2.39m][Process Time:    0.06s]- Epoch: 7 [0600/1330 ( 45%)]	Losses: ce_loss-0.3869(0.4030) loss_tacl-0.0001(0.0001) loss_sacl-0.0113(0.0113) loss_event-0.0049(0.0062) loss_evidence-0.0000(0.0001) loss_query_diversity-0.0043(0.0043) loss_position-0.0000(0.0000) total_loss-0.3869(0.4030) 
[2026-09-20 03:36:12,568]-[trainutils.py line:416]:[EST:    2.06m][Process Time:    0.04s]- Epoch: 7 [0700/1330 ( 53%)]	Losses: ce_loss-0.3070(0.4019) loss_tacl-0.0001(0.0001) loss_sacl-0.0113(0.0113) loss_event-0.0072(0.0062) loss_evidence-0.0000(0.0001) loss_query_diversity-0.0043(0.0043) loss_position-0.0000(0.0000) total_loss-0.3070(0.4019) 
[2026-09-20 03:36:32,282]-[trainutils.py line:416]:[EST:    1.73m][Process Time:    0.06s]- Epoch: 7 [0800/1330 ( 60%)]	Losses: ce_loss-0.5964(0.4024) loss_tacl-0.0001(0.0001) loss_sacl-0.0112(0.0113) loss_event-0.0060(0.0062) loss_evidence-0.0004(0.0001) loss_query_diversity-0.0043(0.0043) loss_position-0.0000(0.0000) total_loss-0.5964(0.4024) 
[2026-09-20 03:36:52,024]-[trainutils.py line:416]:[EST:    1.41m][Process Time:    0.04s]- Epoch: 7 [0900/1330 ( 68%)]	Losses: ce_loss-0.8071(0.4032) loss_tacl-0.0001(0.0001) loss_sacl-0.0099(0.0113) loss_event-0.0060(0.0062) loss_evidence-0.0000(0.0001) loss_query_diversity-0.0043(0.0043) loss_position-0.0000(0.0000) total_loss-0.8071(0.4032) 
[2026-09-20 03:37:11,743]-[trainutils.py line:416]:[EST:    1.08m][Process Time:    0.04s]- Epoch: 7 [1000/1330 ( 75%)]	Losses: ce_loss-0.4145(0.4030) loss_tacl-0.0001(0.0001) loss_sacl-0.0120(0.0112) loss_event-0.0063(0.0062) loss_evidence-0.0000(0.0001) loss_query_diversity-0.0043(0.0043) loss_position-0.0000(0.0000) total_loss-0.4145(0.4030) 
[2026-09-20 03:37:31,526]-[trainutils.py line:416]:[EST:    0.75m][Process Time:    0.06s]- Epoch: 7 [1100/1330 ( 83%)]	Losses: ce_loss-0.2278(0.4039) loss_tacl-0.0001(0.0001) loss_sacl-0.0108(0.0112) loss_event-0.0058(0.0061) loss_evidence-0.0000(0.0001) loss_query_diversity-0.0043(0.0043) loss_position-0.0000(0.0000) total_loss-0.2278(0.4039) 
[2026-09-20 03:37:51,077]-[trainutils.py line:416]:[EST:    0.42m][Process Time:    0.04s]- Epoch: 7 [1200/1330 ( 90%)]	Losses: ce_loss-0.4000(0.4047) loss_tacl-0.0001(0.0001) loss_sacl-0.0111(0.0112) loss_event-0.0059(0.0061) loss_evidence-0.0000(0.0001) loss_query_diversity-0.0044(0.0043) loss_position-0.0000(0.0000) total_loss-0.4000(0.4047) 
[2026-09-20 03:38:10,949]-[trainutils.py line:416]:[EST:    0.10m][Process Time:    0.05s]- Epoch: 7 [1300/1330 ( 98%)]	Losses: ce_loss-1.0548(0.4054) loss_tacl-0.0001(0.0001) loss_sacl-0.0110(0.0112) loss_event-0.0063(0.0061) loss_evidence-0.0002(0.0001) loss_query_diversity-0.0043(0.0043) loss_position-0.0000(0.0000) total_loss-1.0548(0.4054) 
[2026-09-20 03:38:16,650]-[trainutils.py line:416]:[EST:   -0.00m][Process Time:    0.04s]- Epoch: 7 [1330/1330 (100%)]	Losses: ce_loss-0.7279(0.4068) loss_tacl-0.0001(0.0001) loss_sacl-0.0119(0.0111) loss_event-0.0063(0.0061) loss_evidence-0.0000(0.0001) loss_query_diversity-0.0042(0.0043) loss_position-0.0000(0.0000) total_loss-0.7279(0.4068) 
[2026-09-20 03:38:17,138]-[train.py line:106]:
-------------- validation epoch 7 -------------- 
[2026-09-20 03:38:17,433]-[trainutils.py line:461]:Test progress:   0/95 
[2026-09-20 03:38:47,311]-[trainutils.py line:461]:Test progress:  95/95 
[2026-09-20 03:38:47,311]-[trainutils.py line:492]:Epoch 7 -           Audio/Counting accuracy: 85.13(435/511) 
[2026-09-20 03:38:47,312]-[trainutils.py line:492]:Epoch 7 -        Audio/Comparative accuracy: 61.02(180/295) 
[2026-09-20 03:38:47,312]-[trainutils.py line:497]:Epoch 7 -                    Audio accuracy: 76.30(615/806) 
[2026-09-20 03:38:47,312]-[trainutils.py line:492]:Epoch 7 -          Visual/Counting accuracy: 82.17(493/600) 
[2026-09-20 03:38:47,312]-[trainutils.py line:492]:Epoch 7 -          Visual/Location accuracy: 84.50(518/613) 
[2026-09-20 03:38:47,312]-[trainutils.py line:497]:Epoch 7 -                   Visual accuracy: 83.35(1011/1213) 
[2026-09-20 03:38:47,312]-[trainutils.py line:492]:Epoch 7 - Audio-Visual/Existential accuracy: 80.81(400/495) 
[2026-09-20 03:38:47,312]-[trainutils.py line:492]:Epoch 7 -    Audio-Visual/Counting accuracy: 78.52(497/633) 
[2026-09-20 03:38:47,313]-[trainutils.py line:492]:Epoch 7 -    Audio-Visual/Location accuracy: 67.03(309/461) 
[2026-09-20 03:38:47,313]-[trainutils.py line:492]:Epoch 7 - Audio-Visual/Comparative accuracy: 62.48(343/549) 
[2026-09-20 03:38:47,313]-[trainutils.py line:492]:Epoch 7 -    Audio-Visual/Temporal accuracy: 74.21(305/411) 
[2026-09-20 03:38:47,313]-[trainutils.py line:497]:Epoch 7 -             Audio-Visual accuracy: 72.73(1854/2549) 
[2026-09-20 03:38:47,313]-[trainutils.py line:501]:Epoch 7 -                    Total accuracy: 76.18(3480/4568) 
[2026-09-20 03:38:47,652]-[trainutils.py line:461]:Test progress:   0/95 
[2026-09-20 03:39:17,471]-[trainutils.py line:461]:Test progress:  95/95 
[2026-09-20 03:39:17,471]-[trainutils.py line:492]:Epoch 7 -           Audio/Counting accuracy: 87.48(447/511) 
[2026-09-20 03:39:17,472]-[trainutils.py line:492]:Epoch 7 -        Audio/Comparative accuracy: 63.73(188/295) 
[2026-09-20 03:39:17,472]-[trainutils.py line:497]:Epoch 7 -                    Audio accuracy: 78.78(635/806) 
[2026-09-20 03:39:17,472]-[trainutils.py line:492]:Epoch 7 -          Visual/Counting accuracy: 83.33(500/600) 
[2026-09-20 03:39:17,472]-[trainutils.py line:492]:Epoch 7 -          Visual/Location accuracy: 85.81(526/613) 
[2026-09-20 03:39:17,474]-[trainutils.py line:497]:Epoch 7 -                   Visual accuracy: 84.58(1026/1213) 
[2026-09-20 03:39:17,474]-[trainutils.py line:492]:Epoch 7 - Audio-Visual/Existential accuracy: 83.23(412/495) 
[2026-09-20 03:39:17,474]-[trainutils.py line:492]:Epoch 7 -    Audio-Visual/Counting accuracy: 78.52(497/633) 
[2026-09-20 03:39:17,474]-[trainutils.py line:492]:Epoch 7 -    Audio-Visual/Location accuracy: 67.90(313/461) 
[2026-09-20 03:39:17,474]-[trainutils.py line:492]:Epoch 7 - Audio-Visual/Comparative accuracy: 63.57(349/549) 
[2026-09-20 03:39:17,475]-[trainutils.py line:492]:Epoch 7 -    Audio-Visual/Temporal accuracy: 72.75(299/411) 
[2026-09-20 03:39:17,475]-[trainutils.py line:497]:Epoch 7 -             Audio-Visual accuracy: 73.36(1870/2549) 
[2026-09-20 03:39:17,475]-[trainutils.py line:501]:Epoch 7 -                    Total accuracy: 77.30(3531/4568) 
[2026-09-20 03:39:17,510]-[train.py line:151]:best model saved at epoch 7 with acc 77.29859894921191 (ema) 
[2026-09-20 03:39:17,553]-[train.py line:167]:Epoch 7 done with 77.30 and loss 0.55078. 
[2026-09-20 03:39:17,553]-[train.py line:168]:At epoch7 best acc: 77.30. 
[2026-09-20 03:39:17,553]-[train.py line:102]:
-------------- training epoch 8 -------------- 
[2026-09-20 03:39:17,753]-[trainutils.py line:416]:[EST:    4.43m][Process Time:    0.04s]- Epoch: 8 [0000/1330 (  0%)]	Losses: ce_loss-0.3613(0.3613) loss_tacl-0.0001(0.0001) loss_sacl-0.0103(0.0103) loss_event-0.0049(0.0049) loss_evidence-0.0000(0.0000) loss_query_diversity-0.0043(0.0043) loss_position-0.0000(0.0000) total_loss-0.3613(0.3613) 
[2026-09-20 03:39:37,244]-[trainutils.py line:416]:[EST:    3.99m][Process Time:    0.05s]- Epoch: 8 [0100/1330 (  8%)]	Losses: ce_loss-0.6772(0.3301) loss_tacl-0.0001(0.0001) loss_sacl-0.0109(0.0109) loss_event-0.0058(0.0063) loss_evidence-0.0000(0.0001) loss_query_diversity-0.0043(0.0043) loss_position-0.0000(0.0000) total_loss-0.6772(0.3301) 
[2026-09-20 03:39:56,880]-[trainutils.py line:416]:[EST:    3.68m][Process Time:    0.06s]- Epoch: 8 [0200/1330 ( 15%)]	Losses: ce_loss-0.1781(0.3263) loss_tacl-0.0001(0.0001) loss_sacl-0.0104(0.0108) loss_event-0.0060(0.0063) loss_evidence-0.0000(0.0001) loss_query_diversity-0.0043(0.0043) loss_position-0.0000(0.0000) total_loss-0.1781(0.3263) 
[2026-09-20 03:40:16,627]-[trainutils.py line:416]:[EST:    3.37m][Process Time:    0.06s]- Epoch: 8 [0300/1330 ( 23%)]	Losses: ce_loss-0.3913(0.3370) loss_tacl-0.0001(0.0001) loss_sacl-0.0112(0.0108) loss_event-0.0069(0.0064) loss_evidence-0.0000(0.0001) loss_query_diversity-0.0043(0.0043) loss_position-0.0000(0.0000) total_loss-0.3913(0.3370) 
[2026-09-20 03:40:36,103]-[trainutils.py line:416]:[EST:    3.03m][Process Time:    0.06s]- Epoch: 8 [0400/1330 ( 30%)]	Losses: ce_loss-0.4781(0.3443) loss_tacl-0.0001(0.0001) loss_sacl-0.0106(0.0107) loss_event-0.0060(0.0064) loss_evidence-0.0000(0.0001) loss_query_diversity-0.0043(0.0043) loss_position-0.0000(0.0000) total_loss-0.4781(0.3443) 
[2026-09-20 03:40:55,809]-[trainutils.py line:416]:[EST:    2.71m][Process Time:    0.07s]- Epoch: 8 [0500/1330 ( 38%)]	Losses: ce_loss-0.2464(0.3468) loss_tacl-0.0001(0.0001) loss_sacl-0.0104(0.0107) loss_event-0.0072(0.0064) loss_evidence-0.0000(0.0001) loss_query_diversity-0.0043(0.0043) loss_position-0.0000(0.0000) total_loss-0.2464(0.3468) 
[2026-09-20 03:41:15,398]-[trainutils.py line:416]:[EST:    2.38m][Process Time:    0.04s]- Epoch: 8 [0600/1330 ( 45%)]	Losses: ce_loss-0.3203(0.3473) loss_tacl-0.0001(0.0001) loss_sacl-0.0111(0.0107) loss_event-0.0055(0.0063) loss_evidence-0.0000(0.0001) loss_query_diversity-0.0043(0.0043) loss_position-0.0000(0.0000) total_loss-0.3203(0.3473) 
[2026-09-20 03:41:34,994]-[trainutils.py line:416]:[EST:    2.06m][Process Time:    0.04s]- Epoch: 8 [0700/1330 ( 53%)]	Losses: ce_loss-0.3909(0.3492) loss_tacl-0.0001(0.0001) loss_sacl-0.0099(0.0107) loss_event-0.0065(0.0064) loss_evidence-0.0000(0.0001) loss_query_diversity-0.0043(0.0043) loss_position-0.0000(0.0000) total_loss-0.3909(0.3492) 
[2026-09-20 03:41:54,722]-[trainutils.py line:416]:[EST:    1.73m][Process Time:    0.04s]- Epoch: 8 [0800/1330 ( 60%)]	Losses: ce_loss-0.5201(0.3524) loss_tacl-0.0001(0.0001) loss_sacl-0.0106(0.0106) loss_event-0.0066(0.0063) loss_evidence-0.0000(0.0001) loss_query_diversity-0.0043(0.0043) loss_position-0.0000(0.0000) total_loss-0.5201(0.3524) 
[2026-09-20 03:42:14,441]-[trainutils.py line:416]:[EST:    1.40m][Process Time:    0.04s]- Epoch: 8 [0900/1330 ( 68%)]	Losses: ce_loss-0.4234(0.3521) loss_tacl-0.0001(0.0001) loss_sacl-0.0105(0.0106) loss_event-0.0051(0.0063) loss_evidence-0.0000(0.0001) loss_query_diversity-0.0043(0.0043) loss_position-0.0000(0.0000) total_loss-0.4234(0.3521) 
[2026-09-20 03:42:34,071]-[trainutils.py line:416]:[EST:    1.08m][Process Time:    0.06s]- Epoch: 8 [1000/1330 ( 75%)]	Losses: ce_loss-0.4970(0.3529) loss_tacl-0.0001(0.0001) loss_sacl-0.0107(0.0106) loss_event-0.0063(0.0064) loss_evidence-0.0000(0.0001) loss_query_diversity-0.0043(0.0043) loss_position-0.0000(0.0000) total_loss-0.4970(0.3529) 
[2026-09-20 03:42:54,065]-[trainutils.py line:416]:[EST:    0.75m][Process Time:    0.06s]- Epoch: 8 [1100/1330 ( 83%)]	Losses: ce_loss-0.3159(0.3548) loss_tacl-0.0001(0.0001) loss_sacl-0.0109(0.0106) loss_event-0.0055(0.0064) loss_evidence-0.0000(0.0001) loss_query_diversity-0.0043(0.0043) loss_position-0.0000(0.0000) total_loss-0.3159(0.3548) 
[2026-09-20 03:43:13,774]-[trainutils.py line:416]:[EST:    0.42m][Process Time:    0.06s]- Epoch: 8 [1200/1330 ( 90%)]	Losses: ce_loss-0.3368(0.3555) loss_tacl-0.0001(0.0001) loss_sacl-0.0103(0.0106) loss_event-0.0062(0.0064) loss_evidence-0.0000(0.0001) loss_query_diversity-0.0043(0.0043) loss_position-0.0000(0.0000) total_loss-0.3368(0.3555) 
[2026-09-20 03:43:33,428]-[trainutils.py line:416]:[EST:    0.10m][Process Time:    0.06s]- Epoch: 8 [1300/1330 ( 98%)]	Losses: ce_loss-0.5023(0.3570) loss_tacl-0.0001(0.0001) loss_sacl-0.0107(0.0106) loss_event-0.0063(0.0064) loss_evidence-0.0000(0.0001) loss_query_diversity-0.0043(0.0043) loss_position-0.0000(0.0000) total_loss-0.5023(0.3570) 
[2026-09-20 03:43:39,171]-[trainutils.py line:416]:[EST:   -0.00m][Process Time:    0.07s]- Epoch: 8 [1330/1330 (100%)]	Losses: ce_loss-0.1366(0.3566) loss_tacl-0.0001(0.0001) loss_sacl-0.0100(0.0106) loss_event-0.0059(0.0064) loss_evidence-0.0000(0.0001) loss_query_diversity-0.0043(0.0043) loss_position-0.0000(0.0000) total_loss-0.1366(0.3566) 
[2026-09-20 03:43:39,653]-[train.py line:106]:
-------------- validation epoch 8 -------------- 
[2026-09-20 03:43:39,984]-[trainutils.py line:461]:Test progress:   0/95 
[2026-09-20 03:44:09,967]-[trainutils.py line:461]:Test progress:  95/95 
[2026-09-20 03:44:09,967]-[trainutils.py line:492]:Epoch 8 -           Audio/Counting accuracy: 86.89(444/511) 
[2026-09-20 03:44:09,967]-[trainutils.py line:492]:Epoch 8 -        Audio/Comparative accuracy: 62.71(185/295) 
[2026-09-20 03:44:09,967]-[trainutils.py line:497]:Epoch 8 -                    Audio accuracy: 78.04(629/806) 
[2026-09-20 03:44:09,967]-[trainutils.py line:492]:Epoch 8 -          Visual/Counting accuracy: 82.17(493/600) 
[2026-09-20 03:44:09,968]-[trainutils.py line:492]:Epoch 8 -          Visual/Location accuracy: 84.18(516/613) 
[2026-09-20 03:44:09,968]-[trainutils.py line:497]:Epoch 8 -                   Visual accuracy: 83.18(1009/1213) 
[2026-09-20 03:44:09,968]-[trainutils.py line:492]:Epoch 8 - Audio-Visual/Existential accuracy: 82.02(406/495) 
[2026-09-20 03:44:09,969]-[trainutils.py line:492]:Epoch 8 -    Audio-Visual/Counting accuracy: 76.94(487/633) 
[2026-09-20 03:44:09,969]-[trainutils.py line:492]:Epoch 8 -    Audio-Visual/Location accuracy: 63.77(294/461) 
[2026-09-20 03:44:09,969]-[trainutils.py line:492]:Epoch 8 - Audio-Visual/Comparative accuracy: 62.11(341/549) 
[2026-09-20 03:44:09,969]-[trainutils.py line:492]:Epoch 8 -    Audio-Visual/Temporal accuracy: 70.56(290/411) 
[2026-09-20 03:44:09,969]-[trainutils.py line:497]:Epoch 8 -             Audio-Visual accuracy: 71.32(1818/2549) 
[2026-09-20 03:44:09,969]-[trainutils.py line:501]:Epoch 8 -                    Total accuracy: 75.66(3456/4568) 
[2026-09-20 03:44:10,321]-[trainutils.py line:461]:Test progress:   0/95 
[2026-09-20 03:44:39,981]-[trainutils.py line:461]:Test progress:  95/95 
[2026-09-20 03:44:39,983]-[trainutils.py line:492]:Epoch 8 -           Audio/Counting accuracy: 87.67(448/511) 
[2026-09-20 03:44:39,983]-[trainutils.py line:492]:Epoch 8 -        Audio/Comparative accuracy: 62.37(184/295) 
[2026-09-20 03:44:39,983]-[trainutils.py line:497]:Epoch 8 -                    Audio accuracy: 78.41(632/806) 
[2026-09-20 03:44:39,983]-[trainutils.py line:492]:Epoch 8 -          Visual/Counting accuracy: 84.50(507/600) 
[2026-09-20 03:44:39,983]-[trainutils.py line:492]:Epoch 8 -          Visual/Location accuracy: 85.64(525/613) 
[2026-09-20 03:44:39,983]-[trainutils.py line:497]:Epoch 8 -                   Visual accuracy: 85.08(1032/1213) 
[2026-09-20 03:44:39,983]-[trainutils.py line:492]:Epoch 8 - Audio-Visual/Existential accuracy: 83.43(413/495) 
[2026-09-20 03:44:39,983]-[trainutils.py line:492]:Epoch 8 -    Audio-Visual/Counting accuracy: 79.30(502/633) 
[2026-09-20 03:44:39,983]-[trainutils.py line:492]:Epoch 8 -    Audio-Visual/Location accuracy: 66.38(306/461) 
[2026-09-20 03:44:39,983]-[trainutils.py line:492]:Epoch 8 - Audio-Visual/Comparative accuracy: 65.39(359/549) 
[2026-09-20 03:44:39,983]-[trainutils.py line:492]:Epoch 8 -    Audio-Visual/Temporal accuracy: 72.51(298/411) 
[2026-09-20 03:44:39,983]-[trainutils.py line:497]:Epoch 8 -             Audio-Visual accuracy: 73.68(1878/2549) 
[2026-09-20 03:44:39,983]-[trainutils.py line:501]:Epoch 8 -                    Total accuracy: 77.54(3542/4568) 
[2026-09-20 03:44:40,030]-[train.py line:151]:best model saved at epoch 8 with acc 77.53940455341505 (ema) 
[2026-09-20 03:44:40,069]-[train.py line:167]:Epoch 8 done with 77.54 and loss 0.55859. 
[2026-09-20 03:44:40,069]-[train.py line:168]:At epoch8 best acc: 77.54. 
[2026-09-20 03:44:40,069]-[train.py line:102]:
-------------- training epoch 9 -------------- 
[2026-09-20 03:44:40,271]-[trainutils.py line:416]:[EST:    4.46m][Process Time:    0.05s]- Epoch: 9 [0000/1330 (  0%)]	Losses: ce_loss-0.2830(0.2830) loss_tacl-0.0001(0.0001) loss_sacl-0.0115(0.0115) loss_event-0.0074(0.0074) loss_evidence-0.0000(0.0000) loss_query_diversity-0.0043(0.0043) loss_position-0.0000(0.0000) total_loss-0.2830(0.2830) 
[2026-09-20 03:44:59,963]-[trainutils.py line:416]:[EST:    4.03m][Process Time:    0.06s]- Epoch: 9 [0100/1330 (  8%)]	Losses: ce_loss-0.1888(0.2886) loss_tacl-0.0001(0.0001) loss_sacl-0.0096(0.0104) loss_event-0.0057(0.0066) loss_evidence-0.0000(0.0001) loss_query_diversity-0.0043(0.0043) loss_position-0.0000(0.0000) total_loss-0.1888(0.2886) 
[2026-09-20 03:45:19,693]-[trainutils.py line:416]:[EST:    3.71m][Process Time:    0.06s]- Epoch: 9 [0200/1330 ( 15%)]	Losses: ce_loss-0.3260(0.2962) loss_tacl-0.0001(0.0001) loss_sacl-0.0098(0.0104) loss_event-0.0062(0.0064) loss_evidence-0.0000(0.0001) loss_query_diversity-0.0043(0.0043) loss_position-0.0000(0.0000) total_loss-0.3260(0.2962) 
[2026-09-20 03:45:39,504]-[trainutils.py line:416]:[EST:    3.39m][Process Time:    0.04s]- Epoch: 9 [0300/1330 ( 23%)]	Losses: ce_loss-0.3568(0.2946) loss_tacl-0.0001(0.0001) loss_sacl-0.0100(0.0103) loss_event-0.0064(0.0064) loss_evidence-0.0000(0.0000) loss_query_diversity-0.0043(0.0043) loss_position-0.0000(0.0000) total_loss-0.3568(0.2946) 
[2026-09-20 03:45:59,178]-[trainutils.py line:416]:[EST:    3.05m][Process Time:    0.06s]- Epoch: 9 [0400/1330 ( 30%)]	Losses: ce_loss-0.4729(0.2984) loss_tacl-0.0001(0.0001) loss_sacl-0.0098(0.0103) loss_event-0.0068(0.0064) loss_evidence-0.0000(0.0001) loss_query_diversity-0.0043(0.0043) loss_position-0.0000(0.0000) total_loss-0.4729(0.2984) 
[2026-09-20 03:46:18,971]-[trainutils.py line:416]:[EST:    2.73m][Process Time:    0.06s]- Epoch: 9 [0500/1330 ( 38%)]	Losses: ce_loss-0.3291(0.2983) loss_tacl-0.0001(0.0001) loss_sacl-0.0100(0.0102) loss_event-0.0075(0.0065) loss_evidence-0.0000(0.0001) loss_query_diversity-0.0043(0.0043) loss_position-0.0000(0.0000) total_loss-0.3291(0.2983) 
[2026-09-20 03:46:38,673]-[trainutils.py line:416]:[EST:    2.40m][Process Time:    0.04s]- Epoch: 9 [0600/1330 ( 45%)]	Losses: ce_loss-0.4188(0.3013) loss_tacl-0.0001(0.0001) loss_sacl-0.0107(0.0102) loss_event-0.0064(0.0065) loss_evidence-0.0004(0.0001) loss_query_diversity-0.0043(0.0043) loss_position-0.0000(0.0000) total_loss-0.4188(0.3013) 
[2026-09-20 03:46:58,635]-[trainutils.py line:416]:[EST:    2.07m][Process Time:    0.04s]- Epoch: 9 [0700/1330 ( 53%)]	Losses: ce_loss-0.4316(0.3017) loss_tacl-0.0001(0.0001) loss_sacl-0.0102(0.0102) loss_event-0.0061(0.0065) loss_evidence-0.0000(0.0001) loss_query_diversity-0.0043(0.0043) loss_position-0.0000(0.0000) total_loss-0.4316(0.3017) 
[2026-09-20 03:47:18,376]-[trainutils.py line:416]:[EST:    1.74m][Process Time:    0.04s]- Epoch: 9 [0800/1330 ( 60%)]	Losses: ce_loss-0.3093(0.3053) loss_tacl-0.0001(0.0001) loss_sacl-0.0103(0.0102) loss_event-0.0070(0.0066) loss_evidence-0.0000(0.0001) loss_query_diversity-0.0042(0.0043) loss_position-0.0000(0.0000) total_loss-0.3093(0.3053) 
[2026-09-20 03:47:38,454]-[trainutils.py line:416]:[EST:    1.42m][Process Time:    0.04s]- Epoch: 9 [0900/1330 ( 68%)]	Losses: ce_loss-0.3181(0.3059) loss_tacl-0.0001(0.0001) loss_sacl-0.0093(0.0101) loss_event-0.0054(0.0066) loss_evidence-0.0000(0.0001) loss_query_diversity-0.0043(0.0043) loss_position-0.0000(0.0000) total_loss-0.3181(0.3059) 
[2026-09-20 03:47:58,450]-[trainutils.py line:416]:[EST:    1.09m][Process Time:    0.06s]- Epoch: 9 [1000/1330 ( 75%)]	Losses: ce_loss-0.2205(0.3071) loss_tacl-0.0001(0.0001) loss_sacl-0.0101(0.0101) loss_event-0.0061(0.0066) loss_evidence-0.0000(0.0001) loss_query_diversity-0.0043(0.0043) loss_position-0.0000(0.0000) total_loss-0.2205(0.3071) 
[2026-09-20 03:48:18,527]-[trainutils.py line:416]:[EST:    0.76m][Process Time:    0.05s]- Epoch: 9 [1100/1330 ( 83%)]	Losses: ce_loss-0.3886(0.3092) loss_tacl-0.0001(0.0001) loss_sacl-0.0106(0.0101) loss_event-0.0064(0.0066) loss_evidence-0.0000(0.0001) loss_query_diversity-0.0043(0.0043) loss_position-0.0000(0.0000) total_loss-0.3886(0.3092) 
[2026-09-20 03:48:38,308]-[trainutils.py line:416]:[EST:    0.43m][Process Time:    0.04s]- Epoch: 9 [1200/1330 ( 90%)]	Losses: ce_loss-0.2952(0.3091) loss_tacl-0.0001(0.0001) loss_sacl-0.0094(0.0101) loss_event-0.0063(0.0066) loss_evidence-0.0000(0.0001) loss_query_diversity-0.0042(0.0043) loss_position-0.0000(0.0000) total_loss-0.2952(0.3091) 
[2026-09-20 03:48:57,928]-[trainutils.py line:416]:[EST:    0.10m][Process Time:    0.05s]- Epoch: 9 [1300/1330 ( 98%)]	Losses: ce_loss-0.3001(0.3080) loss_tacl-0.0001(0.0001) loss_sacl-0.0105(0.0100) loss_event-0.0064(0.0066) loss_evidence-0.0000(0.0001) loss_query_diversity-0.0043(0.0043) loss_position-0.0000(0.0000) total_loss-0.3001(0.3080) 
[2026-09-20 03:49:03,848]-[trainutils.py line:416]:[EST:   -0.00m][Process Time:    0.06s]- Epoch: 9 [1330/1330 (100%)]	Losses: ce_loss-0.2211(0.3075) loss_tacl-0.0001(0.0001) loss_sacl-0.0094(0.0100) loss_event-0.0094(0.0066) loss_evidence-0.0000(0.0001) loss_query_diversity-0.0042(0.0043) loss_position-0.0000(0.0000) total_loss-0.2211(0.3075) 
[2026-09-20 03:49:04,318]-[train.py line:106]:
-------------- validation epoch 9 -------------- 
[2026-09-20 03:49:04,626]-[trainutils.py line:461]:Test progress:   0/95 
[2026-09-20 03:49:34,951]-[trainutils.py line:461]:Test progress:  95/95 
[2026-09-20 03:49:34,951]-[trainutils.py line:492]:Epoch 9 -           Audio/Counting accuracy: 86.50(442/511) 
[2026-09-20 03:49:34,952]-[trainutils.py line:492]:Epoch 9 -        Audio/Comparative accuracy: 60.00(177/295) 
[2026-09-20 03:49:34,952]-[trainutils.py line:497]:Epoch 9 -                    Audio accuracy: 76.80(619/806) 
[2026-09-20 03:49:34,952]-[trainutils.py line:492]:Epoch 9 -          Visual/Counting accuracy: 83.33(500/600) 
[2026-09-20 03:49:34,952]-[trainutils.py line:492]:Epoch 9 -          Visual/Location accuracy: 84.18(516/613) 
[2026-09-20 03:49:34,952]-[trainutils.py line:497]:Epoch 9 -                   Visual accuracy: 83.76(1016/1213) 
[2026-09-20 03:49:34,952]-[trainutils.py line:492]:Epoch 9 - Audio-Visual/Existential accuracy: 82.83(410/495) 
[2026-09-20 03:49:34,952]-[trainutils.py line:492]:Epoch 9 -    Audio-Visual/Counting accuracy: 78.36(496/633) 
[2026-09-20 03:49:34,952]-[trainutils.py line:492]:Epoch 9 -    Audio-Visual/Location accuracy: 67.68(312/461) 
[2026-09-20 03:49:34,952]-[trainutils.py line:492]:Epoch 9 - Audio-Visual/Comparative accuracy: 59.20(325/549) 
[2026-09-20 03:49:34,952]-[trainutils.py line:492]:Epoch 9 -    Audio-Visual/Temporal accuracy: 71.29(293/411) 
[2026-09-20 03:49:34,952]-[trainutils.py line:497]:Epoch 9 -             Audio-Visual accuracy: 72.03(1836/2549) 
[2026-09-20 03:49:34,952]-[trainutils.py line:501]:Epoch 9 -                    Total accuracy: 75.99(3471/4568) 
[2026-09-20 03:49:35,311]-[trainutils.py line:461]:Test progress:   0/95 
[2026-09-20 03:50:05,364]-[trainutils.py line:461]:Test progress:  95/95 
[2026-09-20 03:50:05,365]-[trainutils.py line:492]:Epoch 9 -           Audio/Counting accuracy: 87.48(447/511) 
[2026-09-20 03:50:05,365]-[trainutils.py line:492]:Epoch 9 -        Audio/Comparative accuracy: 60.00(177/295) 
[2026-09-20 03:50:05,365]-[trainutils.py line:497]:Epoch 9 -                    Audio accuracy: 77.42(624/806) 
[2026-09-20 03:50:05,365]-[trainutils.py line:492]:Epoch 9 -          Visual/Counting accuracy: 84.67(508/600) 
[2026-09-20 03:50:05,366]-[trainutils.py line:492]:Epoch 9 -          Visual/Location accuracy: 85.48(524/613) 
[2026-09-20 03:50:05,366]-[trainutils.py line:497]:Epoch 9 -                   Visual accuracy: 85.08(1032/1213) 
[2026-09-20 03:50:05,366]-[trainutils.py line:492]:Epoch 9 - Audio-Visual/Existential accuracy: 83.03(411/495) 
[2026-09-20 03:50:05,366]-[trainutils.py line:492]:Epoch 9 -    Audio-Visual/Counting accuracy: 80.09(507/633) 
[2026-09-20 03:50:05,366]-[trainutils.py line:492]:Epoch 9 -    Audio-Visual/Location accuracy: 68.33(315/461) 
[2026-09-20 03:50:05,366]-[trainutils.py line:492]:Epoch 9 - Audio-Visual/Comparative accuracy: 65.57(360/549) 
[2026-09-20 03:50:05,367]-[trainutils.py line:492]:Epoch 9 -    Audio-Visual/Temporal accuracy: 72.51(298/411) 
[2026-09-20 03:50:05,367]-[trainutils.py line:497]:Epoch 9 -             Audio-Visual accuracy: 74.19(1891/2549) 
[2026-09-20 03:50:05,367]-[trainutils.py line:501]:Epoch 9 -                    Total accuracy: 77.65(3547/4568) 
[2026-09-20 03:50:05,401]-[train.py line:151]:best model saved at epoch 9 with acc 77.64886164623468 (ema) 
[2026-09-20 03:50:05,439]-[train.py line:167]:Epoch 9 done with 77.65 and loss 0.58203. 
[2026-09-20 03:50:05,439]-[train.py line:168]:At epoch9 best acc: 77.65. 
[2026-09-20 03:50:05,439]-[train.py line:102]:
-------------- training epoch 10 -------------- 
[2026-09-20 03:50:05,671]-[trainutils.py line:416]:[EST:    5.09m][Process Time:    0.06s]- Epoch: 10 [0000/1330 (  0%)]	Losses: ce_loss-0.4175(0.4175) loss_tacl-0.0001(0.0001) loss_sacl-0.0097(0.0097) loss_event-0.0062(0.0062) loss_evidence-0.0000(0.0000) loss_query_diversity-0.0043(0.0043) loss_position-0.0000(0.0000) total_loss-0.4175(0.4175) 
[2026-09-20 03:50:25,400]-[trainutils.py line:416]:[EST:    4.05m][Process Time:    0.04s]- Epoch: 10 [0100/1330 (  8%)]	Losses: ce_loss-0.1609(0.2434) loss_tacl-0.0001(0.0001) loss_sacl-0.0096(0.0100) loss_event-0.0063(0.0068) loss_evidence-0.0000(0.0001) loss_query_diversity-0.0043(0.0043) loss_position-0.0000(0.0000) total_loss-0.1609(0.2434) 
[2026-09-20 03:50:45,236]-[trainutils.py line:416]:[EST:    3.73m][Process Time:    0.04s]- Epoch: 10 [0200/1330 ( 15%)]	Losses: ce_loss-0.1896(0.2418) loss_tacl-0.0001(0.0001) loss_sacl-0.0095(0.0100) loss_event-0.0067(0.0067) loss_evidence-0.0000(0.0001) loss_query_diversity-0.0043(0.0043) loss_position-0.0000(0.0000) total_loss-0.1896(0.2418) 
[2026-09-20 03:51:04,964]-[trainutils.py line:416]:[EST:    3.39m][Process Time:    0.04s]- Epoch: 10 [0300/1330 ( 23%)]	Losses: ce_loss-0.2627(0.2483) loss_tacl-0.0001(0.0001) loss_sacl-0.0094(0.0100) loss_event-0.0067(0.0067) loss_evidence-0.0000(0.0000) loss_query_diversity-0.0043(0.0043) loss_position-0.0000(0.0000) total_loss-0.2627(0.2483) 
[2026-09-20 03:51:24,922]-[trainutils.py line:416]:[EST:    3.07m][Process Time:    0.06s]- Epoch: 10 [0400/1330 ( 30%)]	Losses: ce_loss-0.1651(0.2541) loss_tacl-0.0001(0.0001) loss_sacl-0.0098(0.0099) loss_event-0.0070(0.0067) loss_evidence-0.0000(0.0000) loss_query_diversity-0.0043(0.0043) loss_position-0.0000(0.0000) total_loss-0.1651(0.2541) 
[2026-09-20 03:51:44,600]-[trainutils.py line:416]:[EST:    2.73m][Process Time:    0.06s]- Epoch: 10 [0500/1330 ( 38%)]	Losses: ce_loss-0.2924(0.2552) loss_tacl-0.0001(0.0001) loss_sacl-0.0090(0.0099) loss_event-0.0067(0.0067) loss_evidence-0.0000(0.0000) loss_query_diversity-0.0043(0.0043) loss_position-0.0000(0.0000) total_loss-0.2924(0.2552) 
[2026-09-20 03:52:04,262]-[trainutils.py line:416]:[EST:    2.40m][Process Time:    0.06s]- Epoch: 10 [0600/1330 ( 45%)]	Losses: ce_loss-0.2483(0.2536) loss_tacl-0.0001(0.0001) loss_sacl-0.0095(0.0098) loss_event-0.0066(0.0067) loss_evidence-0.0000(0.0000) loss_query_diversity-0.0043(0.0043) loss_position-0.0000(0.0000) total_loss-0.2483(0.2536) 
[2026-09-20 03:52:23,818]-[trainutils.py line:416]:[EST:    2.07m][Process Time:    0.04s]- Epoch: 10 [0700/1330 ( 53%)]	Losses: ce_loss-0.1420(0.2558) loss_tacl-0.0001(0.0001) loss_sacl-0.0094(0.0098) loss_event-0.0058(0.0067) loss_evidence-0.0000(0.0000) loss_query_diversity-0.0043(0.0043) loss_position-0.0000(0.0000) total_loss-0.1420(0.2558) 
[2026-09-20 03:52:43,499]-[trainutils.py line:416]:[EST:    1.74m][Process Time:    0.04s]- Epoch: 10 [0800/1330 ( 60%)]	Losses: ce_loss-0.2207(0.2566) loss_tacl-0.0001(0.0001) loss_sacl-0.0088(0.0098) loss_event-0.0073(0.0067) loss_evidence-0.0000(0.0001) loss_query_diversity-0.0043(0.0043) loss_position-0.0000(0.0000) total_loss-0.2207(0.2566) 
[2026-09-20 03:53:03,250]-[trainutils.py line:416]:[EST:    1.41m][Process Time:    0.06s]- Epoch: 10 [0900/1330 ( 68%)]	Losses: ce_loss-0.2343(0.2573) loss_tacl-0.0001(0.0001) loss_sacl-0.0094(0.0098) loss_event-0.0071(0.0067) loss_evidence-0.0000(0.0001) loss_query_diversity-0.0043(0.0043) loss_position-0.0000(0.0000) total_loss-0.2343(0.2573) 
[2026-09-20 03:53:23,001]-[trainutils.py line:416]:[EST:    1.08m][Process Time:    0.06s]- Epoch: 10 [1000/1330 ( 75%)]	Losses: ce_loss-0.4557(0.2574) loss_tacl-0.0001(0.0001) loss_sacl-0.0094(0.0097) loss_event-0.0051(0.0067) loss_evidence-0.0000(0.0001) loss_query_diversity-0.0043(0.0043) loss_position-0.0000(0.0000) total_loss-0.4557(0.2574) 
[2026-09-20 03:53:42,831]-[trainutils.py line:416]:[EST:    0.75m][Process Time:    0.04s]- Epoch: 10 [1100/1330 ( 83%)]	Losses: ce_loss-0.1427(0.2562) loss_tacl-0.0001(0.0001) loss_sacl-0.0094(0.0097) loss_event-0.0082(0.0067) loss_evidence-0.0000(0.0001) loss_query_diversity-0.0043(0.0043) loss_position-0.0000(0.0000) total_loss-0.1427(0.2562) 
[2026-09-20 03:54:02,521]-[trainutils.py line:416]:[EST:    0.42m][Process Time:    0.04s]- Epoch: 10 [1200/1330 ( 90%)]	Losses: ce_loss-0.1343(0.2574) loss_tacl-0.0001(0.0001) loss_sacl-0.0091(0.0097) loss_event-0.0067(0.0067) loss_evidence-0.0000(0.0000) loss_query_diversity-0.0043(0.0043) loss_position-0.0000(0.0000) total_loss-0.1343(0.2574) 
[2026-09-20 03:54:22,122]-[trainutils.py line:416]:[EST:    0.10m][Process Time:    0.04s]- Epoch: 10 [1300/1330 ( 98%)]	Losses: ce_loss-0.2397(0.2577) loss_tacl-0.0001(0.0001) loss_sacl-0.0095(0.0097) loss_event-0.0067(0.0067) loss_evidence-0.0000(0.0000) loss_query_diversity-0.0043(0.0043) loss_position-0.0000(0.0000) total_loss-0.2397(0.2577) 
[2026-09-20 03:54:28,015]-[trainutils.py line:416]:[EST:   -0.00m][Process Time:    0.04s]- Epoch: 10 [1330/1330 (100%)]	Losses: ce_loss-0.3607(0.2583) loss_tacl-0.0001(0.0001) loss_sacl-0.0081(0.0097) loss_event-0.0083(0.0067) loss_evidence-0.0000(0.0000) loss_query_diversity-0.0043(0.0043) loss_position-0.0000(0.0000) total_loss-0.3607(0.2583) 
[2026-09-20 03:54:28,489]-[train.py line:106]:
-------------- validation epoch 10 -------------- 
[2026-09-20 03:54:28,803]-[trainutils.py line:461]:Test progress:   0/95 
[2026-09-20 03:54:59,148]-[trainutils.py line:461]:Test progress:  95/95 
[2026-09-20 03:54:59,149]-[trainutils.py line:492]:Epoch 10 -           Audio/Counting accuracy: 84.93(434/511) 
[2026-09-20 03:54:59,149]-[trainutils.py line:492]:Epoch 10 -        Audio/Comparative accuracy: 59.32(175/295) 
[2026-09-20 03:54:59,149]-[trainutils.py line:497]:Epoch 10 -                    Audio accuracy: 75.56(609/806) 
[2026-09-20 03:54:59,149]-[trainutils.py line:492]:Epoch 10 -          Visual/Counting accuracy: 84.50(507/600) 
[2026-09-20 03:54:59,149]-[trainutils.py line:492]:Epoch 10 -          Visual/Location accuracy: 85.48(524/613) 
[2026-09-20 03:54:59,150]-[trainutils.py line:497]:Epoch 10 -                   Visual accuracy: 85.00(1031/1213) 
[2026-09-20 03:54:59,150]-[trainutils.py line:492]:Epoch 10 - Audio-Visual/Existential accuracy: 81.82(405/495) 
[2026-09-20 03:54:59,150]-[trainutils.py line:492]:Epoch 10 -    Audio-Visual/Counting accuracy: 77.25(489/633) 
[2026-09-20 03:54:59,150]-[trainutils.py line:492]:Epoch 10 -    Audio-Visual/Location accuracy: 68.76(317/461) 
[2026-09-20 03:54:59,150]-[trainutils.py line:492]:Epoch 10 - Audio-Visual/Comparative accuracy: 64.12(352/549) 
[2026-09-20 03:54:59,151]-[trainutils.py line:492]:Epoch 10 -    Audio-Visual/Temporal accuracy: 70.32(289/411) 
[2026-09-20 03:54:59,151]-[trainutils.py line:497]:Epoch 10 -             Audio-Visual accuracy: 72.66(1852/2549) 
[2026-09-20 03:54:59,151]-[trainutils.py line:501]:Epoch 10 -                    Total accuracy: 76.44(3492/4568) 
[2026-09-20 03:54:59,488]-[trainutils.py line:461]:Test progress:   0/95 
[2026-09-20 03:55:29,319]-[trainutils.py line:461]:Test progress:  95/95 
[2026-09-20 03:55:29,320]-[trainutils.py line:492]:Epoch 10 -           Audio/Counting accuracy: 87.08(445/511) 
[2026-09-20 03:55:29,320]-[trainutils.py line:492]:Epoch 10 -        Audio/Comparative accuracy: 57.97(171/295) 
[2026-09-20 03:55:29,320]-[trainutils.py line:497]:Epoch 10 -                    Audio accuracy: 76.43(616/806) 
[2026-09-20 03:55:29,320]-[trainutils.py line:492]:Epoch 10 -          Visual/Counting accuracy: 84.67(508/600) 
[2026-09-20 03:55:29,320]-[trainutils.py line:492]:Epoch 10 -          Visual/Location accuracy: 85.15(522/613) 
[2026-09-20 03:55:29,320]-[trainutils.py line:497]:Epoch 10 -                   Visual accuracy: 84.91(1030/1213) 
[2026-09-20 03:55:29,320]-[trainutils.py line:492]:Epoch 10 - Audio-Visual/Existential accuracy: 83.23(412/495) 
[2026-09-20 03:55:29,322]-[trainutils.py line:492]:Epoch 10 -    Audio-Visual/Counting accuracy: 79.94(506/633) 
[2026-09-20 03:55:29,322]-[trainutils.py line:492]:Epoch 10 -    Audio-Visual/Location accuracy: 67.90(313/461) 
[2026-09-20 03:55:29,322]-[trainutils.py line:492]:Epoch 10 - Audio-Visual/Comparative accuracy: 65.21(358/549) 
[2026-09-20 03:55:29,322]-[trainutils.py line:492]:Epoch 10 -    Audio-Visual/Temporal accuracy: 72.02(296/411) 
[2026-09-20 03:55:29,322]-[trainutils.py line:497]:Epoch 10 -             Audio-Visual accuracy: 73.95(1885/2549) 
[2026-09-20 03:55:29,322]-[trainutils.py line:501]:Epoch 10 -                    Total accuracy: 77.30(3531/4568) 
[2026-09-20 03:55:29,324]-[train.py line:167]:Epoch 10 done with 77.30 and loss 0.61719. 
[2026-09-20 03:55:29,325]-[train.py line:168]:At epoch9 best acc: 77.65. 
[2026-09-20 03:55:29,325]-[train.py line:102]:
-------------- training epoch 11 -------------- 
[2026-09-20 03:55:29,526]-[trainutils.py line:416]:[EST:    4.40m][Process Time:    0.04s]- Epoch: 11 [0000/1330 (  0%)]	Losses: ce_loss-0.3059(0.3059) loss_tacl-0.0001(0.0001) loss_sacl-0.0090(0.0090) loss_event-0.0062(0.0062) loss_evidence-0.0000(0.0000) loss_query_diversity-0.0042(0.0042) loss_position-0.0000(0.0000) total_loss-0.3059(0.3059) 
[2026-09-20 03:55:49,205]-[trainutils.py line:416]:[EST:    4.03m][Process Time:    0.06s]- Epoch: 11 [0100/1330 (  8%)]	Losses: ce_loss-0.3924(0.2087) loss_tacl-0.0001(0.0001) loss_sacl-0.0090(0.0095) loss_event-0.0066(0.0068) loss_evidence-0.0000(0.0000) loss_query_diversity-0.0043(0.0043) loss_position-0.0000(0.0000) total_loss-0.3924(0.2087) 
[2026-09-20 03:56:08,868]-[trainutils.py line:416]:[EST:    3.70m][Process Time:    0.04s]- Epoch: 11 [0200/1330 ( 15%)]	Losses: ce_loss-0.2309(0.2089) loss_tacl-0.0001(0.0001) loss_sacl-0.0092(0.0095) loss_event-0.0060(0.0067) loss_evidence-0.0000(0.0000) loss_query_diversity-0.0043(0.0043) loss_position-0.0000(0.0000) total_loss-0.2309(0.2089) 
[2026-09-20 03:56:28,721]-[trainutils.py line:416]:[EST:    3.38m][Process Time:    0.06s]- Epoch: 11 [0300/1330 ( 23%)]	Losses: ce_loss-0.1559(0.2034) loss_tacl-0.0001(0.0001) loss_sacl-0.0084(0.0094) loss_event-0.0070(0.0068) loss_evidence-0.0000(0.0000) loss_query_diversity-0.0043(0.0043) loss_position-0.0000(0.0000) total_loss-0.1559(0.2034) 
[2026-09-20 03:56:48,467]-[trainutils.py line:416]:[EST:    3.06m][Process Time:    0.04s]- Epoch: 11 [0400/1330 ( 30%)]	Losses: ce_loss-0.1074(0.2041) loss_tacl-0.0001(0.0001) loss_sacl-0.0094(0.0094) loss_event-0.0070(0.0068) loss_evidence-0.0000(0.0000) loss_query_diversity-0.0043(0.0043) loss_position-0.0000(0.0000) total_loss-0.1074(0.2041) 
[2026-09-20 03:57:08,346]-[trainutils.py line:416]:[EST:    2.73m][Process Time:    0.04s]- Epoch: 11 [0500/1330 ( 38%)]	Losses: ce_loss-0.1730(0.2070) loss_tacl-0.0001(0.0001) loss_sacl-0.0091(0.0094) loss_event-0.0064(0.0068) loss_evidence-0.0000(0.0000) loss_query_diversity-0.0043(0.0043) loss_position-0.0000(0.0000) total_loss-0.1730(0.2070) 
[2026-09-20 03:57:28,005]-[trainutils.py line:416]:[EST:    2.40m][Process Time:    0.04s]- Epoch: 11 [0600/1330 ( 45%)]	Losses: ce_loss-0.1266(0.2089) loss_tacl-0.0001(0.0001) loss_sacl-0.0091(0.0094) loss_event-0.0070(0.0068) loss_evidence-0.0000(0.0000) loss_query_diversity-0.0043(0.0043) loss_position-0.0000(0.0000) total_loss-0.1266(0.2089) 
[2026-09-20 03:57:47,368]-[trainutils.py line:416]:[EST:    2.06m][Process Time:    0.04s]- Epoch: 11 [0700/1330 ( 53%)]	Losses: ce_loss-0.1874(0.2106) loss_tacl-0.0001(0.0001) loss_sacl-0.0096(0.0093) loss_event-0.0066(0.0068) loss_evidence-0.0000(0.0000) loss_query_diversity-0.0044(0.0043) loss_position-0.0000(0.0000) total_loss-0.1874(0.2106) 
[2026-09-20 03:58:06,729]-[trainutils.py line:416]:[EST:    1.73m][Process Time:    0.05s]- Epoch: 11 [0800/1330 ( 60%)]	Losses: ce_loss-0.1320(0.2123) loss_tacl-0.0001(0.0001) loss_sacl-0.0084(0.0093) loss_event-0.0074(0.0068) loss_evidence-0.0000(0.0000) loss_query_diversity-0.0043(0.0043) loss_position-0.0000(0.0000) total_loss-0.1320(0.2123) 
[2026-09-20 03:58:26,158]-[trainutils.py line:416]:[EST:    1.40m][Process Time:    0.04s]- Epoch: 11 [0900/1330 ( 68%)]	Losses: ce_loss-0.4400(0.2138) loss_tacl-0.0001(0.0001) loss_sacl-0.0091(0.0093) loss_event-0.0055(0.0068) loss_evidence-0.0000(0.0000) loss_query_diversity-0.0043(0.0043) loss_position-0.0000(0.0000) total_loss-0.4400(0.2138) 
[2026-09-20 03:58:45,448]-[trainutils.py line:416]:[EST:    1.07m][Process Time:    0.04s]- Epoch: 11 [1000/1330 ( 75%)]	Losses: ce_loss-0.1106(0.2133) loss_tacl-0.0001(0.0001) loss_sacl-0.0081(0.0093) loss_event-0.0076(0.0068) loss_evidence-0.0000(0.0000) loss_query_diversity-0.0043(0.0043) loss_position-0.0000(0.0000) total_loss-0.1106(0.2133) 
[2026-09-20 03:59:04,914]-[trainutils.py line:416]:[EST:    0.75m][Process Time:    0.05s]- Epoch: 11 [1100/1330 ( 83%)]	Losses: ce_loss-0.1651(0.2130) loss_tacl-0.0001(0.0001) loss_sacl-0.0095(0.0093) loss_event-0.0079(0.0068) loss_evidence-0.0000(0.0000) loss_query_diversity-0.0043(0.0043) loss_position-0.0000(0.0000) total_loss-0.1651(0.2130) 
[2026-09-20 03:59:24,566]-[trainutils.py line:416]:[EST:    0.42m][Process Time:    0.04s]- Epoch: 11 [1200/1330 ( 90%)]	Losses: ce_loss-0.3041(0.2134) loss_tacl-0.0001(0.0001) loss_sacl-0.0090(0.0093) loss_event-0.0064(0.0068) loss_evidence-0.0000(0.0000) loss_query_diversity-0.0043(0.0043) loss_position-0.0000(0.0000) total_loss-0.3041(0.2134) 
[2026-09-20 03:59:44,218]-[trainutils.py line:416]:[EST:    0.09m][Process Time:    0.06s]- Epoch: 11 [1300/1330 ( 98%)]	Losses: ce_loss-0.1024(0.2132) loss_tacl-0.0001(0.0001) loss_sacl-0.0096(0.0093) loss_event-0.0064(0.0068) loss_evidence-0.0000(0.0000) loss_query_diversity-0.0043(0.0043) loss_position-0.0000(0.0000) total_loss-0.1024(0.2132) 
[2026-09-20 03:59:50,045]-[trainutils.py line:416]:[EST:   -0.00m][Process Time:    0.05s]- Epoch: 11 [1330/1330 (100%)]	Losses: ce_loss-0.1417(0.2132) loss_tacl-0.0001(0.0001) loss_sacl-0.0088(0.0093) loss_event-0.0068(0.0068) loss_evidence-0.0000(0.0000) loss_query_diversity-0.0043(0.0043) loss_position-0.0000(0.0000) total_loss-0.1417(0.2132) 
[2026-09-20 03:59:50,537]-[train.py line:106]:
-------------- validation epoch 11 -------------- 
[2026-09-20 03:59:50,842]-[trainutils.py line:461]:Test progress:   0/95 
[2026-09-20 04:00:20,923]-[trainutils.py line:461]:Test progress:  95/95 
[2026-09-20 04:00:20,924]-[trainutils.py line:492]:Epoch 11 -           Audio/Counting accuracy: 86.30(441/511) 
[2026-09-20 04:00:20,924]-[trainutils.py line:492]:Epoch 11 -        Audio/Comparative accuracy: 57.97(171/295) 
[2026-09-20 04:00:20,924]-[trainutils.py line:497]:Epoch 11 -                    Audio accuracy: 75.93(612/806) 
[2026-09-20 04:00:20,924]-[trainutils.py line:492]:Epoch 11 -          Visual/Counting accuracy: 84.17(505/600) 
[2026-09-20 04:00:20,926]-[trainutils.py line:492]:Epoch 11 -          Visual/Location accuracy: 85.48(524/613) 
[2026-09-20 04:00:20,926]-[trainutils.py line:497]:Epoch 11 -                   Visual accuracy: 84.83(1029/1213) 
[2026-09-20 04:00:20,926]-[trainutils.py line:492]:Epoch 11 - Audio-Visual/Existential accuracy: 81.82(405/495) 
[2026-09-20 04:00:20,926]-[trainutils.py line:492]:Epoch 11 -    Audio-Visual/Counting accuracy: 76.30(483/633) 
[2026-09-20 04:00:20,926]-[trainutils.py line:492]:Epoch 11 -    Audio-Visual/Location accuracy: 66.59(307/461) 
[2026-09-20 04:00:20,926]-[trainutils.py line:492]:Epoch 11 - Audio-Visual/Comparative accuracy: 65.03(357/549) 
[2026-09-20 04:00:20,926]-[trainutils.py line:492]:Epoch 11 -    Audio-Visual/Temporal accuracy: 72.99(300/411) 
[2026-09-20 04:00:20,926]-[trainutils.py line:497]:Epoch 11 -             Audio-Visual accuracy: 72.66(1852/2549) 
[2026-09-20 04:00:20,926]-[trainutils.py line:501]:Epoch 11 -                    Total accuracy: 76.47(3493/4568) 
[2026-09-20 04:00:21,262]-[trainutils.py line:461]:Test progress:   0/95 
[2026-09-20 04:00:51,063]-[trainutils.py line:461]:Test progress:  95/95 
[2026-09-20 04:00:51,064]-[trainutils.py line:492]:Epoch 11 -           Audio/Counting accuracy: 86.69(443/511) 
[2026-09-20 04:00:51,064]-[trainutils.py line:492]:Epoch 11 -        Audio/Comparative accuracy: 60.00(177/295) 
[2026-09-20 04:00:51,064]-[trainutils.py line:497]:Epoch 11 -                    Audio accuracy: 76.92(620/806) 
[2026-09-20 04:00:51,064]-[trainutils.py line:492]:Epoch 11 -          Visual/Counting accuracy: 84.50(507/600) 
[2026-09-20 04:00:51,064]-[trainutils.py line:492]:Epoch 11 -          Visual/Location accuracy: 85.48(524/613) 
[2026-09-20 04:00:51,064]-[trainutils.py line:497]:Epoch 11 -                   Visual accuracy: 85.00(1031/1213) 
[2026-09-20 04:00:51,065]-[trainutils.py line:492]:Epoch 11 - Audio-Visual/Existential accuracy: 83.03(411/495) 
[2026-09-20 04:00:51,065]-[trainutils.py line:492]:Epoch 11 -    Audio-Visual/Counting accuracy: 78.99(500/633) 
[2026-09-20 04:00:51,065]-[trainutils.py line:492]:Epoch 11 -    Audio-Visual/Location accuracy: 68.55(316/461) 
[2026-09-20 04:00:51,065]-[trainutils.py line:492]:Epoch 11 - Audio-Visual/Comparative accuracy: 65.76(361/549) 
[2026-09-20 04:00:51,065]-[trainutils.py line:492]:Epoch 11 -    Audio-Visual/Temporal accuracy: 72.51(298/411) 
[2026-09-20 04:00:51,066]-[trainutils.py line:497]:Epoch 11 -             Audio-Visual accuracy: 73.99(1886/2549) 
[2026-09-20 04:00:51,066]-[trainutils.py line:501]:Epoch 11 -                    Total accuracy: 77.43(3537/4568) 
[2026-09-20 04:00:51,068]-[train.py line:167]:Epoch 11 done with 77.43 and loss 0.66016. 
[2026-09-20 04:00:51,068]-[train.py line:168]:At epoch9 best acc: 77.65. 
[2026-09-20 04:00:51,068]-[train.py line:102]:
-------------- training epoch 12 -------------- 
[2026-09-20 04:00:51,276]-[trainutils.py line:416]:[EST:    4.51m][Process Time:    0.06s]- Epoch: 12 [0000/1330 (  0%)]	Losses: ce_loss-0.0630(0.0630) loss_tacl-0.0001(0.0001) loss_sacl-0.0091(0.0091) loss_event-0.0076(0.0076) loss_evidence-0.0000(0.0000) loss_query_diversity-0.0043(0.0043) loss_position-0.0000(0.0000) total_loss-0.0630(0.0630) 
[2026-09-20 04:01:11,131]-[trainutils.py line:416]:[EST:    4.07m][Process Time:    0.04s]- Epoch: 12 [0100/1330 (  8%)]	Losses: ce_loss-0.0965(0.1669) loss_tacl-0.0001(0.0001) loss_sacl-0.0086(0.0092) loss_event-0.0062(0.0067) loss_evidence-0.0000(0.0000) loss_query_diversity-0.0042(0.0043) loss_position-0.0000(0.0000) total_loss-0.0965(0.1669) 
[2026-09-20 04:01:30,949]-[trainutils.py line:416]:[EST:    3.73m][Process Time:    0.04s]- Epoch: 12 [0200/1330 ( 15%)]	Losses: ce_loss-0.0828(0.1707) loss_tacl-0.0001(0.0001) loss_sacl-0.0095(0.0091) loss_event-0.0065(0.0069) loss_evidence-0.0000(0.0000) loss_query_diversity-0.0043(0.0043) loss_position-0.0000(0.0000) total_loss-0.0828(0.1707) 
[2026-09-20 04:01:50,923]-[trainutils.py line:416]:[EST:    3.41m][Process Time:    0.05s]- Epoch: 12 [0300/1330 ( 23%)]	Losses: ce_loss-0.4047(0.1729) loss_tacl-0.0001(0.0001) loss_sacl-0.0091(0.0091) loss_event-0.0066(0.0068) loss_evidence-0.0000(0.0000) loss_query_diversity-0.0043(0.0043) loss_position-0.0000(0.0000) total_loss-0.4047(0.1729) 
[2026-09-20 04:02:10,768]-[trainutils.py line:416]:[EST:    3.08m][Process Time:    0.04s]- Epoch: 12 [0400/1330 ( 30%)]	Losses: ce_loss-0.1672(0.1768) loss_tacl-0.0001(0.0001) loss_sacl-0.0101(0.0091) loss_event-0.0073(0.0068) loss_evidence-0.0000(0.0000) loss_query_diversity-0.0043(0.0043) loss_position-0.0000(0.0000) total_loss-0.1672(0.1768) 
[2026-09-20 04:02:30,623]-[trainutils.py line:416]:[EST:    2.75m][Process Time:    0.04s]- Epoch: 12 [0500/1330 ( 38%)]	Losses: ce_loss-0.2923(0.1740) loss_tacl-0.0001(0.0001) loss_sacl-0.0088(0.0091) loss_event-0.0053(0.0068) loss_evidence-0.0000(0.0000) loss_query_diversity-0.0042(0.0043) loss_position-0.0000(0.0000) total_loss-0.2923(0.1740) 
[2026-09-20 04:02:50,268]-[trainutils.py line:416]:[EST:    2.41m][Process Time:    0.06s]- Epoch: 12 [0600/1330 ( 45%)]	Losses: ce_loss-0.1045(0.1720) loss_tacl-0.0001(0.0001) loss_sacl-0.0092(0.0091) loss_event-0.0065(0.0068) loss_evidence-0.0000(0.0000) loss_query_diversity-0.0043(0.0043) loss_position-0.0000(0.0000) total_loss-0.1045(0.1720) 
[2026-09-20 04:03:10,086]-[trainutils.py line:416]:[EST:    2.08m][Process Time:    0.04s]- Epoch: 12 [0700/1330 ( 53%)]	Losses: ce_loss-0.0921(0.1724) loss_tacl-0.0001(0.0001) loss_sacl-0.0094(0.0091) loss_event-0.0084(0.0068) loss_evidence-0.0000(0.0000) loss_query_diversity-0.0043(0.0043) loss_position-0.0000(0.0000) total_loss-0.0921(0.1724) 
[2026-09-20 04:03:29,927]-[trainutils.py line:416]:[EST:    1.75m][Process Time:    0.04s]- Epoch: 12 [0800/1330 ( 60%)]	Losses: ce_loss-0.1062(0.1744) loss_tacl-0.0001(0.0001) loss_sacl-0.0091(0.0090) loss_event-0.0054(0.0068) loss_evidence-0.0000(0.0000) loss_query_diversity-0.0043(0.0043) loss_position-0.0000(0.0000) total_loss-0.1062(0.1744) 
[2026-09-20 04:03:49,371]-[trainutils.py line:416]:[EST:    1.41m][Process Time:    0.05s]- Epoch: 12 [0900/1330 ( 68%)]	Losses: ce_loss-0.1360(0.1768) loss_tacl-0.0001(0.0001) loss_sacl-0.0092(0.0090) loss_event-0.0074(0.0068) loss_evidence-0.0000(0.0000) loss_query_diversity-0.0042(0.0043) loss_position-0.0000(0.0000) total_loss-0.1360(0.1768) 
[2026-09-20 04:04:08,801]-[trainutils.py line:416]:[EST:    1.08m][Process Time:    0.04s]- Epoch: 12 [1000/1330 ( 75%)]	Losses: ce_loss-0.0516(0.1753) loss_tacl-0.0001(0.0001) loss_sacl-0.0100(0.0090) loss_event-0.0065(0.0068) loss_evidence-0.0000(0.0000) loss_query_diversity-0.0043(0.0043) loss_position-0.0000(0.0000) total_loss-0.0516(0.1753) 
[2026-09-20 04:04:28,701]-[trainutils.py line:416]:[EST:    0.75m][Process Time:    0.04s]- Epoch: 12 [1100/1330 ( 83%)]	Losses: ce_loss-0.1216(0.1758) loss_tacl-0.0001(0.0001) loss_sacl-0.0089(0.0090) loss_event-0.0064(0.0068) loss_evidence-0.0000(0.0000) loss_query_diversity-0.0043(0.0043) loss_position-0.0000(0.0000) total_loss-0.1216(0.1758) 
[2026-09-20 04:04:48,665]-[trainutils.py line:416]:[EST:    0.43m][Process Time:    0.04s]- Epoch: 12 [1200/1330 ( 90%)]	Losses: ce_loss-0.1175(0.1756) loss_tacl-0.0001(0.0001) loss_sacl-0.0087(0.0090) loss_event-0.0063(0.0068) loss_evidence-0.0000(0.0000) loss_query_diversity-0.0043(0.0043) loss_position-0.0000(0.0000) total_loss-0.1175(0.1756) 
[2026-09-20 04:05:08,293]-[trainutils.py line:416]:[EST:    0.10m][Process Time:    0.04s]- Epoch: 12 [1300/1330 ( 98%)]	Losses: ce_loss-0.0627(0.1750) loss_tacl-0.0001(0.0001) loss_sacl-0.0089(0.0090) loss_event-0.0057(0.0068) loss_evidence-0.0000(0.0000) loss_query_diversity-0.0043(0.0043) loss_position-0.0000(0.0000) total_loss-0.0627(0.1750) 
[2026-09-20 04:05:13,991]-[trainutils.py line:416]:[EST:   -0.00m][Process Time:    0.06s]- Epoch: 12 [1330/1330 (100%)]	Losses: ce_loss-0.1514(0.1747) loss_tacl-0.0002(0.0001) loss_sacl-0.0092(0.0090) loss_event-0.0059(0.0068) loss_evidence-0.0000(0.0000) loss_query_diversity-0.0043(0.0043) loss_position-0.0000(0.0000) total_loss-0.1514(0.1747) 
[2026-09-20 04:05:14,458]-[train.py line:106]:
-------------- validation epoch 12 -------------- 
[2026-09-20 04:05:14,768]-[trainutils.py line:461]:Test progress:   0/95 
[2026-09-20 04:05:44,960]-[trainutils.py line:461]:Test progress:  95/95 
[2026-09-20 04:05:44,961]-[trainutils.py line:492]:Epoch 12 -           Audio/Counting accuracy: 85.71(438/511) 
[2026-09-20 04:05:44,961]-[trainutils.py line:492]:Epoch 12 -        Audio/Comparative accuracy: 57.97(171/295) 
[2026-09-20 04:05:44,961]-[trainutils.py line:497]:Epoch 12 -                    Audio accuracy: 75.56(609/806) 
[2026-09-20 04:05:44,962]-[trainutils.py line:492]:Epoch 12 -          Visual/Counting accuracy: 85.00(510/600) 
[2026-09-20 04:05:44,962]-[trainutils.py line:492]:Epoch 12 -          Visual/Location accuracy: 85.81(526/613) 
[2026-09-20 04:05:44,962]-[trainutils.py line:497]:Epoch 12 -                   Visual accuracy: 85.41(1036/1213) 
[2026-09-20 04:05:44,962]-[trainutils.py line:492]:Epoch 12 - Audio-Visual/Existential accuracy: 82.63(409/495) 
[2026-09-20 04:05:44,962]-[trainutils.py line:492]:Epoch 12 -    Audio-Visual/Counting accuracy: 77.57(491/633) 
[2026-09-20 04:05:44,963]-[trainutils.py line:492]:Epoch 12 -    Audio-Visual/Location accuracy: 68.76(317/461) 
[2026-09-20 04:05:44,963]-[trainutils.py line:492]:Epoch 12 - Audio-Visual/Comparative accuracy: 64.30(353/549) 
[2026-09-20 04:05:44,963]-[trainutils.py line:492]:Epoch 12 -    Audio-Visual/Temporal accuracy: 73.24(301/411) 
[2026-09-20 04:05:44,963]-[trainutils.py line:497]:Epoch 12 -             Audio-Visual accuracy: 73.40(1871/2549) 
[2026-09-20 04:05:44,963]-[trainutils.py line:501]:Epoch 12 -                    Total accuracy: 76.97(3516/4568) 
[2026-09-20 04:05:45,299]-[trainutils.py line:461]:Test progress:   0/95 
[2026-09-20 04:06:14,966]-[trainutils.py line:461]:Test progress:  95/95 
[2026-09-20 04:06:14,966]-[trainutils.py line:492]:Epoch 12 -           Audio/Counting accuracy: 86.50(442/511) 
[2026-09-20 04:06:14,967]-[trainutils.py line:492]:Epoch 12 -        Audio/Comparative accuracy: 59.66(176/295) 
[2026-09-20 04:06:14,967]-[trainutils.py line:497]:Epoch 12 -                    Audio accuracy: 76.67(618/806) 
[2026-09-20 04:06:14,967]-[trainutils.py line:492]:Epoch 12 -          Visual/Counting accuracy: 85.17(511/600) 
[2026-09-20 04:06:14,967]-[trainutils.py line:492]:Epoch 12 -          Visual/Location accuracy: 85.81(526/613) 
[2026-09-20 04:06:14,967]-[trainutils.py line:497]:Epoch 12 -                   Visual accuracy: 85.49(1037/1213) 
[2026-09-20 04:06:14,967]-[trainutils.py line:492]:Epoch 12 - Audio-Visual/Existential accuracy: 83.03(411/495) 
[2026-09-20 04:06:14,968]-[trainutils.py line:492]:Epoch 12 -    Audio-Visual/Counting accuracy: 78.52(497/633) 
[2026-09-20 04:06:14,968]-[trainutils.py line:492]:Epoch 12 -    Audio-Visual/Location accuracy: 69.20(319/461) 
[2026-09-20 04:06:14,968]-[trainutils.py line:492]:Epoch 12 - Audio-Visual/Comparative accuracy: 65.94(362/549) 
[2026-09-20 04:06:14,968]-[trainutils.py line:492]:Epoch 12 -    Audio-Visual/Temporal accuracy: 72.02(296/411) 
[2026-09-20 04:06:14,968]-[trainutils.py line:497]:Epoch 12 -             Audio-Visual accuracy: 73.95(1885/2549) 
[2026-09-20 04:06:14,970]-[trainutils.py line:501]:Epoch 12 -                    Total accuracy: 77.50(3540/4568) 
[2026-09-20 04:06:14,970]-[train.py line:167]:Epoch 12 done with 77.50 and loss 0.70703. 
[2026-09-20 04:06:14,970]-[train.py line:168]:At epoch9 best acc: 77.65. 
[2026-09-20 04:06:14,970]-[train.py line:102]:
-------------- training epoch 13 -------------- 
[2026-09-20 04:06:15,160]-[trainutils.py line:416]:[EST:    4.11m][Process Time:    0.04s]- Epoch: 13 [0000/1330 (  0%)]	Losses: ce_loss-0.1175(0.1175) loss_tacl-0.0001(0.0001) loss_sacl-0.0093(0.0093) loss_event-0.0057(0.0057) loss_evidence-0.0000(0.0000) loss_query_diversity-0.0043(0.0043) loss_position-0.0000(0.0000) total_loss-0.1175(0.1175) 
[2026-09-20 04:06:34,935]-[trainutils.py line:416]:[EST:    4.05m][Process Time:    0.05s]- Epoch: 13 [0100/1330 (  8%)]	Losses: ce_loss-0.1214(0.1341) loss_tacl-0.0001(0.0001) loss_sacl-0.0096(0.0089) loss_event-0.0072(0.0069) loss_evidence-0.0000(0.0000) loss_query_diversity-0.0043(0.0043) loss_position-0.0000(0.0000) total_loss-0.1214(0.1341) 
[2026-09-20 04:06:54,765]-[trainutils.py line:416]:[EST:    3.73m][Process Time:    0.06s]- Epoch: 13 [0200/1330 ( 15%)]	Losses: ce_loss-0.0579(0.1402) loss_tacl-0.0001(0.0001) loss_sacl-0.0082(0.0088) loss_event-0.0070(0.0069) loss_evidence-0.0000(0.0000) loss_query_diversity-0.0043(0.0043) loss_position-0.0000(0.0000) total_loss-0.0579(0.1402) 
[2026-09-20 04:07:14,777]-[trainutils.py line:416]:[EST:    3.41m][Process Time:    0.06s]- Epoch: 13 [0300/1330 ( 23%)]	Losses: ce_loss-0.1274(0.1399) loss_tacl-0.0001(0.0001) loss_sacl-0.0083(0.0088) loss_event-0.0069(0.0068) loss_evidence-0.0000(0.0000) loss_query_diversity-0.0043(0.0043) loss_position-0.0000(0.0000) total_loss-0.1274(0.1399) 
[2026-09-20 04:07:34,501]-[trainutils.py line:416]:[EST:    3.07m][Process Time:    0.04s]- Epoch: 13 [0400/1330 ( 30%)]	Losses: ce_loss-0.1288(0.1395) loss_tacl-0.0001(0.0001) loss_sacl-0.0084(0.0088) loss_event-0.0061(0.0068) loss_evidence-0.0000(0.0000) loss_query_diversity-0.0043(0.0043) loss_position-0.0000(0.0000) total_loss-0.1288(0.1395) 
[2026-09-20 04:07:54,143]-[trainutils.py line:416]:[EST:    2.73m][Process Time:    0.06s]- Epoch: 13 [0500/1330 ( 38%)]	Losses: ce_loss-0.2508(0.1423) loss_tacl-0.0001(0.0001) loss_sacl-0.0090(0.0088) loss_event-0.0063(0.0068) loss_evidence-0.0000(0.0000) loss_query_diversity-0.0043(0.0043) loss_position-0.0000(0.0000) total_loss-0.2508(0.1423) 
[2026-09-20 04:08:13,884]-[trainutils.py line:416]:[EST:    2.40m][Process Time:    0.05s]- Epoch: 13 [0600/1330 ( 45%)]	Losses: ce_loss-0.0978(0.1404) loss_tacl-0.0001(0.0001) loss_sacl-0.0088(0.0088) loss_event-0.0076(0.0068) loss_evidence-0.0000(0.0000) loss_query_diversity-0.0043(0.0043) loss_position-0.0000(0.0000) total_loss-0.0978(0.1404) 
[2026-09-20 04:08:33,271]-[trainutils.py line:416]:[EST:    2.07m][Process Time:    0.04s]- Epoch: 13 [0700/1330 ( 53%)]	Losses: ce_loss-0.0630(0.1401) loss_tacl-0.0001(0.0001) loss_sacl-0.0081(0.0088) loss_event-0.0077(0.0068) loss_evidence-0.0000(0.0000) loss_query_diversity-0.0043(0.0043) loss_position-0.0000(0.0000) total_loss-0.0630(0.1401) 
[2026-09-20 04:08:52,754]-[trainutils.py line:416]:[EST:    1.74m][Process Time:    0.04s]- Epoch: 13 [0800/1330 ( 60%)]	Losses: ce_loss-0.3367(0.1417) loss_tacl-0.0001(0.0001) loss_sacl-0.0090(0.0088) loss_event-0.0058(0.0068) loss_evidence-0.0000(0.0000) loss_query_diversity-0.0043(0.0043) loss_position-0.0000(0.0000) total_loss-0.3367(0.1417) 
[2026-09-20 04:09:12,320]-[trainutils.py line:416]:[EST:    1.41m][Process Time:    0.04s]- Epoch: 13 [0900/1330 ( 68%)]	Losses: ce_loss-0.1794(0.1427) loss_tacl-0.0001(0.0001) loss_sacl-0.0082(0.0088) loss_event-0.0066(0.0068) loss_evidence-0.0000(0.0000) loss_query_diversity-0.0043(0.0043) loss_position-0.0000(0.0000) total_loss-0.1794(0.1427) 
[2026-09-20 04:09:31,971]-[trainutils.py line:416]:[EST:    1.08m][Process Time:    0.04s]- Epoch: 13 [1000/1330 ( 75%)]	Losses: ce_loss-0.1492(0.1431) loss_tacl-0.0001(0.0001) loss_sacl-0.0083(0.0088) loss_event-0.0070(0.0068) loss_evidence-0.0000(0.0000) loss_query_diversity-0.0043(0.0043) loss_position-0.0000(0.0000) total_loss-0.1492(0.1431) 
[2026-09-20 04:09:51,662]-[trainutils.py line:416]:[EST:    0.75m][Process Time:    0.06s]- Epoch: 13 [1100/1330 ( 83%)]	Losses: ce_loss-0.0835(0.1438) loss_tacl-0.0001(0.0001) loss_sacl-0.0092(0.0088) loss_event-0.0077(0.0068) loss_evidence-0.0000(0.0000) loss_query_diversity-0.0043(0.0043) loss_position-0.0000(0.0000) total_loss-0.0835(0.1438) 
[2026-09-20 04:10:11,301]-[trainutils.py line:416]:[EST:    0.42m][Process Time:    0.04s]- Epoch: 13 [1200/1330 ( 90%)]	Losses: ce_loss-0.1805(0.1428) loss_tacl-0.0001(0.0001) loss_sacl-0.0086(0.0087) loss_event-0.0072(0.0068) loss_evidence-0.0000(0.0000) loss_query_diversity-0.0043(0.0043) loss_position-0.0000(0.0000) total_loss-0.1805(0.1428) 
[2026-09-20 04:10:31,119]-[trainutils.py line:416]:[EST:    0.10m][Process Time:    0.04s]- Epoch: 13 [1300/1330 ( 98%)]	Losses: ce_loss-0.0937(0.1430) loss_tacl-0.0001(0.0001) loss_sacl-0.0093(0.0087) loss_event-0.0068(0.0068) loss_evidence-0.0000(0.0000) loss_query_diversity-0.0043(0.0043) loss_position-0.0000(0.0000) total_loss-0.0937(0.1430) 
[2026-09-20 04:10:36,981]-[trainutils.py line:416]:[EST:   -0.00m][Process Time:    0.07s]- Epoch: 13 [1330/1330 (100%)]	Losses: ce_loss-0.0410(0.1427) loss_tacl-0.0001(0.0001) loss_sacl-0.0094(0.0087) loss_event-0.0076(0.0068) loss_evidence-0.0000(0.0000) loss_query_diversity-0.0043(0.0043) loss_position-0.0000(0.0000) total_loss-0.0410(0.1427) 
[2026-09-20 04:10:37,452]-[train.py line:106]:
-------------- validation epoch 13 -------------- 
[2026-09-20 04:10:37,753]-[trainutils.py line:461]:Test progress:   0/95 
[2026-09-20 04:11:07,899]-[trainutils.py line:461]:Test progress:  95/95 
[2026-09-20 04:11:07,899]-[trainutils.py line:492]:Epoch 13 -           Audio/Counting accuracy: 86.30(441/511) 
[2026-09-20 04:11:07,899]-[trainutils.py line:492]:Epoch 13 -        Audio/Comparative accuracy: 57.29(169/295) 
[2026-09-20 04:11:07,899]-[trainutils.py line:497]:Epoch 13 -                    Audio accuracy: 75.68(610/806) 
[2026-09-20 04:11:07,900]-[trainutils.py line:492]:Epoch 13 -          Visual/Counting accuracy: 84.67(508/600) 
[2026-09-20 04:11:07,900]-[trainutils.py line:492]:Epoch 13 -          Visual/Location accuracy: 84.99(521/613) 
[2026-09-20 04:11:07,900]-[trainutils.py line:497]:Epoch 13 -                   Visual accuracy: 84.83(1029/1213) 
[2026-09-20 04:11:07,900]-[trainutils.py line:492]:Epoch 13 - Audio-Visual/Existential accuracy: 81.21(402/495) 
[2026-09-20 04:11:07,900]-[trainutils.py line:492]:Epoch 13 -    Audio-Visual/Counting accuracy: 76.62(485/633) 
[2026-09-20 04:11:07,900]-[trainutils.py line:492]:Epoch 13 -    Audio-Visual/Location accuracy: 69.41(320/461) 
[2026-09-20 04:11:07,900]-[trainutils.py line:492]:Epoch 13 - Audio-Visual/Comparative accuracy: 62.48(343/549) 
[2026-09-20 04:11:07,901]-[trainutils.py line:492]:Epoch 13 -    Audio-Visual/Temporal accuracy: 71.53(294/411) 
[2026-09-20 04:11:07,901]-[trainutils.py line:497]:Epoch 13 -             Audio-Visual accuracy: 72.34(1844/2549) 
[2026-09-20 04:11:07,901]-[trainutils.py line:501]:Epoch 13 -                    Total accuracy: 76.25(3483/4568) 
[2026-09-20 04:11:08,240]-[trainutils.py line:461]:Test progress:   0/95 
[2026-09-20 04:11:38,384]-[trainutils.py line:461]:Test progress:  95/95 
[2026-09-20 04:11:38,384]-[trainutils.py line:492]:Epoch 13 -           Audio/Counting accuracy: 86.30(441/511) 
[2026-09-20 04:11:38,384]-[trainutils.py line:492]:Epoch 13 -        Audio/Comparative accuracy: 58.98(174/295) 
[2026-09-20 04:11:38,384]-[trainutils.py line:497]:Epoch 13 -                    Audio accuracy: 76.30(615/806) 
[2026-09-20 04:11:38,385]-[trainutils.py line:492]:Epoch 13 -          Visual/Counting accuracy: 85.50(513/600) 
[2026-09-20 04:11:38,385]-[trainutils.py line:492]:Epoch 13 -          Visual/Location accuracy: 85.97(527/613) 
[2026-09-20 04:11:38,385]-[trainutils.py line:497]:Epoch 13 -                   Visual accuracy: 85.74(1040/1213) 
[2026-09-20 04:11:38,385]-[trainutils.py line:492]:Epoch 13 - Audio-Visual/Existential accuracy: 82.22(407/495) 
[2026-09-20 04:11:38,385]-[trainutils.py line:492]:Epoch 13 -    Audio-Visual/Counting accuracy: 77.88(493/633) 
[2026-09-20 04:11:38,385]-[trainutils.py line:492]:Epoch 13 -    Audio-Visual/Location accuracy: 69.63(321/461) 
[2026-09-20 04:11:38,386]-[trainutils.py line:492]:Epoch 13 - Audio-Visual/Comparative accuracy: 64.30(353/549) 
[2026-09-20 04:11:38,386]-[trainutils.py line:492]:Epoch 13 -    Audio-Visual/Temporal accuracy: 72.26(297/411) 
[2026-09-20 04:11:38,386]-[trainutils.py line:497]:Epoch 13 -             Audio-Visual accuracy: 73.40(1871/2549) 
[2026-09-20 04:11:38,386]-[trainutils.py line:501]:Epoch 13 -                    Total accuracy: 77.19(3526/4568) 
[2026-09-20 04:11:38,390]-[train.py line:167]:Epoch 13 done with 77.19 and loss 0.76562. 
[2026-09-20 04:11:38,390]-[train.py line:168]:At epoch9 best acc: 77.65. 
[2026-09-20 04:11:38,390]-[train.py line:102]:
-------------- training epoch 14 -------------- 
[2026-09-20 04:11:38,577]-[trainutils.py line:416]:[EST:    4.13m][Process Time:    0.04s]- Epoch: 14 [0000/1330 (  0%)]	Losses: ce_loss-0.1859(0.1859) loss_tacl-0.0001(0.0001) loss_sacl-0.0089(0.0089) loss_event-0.0068(0.0068) loss_evidence-0.0000(0.0000) loss_query_diversity-0.0043(0.0043) loss_position-0.0000(0.0000) total_loss-0.1859(0.1859) 
[2026-09-20 04:11:58,155]-[trainutils.py line:416]:[EST:    4.01m][Process Time:    0.05s]- Epoch: 14 [0100/1330 (  8%)]	Losses: ce_loss-0.0583(0.1188) loss_tacl-0.0001(0.0001) loss_sacl-0.0088(0.0087) loss_event-0.0064(0.0067) loss_evidence-0.0000(0.0000) loss_query_diversity-0.0043(0.0043) loss_position-0.0000(0.0000) total_loss-0.0583(0.1188) 
[2026-09-20 04:12:17,676]-[trainutils.py line:416]:[EST:    3.68m][Process Time:    0.04s]- Epoch: 14 [0200/1330 ( 15%)]	Losses: ce_loss-0.1242(0.1181) loss_tacl-0.0001(0.0001) loss_sacl-0.0090(0.0087) loss_event-0.0070(0.0068) loss_evidence-0.0000(0.0000) loss_query_diversity-0.0043(0.0043) loss_position-0.0000(0.0000) total_loss-0.1242(0.1181) 
[2026-09-20 04:12:37,204]-[trainutils.py line:416]:[EST:    3.35m][Process Time:    0.05s]- Epoch: 14 [0300/1330 ( 23%)]	Losses: ce_loss-0.0858(0.1189) loss_tacl-0.0001(0.0001) loss_sacl-0.0093(0.0087) loss_event-0.0057(0.0068) loss_evidence-0.0000(0.0000) loss_query_diversity-0.0043(0.0043) loss_position-0.0000(0.0000) total_loss-0.0858(0.1189) 
[2026-09-20 04:12:57,020]-[trainutils.py line:416]:[EST:    3.04m][Process Time:    0.06s]- Epoch: 14 [0400/1330 ( 30%)]	Losses: ce_loss-0.0728(0.1211) loss_tacl-0.0001(0.0001) loss_sacl-0.0086(0.0087) loss_event-0.0057(0.0068) loss_evidence-0.0000(0.0000) loss_query_diversity-0.0043(0.0043) loss_position-0.0000(0.0000) total_loss-0.0728(0.1211) 
[2026-09-20 04:13:16,918]-[trainutils.py line:416]:[EST:    2.72m][Process Time:    0.04s]- Epoch: 14 [0500/1330 ( 38%)]	Losses: ce_loss-0.1382(0.1194) loss_tacl-0.0001(0.0001) loss_sacl-0.0083(0.0087) loss_event-0.0064(0.0068) loss_evidence-0.0000(0.0000) loss_query_diversity-0.0042(0.0043) loss_position-0.0000(0.0000) total_loss-0.1382(0.1194) 
[2026-09-20 04:13:36,190]-[trainutils.py line:416]:[EST:    2.38m][Process Time:    0.04s]- Epoch: 14 [0600/1330 ( 45%)]	Losses: ce_loss-0.1563(0.1186) loss_tacl-0.0001(0.0001) loss_sacl-0.0086(0.0087) loss_event-0.0078(0.0067) loss_evidence-0.0000(0.0000) loss_query_diversity-0.0043(0.0043) loss_position-0.0000(0.0000) total_loss-0.1563(0.1186) 
[2026-09-20 04:13:55,406]-[trainutils.py line:416]:[EST:    2.05m][Process Time:    0.06s]- Epoch: 14 [0700/1330 ( 53%)]	Losses: ce_loss-0.1227(0.1197) loss_tacl-0.0001(0.0001) loss_sacl-0.0093(0.0087) loss_event-0.0079(0.0067) loss_evidence-0.0000(0.0000) loss_query_diversity-0.0043(0.0043) loss_position-0.0000(0.0000) total_loss-0.1227(0.1197) 
[2026-09-20 04:14:14,750]-[trainutils.py line:416]:[EST:    1.72m][Process Time:    0.04s]- Epoch: 14 [0800/1330 ( 60%)]	Losses: ce_loss-0.1238(0.1200) loss_tacl-0.0001(0.0001) loss_sacl-0.0092(0.0086) loss_event-0.0047(0.0067) loss_evidence-0.0000(0.0000) loss_query_diversity-0.0043(0.0043) loss_position-0.0000(0.0000) total_loss-0.1238(0.1200) 
[2026-09-20 04:14:34,447]-[trainutils.py line:416]:[EST:    1.40m][Process Time:    0.06s]- Epoch: 14 [0900/1330 ( 68%)]	Losses: ce_loss-0.1082(0.1204) loss_tacl-0.0001(0.0001) loss_sacl-0.0089(0.0086) loss_event-0.0060(0.0067) loss_evidence-0.0000(0.0000) loss_query_diversity-0.0043(0.0043) loss_position-0.0000(0.0000) total_loss-0.1082(0.1204) 
[2026-09-20 04:14:54,242]-[trainutils.py line:416]:[EST:    1.07m][Process Time:    0.04s]- Epoch: 14 [1000/1330 ( 75%)]	Losses: ce_loss-0.1250(0.1210) loss_tacl-0.0001(0.0001) loss_sacl-0.0090(0.0086) loss_event-0.0071(0.0067) loss_evidence-0.0000(0.0000) loss_query_diversity-0.0043(0.0043) loss_position-0.0000(0.0000) total_loss-0.1250(0.1210) 
[2026-09-20 04:15:14,176]-[trainutils.py line:416]:[EST:    0.75m][Process Time:    0.04s]- Epoch: 14 [1100/1330 ( 83%)]	Losses: ce_loss-0.0530(0.1208) loss_tacl-0.0001(0.0001) loss_sacl-0.0091(0.0086) loss_event-0.0081(0.0067) loss_evidence-0.0000(0.0000) loss_query_diversity-0.0043(0.0043) loss_position-0.0000(0.0000) total_loss-0.0530(0.1208) 
[2026-09-20 04:15:33,958]-[trainutils.py line:416]:[EST:    0.42m][Process Time:    0.04s]- Epoch: 14 [1200/1330 ( 90%)]	Losses: ce_loss-0.0521(0.1202) loss_tacl-0.0001(0.0001) loss_sacl-0.0084(0.0086) loss_event-0.0072(0.0067) loss_evidence-0.0000(0.0000) loss_query_diversity-0.0043(0.0043) loss_position-0.0000(0.0000) total_loss-0.0521(0.1202) 
[2026-09-20 04:15:53,733]-[trainutils.py line:416]:[EST:    0.09m][Process Time:    0.04s]- Epoch: 14 [1300/1330 ( 98%)]	Losses: ce_loss-0.0611(0.1214) loss_tacl-0.0001(0.0001) loss_sacl-0.0086(0.0086) loss_event-0.0082(0.0067) loss_evidence-0.0000(0.0000) loss_query_diversity-0.0043(0.0043) loss_position-0.0000(0.0000) total_loss-0.0611(0.1214) 
[2026-09-20 04:15:59,648]-[trainutils.py line:416]:[EST:   -0.00m][Process Time:    0.07s]- Epoch: 14 [1330/1330 (100%)]	Losses: ce_loss-0.2332(0.1213) loss_tacl-0.0001(0.0001) loss_sacl-0.0074(0.0086) loss_event-0.0079(0.0067) loss_evidence-0.0000(0.0000) loss_query_diversity-0.0042(0.0043) loss_position-0.0000(0.0000) total_loss-0.2332(0.1213) 
[2026-09-20 04:16:00,128]-[train.py line:106]:
-------------- validation epoch 14 -------------- 
[2026-09-20 04:16:00,432]-[trainutils.py line:461]:Test progress:   0/95 
[2026-09-20 04:16:30,619]-[trainutils.py line:461]:Test progress:  95/95 
[2026-09-20 04:16:30,622]-[trainutils.py line:492]:Epoch 14 -           Audio/Counting accuracy: 85.91(439/511) 
[2026-09-20 04:16:30,622]-[trainutils.py line:492]:Epoch 14 -        Audio/Comparative accuracy: 54.92(162/295) 
[2026-09-20 04:16:30,622]-[trainutils.py line:497]:Epoch 14 -                    Audio accuracy: 74.57(601/806) 
[2026-09-20 04:16:30,622]-[trainutils.py line:492]:Epoch 14 -          Visual/Counting accuracy: 84.83(509/600) 
[2026-09-20 04:16:30,623]-[trainutils.py line:492]:Epoch 14 -          Visual/Location accuracy: 85.97(527/613) 
[2026-09-20 04:16:30,623]-[trainutils.py line:497]:Epoch 14 -                   Visual accuracy: 85.41(1036/1213) 
[2026-09-20 04:16:30,623]-[trainutils.py line:492]:Epoch 14 - Audio-Visual/Existential accuracy: 80.00(396/495) 
[2026-09-20 04:16:30,623]-[trainutils.py line:492]:Epoch 14 -    Audio-Visual/Counting accuracy: 76.46(484/633) 
[2026-09-20 04:16:30,623]-[trainutils.py line:492]:Epoch 14 -    Audio-Visual/Location accuracy: 69.85(322/461) 
[2026-09-20 04:16:30,623]-[trainutils.py line:492]:Epoch 14 - Audio-Visual/Comparative accuracy: 64.48(354/549) 
[2026-09-20 04:16:30,625]-[trainutils.py line:492]:Epoch 14 -    Audio-Visual/Temporal accuracy: 70.80(291/411) 
[2026-09-20 04:16:30,625]-[trainutils.py line:497]:Epoch 14 -             Audio-Visual accuracy: 72.46(1847/2549) 
[2026-09-20 04:16:30,625]-[trainutils.py line:501]:Epoch 14 -                    Total accuracy: 76.27(3484/4568) 
[2026-09-20 04:16:30,964]-[trainutils.py line:461]:Test progress:   0/95 
[2026-09-20 04:17:00,650]-[trainutils.py line:461]:Test progress:  95/95 
[2026-09-20 04:17:00,651]-[trainutils.py line:492]:Epoch 14 -           Audio/Counting accuracy: 86.30(441/511) 
[2026-09-20 04:17:00,651]-[trainutils.py line:492]:Epoch 14 -        Audio/Comparative accuracy: 57.97(171/295) 
[2026-09-20 04:17:00,651]-[trainutils.py line:497]:Epoch 14 -                    Audio accuracy: 75.93(612/806) 
[2026-09-20 04:17:00,652]-[trainutils.py line:492]:Epoch 14 -          Visual/Counting accuracy: 85.00(510/600) 
[2026-09-20 04:17:00,652]-[trainutils.py line:492]:Epoch 14 -          Visual/Location accuracy: 85.64(525/613) 
[2026-09-20 04:17:00,652]-[trainutils.py line:497]:Epoch 14 -                   Visual accuracy: 85.33(1035/1213) 
[2026-09-20 04:17:00,652]-[trainutils.py line:492]:Epoch 14 - Audio-Visual/Existential accuracy: 80.40(398/495) 
[2026-09-20 04:17:00,653]-[trainutils.py line:492]:Epoch 14 -    Audio-Visual/Counting accuracy: 77.57(491/633) 
[2026-09-20 04:17:00,653]-[trainutils.py line:492]:Epoch 14 -    Audio-Visual/Location accuracy: 70.72(326/461) 
[2026-09-20 04:17:00,653]-[trainutils.py line:492]:Epoch 14 - Audio-Visual/Comparative accuracy: 63.75(350/549) 
[2026-09-20 04:17:00,653]-[trainutils.py line:492]:Epoch 14 -    Audio-Visual/Temporal accuracy: 71.78(295/411) 
[2026-09-20 04:17:00,653]-[trainutils.py line:497]:Epoch 14 -             Audio-Visual accuracy: 72.97(1860/2549) 
[2026-09-20 04:17:00,653]-[trainutils.py line:501]:Epoch 14 -                    Total accuracy: 76.77(3507/4568) 
[2026-09-20 04:17:00,656]-[train.py line:167]:Epoch 14 done with 76.77 and loss 0.80078. 
[2026-09-20 04:17:00,656]-[train.py line:168]:At epoch9 best acc: 77.65. 
[2026-09-20 04:17:00,656]-[train.py line:102]:
-------------- training epoch 15 -------------- 
[2026-09-20 04:17:00,846]-[trainutils.py line:416]:[EST:    4.17m][Process Time:    0.04s]- Epoch: 15 [0000/1330 (  0%)]	Losses: ce_loss-0.1242(0.1242) loss_tacl-0.0001(0.0001) loss_sacl-0.0088(0.0088) loss_event-0.0079(0.0079) loss_evidence-0.0000(0.0000) loss_query_diversity-0.0043(0.0043) loss_position-0.0000(0.0000) total_loss-0.1242(0.1242) 
[2026-09-20 04:17:20,526]-[trainutils.py line:416]:[EST:    4.03m][Process Time:    0.04s]- Epoch: 15 [0100/1330 (  8%)]	Losses: ce_loss-0.0574(0.1166) loss_tacl-0.0001(0.0001) loss_sacl-0.0077(0.0085) loss_event-0.0071(0.0068) loss_evidence-0.0000(0.0000) loss_query_diversity-0.0042(0.0043) loss_position-0.0000(0.0000) total_loss-0.0574(0.1166) 
[2026-09-20 04:17:40,314]-[trainutils.py line:416]:[EST:    3.71m][Process Time:    0.04s]- Epoch: 15 [0200/1330 ( 15%)]	Losses: ce_loss-0.2575(0.1065) loss_tacl-0.0001(0.0001) loss_sacl-0.0082(0.0085) loss_event-0.0063(0.0068) loss_evidence-0.0000(0.0000) loss_query_diversity-0.0043(0.0043) loss_position-0.0000(0.0000) total_loss-0.2575(0.1065) 
[2026-09-20 04:18:00,033]-[trainutils.py line:416]:[EST:    3.38m][Process Time:    0.06s]- Epoch: 15 [0300/1330 ( 23%)]	Losses: ce_loss-0.1427(0.1066) loss_tacl-0.0001(0.0001) loss_sacl-0.0087(0.0085) loss_event-0.0071(0.0068) loss_evidence-0.0000(0.0000) loss_query_diversity-0.0043(0.0043) loss_position-0.0000(0.0000) total_loss-0.1427(0.1066) 
[2026-09-20 04:18:19,688]-[trainutils.py line:416]:[EST:    3.05m][Process Time:    0.04s]- Epoch: 15 [0400/1330 ( 30%)]	Losses: ce_loss-0.0800(0.1064) loss_tacl-0.0001(0.0001) loss_sacl-0.0091(0.0085) loss_event-0.0062(0.0068) loss_evidence-0.0000(0.0000) loss_query_diversity-0.0042(0.0043) loss_position-0.0000(0.0000) total_loss-0.0800(0.1064) 
[2026-09-20 04:18:39,258]-[trainutils.py line:416]:[EST:    2.72m][Process Time:    0.04s]- Epoch: 15 [0500/1330 ( 38%)]	Losses: ce_loss-0.0851(0.1067) loss_tacl-0.0001(0.0001) loss_sacl-0.0082(0.0085) loss_event-0.0066(0.0068) loss_evidence-0.0000(0.0000) loss_query_diversity-0.0043(0.0043) loss_position-0.0000(0.0000) total_loss-0.0851(0.1067) 
[2026-09-20 04:18:58,929]-[trainutils.py line:416]:[EST:    2.39m][Process Time:    0.04s]- Epoch: 15 [0600/1330 ( 45%)]	Losses: ce_loss-0.1185(0.1069) loss_tacl-0.0001(0.0001) loss_sacl-0.0093(0.0085) loss_event-0.0064(0.0068) loss_evidence-0.0000(0.0000) loss_query_diversity-0.0043(0.0043) loss_position-0.0000(0.0000) total_loss-0.1185(0.1069) 
[2026-09-20 04:19:18,966]-[trainutils.py line:416]:[EST:    2.07m][Process Time:    0.06s]- Epoch: 15 [0700/1330 ( 53%)]	Losses: ce_loss-0.3072(0.1079) loss_tacl-0.0001(0.0001) loss_sacl-0.0078(0.0085) loss_event-0.0058(0.0067) loss_evidence-0.0000(0.0000) loss_query_diversity-0.0043(0.0043) loss_position-0.0000(0.0000) total_loss-0.3072(0.1079) 
[2026-09-20 04:19:38,818]-[trainutils.py line:416]:[EST:    1.74m][Process Time:    0.06s]- Epoch: 15 [0800/1330 ( 60%)]	Losses: ce_loss-0.0343(0.1078) loss_tacl-0.0001(0.0001) loss_sacl-0.0087(0.0085) loss_event-0.0074(0.0067) loss_evidence-0.0000(0.0000) loss_query_diversity-0.0043(0.0043) loss_position-0.0000(0.0000) total_loss-0.0343(0.1078) 
[2026-09-20 04:19:58,540]-[trainutils.py line:416]:[EST:    1.41m][Process Time:    0.04s]- Epoch: 15 [0900/1330 ( 68%)]	Losses: ce_loss-0.4834(0.1090) loss_tacl-0.0001(0.0001) loss_sacl-0.0079(0.0085) loss_event-0.0058(0.0067) loss_evidence-0.0000(0.0000) loss_query_diversity-0.0043(0.0043) loss_position-0.0000(0.0000) total_loss-0.4834(0.1090) 
[2026-09-20 04:20:18,335]-[trainutils.py line:416]:[EST:    1.08m][Process Time:    0.06s]- Epoch: 15 [1000/1330 ( 75%)]	Losses: ce_loss-0.0397(0.1081) loss_tacl-0.0001(0.0001) loss_sacl-0.0078(0.0085) loss_event-0.0057(0.0067) loss_evidence-0.0000(0.0000) loss_query_diversity-0.0043(0.0043) loss_position-0.0000(0.0000) total_loss-0.0397(0.1081) 
[2026-09-20 04:20:38,093]-[trainutils.py line:416]:[EST:    0.75m][Process Time:    0.06s]- Epoch: 15 [1100/1330 ( 83%)]	Losses: ce_loss-0.0846(0.1090) loss_tacl-0.0001(0.0001) loss_sacl-0.0089(0.0085) loss_event-0.0060(0.0067) loss_evidence-0.0000(0.0000) loss_query_diversity-0.0042(0.0043) loss_position-0.0000(0.0000) total_loss-0.0846(0.1090) 
[2026-09-20 04:20:57,998]-[trainutils.py line:416]:[EST:    0.42m][Process Time:    0.04s]- Epoch: 15 [1200/1330 ( 90%)]	Losses: ce_loss-0.0661(0.1091) loss_tacl-0.0001(0.0001) loss_sacl-0.0083(0.0085) loss_event-0.0065(0.0067) loss_evidence-0.0000(0.0000) loss_query_diversity-0.0043(0.0043) loss_position-0.0000(0.0000) total_loss-0.0661(0.1091) 
[2026-09-20 04:21:17,562]-[trainutils.py line:416]:[EST:    0.10m][Process Time:    0.04s]- Epoch: 15 [1300/1330 ( 98%)]	Losses: ce_loss-0.0419(0.1095) loss_tacl-0.0001(0.0001) loss_sacl-0.0087(0.0085) loss_event-0.0068(0.0067) loss_evidence-0.0000(0.0000) loss_query_diversity-0.0043(0.0043) loss_position-0.0000(0.0000) total_loss-0.0419(0.1095) 
[2026-09-20 04:21:23,377]-[trainutils.py line:416]:[EST:   -0.00m][Process Time:    0.06s]- Epoch: 15 [1330/1330 (100%)]	Losses: ce_loss-0.0234(0.1093) loss_tacl-0.0001(0.0001) loss_sacl-0.0083(0.0085) loss_event-0.0066(0.0067) loss_evidence-0.0000(0.0000) loss_query_diversity-0.0043(0.0043) loss_position-0.0000(0.0000) total_loss-0.0234(0.1093) 
[2026-09-20 04:21:23,840]-[train.py line:106]:
-------------- validation epoch 15 -------------- 
[2026-09-20 04:21:24,154]-[trainutils.py line:461]:Test progress:   0/95 
[2026-09-20 04:21:54,231]-[trainutils.py line:461]:Test progress:  95/95 
[2026-09-20 04:21:54,231]-[trainutils.py line:492]:Epoch 15 -           Audio/Counting accuracy: 86.30(441/511) 
[2026-09-20 04:21:54,232]-[trainutils.py line:492]:Epoch 15 -        Audio/Comparative accuracy: 55.59(164/295) 
[2026-09-20 04:21:54,232]-[trainutils.py line:497]:Epoch 15 -                    Audio accuracy: 75.06(605/806) 
[2026-09-20 04:21:54,232]-[trainutils.py line:492]:Epoch 15 -          Visual/Counting accuracy: 84.83(509/600) 
[2026-09-20 04:21:54,233]-[trainutils.py line:492]:Epoch 15 -          Visual/Location accuracy: 85.64(525/613) 
[2026-09-20 04:21:54,233]-[trainutils.py line:497]:Epoch 15 -                   Visual accuracy: 85.24(1034/1213) 
[2026-09-20 04:21:54,233]-[trainutils.py line:492]:Epoch 15 - Audio-Visual/Existential accuracy: 79.80(395/495) 
[2026-09-20 04:21:54,233]-[trainutils.py line:492]:Epoch 15 -    Audio-Visual/Counting accuracy: 76.78(486/633) 
[2026-09-20 04:21:54,233]-[trainutils.py line:492]:Epoch 15 -    Audio-Visual/Location accuracy: 69.63(321/461) 
[2026-09-20 04:21:54,233]-[trainutils.py line:492]:Epoch 15 - Audio-Visual/Comparative accuracy: 64.85(356/549) 
[2026-09-20 04:21:54,234]-[trainutils.py line:492]:Epoch 15 -    Audio-Visual/Temporal accuracy: 71.29(293/411) 
[2026-09-20 04:21:54,234]-[trainutils.py line:497]:Epoch 15 -             Audio-Visual accuracy: 72.62(1851/2549) 
[2026-09-20 04:21:54,234]-[trainutils.py line:501]:Epoch 15 -                    Total accuracy: 76.40(3490/4568) 
[2026-09-20 04:21:54,563]-[trainutils.py line:461]:Test progress:   0/95 
[2026-09-20 04:22:24,502]-[trainutils.py line:461]:Test progress:  95/95 
[2026-09-20 04:22:24,502]-[trainutils.py line:492]:Epoch 15 -           Audio/Counting accuracy: 86.30(441/511) 
[2026-09-20 04:22:24,502]-[trainutils.py line:492]:Epoch 15 -        Audio/Comparative accuracy: 56.95(168/295) 
[2026-09-20 04:22:24,502]-[trainutils.py line:497]:Epoch 15 -                    Audio accuracy: 75.56(609/806) 
[2026-09-20 04:22:24,503]-[trainutils.py line:492]:Epoch 15 -          Visual/Counting accuracy: 84.67(508/600) 
[2026-09-20 04:22:24,503]-[trainutils.py line:492]:Epoch 15 -          Visual/Location accuracy: 85.64(525/613) 
[2026-09-20 04:22:24,503]-[trainutils.py line:497]:Epoch 15 -                   Visual accuracy: 85.16(1033/1213) 
[2026-09-20 04:22:24,503]-[trainutils.py line:492]:Epoch 15 - Audio-Visual/Existential accuracy: 80.20(397/495) 
[2026-09-20 04:22:24,503]-[trainutils.py line:492]:Epoch 15 -    Audio-Visual/Counting accuracy: 77.25(489/633) 
[2026-09-20 04:22:24,503]-[trainutils.py line:492]:Epoch 15 -    Audio-Visual/Location accuracy: 70.28(324/461) 
[2026-09-20 04:22:24,503]-[trainutils.py line:492]:Epoch 15 - Audio-Visual/Comparative accuracy: 64.12(352/549) 
[2026-09-20 04:22:24,504]-[trainutils.py line:492]:Epoch 15 -    Audio-Visual/Temporal accuracy: 71.78(295/411) 
[2026-09-20 04:22:24,504]-[trainutils.py line:497]:Epoch 15 -             Audio-Visual accuracy: 72.85(1857/2549) 
[2026-09-20 04:22:24,504]-[trainutils.py line:501]:Epoch 15 -                    Total accuracy: 76.60(3499/4568) 
[2026-09-20 04:22:24,508]-[train.py line:167]:Epoch 15 done with 76.60 and loss 0.85938. 
[2026-09-20 04:22:24,509]-[train.py line:168]:At epoch9 best acc: 77.65. 
{
  "overall": 77.64886164623468,
  "audio": 77.41935483870968,
  "visual": 85.07831821929102,
  "audio_visual": 74.18595527657905,
  "av_temporal": 72.50608272506082,
  "position_ratio": 0.05167311201779006,
  "max_query_share": 0.35481172659634297,
  "eligible_for_test": false,
  "checkpoint": "D:\\model\\qast_ehr_scm_baseline_without_patch_grounder_seed713\\2026-09-20-03-02-12_seed713\\best.pt",
  "config": "D:\\AVQA_experiment\\QA-TIGER2\\QA-TIGER\\reproduce_qast_recent2025_v3_77_24\\experiments\\qast_ehr\\scm_baseline_ablations\\configs\\without_patch_grounder_seed713.py",
  "sha256": "613ed7f298bcf623c8c566ea8bb568d8f0a55f115a59c761929ce61dd1881bda",
  "counts": {
    "overall": {
      "correct": 3547,
      "total": 4568
    },
    "Audio": {
      "correct": 624,
      "total": 806
    },
    "Visual": {
      "correct": 1032,
      "total": 1213
    },
    "Audio-Visual": {
      "correct": 1891,
      "total": 2549
    },
    "av_temporal": {
      "correct": 298,
      "total": 411
    }
  }
}
QUEUE_COMPLETE D:\AVQA_experiment\QA-TIGER2\QA-TIGER\reproduce_qast_recent2025_v3_77_24\experiments\qast_ehr\scm_baseline_ablations\validation_manifest.json
