QUEUE_RUN_START scm_baseline_without_adaptive_position 6b88fe810ce046b3ba4c5e7e8df6c49d
Code snapshot saved as D:\model\qast_ehr_scm_baseline_without_adaptive_position_seed713\2026-09-20-01-44-18_seed713\code_snapshot.zip
[2026-09-20 01:44:18,228]-[utils.py line:217]:
-------------- config -------------- 
[2026-09-20 01:44:18,228]-[utils.py line:218]:{
    "standard_protocol": true,
    "run_test_after_training": false,
    "amp": true,
    "gradient_accumulation_steps": 2,
    "distill_logits": null,
    "type": "question_aware",
    "seed": 713,
    "epochs": 15,
    "num_labels": 42,
    "log_interval": 100,
    "output_dir": "D:/model/qast_ehr_scm_baseline_without_adaptive_position_seed713",
    "pretrained_weight": "fixed_features_only",
    "weight": "",
    "data": {
        "root": "D:/AVQA_experiment/QA-TIGER2/QA-TIGER/reproduce_qast_recent2025_v3_77_24",
        "img_size": 336,
        "batch_size": 24,
        "eval_batch_size": 48,
        "num_workers": 0,
        "frame_sample_rate": 1,
        "audios_dir": "D:/data/musicavqa/audio",
        "frames_dir": "D:/data/frames-1fps",
        "train_annot": "D:/AVQA_experiment/QA-TIGER2/QA-TIGER/reproduce_qast_recent2025_v3_77_24/data/annots/music_avqa/music_avqa_train.json",
        "valid_annot": "D:/AVQA_experiment/QA-TIGER2/QA-TIGER/reproduce_qast_recent2025_v3_77_24/data/annots/music_avqa/music_avqa_val.json",
        "test_annot": "D:/AVQA_experiment/QA-TIGER2/QA-TIGER/reproduce_qast_recent2025_v3_77_24/data/annots/music_avqa/music_avqa_test.json",
        "test_annots": null,
        "ans_quelen": "D:/AVQA_experiment/QA-TIGER2/QA-TIGER/reproduce_qast_recent2025_v3_77_24/data/annots/music_avqa/answer2idx.json",
        "audio_feat": "D:/data/musicavqa/vggish",
        "quest_feat": "D:/data/musicavqa/qst_ViT-L14@336px",
        "prompt_feat": "D:/data/musicavqa/qaPrompt_ViT-L14@336px",
        "patch_feat": "D:/data/musicavqa/visual_tome14_60",
        "video_feat": "D:/data/musicavqa/frames_vit"
    },
    "hyper_params": {
        "gpus": "0",
        "model_type": "QAST-EHR-2025",
        "model": {
            "topK": 10,
            "num_experts": 1,
            "audio_dim": 128,
            "video_dim": 768,
            "patch_dim": 1024,
            "question_dim": 768,
            "d_model": 512,
            "num_labels": 42,
            "num_heads": 8,
            "num_temporal_queries": 10,
            "event_scales": [
                3,
                7,
                15
            ],
            "keep_patches": 4,
            "lambda_tacl": 0.035,
            "lambda_sacl": 0.035,
            "lambda_event": 0.03,
            "lambda_evidence": 0.06,
            "lambda_diversity": 0.005,
            "lambda_position": 0.02,
            "aux_warmup_epochs": 3,
            "position_min_strength": 0.05,
            "position_max_strength": 0.1,
            "position_init_strength": 0.07,
            "evidence_margin": 0.2,
            "dropout": 0.1,
            "enable_cmg": true,
            "enable_scm": false,
            "enable_adaptive_position": false,
            "enable_patch_grounder": true
        },
        "optim": {
            "name": "AdamW",
            "lr": 0.0001,
            "new_lr": null,
            "encoder_lr": null,
            "min_lr": 1e-06,
            "weight_decay": 0.0002,
            "betas": [
                0.9,
                0.999
            ],
            "grad_clip": 1.0
        },
        "sched": {
            "name": "cosine",
            "mode": "max",
            "gamma": 0.1,
            "step_size": 6,
            "factor": 0.5,
            "patience": 3,
            "verbose": true,
            "warmup_epochs": 1
        },
        "ema": {
            "enabled": true,
            "decay": 0.999
        }
    },
    "mode": "train",
    "debug": false,
    "output_path": "",
    "cur_rank": 0
} 
[2026-09-20 01:44:18,229]-[utils.py line:219]:
-------------- environment -------------- 
[2026-09-20 01:44:18,229]-[utils.py line:220]:OS version:   
[2026-09-20 01:44:18,229]-[utils.py line:221]:Kernel version: Windows-10-10.0.26200-SP0 
[2026-09-20 01:44:18,229]-[utils.py line:222]:Python version: 3.10.20 
[2026-09-20 01:44:18,229]-[utils.py line:223]:torch version: 2.11.0+cu128 
[2026-09-20 01:44:18,229]-[utils.py line:224]:cuda version: 12.8 
[2026-09-20 01:44:18,231]-[utils.py line:225]:cuDNN version: 91900 
[2026-09-20 01:44:18,231]-[utils.py line:226]:gpu device count: 1 
[2026-09-20 01:44:18,231]-[utils.py line:231]:gpu device 0: NVIDIA GeForce RTX 5070 Laptop GPU - 8.0GB 
[2026-09-20 01:44:18,340]-[train.py line:62]:Standard protocol audit passed: train=31927, val=4568, test=9129; no split overlap; no test-derived distillation. 
[2026-09-20 01:44:21,661]-[utils.py line:204]:
-------------- parameter info -------------- 
[2026-09-20 01:44:21,661]-[utils.py line:205]:num total params: 12343352 
[2026-09-20 01:44:21,661]-[utils.py line:206]:num tunable params: 12343352 
[2026-09-20 01:44:21,661]-[utils.py line:207]:tunable param ratio: 100.00% 
[2026-09-20 01:44:21,661]-[utils.py line:208]:tunable params: 
[2026-09-20 01:44:21,661]-[utils.py line:209]:[
    "module.audio_projection.weight",
    "module.audio_projection.bias",
    "module.video_projection.weight",
    "module.video_projection.bias",
    "module.patch_projection.weight",
    "module.patch_projection.bias",
    "module.question_projection.weight",
    "module.question_projection.bias",
    "module.prompt_projection.weight",
    "module.prompt_projection.bias",
    "module.evidence_router.norms.0.weight",
    "module.evidence_router.norms.0.bias",
    "module.evidence_router.norms.1.weight",
    "module.evidence_router.norms.1.bias",
    "module.evidence_router.norms.2.weight",
    "module.evidence_router.norms.2.bias",
    "module.evidence_router.norms.3.weight",
    "module.evidence_router.norms.3.bias",
    "module.evidence_router.projections.0.weight",
    "module.evidence_router.projections.0.bias",
    "module.evidence_router.projections.1.weight",
    "module.evidence_router.projections.1.bias",
    "module.evidence_router.projections.2.weight",
    "module.evidence_router.projections.2.bias",
    "module.evidence_router.projections.3.weight",
    "module.evidence_router.projections.3.bias",
    "module.evidence_router.question_gate.0.weight",
    "module.evidence_router.question_gate.0.bias",
    "module.evidence_router.question_gate.1.weight",
    "module.evidence_router.question_gate.1.bias",
    "module.evidence_router.question_gate.3.weight",
    "module.evidence_router.question_gate.3.bias",
    "module.evidence_router.refine.0.weight",
    "module.evidence_router.refine.0.bias",
    "module.evidence_router.refine.1.weight",
    "module.evidence_router.refine.1.bias",
    "module.evidence_router.refine.4.weight",
    "module.evidence_router.refine.4.bias",
    "module.patch_grounder.patch_key.weight",
    "module.patch_grounder.patch_key.bias",
    "module.patch_grounder.audio_query.weight",
    "module.patch_grounder.audio_query.bias",
    "module.patch_grounder.question_query.weight",
    "module.patch_grounder.question_query.bias",
    "module.patch_grounder.value.weight",
    "module.patch_grounder.value.bias",
    "module.patch_grounder.score_gate.0.weight",
    "module.patch_grounder.score_gate.0.bias",
    "module.patch_grounder.score_gate.1.weight",
    "module.patch_grounder.score_gate.1.bias",
    "module.patch_grounder.output.0.weight",
    "module.patch_grounder.output.0.bias",
    "module.patch_grounder.output.2.weight",
    "module.patch_grounder.output.2.bias",
    "module.evidence_norm.weight",
    "module.evidence_norm.bias",
    "module.event_memory.branches.0.0.weight",
    "module.event_memory.branches.0.0.bias",
    "module.event_memory.branches.0.2.weight",
    "module.event_memory.branches.0.2.bias",
    "module.event_memory.branches.1.0.weight",
    "module.event_memory.branches.1.0.bias",
    "module.event_memory.branches.1.2.weight",
    "module.event_memory.branches.1.2.bias",
    "module.event_memory.branches.2.0.weight",
    "module.event_memory.branches.2.0.bias",
    "module.event_memory.branches.2.2.weight",
    "module.event_memory.branches.2.2.bias",
    "module.event_memory.question_queries.0.weight",
    "module.event_memory.question_queries.0.bias",
    "module.event_memory.question_queries.1.weight",
    "module.event_memory.question_queries.1.bias",
    "module.event_memory.question_queries.2.weight",
    "module.event_memory.question_queries.2.bias",
    "module.event_memory.scale_gate.0.weight",
    "module.event_memory.scale_gate.0.bias",
    "module.event_memory.scale_gate.1.weight",
    "module.event_memory.scale_gate.1.bias",
    "module.event_memory.output_norm.weight",
    "module.event_memory.output_norm.bias",
    "module.cmg.in_proj_weight",
    "module.cmg.in_proj_bias",
    "module.cmg.out_proj.weight",
    "module.cmg.out_proj.bias",
    "module.cmg_norm.weight",
    "module.cmg_norm.bias",
    "module.temporal_reader.query_tokens",
    "module.temporal_reader.condition.0.weight",
    "module.temporal_reader.condition.0.bias",
    "module.temporal_reader.condition.1.weight",
    "module.temporal_reader.condition.1.bias",
    "module.temporal_reader.attention.in_proj_weight",
    "module.temporal_reader.attention.in_proj_bias",
    "module.temporal_reader.attention.out_proj.weight",
    "module.temporal_reader.attention.out_proj.bias",
    "module.temporal_reader.norm.weight",
    "module.temporal_reader.norm.bias",
    "module.temporal_reader.ffn.0.weight",
    "module.temporal_reader.ffn.0.bias",
    "module.temporal_reader.ffn.3.weight",
    "module.temporal_reader.ffn.3.bias",
    "module.fusion_gate.0.weight",
    "module.fusion_gate.0.bias",
    "module.fusion_gate.1.weight",
    "module.fusion_gate.1.bias",
    "module.fusion_gate.3.weight",
    "module.fusion_gate.3.bias",
    "module.fusion_refine.0.weight",
    "module.fusion_refine.0.bias",
    "module.fusion_refine.1.weight",
    "module.fusion_refine.1.bias",
    "module.fusion_refine.4.weight",
    "module.fusion_refine.4.bias",
    "module.fusion_refine.5.weight",
    "module.fusion_refine.5.bias",
    "module.answer_head.weight",
    "module.answer_head.bias"
] 
[2026-09-20 01:44:21,662]-[trainutils.py line:220]:
-------------- optimizer info -------------- 
[2026-09-20 01:44:21,662]-[trainutils.py line:221]:Learning rate: 0.0001 
[2026-09-20 01:44:21,662]-[trainutils.py line:222]:Betas: (0.9, 0.999) 
[2026-09-20 01:44:21,662]-[trainutils.py line:223]:Eps: 1e-08 
[2026-09-20 01:44:21,662]-[trainutils.py line:224]:Weight decay: 0.0002 
[2026-09-20 01:44:21,675]-[train.py line:102]:
-------------- training epoch 1 -------------- 
[2026-09-20 01:44:22,626]-[trainutils.py line:416]:[EST:   21.07m][Process Time:    0.79s]- Epoch: 1 [0000/1330 (  0%)]	Losses: ce_loss-3.9032(3.9032) loss_tacl-0.0000(0.0000) loss_sacl-0.0112(0.0112) loss_event-0.0205(0.0205) loss_evidence-0.0175(0.0175) loss_query_diversity-0.0044(0.0044) loss_position-0.0000(0.0000) total_loss-3.9032(3.9032) 
[2026-09-20 01:44:41,931]-[trainutils.py line:416]:[EST:    4.11m][Process Time:    0.04s]- Epoch: 1 [0100/1330 (  8%)]	Losses: ce_loss-3.2861(3.4889) loss_tacl-0.0000(0.0000) loss_sacl-0.0112(0.0112) loss_event-0.0198(0.0196) loss_evidence-0.0104(0.0139) loss_query_diversity-0.0044(0.0044) loss_position-0.0000(0.0000) total_loss-3.2861(3.4889) 
[2026-09-20 01:45:00,965]-[trainutils.py line:416]:[EST:    3.68m][Process Time:    0.04s]- Epoch: 1 [0200/1330 ( 15%)]	Losses: ce_loss-3.2192(3.2794) loss_tacl-0.0000(0.0000) loss_sacl-0.0113(0.0112) loss_event-0.0160(0.0185) loss_evidence-0.0101(0.0137) loss_query_diversity-0.0044(0.0044) loss_position-0.0000(0.0000) total_loss-3.2192(3.2794) 
[2026-09-20 01:45:19,607]-[trainutils.py line:416]:[EST:    3.30m][Process Time:    0.04s]- Epoch: 1 [0300/1330 ( 23%)]	Losses: ce_loss-2.7050(3.1384) loss_tacl-0.0000(0.0000) loss_sacl-0.0113(0.0112) loss_event-0.0146(0.0174) loss_evidence-0.0110(0.0133) loss_query_diversity-0.0044(0.0044) loss_position-0.0000(0.0000) total_loss-2.7050(3.1384) 
[2026-09-20 01:45:38,127]-[trainutils.py line:416]:[EST:    2.95m][Process Time:    0.04s]- Epoch: 1 [0400/1330 ( 30%)]	Losses: ce_loss-2.4650(3.0352) loss_tacl-0.0000(0.0000) loss_sacl-0.0114(0.0112) loss_event-0.0132(0.0165) loss_evidence-0.0087(0.0099) loss_query_diversity-0.0044(0.0044) loss_position-0.0000(0.0000) total_loss-2.4650(3.0352) 
[2026-09-20 01:45:56,627]-[trainutils.py line:416]:[EST:    2.62m][Process Time:    0.04s]- Epoch: 1 [0500/1330 ( 38%)]	Losses: ce_loss-2.6446(2.9442) loss_tacl-0.0000(0.0000) loss_sacl-0.0113(0.0113) loss_event-0.0124(0.0158) loss_evidence-0.0063(0.0080) loss_query_diversity-0.0044(0.0044) loss_position-0.0000(0.0000) total_loss-2.6446(2.9442) 
[2026-09-20 01:46:15,238]-[trainutils.py line:416]:[EST:    2.30m][Process Time:    0.04s]- Epoch: 1 [0600/1330 ( 45%)]	Losses: ce_loss-2.5679(2.8575) loss_tacl-0.0000(0.0000) loss_sacl-0.0113(0.0113) loss_event-0.0120(0.0152) loss_evidence-0.0048(0.0067) loss_query_diversity-0.0044(0.0044) loss_position-0.0000(0.0000) total_loss-2.5679(2.8575) 
[2026-09-20 01:46:33,728]-[trainutils.py line:416]:[EST:    1.97m][Process Time:    0.04s]- Epoch: 1 [0700/1330 ( 53%)]	Losses: ce_loss-2.4865(2.7907) loss_tacl-0.0000(0.0000) loss_sacl-0.0114(0.0113) loss_event-0.0115(0.0147) loss_evidence-0.0055(0.0057) loss_query_diversity-0.0044(0.0044) loss_position-0.0000(0.0000) total_loss-2.4865(2.7907) 
[2026-09-20 01:46:52,391]-[trainutils.py line:416]:[EST:    1.66m][Process Time:    0.04s]- Epoch: 1 [0800/1330 ( 60%)]	Losses: ce_loss-2.1842(2.7298) loss_tacl-0.0000(0.0000) loss_sacl-0.0113(0.0113) loss_event-0.0113(0.0144) loss_evidence-0.0078(0.0050) loss_query_diversity-0.0044(0.0044) loss_position-0.0000(0.0000) total_loss-2.1842(2.7298) 
[2026-09-20 01:47:10,988]-[trainutils.py line:416]:[EST:    1.34m][Process Time:    0.04s]- Epoch: 1 [0900/1330 ( 68%)]	Losses: ce_loss-2.0887(2.6734) loss_tacl-0.0000(0.0000) loss_sacl-0.0113(0.0113) loss_event-0.0115(0.0140) loss_evidence-0.0053(0.0044) loss_query_diversity-0.0044(0.0044) loss_position-0.0000(0.0000) total_loss-2.0887(2.6734) 
[2026-09-20 01:47:29,740]-[trainutils.py line:416]:[EST:    1.03m][Process Time:    0.04s]- Epoch: 1 [1000/1330 ( 75%)]	Losses: ce_loss-2.4918(2.6240) loss_tacl-0.0000(0.0000) loss_sacl-0.0113(0.0113) loss_event-0.0119(0.0138) loss_evidence-0.0055(0.0040) loss_query_diversity-0.0044(0.0044) loss_position-0.0000(0.0000) total_loss-2.4918(2.6240) 
[2026-09-20 01:47:48,345]-[trainutils.py line:416]:[EST:    0.72m][Process Time:    0.04s]- Epoch: 1 [1100/1330 ( 83%)]	Losses: ce_loss-2.2211(2.5779) loss_tacl-0.0000(0.0000) loss_sacl-0.0112(0.0113) loss_event-0.0107(0.0136) loss_evidence-0.0053(0.0036) loss_query_diversity-0.0044(0.0044) loss_position-0.0000(0.0000) total_loss-2.2211(2.5779) 
[2026-09-20 01:48:06,798]-[trainutils.py line:416]:[EST:    0.40m][Process Time:    0.04s]- Epoch: 1 [1200/1330 ( 90%)]	Losses: ce_loss-1.7079(2.5293) loss_tacl-0.0000(0.0000) loss_sacl-0.0111(0.0113) loss_event-0.0115(0.0134) loss_evidence-0.0014(0.0033) loss_query_diversity-0.0044(0.0044) loss_position--0.0000(0.0000) total_loss-1.7079(2.5293) 
[2026-09-20 01:48:25,194]-[trainutils.py line:416]:[EST:    0.09m][Process Time:    0.04s]- Epoch: 1 [1300/1330 ( 98%)]	Losses: ce_loss-2.0179(2.4863) loss_tacl-0.0000(0.0000) loss_sacl-0.0111(0.0113) loss_event-0.0116(0.0132) loss_evidence-0.0014(0.0031) loss_query_diversity-0.0044(0.0044) loss_position--0.0000(0.0000) total_loss-2.0179(2.4863) 
[2026-09-20 01:48:30,660]-[trainutils.py line:416]:[EST:   -0.00m][Process Time:    0.06s]- Epoch: 1 [1330/1330 (100%)]	Losses: ce_loss-2.5514(2.4735) loss_tacl-0.0000(0.0000) loss_sacl-0.0109(0.0113) loss_event-0.0113(0.0132) loss_evidence-0.0070(0.0030) loss_query_diversity-0.0044(0.0044) loss_position--0.0000(0.0000) total_loss-2.5514(2.4735) 
[2026-09-20 01:48:31,155]-[train.py line:106]:
-------------- validation epoch 1 -------------- 
[2026-09-20 01:48:31,529]-[trainutils.py line:461]:Test progress:   0/95 
[2026-09-20 01:49:00,864]-[trainutils.py line:461]:Test progress:  95/95 
[2026-09-20 01:49:00,864]-[trainutils.py line:492]:Epoch 1 -           Audio/Counting accuracy: 64.77(331/511) 
[2026-09-20 01:49:00,864]-[trainutils.py line:492]:Epoch 1 -        Audio/Comparative accuracy: 50.17(148/295) 
[2026-09-20 01:49:00,866]-[trainutils.py line:497]:Epoch 1 -                    Audio accuracy: 59.43(479/806) 
[2026-09-20 01:49:00,866]-[trainutils.py line:492]:Epoch 1 -          Visual/Counting accuracy: 55.67(334/600) 
[2026-09-20 01:49:00,866]-[trainutils.py line:492]:Epoch 1 -          Visual/Location accuracy: 17.13(105/613) 
[2026-09-20 01:49:00,866]-[trainutils.py line:497]:Epoch 1 -                   Visual accuracy: 36.19(439/1213) 
[2026-09-20 01:49:00,866]-[trainutils.py line:492]:Epoch 1 - Audio-Visual/Existential accuracy: 78.79(390/495) 
[2026-09-20 01:49:00,866]-[trainutils.py line:492]:Epoch 1 -    Audio-Visual/Counting accuracy: 45.97(291/633) 
[2026-09-20 01:49:00,866]-[trainutils.py line:492]:Epoch 1 -    Audio-Visual/Location accuracy: 20.61(95/461) 
[2026-09-20 01:49:00,866]-[trainutils.py line:492]:Epoch 1 - Audio-Visual/Comparative accuracy: 52.64(289/549) 
[2026-09-20 01:49:00,867]-[trainutils.py line:492]:Epoch 1 -    Audio-Visual/Temporal accuracy: 4.62(19/411) 
[2026-09-20 01:49:00,867]-[trainutils.py line:497]:Epoch 1 -             Audio-Visual accuracy: 42.53(1084/2549) 
[2026-09-20 01:49:00,867]-[trainutils.py line:501]:Epoch 1 -                    Total accuracy: 43.83(2002/4568) 
[2026-09-20 01:49:00,885]-[train.py line:151]:best model saved at epoch 1 with acc 43.82661996497373 (raw) 
[2026-09-20 01:49:00,929]-[train.py line:167]:Epoch 1 done with 43.83 and loss 1.81250. 
[2026-09-20 01:49:00,929]-[train.py line:168]:At epoch1 best acc: 43.83. 
[2026-09-20 01:49:00,929]-[train.py line:102]:
-------------- training epoch 2 -------------- 
[2026-09-20 01:49:01,122]-[trainutils.py line:416]:[EST:    4.16m][Process Time:    0.04s]- Epoch: 2 [0000/1330 (  0%)]	Losses: ce_loss-2.1081(2.1081) loss_tacl-0.0001(0.0001) loss_sacl-0.0222(0.0222) loss_event-0.0122(0.0122) loss_evidence-0.0082(0.0082) loss_query_diversity-0.0044(0.0044) loss_position--0.0000(0.0000) total_loss-2.1081(2.1081) 
[2026-09-20 01:49:19,840]-[trainutils.py line:416]:[EST:    3.83m][Process Time:    0.04s]- Epoch: 2 [0100/1330 (  8%)]	Losses: ce_loss-0.9079(1.4876) loss_tacl-0.0001(0.0001) loss_sacl-0.0205(0.0215) loss_event-0.0089(0.0102) loss_evidence-0.0000(0.0013) loss_query_diversity-0.0044(0.0044) loss_position--0.0000(0.0000) total_loss-0.9079(1.4876) 
[2026-09-20 01:49:38,444]-[trainutils.py line:416]:[EST:    3.51m][Process Time:    0.04s]- Epoch: 2 [0200/1330 ( 15%)]	Losses: ce_loss-1.0214(1.2661) loss_tacl-0.0001(0.0001) loss_sacl-0.0192(0.0206) loss_event-0.0065(0.0090) loss_evidence-0.0000(0.0009) loss_query_diversity-0.0044(0.0044) loss_position--0.0000(0.0000) total_loss-1.0214(1.2661) 
[2026-09-20 01:49:57,002]-[trainutils.py line:416]:[EST:    3.19m][Process Time:    0.04s]- Epoch: 2 [0300/1330 ( 23%)]	Losses: ce_loss-0.8028(1.1741) loss_tacl-0.0001(0.0001) loss_sacl-0.0183(0.0199) loss_event-0.0065(0.0084) loss_evidence-0.0002(0.0007) loss_query_diversity-0.0044(0.0044) loss_position--0.0000(0.0000) total_loss-0.8028(1.1741) 
[2026-09-20 01:50:15,569]-[trainutils.py line:416]:[EST:    2.88m][Process Time:    0.04s]- Epoch: 2 [0400/1330 ( 30%)]	Losses: ce_loss-0.7176(1.1157) loss_tacl-0.0001(0.0001) loss_sacl-0.0181(0.0194) loss_event-0.0077(0.0082) loss_evidence-0.0012(0.0006) loss_query_diversity-0.0044(0.0044) loss_position--0.0000(0.0000) total_loss-0.7176(1.1157) 
[2026-09-20 01:50:34,473]-[trainutils.py line:416]:[EST:    2.58m][Process Time:    0.04s]- Epoch: 2 [0500/1330 ( 38%)]	Losses: ce_loss-1.2613(1.0699) loss_tacl-0.0001(0.0001) loss_sacl-0.0169(0.0189) loss_event-0.0065(0.0079) loss_evidence-0.0002(0.0005) loss_query_diversity-0.0044(0.0044) loss_position--0.0000(0.0000) total_loss-1.2613(1.0699) 
[2026-09-20 01:50:52,991]-[trainutils.py line:416]:[EST:    2.27m][Process Time:    0.04s]- Epoch: 2 [0600/1330 ( 45%)]	Losses: ce_loss-0.5997(1.0384) loss_tacl-0.0001(0.0001) loss_sacl-0.0144(0.0184) loss_event-0.0058(0.0077) loss_evidence-0.0000(0.0005) loss_query_diversity-0.0044(0.0044) loss_position--0.0000(0.0000) total_loss-0.5997(1.0384) 
[2026-09-20 01:51:11,630]-[trainutils.py line:416]:[EST:    1.95m][Process Time:    0.05s]- Epoch: 2 [0700/1330 ( 53%)]	Losses: ce_loss-0.6186(1.0081) loss_tacl-0.0001(0.0001) loss_sacl-0.0123(0.0180) loss_event-0.0044(0.0075) loss_evidence-0.0000(0.0005) loss_query_diversity-0.0044(0.0044) loss_position--0.0000(0.0000) total_loss-0.6186(1.0081) 
[2026-09-20 01:51:30,375]-[trainutils.py line:416]:[EST:    1.64m][Process Time:    0.04s]- Epoch: 2 [0800/1330 ( 60%)]	Losses: ce_loss-1.1340(0.9836) loss_tacl-0.0001(0.0001) loss_sacl-0.0143(0.0176) loss_event-0.0057(0.0073) loss_evidence-0.0015(0.0005) loss_query_diversity-0.0044(0.0044) loss_position--0.0000(0.0000) total_loss-1.1340(0.9836) 
[2026-09-20 01:51:49,006]-[trainutils.py line:416]:[EST:    1.33m][Process Time:    0.04s]- Epoch: 2 [0900/1330 ( 68%)]	Losses: ce_loss-0.7184(0.9632) loss_tacl-0.0001(0.0001) loss_sacl-0.0143(0.0173) loss_event-0.0063(0.0071) loss_evidence-0.0000(0.0005) loss_query_diversity-0.0044(0.0044) loss_position--0.0000(0.0000) total_loss-0.7184(0.9632) 
[2026-09-20 01:52:07,809]-[trainutils.py line:416]:[EST:    1.02m][Process Time:    0.04s]- Epoch: 2 [1000/1330 ( 75%)]	Losses: ce_loss-0.9042(0.9452) loss_tacl-0.0001(0.0001) loss_sacl-0.0140(0.0169) loss_event-0.0078(0.0070) loss_evidence-0.0000(0.0005) loss_query_diversity-0.0044(0.0044) loss_position--0.0000(0.0000) total_loss-0.9042(0.9452) 
[2026-09-20 01:52:26,419]-[trainutils.py line:416]:[EST:    0.71m][Process Time:    0.04s]- Epoch: 2 [1100/1330 ( 83%)]	Losses: ce_loss-0.7028(0.9314) loss_tacl-0.0001(0.0001) loss_sacl-0.0158(0.0166) loss_event-0.0079(0.0070) loss_evidence-0.0005(0.0005) loss_query_diversity-0.0044(0.0044) loss_position--0.0000(0.0000) total_loss-0.7028(0.9314) 
[2026-09-20 01:52:45,033]-[trainutils.py line:416]:[EST:    0.40m][Process Time:    0.05s]- Epoch: 2 [1200/1330 ( 90%)]	Losses: ce_loss-0.6527(0.9180) loss_tacl-0.0001(0.0001) loss_sacl-0.0123(0.0164) loss_event-0.0056(0.0069) loss_evidence-0.0000(0.0005) loss_query_diversity-0.0044(0.0044) loss_position--0.0000(0.0000) total_loss-0.6527(0.9180) 
[2026-09-20 01:53:03,806]-[trainutils.py line:416]:[EST:    0.09m][Process Time:    0.04s]- Epoch: 2 [1300/1330 ( 98%)]	Losses: ce_loss-0.5349(0.9056) loss_tacl-0.0001(0.0001) loss_sacl-0.0133(0.0162) loss_event-0.0065(0.0068) loss_evidence-0.0000(0.0005) loss_query_diversity-0.0044(0.0044) loss_position--0.0000(0.0000) total_loss-0.5349(0.9056) 
[2026-09-20 01:53:09,358]-[trainutils.py line:416]:[EST:   -0.00m][Process Time:    0.05s]- Epoch: 2 [1330/1330 (100%)]	Losses: ce_loss-0.7982(0.9017) loss_tacl-0.0001(0.0001) loss_sacl-0.0132(0.0161) loss_event-0.0062(0.0068) loss_evidence-0.0000(0.0005) loss_query_diversity-0.0044(0.0044) loss_position--0.0000(0.0000) total_loss-0.7982(0.9017) 
[2026-09-20 01:53:09,835]-[train.py line:106]:
-------------- validation epoch 2 -------------- 
[2026-09-20 01:53:10,144]-[trainutils.py line:461]:Test progress:   0/95 
[2026-09-20 01:53:39,354]-[trainutils.py line:461]:Test progress:  95/95 
[2026-09-20 01:53:39,354]-[trainutils.py line:492]:Epoch 2 -           Audio/Counting accuracy: 76.52(391/511) 
[2026-09-20 01:53:39,355]-[trainutils.py line:492]:Epoch 2 -        Audio/Comparative accuracy: 54.92(162/295) 
[2026-09-20 01:53:39,355]-[trainutils.py line:497]:Epoch 2 -                    Audio accuracy: 68.61(553/806) 
[2026-09-20 01:53:39,355]-[trainutils.py line:492]:Epoch 2 -          Visual/Counting accuracy: 69.83(419/600) 
[2026-09-20 01:53:39,355]-[trainutils.py line:492]:Epoch 2 -          Visual/Location accuracy: 80.42(493/613) 
[2026-09-20 01:53:39,355]-[trainutils.py line:497]:Epoch 2 -                   Visual accuracy: 75.19(912/1213) 
[2026-09-20 01:53:39,355]-[trainutils.py line:492]:Epoch 2 - Audio-Visual/Existential accuracy: 80.61(399/495) 
[2026-09-20 01:53:39,355]-[trainutils.py line:492]:Epoch 2 -    Audio-Visual/Counting accuracy: 67.93(430/633) 
[2026-09-20 01:53:39,356]-[trainutils.py line:492]:Epoch 2 -    Audio-Visual/Location accuracy: 63.99(295/461) 
[2026-09-20 01:53:39,356]-[trainutils.py line:492]:Epoch 2 - Audio-Visual/Comparative accuracy: 54.10(297/549) 
[2026-09-20 01:53:39,356]-[trainutils.py line:492]:Epoch 2 -    Audio-Visual/Temporal accuracy: 67.88(279/411) 
[2026-09-20 01:53:39,356]-[trainutils.py line:497]:Epoch 2 -             Audio-Visual accuracy: 66.69(1700/2549) 
[2026-09-20 01:53:39,356]-[trainutils.py line:501]:Epoch 2 -                    Total accuracy: 69.29(3165/4568) 
[2026-09-20 01:53:39,695]-[trainutils.py line:461]:Test progress:   0/95 
[2026-09-20 01:54:08,644]-[trainutils.py line:461]:Test progress:  95/95 
[2026-09-20 01:54:08,644]-[trainutils.py line:492]:Epoch 2 -           Audio/Counting accuracy: 73.19(374/511) 
[2026-09-20 01:54:08,644]-[trainutils.py line:492]:Epoch 2 -        Audio/Comparative accuracy: 56.61(167/295) 
[2026-09-20 01:54:08,644]-[trainutils.py line:497]:Epoch 2 -                    Audio accuracy: 67.12(541/806) 
[2026-09-20 01:54:08,645]-[trainutils.py line:492]:Epoch 2 -          Visual/Counting accuracy: 68.17(409/600) 
[2026-09-20 01:54:08,645]-[trainutils.py line:492]:Epoch 2 -          Visual/Location accuracy: 78.47(481/613) 
[2026-09-20 01:54:08,645]-[trainutils.py line:497]:Epoch 2 -                   Visual accuracy: 73.37(890/1213) 
[2026-09-20 01:54:08,645]-[trainutils.py line:492]:Epoch 2 - Audio-Visual/Existential accuracy: 80.40(398/495) 
[2026-09-20 01:54:08,645]-[trainutils.py line:492]:Epoch 2 -    Audio-Visual/Counting accuracy: 65.88(417/633) 
[2026-09-20 01:54:08,645]-[trainutils.py line:492]:Epoch 2 -    Audio-Visual/Location accuracy: 57.70(266/461) 
[2026-09-20 01:54:08,646]-[trainutils.py line:492]:Epoch 2 - Audio-Visual/Comparative accuracy: 59.20(325/549) 
[2026-09-20 01:54:08,646]-[trainutils.py line:492]:Epoch 2 -    Audio-Visual/Temporal accuracy: 68.61(282/411) 
[2026-09-20 01:54:08,646]-[trainutils.py line:497]:Epoch 2 -             Audio-Visual accuracy: 66.22(1688/2549) 
[2026-09-20 01:54:08,646]-[trainutils.py line:501]:Epoch 2 -                    Total accuracy: 68.28(3119/4568) 
[2026-09-20 01:54:08,671]-[train.py line:151]:best model saved at epoch 2 with acc 69.28633975481611 (raw) 
[2026-09-20 01:54:08,704]-[train.py line:167]:Epoch 2 done with 69.29 and loss 0.70703. 
[2026-09-20 01:54:08,704]-[train.py line:168]:At epoch2 best acc: 69.29. 
[2026-09-20 01:54:08,704]-[train.py line:102]:
-------------- training epoch 3 -------------- 
[2026-09-20 01:54:08,898]-[trainutils.py line:416]:[EST:    4.27m][Process Time:    0.04s]- Epoch: 3 [0000/1330 (  0%)]	Losses: ce_loss-1.0548(1.0548) loss_tacl-0.0001(0.0001) loss_sacl-0.0189(0.0189) loss_event-0.0069(0.0069) loss_evidence-0.0007(0.0007) loss_query_diversity-0.0044(0.0044) loss_position--0.0000(0.0000) total_loss-1.0548(1.0548) 
[2026-09-20 01:54:27,660]-[trainutils.py line:416]:[EST:    3.84m][Process Time:    0.04s]- Epoch: 3 [0100/1330 (  8%)]	Losses: ce_loss-0.8008(0.7028) loss_tacl-0.0001(0.0001) loss_sacl-0.0205(0.0193) loss_event-0.0062(0.0059) loss_evidence-0.0029(0.0007) loss_query_diversity-0.0044(0.0044) loss_position-0.0000(0.0000) total_loss-0.8008(0.7028) 
[2026-09-20 01:54:46,425]-[trainutils.py line:416]:[EST:    3.53m][Process Time:    0.04s]- Epoch: 3 [0200/1330 ( 15%)]	Losses: ce_loss-0.7535(0.6910) loss_tacl-0.0001(0.0001) loss_sacl-0.0206(0.0191) loss_event-0.0065(0.0060) loss_evidence-0.0000(0.0005) loss_query_diversity-0.0044(0.0044) loss_position--0.0000(0.0000) total_loss-0.7535(0.6910) 
[2026-09-20 01:55:05,289]-[trainutils.py line:416]:[EST:    3.22m][Process Time:    0.04s]- Epoch: 3 [0300/1330 ( 23%)]	Losses: ce_loss-0.5507(0.6961) loss_tacl-0.0001(0.0001) loss_sacl-0.0178(0.0186) loss_event-0.0059(0.0059) loss_evidence-0.0000(0.0006) loss_query_diversity-0.0044(0.0044) loss_position--0.0000(0.0000) total_loss-0.5507(0.6961) 
[2026-09-20 01:55:24,185]-[trainutils.py line:416]:[EST:    2.91m][Process Time:    0.04s]- Epoch: 3 [0400/1330 ( 30%)]	Losses: ce_loss-0.6816(0.6996) loss_tacl-0.0001(0.0001) loss_sacl-0.0162(0.0182) loss_event-0.0060(0.0058) loss_evidence-0.0000(0.0005) loss_query_diversity-0.0044(0.0044) loss_position--0.0000(0.0000) total_loss-0.6816(0.6996) 
[2026-09-20 01:55:42,960]-[trainutils.py line:416]:[EST:    2.60m][Process Time:    0.04s]- Epoch: 3 [0500/1330 ( 38%)]	Losses: ce_loss-0.8720(0.6957) loss_tacl-0.0001(0.0001) loss_sacl-0.0169(0.0178) loss_event-0.0047(0.0056) loss_evidence-0.0003(0.0005) loss_query_diversity-0.0043(0.0044) loss_position--0.0000(0.0000) total_loss-0.8720(0.6957) 
[2026-09-20 01:56:01,762]-[trainutils.py line:416]:[EST:    2.29m][Process Time:    0.04s]- Epoch: 3 [0600/1330 ( 45%)]	Losses: ce_loss-0.6807(0.6924) loss_tacl-0.0001(0.0001) loss_sacl-0.0171(0.0178) loss_event-0.0059(0.0056) loss_evidence-0.0000(0.0005) loss_query_diversity-0.0044(0.0044) loss_position--0.0000(0.0000) total_loss-0.6807(0.6924) 
[2026-09-20 01:56:20,495]-[trainutils.py line:416]:[EST:    1.97m][Process Time:    0.04s]- Epoch: 3 [0700/1330 ( 53%)]	Losses: ce_loss-0.6416(0.6894) loss_tacl-0.0001(0.0001) loss_sacl-0.0156(0.0176) loss_event-0.0050(0.0056) loss_evidence-0.0002(0.0005) loss_query_diversity-0.0044(0.0044) loss_position--0.0000(0.0000) total_loss-0.6416(0.6894) 
[2026-09-20 01:56:39,212]-[trainutils.py line:416]:[EST:    1.66m][Process Time:    0.04s]- Epoch: 3 [0800/1330 ( 60%)]	Losses: ce_loss-0.4865(0.6846) loss_tacl-0.0001(0.0001) loss_sacl-0.0165(0.0174) loss_event-0.0058(0.0056) loss_evidence-0.0002(0.0005) loss_query_diversity-0.0044(0.0044) loss_position-0.0000(0.0000) total_loss-0.4865(0.6846) 
[2026-09-20 01:56:57,889]-[trainutils.py line:416]:[EST:    1.34m][Process Time:    0.04s]- Epoch: 3 [0900/1330 ( 68%)]	Losses: ce_loss-0.8071(0.6843) loss_tacl-0.0001(0.0001) loss_sacl-0.0174(0.0173) loss_event-0.0078(0.0056) loss_evidence-0.0000(0.0005) loss_query_diversity-0.0043(0.0044) loss_position--0.0000(0.0000) total_loss-0.8071(0.6843) 
[2026-09-20 01:57:16,649]-[trainutils.py line:416]:[EST:    1.03m][Process Time:    0.04s]- Epoch: 3 [1000/1330 ( 75%)]	Losses: ce_loss-0.5504(0.6833) loss_tacl-0.0001(0.0001) loss_sacl-0.0141(0.0172) loss_event-0.0056(0.0056) loss_evidence-0.0000(0.0005) loss_query_diversity-0.0044(0.0044) loss_position-0.0000(0.0000) total_loss-0.5504(0.6833) 
[2026-09-20 01:57:35,656]-[trainutils.py line:416]:[EST:    0.72m][Process Time:    0.04s]- Epoch: 3 [1100/1330 ( 83%)]	Losses: ce_loss-0.8480(0.6848) loss_tacl-0.0001(0.0001) loss_sacl-0.0172(0.0171) loss_event-0.0077(0.0057) loss_evidence-0.0000(0.0005) loss_query_diversity-0.0043(0.0044) loss_position-0.0000(0.0000) total_loss-0.8480(0.6848) 
[2026-09-20 01:57:54,369]-[trainutils.py line:416]:[EST:    0.40m][Process Time:    0.04s]- Epoch: 3 [1200/1330 ( 90%)]	Losses: ce_loss-0.4627(0.6822) loss_tacl-0.0001(0.0001) loss_sacl-0.0167(0.0170) loss_event-0.0063(0.0057) loss_evidence-0.0000(0.0005) loss_query_diversity-0.0043(0.0044) loss_position--0.0000(0.0000) total_loss-0.4627(0.6822) 
[2026-09-20 01:58:13,123]-[trainutils.py line:416]:[EST:    0.09m][Process Time:    0.04s]- Epoch: 3 [1300/1330 ( 98%)]	Losses: ce_loss-0.7490(0.6804) loss_tacl-0.0001(0.0001) loss_sacl-0.0162(0.0168) loss_event-0.0052(0.0057) loss_evidence-0.0009(0.0004) loss_query_diversity-0.0044(0.0044) loss_position--0.0000(0.0000) total_loss-0.7490(0.6804) 
[2026-09-20 01:58:18,784]-[trainutils.py line:416]:[EST:   -0.00m][Process Time:    0.04s]- Epoch: 3 [1330/1330 (100%)]	Losses: ce_loss-0.2251(0.6804) loss_tacl-0.0001(0.0001) loss_sacl-0.0184(0.0168) loss_event-0.0073(0.0057) loss_evidence-0.0000(0.0004) loss_query_diversity-0.0043(0.0044) loss_position--0.0000(0.0000) total_loss-0.2251(0.6804) 
[2026-09-20 01:58:19,246]-[train.py line:106]:
-------------- validation epoch 3 -------------- 
[2026-09-20 01:58:19,556]-[trainutils.py line:461]:Test progress:   0/95 
[2026-09-20 01:58:48,842]-[trainutils.py line:461]:Test progress:  95/95 
[2026-09-20 01:58:48,843]-[trainutils.py line:492]:Epoch 3 -           Audio/Counting accuracy: 82.19(420/511) 
[2026-09-20 01:58:48,843]-[trainutils.py line:492]:Epoch 3 -        Audio/Comparative accuracy: 57.29(169/295) 
[2026-09-20 01:58:48,843]-[trainutils.py line:497]:Epoch 3 -                    Audio accuracy: 73.08(589/806) 
[2026-09-20 01:58:48,843]-[trainutils.py line:492]:Epoch 3 -          Visual/Counting accuracy: 75.50(453/600) 
[2026-09-20 01:58:48,843]-[trainutils.py line:492]:Epoch 3 -          Visual/Location accuracy: 82.38(505/613) 
[2026-09-20 01:58:48,843]-[trainutils.py line:497]:Epoch 3 -                   Visual accuracy: 78.98(958/1213) 
[2026-09-20 01:58:48,843]-[trainutils.py line:492]:Epoch 3 - Audio-Visual/Existential accuracy: 82.42(408/495) 
[2026-09-20 01:58:48,843]-[trainutils.py line:492]:Epoch 3 -    Audio-Visual/Counting accuracy: 73.14(463/633) 
[2026-09-20 01:58:48,844]-[trainutils.py line:492]:Epoch 3 -    Audio-Visual/Location accuracy: 61.61(284/461) 
[2026-09-20 01:58:48,844]-[trainutils.py line:492]:Epoch 3 - Audio-Visual/Comparative accuracy: 60.47(332/549) 
[2026-09-20 01:58:48,844]-[trainutils.py line:492]:Epoch 3 -    Audio-Visual/Temporal accuracy: 69.59(286/411) 
[2026-09-20 01:58:48,844]-[trainutils.py line:497]:Epoch 3 -             Audio-Visual accuracy: 69.56(1773/2549) 
[2026-09-20 01:58:48,844]-[trainutils.py line:501]:Epoch 3 -                    Total accuracy: 72.68(3320/4568) 
[2026-09-20 01:58:49,179]-[trainutils.py line:461]:Test progress:   0/95 
[2026-09-20 01:59:18,288]-[trainutils.py line:461]:Test progress:  95/95 
[2026-09-20 01:59:18,289]-[trainutils.py line:492]:Epoch 3 -           Audio/Counting accuracy: 79.84(408/511) 
[2026-09-20 01:59:18,289]-[trainutils.py line:492]:Epoch 3 -        Audio/Comparative accuracy: 61.69(182/295) 
[2026-09-20 01:59:18,289]-[trainutils.py line:497]:Epoch 3 -                    Audio accuracy: 73.20(590/806) 
[2026-09-20 01:59:18,289]-[trainutils.py line:492]:Epoch 3 -          Visual/Counting accuracy: 74.17(445/600) 
[2026-09-20 01:59:18,289]-[trainutils.py line:492]:Epoch 3 -          Visual/Location accuracy: 85.15(522/613) 
[2026-09-20 01:59:18,289]-[trainutils.py line:497]:Epoch 3 -                   Visual accuracy: 79.72(967/1213) 
[2026-09-20 01:59:18,291]-[trainutils.py line:492]:Epoch 3 - Audio-Visual/Existential accuracy: 83.43(413/495) 
[2026-09-20 01:59:18,291]-[trainutils.py line:492]:Epoch 3 -    Audio-Visual/Counting accuracy: 71.09(450/633) 
[2026-09-20 01:59:18,291]-[trainutils.py line:492]:Epoch 3 -    Audio-Visual/Location accuracy: 65.08(300/461) 
[2026-09-20 01:59:18,291]-[trainutils.py line:492]:Epoch 3 - Audio-Visual/Comparative accuracy: 60.29(331/549) 
[2026-09-20 01:59:18,291]-[trainutils.py line:492]:Epoch 3 -    Audio-Visual/Temporal accuracy: 71.53(294/411) 
[2026-09-20 01:59:18,292]-[trainutils.py line:497]:Epoch 3 -             Audio-Visual accuracy: 70.15(1788/2549) 
[2026-09-20 01:59:18,292]-[trainutils.py line:501]:Epoch 3 -                    Total accuracy: 73.23(3345/4568) 
[2026-09-20 01:59:18,320]-[train.py line:151]:best model saved at epoch 3 with acc 73.22679509632223 (ema) 
[2026-09-20 01:59:18,354]-[train.py line:167]:Epoch 3 done with 73.23 and loss 0.63672. 
[2026-09-20 01:59:18,354]-[train.py line:168]:At epoch3 best acc: 73.23. 
[2026-09-20 01:59:18,354]-[train.py line:102]:
-------------- training epoch 4 -------------- 
[2026-09-20 01:59:18,552]-[trainutils.py line:416]:[EST:    4.33m][Process Time:    0.04s]- Epoch: 4 [0000/1330 (  0%)]	Losses: ce_loss-0.8062(0.8062) loss_tacl-0.0001(0.0001) loss_sacl-0.0157(0.0157) loss_event-0.0049(0.0049) loss_evidence-0.0009(0.0009) loss_query_diversity-0.0043(0.0043) loss_position--0.0000(0.0000) total_loss-0.8062(0.8062) 
[2026-09-20 01:59:37,557]-[trainutils.py line:416]:[EST:    3.89m][Process Time:    0.04s]- Epoch: 4 [0100/1330 (  8%)]	Losses: ce_loss-0.3446(0.5901) loss_tacl-0.0001(0.0001) loss_sacl-0.0152(0.0148) loss_event-0.0072(0.0060) loss_evidence-0.0000(0.0002) loss_query_diversity-0.0043(0.0043) loss_position--0.0000(0.0000) total_loss-0.3446(0.5901) 
[2026-09-20 01:59:56,309]-[trainutils.py line:416]:[EST:    3.55m][Process Time:    0.04s]- Epoch: 4 [0200/1330 ( 15%)]	Losses: ce_loss-0.6791(0.5948) loss_tacl-0.0001(0.0001) loss_sacl-0.0133(0.0148) loss_event-0.0061(0.0059) loss_evidence-0.0000(0.0003) loss_query_diversity-0.0043(0.0043) loss_position--0.0000(0.0000) total_loss-0.6791(0.5948) 
[2026-09-20 02:00:15,138]-[trainutils.py line:416]:[EST:    3.24m][Process Time:    0.04s]- Epoch: 4 [0300/1330 ( 23%)]	Losses: ce_loss-0.6367(0.5876) loss_tacl-0.0001(0.0001) loss_sacl-0.0131(0.0147) loss_event-0.0067(0.0059) loss_evidence-0.0000(0.0003) loss_query_diversity-0.0044(0.0043) loss_position-0.0000(0.0000) total_loss-0.6367(0.5876) 
[2026-09-20 02:00:33,832]-[trainutils.py line:416]:[EST:    2.91m][Process Time:    0.04s]- Epoch: 4 [0400/1330 ( 30%)]	Losses: ce_loss-0.6760(0.5818) loss_tacl-0.0001(0.0001) loss_sacl-0.0141(0.0145) loss_event-0.0057(0.0059) loss_evidence-0.0002(0.0003) loss_query_diversity-0.0043(0.0043) loss_position--0.0000(0.0000) total_loss-0.6760(0.5818) 
[2026-09-20 02:00:52,448]-[trainutils.py line:416]:[EST:    2.59m][Process Time:    0.04s]- Epoch: 4 [0500/1330 ( 38%)]	Losses: ce_loss-0.4992(0.5787) loss_tacl-0.0001(0.0001) loss_sacl-0.0119(0.0144) loss_event-0.0053(0.0058) loss_evidence-0.0002(0.0003) loss_query_diversity-0.0043(0.0044) loss_position--0.0000(0.0000) total_loss-0.4992(0.5787) 
[2026-09-20 02:01:11,137]-[trainutils.py line:416]:[EST:    2.28m][Process Time:    0.05s]- Epoch: 4 [0600/1330 ( 45%)]	Losses: ce_loss-0.6716(0.5812) loss_tacl-0.0001(0.0001) loss_sacl-0.0134(0.0144) loss_event-0.0051(0.0057) loss_evidence-0.0008(0.0003) loss_query_diversity-0.0043(0.0043) loss_position--0.0000(0.0000) total_loss-0.6716(0.5812) 
[2026-09-20 02:01:30,031]-[trainutils.py line:416]:[EST:    1.97m][Process Time:    0.04s]- Epoch: 4 [0700/1330 ( 53%)]	Losses: ce_loss-0.4847(0.5857) loss_tacl-0.0001(0.0001) loss_sacl-0.0132(0.0143) loss_event-0.0063(0.0057) loss_evidence-0.0000(0.0003) loss_query_diversity-0.0044(0.0043) loss_position--0.0000(0.0000) total_loss-0.4847(0.5857) 
[2026-09-20 02:01:48,824]-[trainutils.py line:416]:[EST:    1.66m][Process Time:    0.04s]- Epoch: 4 [0800/1330 ( 60%)]	Losses: ce_loss-0.5755(0.5867) loss_tacl-0.0001(0.0001) loss_sacl-0.0141(0.0142) loss_event-0.0060(0.0057) loss_evidence-0.0000(0.0003) loss_query_diversity-0.0044(0.0043) loss_position--0.0000(0.0000) total_loss-0.5755(0.5867) 
[2026-09-20 02:02:07,546]-[trainutils.py line:416]:[EST:    1.34m][Process Time:    0.04s]- Epoch: 4 [0900/1330 ( 68%)]	Losses: ce_loss-0.7182(0.5847) loss_tacl-0.0001(0.0001) loss_sacl-0.0126(0.0141) loss_event-0.0048(0.0057) loss_evidence-0.0000(0.0003) loss_query_diversity-0.0043(0.0043) loss_position-0.0000(0.0000) total_loss-0.7182(0.5847) 
[2026-09-20 02:02:26,458]-[trainutils.py line:416]:[EST:    1.03m][Process Time:    0.04s]- Epoch: 4 [1000/1330 ( 75%)]	Losses: ce_loss-0.5550(0.5882) loss_tacl-0.0001(0.0001) loss_sacl-0.0156(0.0141) loss_event-0.0064(0.0056) loss_evidence-0.0000(0.0003) loss_query_diversity-0.0044(0.0043) loss_position--0.0000(0.0000) total_loss-0.5550(0.5882) 
[2026-09-20 02:02:45,524]-[trainutils.py line:416]:[EST:    0.72m][Process Time:    0.04s]- Epoch: 4 [1100/1330 ( 83%)]	Losses: ce_loss-0.8630(0.5893) loss_tacl-0.0001(0.0001) loss_sacl-0.0127(0.0140) loss_event-0.0045(0.0056) loss_evidence-0.0000(0.0003) loss_query_diversity-0.0043(0.0043) loss_position-0.0000(0.0000) total_loss-0.8630(0.5893) 
[2026-09-20 02:03:04,275]-[trainutils.py line:416]:[EST:    0.40m][Process Time:    0.04s]- Epoch: 4 [1200/1330 ( 90%)]	Losses: ce_loss-0.6090(0.5931) loss_tacl-0.0001(0.0001) loss_sacl-0.0119(0.0139) loss_event-0.0056(0.0056) loss_evidence-0.0000(0.0003) loss_query_diversity-0.0043(0.0043) loss_position--0.0000(0.0000) total_loss-0.6090(0.5931) 
[2026-09-20 02:03:23,060]-[trainutils.py line:416]:[EST:    0.09m][Process Time:    0.04s]- Epoch: 4 [1300/1330 ( 98%)]	Losses: ce_loss-0.5623(0.5918) loss_tacl-0.0001(0.0001) loss_sacl-0.0123(0.0139) loss_event-0.0054(0.0056) loss_evidence-0.0000(0.0003) loss_query_diversity-0.0043(0.0043) loss_position--0.0000(0.0000) total_loss-0.5623(0.5918) 
[2026-09-20 02:03:28,714]-[trainutils.py line:416]:[EST:   -0.00m][Process Time:    0.04s]- Epoch: 4 [1330/1330 (100%)]	Losses: ce_loss-0.8060(0.5929) loss_tacl-0.0001(0.0001) loss_sacl-0.0158(0.0139) loss_event-0.0052(0.0056) loss_evidence-0.0005(0.0003) loss_query_diversity-0.0043(0.0043) loss_position--0.0000(0.0000) total_loss-0.8060(0.5929) 
[2026-09-20 02:03:29,180]-[train.py line:106]:
-------------- validation epoch 4 -------------- 
[2026-09-20 02:03:29,489]-[trainutils.py line:461]:Test progress:   0/95 
[2026-09-20 02:03:58,811]-[trainutils.py line:461]:Test progress:  95/95 
[2026-09-20 02:03:58,811]-[trainutils.py line:492]:Epoch 4 -           Audio/Counting accuracy: 83.37(426/511) 
[2026-09-20 02:03:58,812]-[trainutils.py line:492]:Epoch 4 -        Audio/Comparative accuracy: 55.93(165/295) 
[2026-09-20 02:03:58,812]-[trainutils.py line:497]:Epoch 4 -                    Audio accuracy: 73.33(591/806) 
[2026-09-20 02:03:58,812]-[trainutils.py line:492]:Epoch 4 -          Visual/Counting accuracy: 80.50(483/600) 
[2026-09-20 02:03:58,812]-[trainutils.py line:492]:Epoch 4 -          Visual/Location accuracy: 83.20(510/613) 
[2026-09-20 02:03:58,812]-[trainutils.py line:497]:Epoch 4 -                   Visual accuracy: 81.86(993/1213) 
[2026-09-20 02:03:58,812]-[trainutils.py line:492]:Epoch 4 - Audio-Visual/Existential accuracy: 82.63(409/495) 
[2026-09-20 02:03:58,813]-[trainutils.py line:492]:Epoch 4 -    Audio-Visual/Counting accuracy: 77.25(489/633) 
[2026-09-20 02:03:58,813]-[trainutils.py line:492]:Epoch 4 -    Audio-Visual/Location accuracy: 67.68(312/461) 
[2026-09-20 02:03:58,813]-[trainutils.py line:492]:Epoch 4 - Audio-Visual/Comparative accuracy: 53.55(294/549) 
[2026-09-20 02:03:58,813]-[trainutils.py line:492]:Epoch 4 -    Audio-Visual/Temporal accuracy: 70.80(291/411) 
[2026-09-20 02:03:58,813]-[trainutils.py line:497]:Epoch 4 -             Audio-Visual accuracy: 70.42(1795/2549) 
[2026-09-20 02:03:58,813]-[trainutils.py line:501]:Epoch 4 -                    Total accuracy: 73.97(3379/4568) 
[2026-09-20 02:03:59,156]-[trainutils.py line:461]:Test progress:   0/95 
[2026-09-20 02:04:28,128]-[trainutils.py line:461]:Test progress:  95/95 
[2026-09-20 02:04:28,129]-[trainutils.py line:492]:Epoch 4 -           Audio/Counting accuracy: 84.54(432/511) 
[2026-09-20 02:04:28,129]-[trainutils.py line:492]:Epoch 4 -        Audio/Comparative accuracy: 63.39(187/295) 
[2026-09-20 02:04:28,129]-[trainutils.py line:497]:Epoch 4 -                    Audio accuracy: 76.80(619/806) 
[2026-09-20 02:04:28,129]-[trainutils.py line:492]:Epoch 4 -          Visual/Counting accuracy: 78.50(471/600) 
[2026-09-20 02:04:28,129]-[trainutils.py line:492]:Epoch 4 -          Visual/Location accuracy: 86.95(533/613) 
[2026-09-20 02:04:28,130]-[trainutils.py line:497]:Epoch 4 -                   Visual accuracy: 82.77(1004/1213) 
[2026-09-20 02:04:28,130]-[trainutils.py line:492]:Epoch 4 - Audio-Visual/Existential accuracy: 83.43(413/495) 
[2026-09-20 02:04:28,130]-[trainutils.py line:492]:Epoch 4 -    Audio-Visual/Counting accuracy: 73.46(465/633) 
[2026-09-20 02:04:28,130]-[trainutils.py line:492]:Epoch 4 -    Audio-Visual/Location accuracy: 67.03(309/461) 
[2026-09-20 02:04:28,130]-[trainutils.py line:492]:Epoch 4 - Audio-Visual/Comparative accuracy: 63.39(348/549) 
[2026-09-20 02:04:28,130]-[trainutils.py line:492]:Epoch 4 -    Audio-Visual/Temporal accuracy: 74.70(307/411) 
[2026-09-20 02:04:28,131]-[trainutils.py line:497]:Epoch 4 -             Audio-Visual accuracy: 72.26(1842/2549) 
[2026-09-20 02:04:28,131]-[trainutils.py line:501]:Epoch 4 -                    Total accuracy: 75.85(3465/4568) 
[2026-09-20 02:04:28,158]-[train.py line:151]:best model saved at epoch 4 with acc 75.85376532399299 (ema) 
[2026-09-20 02:04:28,192]-[train.py line:167]:Epoch 4 done with 75.85 and loss 0.57812. 
[2026-09-20 02:04:28,192]-[train.py line:168]:At epoch4 best acc: 75.85. 
[2026-09-20 02:04:28,192]-[train.py line:102]:
-------------- training epoch 5 -------------- 
[2026-09-20 02:04:28,388]-[trainutils.py line:416]:[EST:    4.31m][Process Time:    0.04s]- Epoch: 5 [0000/1330 (  0%)]	Losses: ce_loss-0.6087(0.6087) loss_tacl-0.0001(0.0001) loss_sacl-0.0143(0.0143) loss_event-0.0072(0.0072) loss_evidence-0.0000(0.0000) loss_query_diversity-0.0043(0.0043) loss_position--0.0000(0.0000) total_loss-0.6087(0.6087) 
[2026-09-20 02:04:47,072]-[trainutils.py line:416]:[EST:    3.83m][Process Time:    0.04s]- Epoch: 5 [0100/1330 (  8%)]	Losses: ce_loss-0.5361(0.5200) loss_tacl-0.0001(0.0001) loss_sacl-0.0133(0.0131) loss_event-0.0066(0.0054) loss_evidence-0.0000(0.0003) loss_query_diversity-0.0043(0.0043) loss_position--0.0000(0.0000) total_loss-0.5361(0.5200) 
[2026-09-20 02:05:05,805]-[trainutils.py line:416]:[EST:    3.52m][Process Time:    0.04s]- Epoch: 5 [0200/1330 ( 15%)]	Losses: ce_loss-0.4872(0.5382) loss_tacl-0.0001(0.0001) loss_sacl-0.0147(0.0130) loss_event-0.0073(0.0055) loss_evidence-0.0000(0.0002) loss_query_diversity-0.0043(0.0043) loss_position-0.0000(0.0000) total_loss-0.4872(0.5382) 
[2026-09-20 02:05:24,641]-[trainutils.py line:416]:[EST:    3.22m][Process Time:    0.06s]- Epoch: 5 [0300/1330 ( 23%)]	Losses: ce_loss-0.5979(0.5329) loss_tacl-0.0001(0.0001) loss_sacl-0.0151(0.0130) loss_event-0.0068(0.0055) loss_evidence-0.0002(0.0002) loss_query_diversity-0.0043(0.0043) loss_position--0.0000(0.0000) total_loss-0.5979(0.5329) 
[2026-09-20 02:05:43,313]-[trainutils.py line:416]:[EST:    2.90m][Process Time:    0.04s]- Epoch: 5 [0400/1330 ( 30%)]	Losses: ce_loss-0.5279(0.5334) loss_tacl-0.0001(0.0001) loss_sacl-0.0122(0.0129) loss_event-0.0047(0.0056) loss_evidence-0.0000(0.0002) loss_query_diversity-0.0044(0.0043) loss_position--0.0000(0.0000) total_loss-0.5279(0.5334) 
[2026-09-20 02:06:01,884]-[trainutils.py line:416]:[EST:    2.58m][Process Time:    0.04s]- Epoch: 5 [0500/1330 ( 38%)]	Losses: ce_loss-0.5047(0.5314) loss_tacl-0.0001(0.0001) loss_sacl-0.0116(0.0129) loss_event-0.0052(0.0056) loss_evidence-0.0000(0.0002) loss_query_diversity-0.0043(0.0043) loss_position--0.0000(0.0000) total_loss-0.5047(0.5314) 
[2026-09-20 02:06:20,549]-[trainutils.py line:416]:[EST:    2.27m][Process Time:    0.04s]- Epoch: 5 [0600/1330 ( 45%)]	Losses: ce_loss-0.4936(0.5316) loss_tacl-0.0001(0.0001) loss_sacl-0.0142(0.0128) loss_event-0.0060(0.0056) loss_evidence-0.0000(0.0002) loss_query_diversity-0.0043(0.0043) loss_position-0.0000(0.0000) total_loss-0.4936(0.5316) 
[2026-09-20 02:06:39,220]-[trainutils.py line:416]:[EST:    1.96m][Process Time:    0.04s]- Epoch: 5 [0700/1330 ( 53%)]	Losses: ce_loss-0.7849(0.5297) loss_tacl-0.0001(0.0001) loss_sacl-0.0124(0.0128) loss_event-0.0057(0.0056) loss_evidence-0.0000(0.0002) loss_query_diversity-0.0043(0.0043) loss_position--0.0000(0.0000) total_loss-0.7849(0.5297) 
[2026-09-20 02:06:57,857]-[trainutils.py line:416]:[EST:    1.65m][Process Time:    0.06s]- Epoch: 5 [0800/1330 ( 60%)]	Losses: ce_loss-0.2714(0.5334) loss_tacl-0.0001(0.0001) loss_sacl-0.0136(0.0129) loss_event-0.0061(0.0056) loss_evidence-0.0000(0.0002) loss_query_diversity-0.0043(0.0043) loss_position--0.0000(0.0000) total_loss-0.2714(0.5334) 
[2026-09-20 02:07:16,795]-[trainutils.py line:416]:[EST:    1.34m][Process Time:    0.04s]- Epoch: 5 [0900/1330 ( 68%)]	Losses: ce_loss-0.4124(0.5319) loss_tacl-0.0001(0.0001) loss_sacl-0.0107(0.0128) loss_event-0.0063(0.0056) loss_evidence-0.0000(0.0002) loss_query_diversity-0.0043(0.0043) loss_position-0.0000(0.0000) total_loss-0.4124(0.5319) 
[2026-09-20 02:07:36,174]-[trainutils.py line:416]:[EST:    1.03m][Process Time:    0.06s]- Epoch: 5 [1000/1330 ( 75%)]	Losses: ce_loss-0.4359(0.5327) loss_tacl-0.0001(0.0001) loss_sacl-0.0113(0.0128) loss_event-0.0049(0.0056) loss_evidence-0.0000(0.0002) loss_query_diversity-0.0043(0.0043) loss_position--0.0000(0.0000) total_loss-0.4359(0.5327) 
[2026-09-20 02:07:54,853]-[trainutils.py line:416]:[EST:    0.72m][Process Time:    0.04s]- Epoch: 5 [1100/1330 ( 83%)]	Losses: ce_loss-0.5954(0.5314) loss_tacl-0.0001(0.0001) loss_sacl-0.0117(0.0127) loss_event-0.0058(0.0057) loss_evidence-0.0000(0.0002) loss_query_diversity-0.0043(0.0043) loss_position--0.0000(0.0000) total_loss-0.5954(0.5314) 
[2026-09-20 02:08:13,478]-[trainutils.py line:416]:[EST:    0.40m][Process Time:    0.06s]- Epoch: 5 [1200/1330 ( 90%)]	Losses: ce_loss-0.4729(0.5349) loss_tacl-0.0001(0.0001) loss_sacl-0.0147(0.0127) loss_event-0.0057(0.0057) loss_evidence-0.0000(0.0002) loss_query_diversity-0.0043(0.0043) loss_position-0.0000(0.0000) total_loss-0.4729(0.5349) 
[2026-09-20 02:08:32,224]-[trainutils.py line:416]:[EST:    0.09m][Process Time:    0.04s]- Epoch: 5 [1300/1330 ( 98%)]	Losses: ce_loss-0.4005(0.5331) loss_tacl-0.0001(0.0001) loss_sacl-0.0124(0.0126) loss_event-0.0056(0.0057) loss_evidence-0.0000(0.0002) loss_query_diversity-0.0043(0.0043) loss_position--0.0000(0.0000) total_loss-0.4005(0.5331) 
[2026-09-20 02:08:37,767]-[trainutils.py line:416]:[EST:   -0.00m][Process Time:    0.04s]- Epoch: 5 [1330/1330 (100%)]	Losses: ce_loss-0.3140(0.5324) loss_tacl-0.0001(0.0001) loss_sacl-0.0103(0.0126) loss_event-0.0052(0.0057) loss_evidence-0.0000(0.0002) loss_query_diversity-0.0043(0.0043) loss_position-0.0000(0.0000) total_loss-0.3140(0.5324) 
[2026-09-20 02:08:38,224]-[train.py line:106]:
-------------- validation epoch 5 -------------- 
[2026-09-20 02:08:38,526]-[trainutils.py line:461]:Test progress:   0/95 
[2026-09-20 02:09:07,755]-[trainutils.py line:461]:Test progress:  95/95 
[2026-09-20 02:09:07,756]-[trainutils.py line:492]:Epoch 5 -           Audio/Counting accuracy: 87.48(447/511) 
[2026-09-20 02:09:07,756]-[trainutils.py line:492]:Epoch 5 -        Audio/Comparative accuracy: 55.93(165/295) 
[2026-09-20 02:09:07,756]-[trainutils.py line:497]:Epoch 5 -                    Audio accuracy: 75.93(612/806) 
[2026-09-20 02:09:07,756]-[trainutils.py line:492]:Epoch 5 -          Visual/Counting accuracy: 81.50(489/600) 
[2026-09-20 02:09:07,756]-[trainutils.py line:492]:Epoch 5 -          Visual/Location accuracy: 85.32(523/613) 
[2026-09-20 02:09:07,756]-[trainutils.py line:497]:Epoch 5 -                   Visual accuracy: 83.43(1012/1213) 
[2026-09-20 02:09:07,757]-[trainutils.py line:492]:Epoch 5 - Audio-Visual/Existential accuracy: 83.23(412/495) 
[2026-09-20 02:09:07,757]-[trainutils.py line:492]:Epoch 5 -    Audio-Visual/Counting accuracy: 75.20(476/633) 
[2026-09-20 02:09:07,757]-[trainutils.py line:492]:Epoch 5 -    Audio-Visual/Location accuracy: 65.51(302/461) 
[2026-09-20 02:09:07,757]-[trainutils.py line:492]:Epoch 5 - Audio-Visual/Comparative accuracy: 60.66(333/549) 
[2026-09-20 02:09:07,757]-[trainutils.py line:492]:Epoch 5 -    Audio-Visual/Temporal accuracy: 73.24(301/411) 
[2026-09-20 02:09:07,757]-[trainutils.py line:497]:Epoch 5 -             Audio-Visual accuracy: 71.56(1824/2549) 
[2026-09-20 02:09:07,757]-[trainutils.py line:501]:Epoch 5 -                    Total accuracy: 75.48(3448/4568) 
[2026-09-20 02:09:08,107]-[trainutils.py line:461]:Test progress:   0/95 
[2026-09-20 02:09:37,197]-[trainutils.py line:461]:Test progress:  95/95 
[2026-09-20 02:09:37,197]-[trainutils.py line:492]:Epoch 5 -           Audio/Counting accuracy: 85.71(438/511) 
[2026-09-20 02:09:37,197]-[trainutils.py line:492]:Epoch 5 -        Audio/Comparative accuracy: 60.34(178/295) 
[2026-09-20 02:09:37,197]-[trainutils.py line:497]:Epoch 5 -                    Audio accuracy: 76.43(616/806) 
[2026-09-20 02:09:37,197]-[trainutils.py line:492]:Epoch 5 -          Visual/Counting accuracy: 82.33(494/600) 
[2026-09-20 02:09:37,197]-[trainutils.py line:492]:Epoch 5 -          Visual/Location accuracy: 87.11(534/613) 
[2026-09-20 02:09:37,197]-[trainutils.py line:497]:Epoch 5 -                   Visual accuracy: 84.75(1028/1213) 
[2026-09-20 02:09:37,197]-[trainutils.py line:492]:Epoch 5 - Audio-Visual/Existential accuracy: 83.64(414/495) 
[2026-09-20 02:09:37,200]-[trainutils.py line:492]:Epoch 5 -    Audio-Visual/Counting accuracy: 76.30(483/633) 
[2026-09-20 02:09:37,200]-[trainutils.py line:492]:Epoch 5 -    Audio-Visual/Location accuracy: 68.33(315/461) 
[2026-09-20 02:09:37,200]-[trainutils.py line:492]:Epoch 5 - Audio-Visual/Comparative accuracy: 62.30(342/549) 
[2026-09-20 02:09:37,200]-[trainutils.py line:492]:Epoch 5 -    Audio-Visual/Temporal accuracy: 76.16(313/411) 
[2026-09-20 02:09:37,200]-[trainutils.py line:497]:Epoch 5 -             Audio-Visual accuracy: 73.24(1867/2549) 
[2026-09-20 02:09:37,201]-[trainutils.py line:501]:Epoch 5 -                    Total accuracy: 76.86(3511/4568) 
[2026-09-20 02:09:37,230]-[train.py line:151]:best model saved at epoch 5 with acc 76.86077057793345 (ema) 
[2026-09-20 02:09:37,264]-[train.py line:167]:Epoch 5 done with 76.86 and loss 0.55469. 
[2026-09-20 02:09:37,264]-[train.py line:168]:At epoch5 best acc: 76.86. 
[2026-09-20 02:09:37,264]-[train.py line:102]:
-------------- training epoch 6 -------------- 
[2026-09-20 02:09:37,462]-[trainutils.py line:416]:[EST:    4.38m][Process Time:    0.04s]- Epoch: 6 [0000/1330 (  0%)]	Losses: ce_loss-0.4566(0.4566) loss_tacl-0.0001(0.0001) loss_sacl-0.0117(0.0117) loss_event-0.0046(0.0046) loss_evidence-0.0000(0.0000) loss_query_diversity-0.0043(0.0043) loss_position-0.0000(0.0000) total_loss-0.4566(0.4566) 
[2026-09-20 02:09:56,277]-[trainutils.py line:416]:[EST:    3.86m][Process Time:    0.04s]- Epoch: 6 [0100/1330 (  8%)]	Losses: ce_loss-0.5375(0.4624) loss_tacl-0.0001(0.0001) loss_sacl-0.0120(0.0123) loss_event-0.0065(0.0058) loss_evidence-0.0000(0.0002) loss_query_diversity-0.0043(0.0043) loss_position-0.0000(0.0000) total_loss-0.5375(0.4624) 
[2026-09-20 02:10:15,045]-[trainutils.py line:416]:[EST:    3.54m][Process Time:    0.04s]- Epoch: 6 [0200/1330 ( 15%)]	Losses: ce_loss-0.3458(0.4543) loss_tacl-0.0001(0.0001) loss_sacl-0.0121(0.0121) loss_event-0.0056(0.0057) loss_evidence-0.0000(0.0002) loss_query_diversity-0.0043(0.0043) loss_position--0.0000(0.0000) total_loss-0.3458(0.4543) 
[2026-09-20 02:10:33,764]-[trainutils.py line:416]:[EST:    3.22m][Process Time:    0.04s]- Epoch: 6 [0300/1330 ( 23%)]	Losses: ce_loss-0.3045(0.4562) loss_tacl-0.0001(0.0001) loss_sacl-0.0109(0.0120) loss_event-0.0053(0.0057) loss_evidence-0.0005(0.0002) loss_query_diversity-0.0043(0.0043) loss_position-0.0000(0.0000) total_loss-0.3045(0.4562) 
[2026-09-20 02:10:52,555]-[trainutils.py line:416]:[EST:    2.91m][Process Time:    0.04s]- Epoch: 6 [0400/1330 ( 30%)]	Losses: ce_loss-0.5290(0.4566) loss_tacl-0.0001(0.0001) loss_sacl-0.0128(0.0120) loss_event-0.0062(0.0058) loss_evidence-0.0000(0.0002) loss_query_diversity-0.0043(0.0043) loss_position-0.0000(0.0000) total_loss-0.5290(0.4566) 
[2026-09-20 02:11:11,435]-[trainutils.py line:416]:[EST:    2.60m][Process Time:    0.04s]- Epoch: 6 [0500/1330 ( 38%)]	Losses: ce_loss-0.3518(0.4595) loss_tacl-0.0001(0.0001) loss_sacl-0.0125(0.0120) loss_event-0.0058(0.0058) loss_evidence-0.0019(0.0002) loss_query_diversity-0.0043(0.0043) loss_position-0.0000(0.0000) total_loss-0.3518(0.4595) 
[2026-09-20 02:11:30,255]-[trainutils.py line:416]:[EST:    2.28m][Process Time:    0.04s]- Epoch: 6 [0600/1330 ( 45%)]	Losses: ce_loss-0.3814(0.4658) loss_tacl-0.0001(0.0001) loss_sacl-0.0117(0.0119) loss_event-0.0050(0.0058) loss_evidence-0.0000(0.0001) loss_query_diversity-0.0043(0.0043) loss_position--0.0000(0.0000) total_loss-0.3814(0.4658) 
[2026-09-20 02:11:48,985]-[trainutils.py line:416]:[EST:    1.97m][Process Time:    0.04s]- Epoch: 6 [0700/1330 ( 53%)]	Losses: ce_loss-0.3844(0.4696) loss_tacl-0.0001(0.0001) loss_sacl-0.0108(0.0119) loss_event-0.0053(0.0058) loss_evidence-0.0000(0.0001) loss_query_diversity-0.0043(0.0043) loss_position-0.0000(0.0000) total_loss-0.3844(0.4696) 
[2026-09-20 02:12:07,853]-[trainutils.py line:416]:[EST:    1.66m][Process Time:    0.04s]- Epoch: 6 [0800/1330 ( 60%)]	Losses: ce_loss-0.3628(0.4706) loss_tacl-0.0001(0.0001) loss_sacl-0.0114(0.0118) loss_event-0.0064(0.0058) loss_evidence-0.0000(0.0001) loss_query_diversity-0.0043(0.0043) loss_position-0.0000(0.0000) total_loss-0.3628(0.4706) 
[2026-09-20 02:12:26,738]-[trainutils.py line:416]:[EST:    1.34m][Process Time:    0.04s]- Epoch: 6 [0900/1330 ( 68%)]	Losses: ce_loss-0.4294(0.4730) loss_tacl-0.0001(0.0001) loss_sacl-0.0116(0.0118) loss_event-0.0051(0.0058) loss_evidence-0.0000(0.0002) loss_query_diversity-0.0043(0.0043) loss_position--0.0000(0.0000) total_loss-0.4294(0.4730) 
[2026-09-20 02:12:45,531]-[trainutils.py line:416]:[EST:    1.03m][Process Time:    0.04s]- Epoch: 6 [1000/1330 ( 75%)]	Losses: ce_loss-0.6175(0.4761) loss_tacl-0.0001(0.0001) loss_sacl-0.0131(0.0118) loss_event-0.0064(0.0058) loss_evidence-0.0000(0.0002) loss_query_diversity-0.0043(0.0043) loss_position-0.0000(0.0000) total_loss-0.6175(0.4761) 
[2026-09-20 02:13:04,841]-[trainutils.py line:416]:[EST:    0.72m][Process Time:    0.06s]- Epoch: 6 [1100/1330 ( 83%)]	Losses: ce_loss-0.5323(0.4770) loss_tacl-0.0001(0.0001) loss_sacl-0.0112(0.0118) loss_event-0.0054(0.0059) loss_evidence-0.0000(0.0002) loss_query_diversity-0.0043(0.0043) loss_position-0.0000(0.0000) total_loss-0.5323(0.4770) 
[2026-09-20 02:13:23,866]-[trainutils.py line:416]:[EST:    0.41m][Process Time:    0.04s]- Epoch: 6 [1200/1330 ( 90%)]	Losses: ce_loss-0.4851(0.4779) loss_tacl-0.0001(0.0001) loss_sacl-0.0095(0.0118) loss_event-0.0043(0.0059) loss_evidence-0.0000(0.0001) loss_query_diversity-0.0043(0.0043) loss_position-0.0000(0.0000) total_loss-0.4851(0.4779) 
[2026-09-20 02:13:42,782]-[trainutils.py line:416]:[EST:    0.09m][Process Time:    0.04s]- Epoch: 6 [1300/1330 ( 98%)]	Losses: ce_loss-0.6763(0.4760) loss_tacl-0.0001(0.0001) loss_sacl-0.0098(0.0118) loss_event-0.0047(0.0058) loss_evidence-0.0000(0.0001) loss_query_diversity-0.0043(0.0043) loss_position-0.0000(0.0000) total_loss-0.6763(0.4760) 
[2026-09-20 02:13:48,308]-[trainutils.py line:416]:[EST:   -0.00m][Process Time:    0.04s]- Epoch: 6 [1330/1330 (100%)]	Losses: ce_loss-0.4439(0.4770) loss_tacl-0.0001(0.0001) loss_sacl-0.0111(0.0118) loss_event-0.0050(0.0058) loss_evidence-0.0000(0.0001) loss_query_diversity-0.0044(0.0043) loss_position-0.0000(0.0000) total_loss-0.4439(0.4770) 
[2026-09-20 02:13:48,771]-[train.py line:106]:
-------------- validation epoch 6 -------------- 
[2026-09-20 02:13:49,077]-[trainutils.py line:461]:Test progress:   0/95 
[2026-09-20 02:14:18,427]-[trainutils.py line:461]:Test progress:  95/95 
[2026-09-20 02:14:18,427]-[trainutils.py line:492]:Epoch 6 -           Audio/Counting accuracy: 85.52(437/511) 
[2026-09-20 02:14:18,428]-[trainutils.py line:492]:Epoch 6 -        Audio/Comparative accuracy: 58.64(173/295) 
[2026-09-20 02:14:18,428]-[trainutils.py line:497]:Epoch 6 -                    Audio accuracy: 75.68(610/806) 
[2026-09-20 02:14:18,428]-[trainutils.py line:492]:Epoch 6 -          Visual/Counting accuracy: 83.17(499/600) 
[2026-09-20 02:14:18,428]-[trainutils.py line:492]:Epoch 6 -          Visual/Location accuracy: 85.64(525/613) 
[2026-09-20 02:14:18,428]-[trainutils.py line:497]:Epoch 6 -                   Visual accuracy: 84.42(1024/1213) 
[2026-09-20 02:14:18,429]-[trainutils.py line:492]:Epoch 6 - Audio-Visual/Existential accuracy: 83.23(412/495) 
[2026-09-20 02:14:18,429]-[trainutils.py line:492]:Epoch 6 -    Audio-Visual/Counting accuracy: 76.78(486/633) 
[2026-09-20 02:14:18,429]-[trainutils.py line:492]:Epoch 6 -    Audio-Visual/Location accuracy: 66.81(308/461) 
[2026-09-20 02:14:18,429]-[trainutils.py line:492]:Epoch 6 - Audio-Visual/Comparative accuracy: 62.66(344/549) 
[2026-09-20 02:14:18,429]-[trainutils.py line:492]:Epoch 6 -    Audio-Visual/Temporal accuracy: 71.05(292/411) 
[2026-09-20 02:14:18,429]-[trainutils.py line:497]:Epoch 6 -             Audio-Visual accuracy: 72.26(1842/2549) 
[2026-09-20 02:14:18,430]-[trainutils.py line:501]:Epoch 6 -                    Total accuracy: 76.09(3476/4568) 
[2026-09-20 02:14:18,768]-[trainutils.py line:461]:Test progress:   0/95 
[2026-09-20 02:14:47,908]-[trainutils.py line:461]:Test progress:  95/95 
[2026-09-20 02:14:47,908]-[trainutils.py line:492]:Epoch 6 -           Audio/Counting accuracy: 86.11(440/511) 
[2026-09-20 02:14:47,909]-[trainutils.py line:492]:Epoch 6 -        Audio/Comparative accuracy: 61.36(181/295) 
[2026-09-20 02:14:47,909]-[trainutils.py line:497]:Epoch 6 -                    Audio accuracy: 77.05(621/806) 
[2026-09-20 02:14:47,909]-[trainutils.py line:492]:Epoch 6 -          Visual/Counting accuracy: 84.00(504/600) 
[2026-09-20 02:14:47,909]-[trainutils.py line:492]:Epoch 6 -          Visual/Location accuracy: 87.28(535/613) 
[2026-09-20 02:14:47,909]-[trainutils.py line:497]:Epoch 6 -                   Visual accuracy: 85.66(1039/1213) 
[2026-09-20 02:14:47,910]-[trainutils.py line:492]:Epoch 6 - Audio-Visual/Existential accuracy: 83.84(415/495) 
[2026-09-20 02:14:47,910]-[trainutils.py line:492]:Epoch 6 -    Audio-Visual/Counting accuracy: 78.04(494/633) 
[2026-09-20 02:14:47,910]-[trainutils.py line:492]:Epoch 6 -    Audio-Visual/Location accuracy: 67.90(313/461) 
[2026-09-20 02:14:47,910]-[trainutils.py line:492]:Epoch 6 - Audio-Visual/Comparative accuracy: 62.30(342/549) 
[2026-09-20 02:14:47,910]-[trainutils.py line:492]:Epoch 6 -    Audio-Visual/Temporal accuracy: 76.64(315/411) 
[2026-09-20 02:14:47,910]-[trainutils.py line:497]:Epoch 6 -             Audio-Visual accuracy: 73.72(1879/2549) 
[2026-09-20 02:14:47,911]-[trainutils.py line:501]:Epoch 6 -                    Total accuracy: 77.47(3539/4568) 
[2026-09-20 02:14:47,939]-[train.py line:151]:best model saved at epoch 6 with acc 77.47373029772329 (ema) 
[2026-09-20 02:14:47,975]-[train.py line:167]:Epoch 6 done with 77.47 and loss 0.54297. 
[2026-09-20 02:14:47,975]-[train.py line:168]:At epoch6 best acc: 77.47. 
[2026-09-20 02:14:47,975]-[train.py line:102]:
-------------- training epoch 7 -------------- 
[2026-09-20 02:14:48,185]-[trainutils.py line:416]:[EST:    4.61m][Process Time:    0.06s]- Epoch: 7 [0000/1330 (  0%)]	Losses: ce_loss-0.3321(0.3321) loss_tacl-0.0001(0.0001) loss_sacl-0.0117(0.0117) loss_event-0.0072(0.0072) loss_evidence-0.0000(0.0000) loss_query_diversity-0.0043(0.0043) loss_position-0.0000(0.0000) total_loss-0.3321(0.3321) 
[2026-09-20 02:15:06,968]-[trainutils.py line:416]:[EST:    3.85m][Process Time:    0.04s]- Epoch: 7 [0100/1330 (  8%)]	Losses: ce_loss-0.4029(0.4021) loss_tacl-0.0001(0.0001) loss_sacl-0.0115(0.0115) loss_event-0.0052(0.0061) loss_evidence-0.0000(0.0000) loss_query_diversity-0.0043(0.0043) loss_position-0.0000(0.0000) total_loss-0.4029(0.4021) 
[2026-09-20 02:15:25,764]-[trainutils.py line:416]:[EST:    3.54m][Process Time:    0.04s]- Epoch: 7 [0200/1330 ( 15%)]	Losses: ce_loss-0.5194(0.4187) loss_tacl-0.0001(0.0001) loss_sacl-0.0111(0.0116) loss_event-0.0058(0.0062) loss_evidence-0.0000(0.0001) loss_query_diversity-0.0043(0.0043) loss_position-0.0000(0.0000) total_loss-0.5194(0.4187) 
[2026-09-20 02:15:44,545]-[trainutils.py line:416]:[EST:    3.22m][Process Time:    0.04s]- Epoch: 7 [0300/1330 ( 23%)]	Losses: ce_loss-0.5897(0.4201) loss_tacl-0.0001(0.0001) loss_sacl-0.0084(0.0114) loss_event-0.0053(0.0061) loss_evidence-0.0000(0.0001) loss_query_diversity-0.0043(0.0043) loss_position-0.0000(0.0000) total_loss-0.5897(0.4201) 
[2026-09-20 02:16:03,310]-[trainutils.py line:416]:[EST:    2.91m][Process Time:    0.04s]- Epoch: 7 [0400/1330 ( 30%)]	Losses: ce_loss-0.3029(0.4212) loss_tacl-0.0001(0.0001) loss_sacl-0.0118(0.0113) loss_event-0.0061(0.0061) loss_evidence-0.0000(0.0002) loss_query_diversity-0.0043(0.0043) loss_position-0.0000(0.0000) total_loss-0.3029(0.4212) 
[2026-09-20 02:16:22,121]-[trainutils.py line:416]:[EST:    2.60m][Process Time:    0.06s]- Epoch: 7 [0500/1330 ( 38%)]	Losses: ce_loss-0.6279(0.4235) loss_tacl-0.0001(0.0001) loss_sacl-0.0118(0.0113) loss_event-0.0073(0.0061) loss_evidence-0.0000(0.0001) loss_query_diversity-0.0043(0.0043) loss_position--0.0000(0.0000) total_loss-0.6279(0.4235) 
[2026-09-20 02:16:41,169]-[trainutils.py line:416]:[EST:    2.29m][Process Time:    0.04s]- Epoch: 7 [0600/1330 ( 45%)]	Losses: ce_loss-0.4675(0.4255) loss_tacl-0.0001(0.0001) loss_sacl-0.0106(0.0113) loss_event-0.0050(0.0061) loss_evidence-0.0000(0.0002) loss_query_diversity-0.0043(0.0043) loss_position-0.0000(0.0000) total_loss-0.4675(0.4255) 
[2026-09-20 02:17:00,008]-[trainutils.py line:416]:[EST:    1.97m][Process Time:    0.04s]- Epoch: 7 [0700/1330 ( 53%)]	Losses: ce_loss-0.2865(0.4265) loss_tacl-0.0001(0.0001) loss_sacl-0.0105(0.0113) loss_event-0.0063(0.0061) loss_evidence-0.0000(0.0001) loss_query_diversity-0.0043(0.0043) loss_position-0.0000(0.0000) total_loss-0.2865(0.4265) 
[2026-09-20 02:17:19,022]-[trainutils.py line:416]:[EST:    1.66m][Process Time:    0.04s]- Epoch: 7 [0800/1330 ( 60%)]	Losses: ce_loss-0.3705(0.4247) loss_tacl-0.0001(0.0001) loss_sacl-0.0107(0.0112) loss_event-0.0066(0.0062) loss_evidence-0.0000(0.0001) loss_query_diversity-0.0043(0.0043) loss_position-0.0000(0.0000) total_loss-0.3705(0.4247) 
[2026-09-20 02:17:37,978]-[trainutils.py line:416]:[EST:    1.35m][Process Time:    0.05s]- Epoch: 7 [0900/1330 ( 68%)]	Losses: ce_loss-0.6340(0.4238) loss_tacl-0.0001(0.0001) loss_sacl-0.0118(0.0112) loss_event-0.0069(0.0061) loss_evidence-0.0000(0.0001) loss_query_diversity-0.0043(0.0043) loss_position-0.0000(0.0000) total_loss-0.6340(0.4238) 
[2026-09-20 02:17:56,876]-[trainutils.py line:416]:[EST:    1.03m][Process Time:    0.04s]- Epoch: 7 [1000/1330 ( 75%)]	Losses: ce_loss-0.3445(0.4223) loss_tacl-0.0001(0.0001) loss_sacl-0.0092(0.0112) loss_event-0.0055(0.0061) loss_evidence-0.0000(0.0001) loss_query_diversity-0.0043(0.0043) loss_position-0.0000(0.0000) total_loss-0.3445(0.4223) 
[2026-09-20 02:18:15,745]-[trainutils.py line:416]:[EST:    0.72m][Process Time:    0.04s]- Epoch: 7 [1100/1330 ( 83%)]	Losses: ce_loss-0.4124(0.4227) loss_tacl-0.0001(0.0001) loss_sacl-0.0115(0.0111) loss_event-0.0066(0.0061) loss_evidence-0.0000(0.0001) loss_query_diversity-0.0043(0.0043) loss_position-0.0000(0.0000) total_loss-0.4124(0.4227) 
[2026-09-20 02:18:34,635]-[trainutils.py line:416]:[EST:    0.41m][Process Time:    0.04s]- Epoch: 7 [1200/1330 ( 90%)]	Losses: ce_loss-0.2977(0.4236) loss_tacl-0.0001(0.0001) loss_sacl-0.0101(0.0111) loss_event-0.0052(0.0061) loss_evidence-0.0000(0.0001) loss_query_diversity-0.0043(0.0043) loss_position-0.0000(0.0000) total_loss-0.2977(0.4236) 
[2026-09-20 02:18:53,706]-[trainutils.py line:416]:[EST:    0.09m][Process Time:    0.04s]- Epoch: 7 [1300/1330 ( 98%)]	Losses: ce_loss-0.3710(0.4244) loss_tacl-0.0001(0.0001) loss_sacl-0.0098(0.0110) loss_event-0.0054(0.0061) loss_evidence-0.0000(0.0001) loss_query_diversity-0.0043(0.0043) loss_position-0.0000(0.0000) total_loss-0.3710(0.4244) 
[2026-09-20 02:18:59,203]-[trainutils.py line:416]:[EST:   -0.00m][Process Time:    0.04s]- Epoch: 7 [1330/1330 (100%)]	Losses: ce_loss-0.1457(0.4255) loss_tacl-0.0001(0.0001) loss_sacl-0.0107(0.0110) loss_event-0.0063(0.0061) loss_evidence-0.0000(0.0001) loss_query_diversity-0.0043(0.0043) loss_position-0.0000(0.0000) total_loss-0.1457(0.4255) 
[2026-09-20 02:18:59,653]-[train.py line:106]:
-------------- validation epoch 7 -------------- 
[2026-09-20 02:18:59,955]-[trainutils.py line:461]:Test progress:   0/95 
[2026-09-20 02:19:29,610]-[trainutils.py line:461]:Test progress:  95/95 
[2026-09-20 02:19:29,611]-[trainutils.py line:492]:Epoch 7 -           Audio/Counting accuracy: 87.48(447/511) 
[2026-09-20 02:19:29,611]-[trainutils.py line:492]:Epoch 7 -        Audio/Comparative accuracy: 58.98(174/295) 
[2026-09-20 02:19:29,611]-[trainutils.py line:497]:Epoch 7 -                    Audio accuracy: 77.05(621/806) 
[2026-09-20 02:19:29,611]-[trainutils.py line:492]:Epoch 7 -          Visual/Counting accuracy: 80.83(485/600) 
[2026-09-20 02:19:29,612]-[trainutils.py line:492]:Epoch 7 -          Visual/Location accuracy: 85.32(523/613) 
[2026-09-20 02:19:29,612]-[trainutils.py line:497]:Epoch 7 -                   Visual accuracy: 83.10(1008/1213) 
[2026-09-20 02:19:29,612]-[trainutils.py line:492]:Epoch 7 - Audio-Visual/Existential accuracy: 84.24(417/495) 
[2026-09-20 02:19:29,612]-[trainutils.py line:492]:Epoch 7 -    Audio-Visual/Counting accuracy: 76.94(487/633) 
[2026-09-20 02:19:29,612]-[trainutils.py line:492]:Epoch 7 -    Audio-Visual/Location accuracy: 67.03(309/461) 
[2026-09-20 02:19:29,612]-[trainutils.py line:492]:Epoch 7 - Audio-Visual/Comparative accuracy: 61.20(336/549) 
[2026-09-20 02:19:29,613]-[trainutils.py line:492]:Epoch 7 -    Audio-Visual/Temporal accuracy: 73.48(302/411) 
[2026-09-20 02:19:29,613]-[trainutils.py line:497]:Epoch 7 -             Audio-Visual accuracy: 72.62(1851/2549) 
[2026-09-20 02:19:29,613]-[trainutils.py line:501]:Epoch 7 -                    Total accuracy: 76.18(3480/4568) 
[2026-09-20 02:19:29,948]-[trainutils.py line:461]:Test progress:   0/95 
[2026-09-20 02:19:58,895]-[trainutils.py line:461]:Test progress:  95/95 
[2026-09-20 02:19:58,895]-[trainutils.py line:492]:Epoch 7 -           Audio/Counting accuracy: 85.91(439/511) 
[2026-09-20 02:19:58,896]-[trainutils.py line:492]:Epoch 7 -        Audio/Comparative accuracy: 61.69(182/295) 
[2026-09-20 02:19:58,896]-[trainutils.py line:497]:Epoch 7 -                    Audio accuracy: 77.05(621/806) 
[2026-09-20 02:19:58,897]-[trainutils.py line:492]:Epoch 7 -          Visual/Counting accuracy: 84.17(505/600) 
[2026-09-20 02:19:58,897]-[trainutils.py line:492]:Epoch 7 -          Visual/Location accuracy: 88.42(542/613) 
[2026-09-20 02:19:58,897]-[trainutils.py line:497]:Epoch 7 -                   Visual accuracy: 86.31(1047/1213) 
[2026-09-20 02:19:58,897]-[trainutils.py line:492]:Epoch 7 - Audio-Visual/Existential accuracy: 83.84(415/495) 
[2026-09-20 02:19:58,897]-[trainutils.py line:492]:Epoch 7 -    Audio-Visual/Counting accuracy: 78.04(494/633) 
[2026-09-20 02:19:58,898]-[trainutils.py line:492]:Epoch 7 -    Audio-Visual/Location accuracy: 67.03(309/461) 
[2026-09-20 02:19:58,898]-[trainutils.py line:492]:Epoch 7 - Audio-Visual/Comparative accuracy: 63.75(350/549) 
[2026-09-20 02:19:58,898]-[trainutils.py line:492]:Epoch 7 -    Audio-Visual/Temporal accuracy: 75.43(310/411) 
[2026-09-20 02:19:58,898]-[trainutils.py line:497]:Epoch 7 -             Audio-Visual accuracy: 73.68(1878/2549) 
[2026-09-20 02:19:58,898]-[trainutils.py line:501]:Epoch 7 -                    Total accuracy: 77.63(3546/4568) 
[2026-09-20 02:19:58,928]-[train.py line:151]:best model saved at epoch 7 with acc 77.62697022767075 (ema) 
[2026-09-20 02:19:58,966]-[train.py line:167]:Epoch 7 done with 77.63 and loss 0.53125. 
[2026-09-20 02:19:58,966]-[train.py line:168]:At epoch7 best acc: 77.63. 
[2026-09-20 02:19:58,966]-[train.py line:102]:
-------------- training epoch 8 -------------- 
[2026-09-20 02:19:59,146]-[trainutils.py line:416]:[EST:    3.98m][Process Time:    0.04s]- Epoch: 8 [0000/1330 (  0%)]	Losses: ce_loss-0.2815(0.2815) loss_tacl-0.0001(0.0001) loss_sacl-0.0111(0.0111) loss_event-0.0059(0.0059) loss_evidence-0.0000(0.0000) loss_query_diversity-0.0043(0.0043) loss_position-0.0000(0.0000) total_loss-0.2815(0.2815) 
[2026-09-20 02:20:17,824]-[trainutils.py line:416]:[EST:    3.82m][Process Time:    0.04s]- Epoch: 8 [0100/1330 (  8%)]	Losses: ce_loss-0.2359(0.3715) loss_tacl-0.0001(0.0001) loss_sacl-0.0115(0.0108) loss_event-0.0062(0.0060) loss_evidence-0.0000(0.0000) loss_query_diversity-0.0043(0.0043) loss_position-0.0000(0.0000) total_loss-0.2359(0.3715) 
[2026-09-20 02:20:36,619]-[trainutils.py line:416]:[EST:    3.52m][Process Time:    0.04s]- Epoch: 8 [0200/1330 ( 15%)]	Losses: ce_loss-0.1842(0.3662) loss_tacl-0.0001(0.0001) loss_sacl-0.0116(0.0109) loss_event-0.0060(0.0062) loss_evidence-0.0000(0.0001) loss_query_diversity-0.0043(0.0043) loss_position-0.0000(0.0000) total_loss-0.1842(0.3662) 
[2026-09-20 02:20:55,391]-[trainutils.py line:416]:[EST:    3.21m][Process Time:    0.04s]- Epoch: 8 [0300/1330 ( 23%)]	Losses: ce_loss-0.4310(0.3655) loss_tacl-0.0001(0.0001) loss_sacl-0.0094(0.0108) loss_event-0.0061(0.0062) loss_evidence-0.0000(0.0001) loss_query_diversity-0.0043(0.0043) loss_position-0.0000(0.0000) total_loss-0.4310(0.3655) 
[2026-09-20 02:21:14,319]-[trainutils.py line:416]:[EST:    2.91m][Process Time:    0.04s]- Epoch: 8 [0400/1330 ( 30%)]	Losses: ce_loss-0.2724(0.3687) loss_tacl-0.0001(0.0001) loss_sacl-0.0108(0.0108) loss_event-0.0067(0.0063) loss_evidence-0.0000(0.0001) loss_query_diversity-0.0043(0.0043) loss_position-0.0000(0.0000) total_loss-0.2724(0.3687) 
[2026-09-20 02:21:32,992]-[trainutils.py line:416]:[EST:    2.59m][Process Time:    0.04s]- Epoch: 8 [0500/1330 ( 38%)]	Losses: ce_loss-0.4554(0.3764) loss_tacl-0.0001(0.0001) loss_sacl-0.0105(0.0107) loss_event-0.0058(0.0063) loss_evidence-0.0000(0.0001) loss_query_diversity-0.0043(0.0043) loss_position-0.0000(0.0000) total_loss-0.4554(0.3764) 
[2026-09-20 02:21:51,766]-[trainutils.py line:416]:[EST:    2.28m][Process Time:    0.04s]- Epoch: 8 [0600/1330 ( 45%)]	Losses: ce_loss-0.3327(0.3770) loss_tacl-0.0001(0.0001) loss_sacl-0.0109(0.0107) loss_event-0.0062(0.0063) loss_evidence-0.0000(0.0001) loss_query_diversity-0.0043(0.0043) loss_position-0.0000(0.0000) total_loss-0.3327(0.3770) 
[2026-09-20 02:22:10,689]-[trainutils.py line:416]:[EST:    1.97m][Process Time:    0.04s]- Epoch: 8 [0700/1330 ( 53%)]	Losses: ce_loss-0.4132(0.3775) loss_tacl-0.0001(0.0001) loss_sacl-0.0114(0.0107) loss_event-0.0054(0.0062) loss_evidence-0.0000(0.0001) loss_query_diversity-0.0043(0.0043) loss_position-0.0000(0.0000) total_loss-0.4132(0.3775) 
[2026-09-20 02:22:29,541]-[trainutils.py line:416]:[EST:    1.66m][Process Time:    0.04s]- Epoch: 8 [0800/1330 ( 60%)]	Losses: ce_loss-0.4814(0.3779) loss_tacl-0.0001(0.0001) loss_sacl-0.0098(0.0106) loss_event-0.0067(0.0062) loss_evidence-0.0000(0.0001) loss_query_diversity-0.0043(0.0043) loss_position-0.0000(0.0000) total_loss-0.4814(0.3779) 
[2026-09-20 02:22:48,363]-[trainutils.py line:416]:[EST:    1.34m][Process Time:    0.06s]- Epoch: 8 [0900/1330 ( 68%)]	Losses: ce_loss-0.2482(0.3762) loss_tacl-0.0001(0.0001) loss_sacl-0.0097(0.0106) loss_event-0.0054(0.0062) loss_evidence-0.0000(0.0001) loss_query_diversity-0.0043(0.0043) loss_position-0.0000(0.0000) total_loss-0.2482(0.3762) 
[2026-09-20 02:23:07,217]-[trainutils.py line:416]:[EST:    1.03m][Process Time:    0.04s]- Epoch: 8 [1000/1330 ( 75%)]	Losses: ce_loss-0.2378(0.3747) loss_tacl-0.0001(0.0001) loss_sacl-0.0099(0.0106) loss_event-0.0058(0.0062) loss_evidence-0.0000(0.0001) loss_query_diversity-0.0043(0.0043) loss_position-0.0000(0.0000) total_loss-0.2378(0.3747) 
[2026-09-20 02:23:26,207]-[trainutils.py line:416]:[EST:    0.72m][Process Time:    0.04s]- Epoch: 8 [1100/1330 ( 83%)]	Losses: ce_loss-0.5335(0.3761) loss_tacl-0.0001(0.0001) loss_sacl-0.0113(0.0106) loss_event-0.0077(0.0062) loss_evidence-0.0000(0.0001) loss_query_diversity-0.0043(0.0043) loss_position-0.0000(0.0000) total_loss-0.5335(0.3761) 
[2026-09-20 02:23:45,472]-[trainutils.py line:416]:[EST:    0.41m][Process Time:    0.04s]- Epoch: 8 [1200/1330 ( 90%)]	Losses: ce_loss-0.1999(0.3767) loss_tacl-0.0001(0.0001) loss_sacl-0.0117(0.0105) loss_event-0.0064(0.0062) loss_evidence-0.0000(0.0001) loss_query_diversity-0.0043(0.0043) loss_position-0.0000(0.0000) total_loss-0.1999(0.3767) 
[2026-09-20 02:24:04,537]-[trainutils.py line:416]:[EST:    0.09m][Process Time:    0.04s]- Epoch: 8 [1300/1330 ( 98%)]	Losses: ce_loss-0.4177(0.3761) loss_tacl-0.0001(0.0001) loss_sacl-0.0101(0.0105) loss_event-0.0060(0.0062) loss_evidence-0.0000(0.0001) loss_query_diversity-0.0043(0.0043) loss_position-0.0000(0.0000) total_loss-0.4177(0.3761) 
[2026-09-20 02:24:10,185]-[trainutils.py line:416]:[EST:   -0.00m][Process Time:    0.04s]- Epoch: 8 [1330/1330 (100%)]	Losses: ce_loss-0.2965(0.3753) loss_tacl-0.0001(0.0001) loss_sacl-0.0113(0.0105) loss_event-0.0047(0.0062) loss_evidence-0.0000(0.0001) loss_query_diversity-0.0043(0.0043) loss_position-0.0000(0.0000) total_loss-0.2965(0.3753) 
[2026-09-20 02:24:10,646]-[train.py line:106]:
-------------- validation epoch 8 -------------- 
[2026-09-20 02:24:10,962]-[trainutils.py line:461]:Test progress:   0/95 
[2026-09-20 02:24:40,540]-[trainutils.py line:461]:Test progress:  95/95 
[2026-09-20 02:24:40,540]-[trainutils.py line:492]:Epoch 8 -           Audio/Counting accuracy: 86.89(444/511) 
[2026-09-20 02:24:40,540]-[trainutils.py line:492]:Epoch 8 -        Audio/Comparative accuracy: 61.36(181/295) 
[2026-09-20 02:24:40,540]-[trainutils.py line:497]:Epoch 8 -                    Audio accuracy: 77.54(625/806) 
[2026-09-20 02:24:40,541]-[trainutils.py line:492]:Epoch 8 -          Visual/Counting accuracy: 84.00(504/600) 
[2026-09-20 02:24:40,541]-[trainutils.py line:492]:Epoch 8 -          Visual/Location accuracy: 87.60(537/613) 
[2026-09-20 02:24:40,541]-[trainutils.py line:497]:Epoch 8 -                   Visual accuracy: 85.82(1041/1213) 
[2026-09-20 02:24:40,541]-[trainutils.py line:492]:Epoch 8 - Audio-Visual/Existential accuracy: 84.04(416/495) 
[2026-09-20 02:24:40,541]-[trainutils.py line:492]:Epoch 8 -    Audio-Visual/Counting accuracy: 76.30(483/633) 
[2026-09-20 02:24:40,541]-[trainutils.py line:492]:Epoch 8 -    Audio-Visual/Location accuracy: 66.38(306/461) 
[2026-09-20 02:24:40,542]-[trainutils.py line:492]:Epoch 8 - Audio-Visual/Comparative accuracy: 58.65(322/549) 
[2026-09-20 02:24:40,542]-[trainutils.py line:492]:Epoch 8 -    Audio-Visual/Temporal accuracy: 73.24(301/411) 
[2026-09-20 02:24:40,542]-[trainutils.py line:497]:Epoch 8 -             Audio-Visual accuracy: 71.71(1828/2549) 
[2026-09-20 02:24:40,542]-[trainutils.py line:501]:Epoch 8 -                    Total accuracy: 76.49(3494/4568) 
[2026-09-20 02:24:40,879]-[trainutils.py line:461]:Test progress:   0/95 
[2026-09-20 02:25:10,254]-[trainutils.py line:461]:Test progress:  95/95 
[2026-09-20 02:25:10,255]-[trainutils.py line:492]:Epoch 8 -           Audio/Counting accuracy: 86.30(441/511) 
[2026-09-20 02:25:10,255]-[trainutils.py line:492]:Epoch 8 -        Audio/Comparative accuracy: 60.68(179/295) 
[2026-09-20 02:25:10,255]-[trainutils.py line:497]:Epoch 8 -                    Audio accuracy: 76.92(620/806) 
[2026-09-20 02:25:10,255]-[trainutils.py line:492]:Epoch 8 -          Visual/Counting accuracy: 85.67(514/600) 
[2026-09-20 02:25:10,255]-[trainutils.py line:492]:Epoch 8 -          Visual/Location accuracy: 88.42(542/613) 
[2026-09-20 02:25:10,256]-[trainutils.py line:497]:Epoch 8 -                   Visual accuracy: 87.06(1056/1213) 
[2026-09-20 02:25:10,256]-[trainutils.py line:492]:Epoch 8 - Audio-Visual/Existential accuracy: 84.65(419/495) 
[2026-09-20 02:25:10,256]-[trainutils.py line:492]:Epoch 8 -    Audio-Visual/Counting accuracy: 79.46(503/633) 
[2026-09-20 02:25:10,256]-[trainutils.py line:492]:Epoch 8 -    Audio-Visual/Location accuracy: 67.25(310/461) 
[2026-09-20 02:25:10,256]-[trainutils.py line:492]:Epoch 8 - Audio-Visual/Comparative accuracy: 62.66(344/549) 
[2026-09-20 02:25:10,256]-[trainutils.py line:492]:Epoch 8 -    Audio-Visual/Temporal accuracy: 75.67(311/411) 
[2026-09-20 02:25:10,256]-[trainutils.py line:497]:Epoch 8 -             Audio-Visual accuracy: 74.03(1887/2549) 
[2026-09-20 02:25:10,256]-[trainutils.py line:501]:Epoch 8 -                    Total accuracy: 78.00(3563/4568) 
[2026-09-20 02:25:10,285]-[train.py line:151]:best model saved at epoch 8 with acc 77.99912434325745 (ema) 
[2026-09-20 02:25:10,318]-[train.py line:167]:Epoch 8 done with 78.00 and loss 0.53516. 
[2026-09-20 02:25:10,320]-[train.py line:168]:At epoch8 best acc: 78.00. 
[2026-09-20 02:25:10,320]-[train.py line:102]:
-------------- training epoch 9 -------------- 
[2026-09-20 02:25:10,523]-[trainutils.py line:416]:[EST:    4.51m][Process Time:    0.04s]- Epoch: 9 [0000/1330 (  0%)]	Losses: ce_loss-0.2736(0.2736) loss_tacl-0.0001(0.0001) loss_sacl-0.0105(0.0105) loss_event-0.0071(0.0071) loss_evidence-0.0000(0.0000) loss_query_diversity-0.0043(0.0043) loss_position-0.0000(0.0000) total_loss-0.2736(0.2736) 
[2026-09-20 02:25:29,477]-[trainutils.py line:416]:[EST:    3.88m][Process Time:    0.04s]- Epoch: 9 [0100/1330 (  8%)]	Losses: ce_loss-0.2868(0.3244) loss_tacl-0.0001(0.0001) loss_sacl-0.0101(0.0100) loss_event-0.0052(0.0061) loss_evidence-0.0000(0.0000) loss_query_diversity-0.0043(0.0043) loss_position-0.0000(0.0000) total_loss-0.2868(0.3244) 
[2026-09-20 02:25:48,127]-[trainutils.py line:416]:[EST:    3.54m][Process Time:    0.04s]- Epoch: 9 [0200/1330 ( 15%)]	Losses: ce_loss-0.2030(0.3286) loss_tacl-0.0001(0.0001) loss_sacl-0.0106(0.0099) loss_event-0.0060(0.0061) loss_evidence-0.0006(0.0001) loss_query_diversity-0.0043(0.0043) loss_position-0.0000(0.0000) total_loss-0.2030(0.3286) 
[2026-09-20 02:26:07,082]-[trainutils.py line:416]:[EST:    3.23m][Process Time:    0.04s]- Epoch: 9 [0300/1330 ( 23%)]	Losses: ce_loss-0.2846(0.3273) loss_tacl-0.0001(0.0001) loss_sacl-0.0097(0.0100) loss_event-0.0052(0.0063) loss_evidence-0.0000(0.0001) loss_query_diversity-0.0043(0.0043) loss_position-0.0000(0.0000) total_loss-0.2846(0.3273) 
[2026-09-20 02:26:26,022]-[trainutils.py line:416]:[EST:    2.92m][Process Time:    0.04s]- Epoch: 9 [0400/1330 ( 30%)]	Losses: ce_loss-0.3011(0.3313) loss_tacl-0.0001(0.0001) loss_sacl-0.0102(0.0100) loss_event-0.0066(0.0063) loss_evidence-0.0000(0.0001) loss_query_diversity-0.0043(0.0043) loss_position-0.0000(0.0000) total_loss-0.3011(0.3313) 
[2026-09-20 02:26:44,928]-[trainutils.py line:416]:[EST:    2.61m][Process Time:    0.04s]- Epoch: 9 [0500/1330 ( 38%)]	Losses: ce_loss-0.2369(0.3272) loss_tacl-0.0001(0.0001) loss_sacl-0.0085(0.0100) loss_event-0.0048(0.0063) loss_evidence-0.0000(0.0001) loss_query_diversity-0.0043(0.0043) loss_position-0.0000(0.0000) total_loss-0.2369(0.3272) 
[2026-09-20 02:27:03,889]-[trainutils.py line:416]:[EST:    2.30m][Process Time:    0.04s]- Epoch: 9 [0600/1330 ( 45%)]	Losses: ce_loss-0.1667(0.3277) loss_tacl-0.0001(0.0001) loss_sacl-0.0102(0.0100) loss_event-0.0075(0.0063) loss_evidence-0.0000(0.0001) loss_query_diversity-0.0043(0.0043) loss_position-0.0000(0.0000) total_loss-0.1667(0.3277) 
[2026-09-20 02:27:22,938]-[trainutils.py line:416]:[EST:    1.98m][Process Time:    0.04s]- Epoch: 9 [0700/1330 ( 53%)]	Losses: ce_loss-0.3135(0.3299) loss_tacl-0.0001(0.0001) loss_sacl-0.0105(0.0100) loss_event-0.0072(0.0064) loss_evidence-0.0000(0.0001) loss_query_diversity-0.0043(0.0043) loss_position-0.0000(0.0000) total_loss-0.3135(0.3299) 
[2026-09-20 02:27:41,751]-[trainutils.py line:416]:[EST:    1.67m][Process Time:    0.06s]- Epoch: 9 [0800/1330 ( 60%)]	Losses: ce_loss-0.3263(0.3322) loss_tacl-0.0001(0.0001) loss_sacl-0.0091(0.0100) loss_event-0.0065(0.0064) loss_evidence-0.0000(0.0001) loss_query_diversity-0.0043(0.0043) loss_position-0.0000(0.0000) total_loss-0.3263(0.3322) 
[2026-09-20 02:28:00,709]-[trainutils.py line:416]:[EST:    1.35m][Process Time:    0.04s]- Epoch: 9 [0900/1330 ( 68%)]	Losses: ce_loss-0.2230(0.3324) loss_tacl-0.0001(0.0001) loss_sacl-0.0095(0.0099) loss_event-0.0061(0.0063) loss_evidence-0.0000(0.0001) loss_query_diversity-0.0043(0.0043) loss_position-0.0000(0.0000) total_loss-0.2230(0.3324) 
[2026-09-20 02:28:19,507]-[trainutils.py line:416]:[EST:    1.04m][Process Time:    0.04s]- Epoch: 9 [1000/1330 ( 75%)]	Losses: ce_loss-0.2683(0.3327) loss_tacl-0.0001(0.0001) loss_sacl-0.0090(0.0099) loss_event-0.0071(0.0064) loss_evidence-0.0000(0.0001) loss_query_diversity-0.0043(0.0043) loss_position-0.0000(0.0000) total_loss-0.2683(0.3327) 
[2026-09-20 02:28:38,218]-[trainutils.py line:416]:[EST:    0.72m][Process Time:    0.04s]- Epoch: 9 [1100/1330 ( 83%)]	Losses: ce_loss-0.2675(0.3340) loss_tacl-0.0001(0.0001) loss_sacl-0.0098(0.0099) loss_event-0.0067(0.0064) loss_evidence-0.0000(0.0001) loss_query_diversity-0.0043(0.0043) loss_position-0.0000(0.0000) total_loss-0.2675(0.3340) 
[2026-09-20 02:28:57,018]-[trainutils.py line:416]:[EST:    0.41m][Process Time:    0.05s]- Epoch: 9 [1200/1330 ( 90%)]	Losses: ce_loss-0.2477(0.3360) loss_tacl-0.0001(0.0001) loss_sacl-0.0088(0.0099) loss_event-0.0068(0.0064) loss_evidence-0.0000(0.0001) loss_query_diversity-0.0043(0.0043) loss_position-0.0000(0.0000) total_loss-0.2477(0.3360) 
[2026-09-20 02:29:15,912]-[trainutils.py line:416]:[EST:    0.09m][Process Time:    0.04s]- Epoch: 9 [1300/1330 ( 98%)]	Losses: ce_loss-0.4924(0.3350) loss_tacl-0.0001(0.0001) loss_sacl-0.0106(0.0099) loss_event-0.0063(0.0064) loss_evidence-0.0000(0.0000) loss_query_diversity-0.0043(0.0043) loss_position-0.0000(0.0000) total_loss-0.4924(0.3350) 
[2026-09-20 02:29:21,526]-[trainutils.py line:416]:[EST:   -0.00m][Process Time:    0.04s]- Epoch: 9 [1330/1330 (100%)]	Losses: ce_loss-0.2339(0.3340) loss_tacl-0.0001(0.0001) loss_sacl-0.0094(0.0099) loss_event-0.0059(0.0064) loss_evidence-0.0000(0.0000) loss_query_diversity-0.0044(0.0043) loss_position-0.0000(0.0000) total_loss-0.2339(0.3340) 
[2026-09-20 02:29:21,977]-[train.py line:106]:
-------------- validation epoch 9 -------------- 
[2026-09-20 02:29:22,281]-[trainutils.py line:461]:Test progress:   0/95 
[2026-09-20 02:29:51,740]-[trainutils.py line:461]:Test progress:  95/95 
[2026-09-20 02:29:51,740]-[trainutils.py line:492]:Epoch 9 -           Audio/Counting accuracy: 84.93(434/511) 
[2026-09-20 02:29:51,741]-[trainutils.py line:492]:Epoch 9 -        Audio/Comparative accuracy: 57.97(171/295) 
[2026-09-20 02:29:51,741]-[trainutils.py line:497]:Epoch 9 -                    Audio accuracy: 75.06(605/806) 
[2026-09-20 02:29:51,741]-[trainutils.py line:492]:Epoch 9 -          Visual/Counting accuracy: 81.67(490/600) 
[2026-09-20 02:29:51,741]-[trainutils.py line:492]:Epoch 9 -          Visual/Location accuracy: 88.09(540/613) 
[2026-09-20 02:29:51,741]-[trainutils.py line:497]:Epoch 9 -                   Visual accuracy: 84.91(1030/1213) 
[2026-09-20 02:29:51,741]-[trainutils.py line:492]:Epoch 9 - Audio-Visual/Existential accuracy: 81.62(404/495) 
[2026-09-20 02:29:51,741]-[trainutils.py line:492]:Epoch 9 -    Audio-Visual/Counting accuracy: 76.78(486/633) 
[2026-09-20 02:29:51,742]-[trainutils.py line:492]:Epoch 9 -    Audio-Visual/Location accuracy: 66.59(307/461) 
[2026-09-20 02:29:51,743]-[trainutils.py line:492]:Epoch 9 - Audio-Visual/Comparative accuracy: 59.38(326/549) 
[2026-09-20 02:29:51,743]-[trainutils.py line:492]:Epoch 9 -    Audio-Visual/Temporal accuracy: 71.53(294/411) 
[2026-09-20 02:29:51,743]-[trainutils.py line:497]:Epoch 9 -             Audio-Visual accuracy: 71.28(1817/2549) 
[2026-09-20 02:29:51,743]-[trainutils.py line:501]:Epoch 9 -                    Total accuracy: 75.57(3452/4568) 
[2026-09-20 02:29:52,070]-[trainutils.py line:461]:Test progress:   0/95 
[2026-09-20 02:30:21,038]-[trainutils.py line:461]:Test progress:  95/95 
[2026-09-20 02:30:21,038]-[trainutils.py line:492]:Epoch 9 -           Audio/Counting accuracy: 87.28(446/511) 
[2026-09-20 02:30:21,040]-[trainutils.py line:492]:Epoch 9 -        Audio/Comparative accuracy: 59.66(176/295) 
[2026-09-20 02:30:21,040]-[trainutils.py line:497]:Epoch 9 -                    Audio accuracy: 77.17(622/806) 
[2026-09-20 02:30:21,040]-[trainutils.py line:492]:Epoch 9 -          Visual/Counting accuracy: 86.33(518/600) 
[2026-09-20 02:30:21,040]-[trainutils.py line:492]:Epoch 9 -          Visual/Location accuracy: 88.09(540/613) 
[2026-09-20 02:30:21,040]-[trainutils.py line:497]:Epoch 9 -                   Visual accuracy: 87.22(1058/1213) 
[2026-09-20 02:30:21,040]-[trainutils.py line:492]:Epoch 9 - Audio-Visual/Existential accuracy: 83.64(414/495) 
[2026-09-20 02:30:21,040]-[trainutils.py line:492]:Epoch 9 -    Audio-Visual/Counting accuracy: 79.15(501/633) 
[2026-09-20 02:30:21,041]-[trainutils.py line:492]:Epoch 9 -    Audio-Visual/Location accuracy: 67.03(309/461) 
[2026-09-20 02:30:21,041]-[trainutils.py line:492]:Epoch 9 - Audio-Visual/Comparative accuracy: 63.21(347/549) 
[2026-09-20 02:30:21,041]-[trainutils.py line:492]:Epoch 9 -    Audio-Visual/Temporal accuracy: 74.21(305/411) 
[2026-09-20 02:30:21,041]-[trainutils.py line:497]:Epoch 9 -             Audio-Visual accuracy: 73.60(1876/2549) 
[2026-09-20 02:30:21,041]-[trainutils.py line:501]:Epoch 9 -                    Total accuracy: 77.85(3556/4568) 
[2026-09-20 02:30:21,044]-[train.py line:167]:Epoch 9 done with 77.85 and loss 0.55859. 
[2026-09-20 02:30:21,044]-[train.py line:168]:At epoch8 best acc: 78.00. 
[2026-09-20 02:30:21,044]-[train.py line:102]:
-------------- training epoch 10 -------------- 
[2026-09-20 02:30:21,242]-[trainutils.py line:416]:[EST:    4.36m][Process Time:    0.04s]- Epoch: 10 [0000/1330 (  0%)]	Losses: ce_loss-0.3874(0.3874) loss_tacl-0.0001(0.0001) loss_sacl-0.0105(0.0105) loss_event-0.0060(0.0060) loss_evidence-0.0000(0.0000) loss_query_diversity-0.0043(0.0043) loss_position-0.0000(0.0000) total_loss-0.3874(0.3874) 
[2026-09-20 02:30:40,014]-[trainutils.py line:416]:[EST:    3.85m][Process Time:    0.04s]- Epoch: 10 [0100/1330 (  8%)]	Losses: ce_loss-0.1640(0.3075) loss_tacl-0.0001(0.0001) loss_sacl-0.0105(0.0097) loss_event-0.0062(0.0064) loss_evidence-0.0000(0.0000) loss_query_diversity-0.0043(0.0043) loss_position-0.0000(0.0000) total_loss-0.1640(0.3075) 
[2026-09-20 02:30:58,835]-[trainutils.py line:416]:[EST:    3.54m][Process Time:    0.04s]- Epoch: 10 [0200/1330 ( 15%)]	Losses: ce_loss-0.2002(0.2981) loss_tacl-0.0001(0.0001) loss_sacl-0.0083(0.0097) loss_event-0.0061(0.0064) loss_evidence-0.0000(0.0000) loss_query_diversity-0.0042(0.0043) loss_position-0.0000(0.0000) total_loss-0.2002(0.2981) 
[2026-09-20 02:31:17,904]-[trainutils.py line:416]:[EST:    3.24m][Process Time:    0.04s]- Epoch: 10 [0300/1330 ( 23%)]	Losses: ce_loss-0.5843(0.2962) loss_tacl-0.0001(0.0001) loss_sacl-0.0091(0.0096) loss_event-0.0064(0.0064) loss_evidence-0.0000(0.0000) loss_query_diversity-0.0043(0.0043) loss_position-0.0000(0.0000) total_loss-0.5843(0.2962) 
[2026-09-20 02:31:36,698]-[trainutils.py line:416]:[EST:    2.92m][Process Time:    0.04s]- Epoch: 10 [0400/1330 ( 30%)]	Losses: ce_loss-0.3480(0.2963) loss_tacl-0.0001(0.0001) loss_sacl-0.0084(0.0096) loss_event-0.0061(0.0064) loss_evidence-0.0000(0.0000) loss_query_diversity-0.0043(0.0043) loss_position-0.0000(0.0000) total_loss-0.3480(0.2963) 
[2026-09-20 02:31:55,385]-[trainutils.py line:416]:[EST:    2.60m][Process Time:    0.04s]- Epoch: 10 [0500/1330 ( 38%)]	Losses: ce_loss-0.1726(0.2942) loss_tacl-0.0001(0.0001) loss_sacl-0.0098(0.0096) loss_event-0.0060(0.0064) loss_evidence-0.0000(0.0000) loss_query_diversity-0.0042(0.0043) loss_position-0.0000(0.0000) total_loss-0.1726(0.2942) 
[2026-09-20 02:32:14,304]-[trainutils.py line:416]:[EST:    2.29m][Process Time:    0.04s]- Epoch: 10 [0600/1330 ( 45%)]	Losses: ce_loss-0.5111(0.2963) loss_tacl-0.0001(0.0001) loss_sacl-0.0079(0.0095) loss_event-0.0061(0.0064) loss_evidence-0.0000(0.0000) loss_query_diversity-0.0043(0.0043) loss_position-0.0000(0.0000) total_loss-0.5111(0.2963) 
[2026-09-20 02:32:33,296]-[trainutils.py line:416]:[EST:    1.98m][Process Time:    0.04s]- Epoch: 10 [0700/1330 ( 53%)]	Losses: ce_loss-0.2180(0.2939) loss_tacl-0.0001(0.0001) loss_sacl-0.0087(0.0095) loss_event-0.0067(0.0064) loss_evidence-0.0000(0.0000) loss_query_diversity-0.0043(0.0043) loss_position-0.0000(0.0000) total_loss-0.2180(0.2939) 
[2026-09-20 02:32:52,040]-[trainutils.py line:416]:[EST:    1.66m][Process Time:    0.04s]- Epoch: 10 [0800/1330 ( 60%)]	Losses: ce_loss-0.1502(0.2916) loss_tacl-0.0001(0.0001) loss_sacl-0.0098(0.0094) loss_event-0.0072(0.0063) loss_evidence-0.0000(0.0000) loss_query_diversity-0.0043(0.0043) loss_position-0.0000(0.0000) total_loss-0.1502(0.2916) 
[2026-09-20 02:33:10,725]-[trainutils.py line:416]:[EST:    1.35m][Process Time:    0.04s]- Epoch: 10 [0900/1330 ( 68%)]	Losses: ce_loss-0.5247(0.2922) loss_tacl-0.0001(0.0001) loss_sacl-0.0084(0.0094) loss_event-0.0058(0.0063) loss_evidence-0.0000(0.0000) loss_query_diversity-0.0043(0.0043) loss_position-0.0000(0.0000) total_loss-0.5247(0.2922) 
[2026-09-20 02:33:29,425]-[trainutils.py line:416]:[EST:    1.03m][Process Time:    0.04s]- Epoch: 10 [1000/1330 ( 75%)]	Losses: ce_loss-0.3478(0.2911) loss_tacl-0.0001(0.0001) loss_sacl-0.0092(0.0094) loss_event-0.0062(0.0063) loss_evidence-0.0000(0.0000) loss_query_diversity-0.0043(0.0043) loss_position-0.0000(0.0000) total_loss-0.3478(0.2911) 
[2026-09-20 02:33:48,218]-[trainutils.py line:416]:[EST:    0.72m][Process Time:    0.04s]- Epoch: 10 [1100/1330 ( 83%)]	Losses: ce_loss-0.1901(0.2906) loss_tacl-0.0001(0.0001) loss_sacl-0.0094(0.0094) loss_event-0.0070(0.0063) loss_evidence-0.0000(0.0000) loss_query_diversity-0.0043(0.0043) loss_position-0.0000(0.0000) total_loss-0.1901(0.2906) 
[2026-09-20 02:34:07,060]-[trainutils.py line:416]:[EST:    0.40m][Process Time:    0.04s]- Epoch: 10 [1200/1330 ( 90%)]	Losses: ce_loss-0.1532(0.2905) loss_tacl-0.0001(0.0001) loss_sacl-0.0092(0.0094) loss_event-0.0066(0.0063) loss_evidence-0.0000(0.0000) loss_query_diversity-0.0043(0.0043) loss_position-0.0000(0.0000) total_loss-0.1532(0.2905) 
[2026-09-20 02:34:25,806]-[trainutils.py line:416]:[EST:    0.09m][Process Time:    0.04s]- Epoch: 10 [1300/1330 ( 98%)]	Losses: ce_loss-0.6964(0.2907) loss_tacl-0.0001(0.0001) loss_sacl-0.0089(0.0093) loss_event-0.0057(0.0063) loss_evidence-0.0000(0.0000) loss_query_diversity-0.0043(0.0043) loss_position-0.0000(0.0000) total_loss-0.6964(0.2907) 
[2026-09-20 02:34:31,311]-[trainutils.py line:416]:[EST:   -0.00m][Process Time:    0.04s]- Epoch: 10 [1330/1330 (100%)]	Losses: ce_loss-0.3941(0.2908) loss_tacl-0.0001(0.0001) loss_sacl-0.0091(0.0093) loss_event-0.0069(0.0063) loss_evidence-0.0000(0.0000) loss_query_diversity-0.0043(0.0043) loss_position-0.0000(0.0000) total_loss-0.3941(0.2908) 
[2026-09-20 02:34:31,790]-[train.py line:106]:
-------------- validation epoch 10 -------------- 
[2026-09-20 02:34:32,089]-[trainutils.py line:461]:Test progress:   0/95 
[2026-09-20 02:35:01,403]-[trainutils.py line:461]:Test progress:  95/95 
[2026-09-20 02:35:01,403]-[trainutils.py line:492]:Epoch 10 -           Audio/Counting accuracy: 86.89(444/511) 
[2026-09-20 02:35:01,403]-[trainutils.py line:492]:Epoch 10 -        Audio/Comparative accuracy: 58.31(172/295) 
[2026-09-20 02:35:01,403]-[trainutils.py line:497]:Epoch 10 -                    Audio accuracy: 76.43(616/806) 
[2026-09-20 02:35:01,404]-[trainutils.py line:492]:Epoch 10 -          Visual/Counting accuracy: 84.83(509/600) 
[2026-09-20 02:35:01,404]-[trainutils.py line:492]:Epoch 10 -          Visual/Location accuracy: 88.42(542/613) 
[2026-09-20 02:35:01,404]-[trainutils.py line:497]:Epoch 10 -                   Visual accuracy: 86.64(1051/1213) 
[2026-09-20 02:35:01,404]-[trainutils.py line:492]:Epoch 10 - Audio-Visual/Existential accuracy: 83.64(414/495) 
[2026-09-20 02:35:01,404]-[trainutils.py line:492]:Epoch 10 -    Audio-Visual/Counting accuracy: 77.09(488/633) 
[2026-09-20 02:35:01,404]-[trainutils.py line:492]:Epoch 10 -    Audio-Visual/Location accuracy: 69.20(319/461) 
[2026-09-20 02:35:01,404]-[trainutils.py line:492]:Epoch 10 - Audio-Visual/Comparative accuracy: 63.57(349/549) 
[2026-09-20 02:35:01,405]-[trainutils.py line:492]:Epoch 10 -    Audio-Visual/Temporal accuracy: 73.72(303/411) 
[2026-09-20 02:35:01,407]-[trainutils.py line:497]:Epoch 10 -             Audio-Visual accuracy: 73.48(1873/2549) 
[2026-09-20 02:35:01,407]-[trainutils.py line:501]:Epoch 10 -                    Total accuracy: 77.50(3540/4568) 
[2026-09-20 02:35:01,751]-[trainutils.py line:461]:Test progress:   0/95 
[2026-09-20 02:35:31,242]-[trainutils.py line:461]:Test progress:  95/95 
[2026-09-20 02:35:31,242]-[trainutils.py line:492]:Epoch 10 -           Audio/Counting accuracy: 87.87(449/511) 
[2026-09-20 02:35:31,242]-[trainutils.py line:492]:Epoch 10 -        Audio/Comparative accuracy: 59.66(176/295) 
[2026-09-20 02:35:31,242]-[trainutils.py line:497]:Epoch 10 -                    Audio accuracy: 77.54(625/806) 
[2026-09-20 02:35:31,242]-[trainutils.py line:492]:Epoch 10 -          Visual/Counting accuracy: 86.33(518/600) 
[2026-09-20 02:35:31,244]-[trainutils.py line:492]:Epoch 10 -          Visual/Location accuracy: 88.42(542/613) 
[2026-09-20 02:35:31,244]-[trainutils.py line:497]:Epoch 10 -                   Visual accuracy: 87.39(1060/1213) 
[2026-09-20 02:35:31,244]-[trainutils.py line:492]:Epoch 10 - Audio-Visual/Existential accuracy: 83.43(413/495) 
[2026-09-20 02:35:31,244]-[trainutils.py line:492]:Epoch 10 -    Audio-Visual/Counting accuracy: 78.83(499/633) 
[2026-09-20 02:35:31,244]-[trainutils.py line:492]:Epoch 10 -    Audio-Visual/Location accuracy: 67.03(309/461) 
[2026-09-20 02:35:31,244]-[trainutils.py line:492]:Epoch 10 - Audio-Visual/Comparative accuracy: 64.85(356/549) 
[2026-09-20 02:35:31,245]-[trainutils.py line:492]:Epoch 10 -    Audio-Visual/Temporal accuracy: 74.94(308/411) 
[2026-09-20 02:35:31,245]-[trainutils.py line:497]:Epoch 10 -             Audio-Visual accuracy: 73.95(1885/2549) 
[2026-09-20 02:35:31,245]-[trainutils.py line:501]:Epoch 10 -                    Total accuracy: 78.15(3570/4568) 
[2026-09-20 02:35:31,274]-[train.py line:151]:best model saved at epoch 10 with acc 78.1523642732049 (ema) 
[2026-09-20 02:35:31,310]-[train.py line:167]:Epoch 10 done with 78.15 and loss 0.57812. 
[2026-09-20 02:35:31,310]-[train.py line:168]:At epoch10 best acc: 78.15. 
[2026-09-20 02:35:31,310]-[train.py line:102]:
-------------- training epoch 11 -------------- 
[2026-09-20 02:35:31,513]-[trainutils.py line:416]:[EST:    4.43m][Process Time:    0.04s]- Epoch: 11 [0000/1330 (  0%)]	Losses: ce_loss-0.3177(0.3177) loss_tacl-0.0001(0.0001) loss_sacl-0.0102(0.0102) loss_event-0.0063(0.0063) loss_evidence-0.0000(0.0000) loss_query_diversity-0.0043(0.0043) loss_position-0.0000(0.0000) total_loss-0.3177(0.3177) 
[2026-09-20 02:35:50,426]-[trainutils.py line:416]:[EST:    3.88m][Process Time:    0.04s]- Epoch: 11 [0100/1330 (  8%)]	Losses: ce_loss-0.1892(0.2538) loss_tacl-0.0001(0.0001) loss_sacl-0.0081(0.0090) loss_event-0.0062(0.0064) loss_evidence-0.0000(0.0000) loss_query_diversity-0.0043(0.0043) loss_position-0.0000(0.0000) total_loss-0.1892(0.2538) 
[2026-09-20 02:36:09,219]-[trainutils.py line:416]:[EST:    3.55m][Process Time:    0.05s]- Epoch: 11 [0200/1330 ( 15%)]	Losses: ce_loss-0.1828(0.2527) loss_tacl-0.0001(0.0001) loss_sacl-0.0078(0.0090) loss_event-0.0048(0.0063) loss_evidence-0.0000(0.0000) loss_query_diversity-0.0043(0.0043) loss_position-0.0000(0.0000) total_loss-0.1828(0.2527) 
[2026-09-20 02:36:28,048]-[trainutils.py line:416]:[EST:    3.23m][Process Time:    0.04s]- Epoch: 11 [0300/1330 ( 23%)]	Losses: ce_loss-0.1867(0.2522) loss_tacl-0.0001(0.0001) loss_sacl-0.0099(0.0089) loss_event-0.0064(0.0063) loss_evidence-0.0000(0.0000) loss_query_diversity-0.0044(0.0043) loss_position-0.0000(0.0000) total_loss-0.1867(0.2522) 
[2026-09-20 02:36:46,829]-[trainutils.py line:416]:[EST:    2.92m][Process Time:    0.04s]- Epoch: 11 [0400/1330 ( 30%)]	Losses: ce_loss-0.3573(0.2493) loss_tacl-0.0001(0.0001) loss_sacl-0.0077(0.0089) loss_event-0.0053(0.0063) loss_evidence-0.0000(0.0000) loss_query_diversity-0.0043(0.0043) loss_position-0.0000(0.0000) total_loss-0.3573(0.2493) 
[2026-09-20 02:37:05,902]-[trainutils.py line:416]:[EST:    2.61m][Process Time:    0.04s]- Epoch: 11 [0500/1330 ( 38%)]	Losses: ce_loss-0.1628(0.2479) loss_tacl-0.0001(0.0001) loss_sacl-0.0091(0.0089) loss_event-0.0062(0.0063) loss_evidence-0.0000(0.0000) loss_query_diversity-0.0043(0.0043) loss_position-0.0000(0.0000) total_loss-0.1628(0.2479) 
[2026-09-20 02:37:25,019]-[trainutils.py line:416]:[EST:    2.30m][Process Time:    0.04s]- Epoch: 11 [0600/1330 ( 45%)]	Losses: ce_loss-0.1523(0.2505) loss_tacl-0.0001(0.0001) loss_sacl-0.0088(0.0089) loss_event-0.0053(0.0063) loss_evidence-0.0000(0.0000) loss_query_diversity-0.0043(0.0043) loss_position-0.0000(0.0000) total_loss-0.1523(0.2505) 
[2026-09-20 02:37:43,982]-[trainutils.py line:416]:[EST:    1.98m][Process Time:    0.04s]- Epoch: 11 [0700/1330 ( 53%)]	Losses: ce_loss-0.2561(0.2534) loss_tacl-0.0001(0.0001) loss_sacl-0.0085(0.0088) loss_event-0.0067(0.0062) loss_evidence-0.0000(0.0000) loss_query_diversity-0.0043(0.0043) loss_position-0.0000(0.0000) total_loss-0.2561(0.2534) 
[2026-09-20 02:38:02,795]-[trainutils.py line:416]:[EST:    1.67m][Process Time:    0.04s]- Epoch: 11 [0800/1330 ( 60%)]	Losses: ce_loss-0.1892(0.2543) loss_tacl-0.0001(0.0001) loss_sacl-0.0088(0.0088) loss_event-0.0059(0.0063) loss_evidence-0.0000(0.0000) loss_query_diversity-0.0043(0.0043) loss_position-0.0000(0.0000) total_loss-0.1892(0.2543) 
[2026-09-20 02:38:21,554]-[trainutils.py line:416]:[EST:    1.35m][Process Time:    0.04s]- Epoch: 11 [0900/1330 ( 68%)]	Losses: ce_loss-0.1449(0.2525) loss_tacl-0.0001(0.0001) loss_sacl-0.0095(0.0089) loss_event-0.0060(0.0063) loss_evidence-0.0000(0.0000) loss_query_diversity-0.0043(0.0043) loss_position-0.0000(0.0000) total_loss-0.1449(0.2525) 
[2026-09-20 02:38:40,399]-[trainutils.py line:416]:[EST:    1.04m][Process Time:    0.04s]- Epoch: 11 [1000/1330 ( 75%)]	Losses: ce_loss-0.2017(0.2535) loss_tacl-0.0001(0.0001) loss_sacl-0.0085(0.0089) loss_event-0.0064(0.0063) loss_evidence-0.0000(0.0000) loss_query_diversity-0.0043(0.0043) loss_position-0.0000(0.0000) total_loss-0.2017(0.2535) 
[2026-09-20 02:38:59,071]-[trainutils.py line:416]:[EST:    0.72m][Process Time:    0.06s]- Epoch: 11 [1100/1330 ( 83%)]	Losses: ce_loss-0.0829(0.2531) loss_tacl-0.0001(0.0001) loss_sacl-0.0087(0.0088) loss_event-0.0067(0.0062) loss_evidence-0.0000(0.0000) loss_query_diversity-0.0043(0.0043) loss_position-0.0000(0.0000) total_loss-0.0829(0.2531) 
[2026-09-20 02:39:18,016]-[trainutils.py line:416]:[EST:    0.41m][Process Time:    0.04s]- Epoch: 11 [1200/1330 ( 90%)]	Losses: ce_loss-0.1952(0.2532) loss_tacl-0.0001(0.0001) loss_sacl-0.0089(0.0088) loss_event-0.0058(0.0062) loss_evidence-0.0000(0.0000) loss_query_diversity-0.0043(0.0043) loss_position-0.0000(0.0000) total_loss-0.1952(0.2532) 
[2026-09-20 02:39:36,801]-[trainutils.py line:416]:[EST:    0.09m][Process Time:    0.04s]- Epoch: 11 [1300/1330 ( 98%)]	Losses: ce_loss-0.2792(0.2532) loss_tacl-0.0001(0.0001) loss_sacl-0.0082(0.0088) loss_event-0.0057(0.0062) loss_evidence-0.0000(0.0000) loss_query_diversity-0.0043(0.0043) loss_position-0.0000(0.0000) total_loss-0.2792(0.2532) 
[2026-09-20 02:39:42,381]-[trainutils.py line:416]:[EST:   -0.00m][Process Time:    0.04s]- Epoch: 11 [1330/1330 (100%)]	Losses: ce_loss-0.3425(0.2535) loss_tacl-0.0001(0.0001) loss_sacl-0.0075(0.0088) loss_event-0.0052(0.0062) loss_evidence-0.0000(0.0000) loss_query_diversity-0.0042(0.0043) loss_position-0.0000(0.0000) total_loss-0.3425(0.2535) 
[2026-09-20 02:39:42,825]-[train.py line:106]:
-------------- validation epoch 11 -------------- 
[2026-09-20 02:39:43,123]-[trainutils.py line:461]:Test progress:   0/95 
[2026-09-20 02:40:12,737]-[trainutils.py line:461]:Test progress:  95/95 
[2026-09-20 02:40:12,737]-[trainutils.py line:492]:Epoch 11 -           Audio/Counting accuracy: 87.08(445/511) 
[2026-09-20 02:40:12,738]-[trainutils.py line:492]:Epoch 11 -        Audio/Comparative accuracy: 56.61(167/295) 
[2026-09-20 02:40:12,738]-[trainutils.py line:497]:Epoch 11 -                    Audio accuracy: 75.93(612/806) 
[2026-09-20 02:40:12,739]-[trainutils.py line:492]:Epoch 11 -          Visual/Counting accuracy: 84.17(505/600) 
[2026-09-20 02:40:12,739]-[trainutils.py line:492]:Epoch 11 -          Visual/Location accuracy: 88.74(544/613) 
[2026-09-20 02:40:12,739]-[trainutils.py line:497]:Epoch 11 -                   Visual accuracy: 86.48(1049/1213) 
[2026-09-20 02:40:12,739]-[trainutils.py line:492]:Epoch 11 - Audio-Visual/Existential accuracy: 84.24(417/495) 
[2026-09-20 02:40:12,739]-[trainutils.py line:492]:Epoch 11 -    Audio-Visual/Counting accuracy: 77.41(490/633) 
[2026-09-20 02:40:12,739]-[trainutils.py line:492]:Epoch 11 -    Audio-Visual/Location accuracy: 69.20(319/461) 
[2026-09-20 02:40:12,739]-[trainutils.py line:492]:Epoch 11 - Audio-Visual/Comparative accuracy: 62.84(345/549) 
[2026-09-20 02:40:12,740]-[trainutils.py line:492]:Epoch 11 -    Audio-Visual/Temporal accuracy: 74.21(305/411) 
[2026-09-20 02:40:12,740]-[trainutils.py line:497]:Epoch 11 -             Audio-Visual accuracy: 73.60(1876/2549) 
[2026-09-20 02:40:12,740]-[trainutils.py line:501]:Epoch 11 -                    Total accuracy: 77.43(3537/4568) 
[2026-09-20 02:40:13,077]-[trainutils.py line:461]:Test progress:   0/95 
[2026-09-20 02:40:42,448]-[trainutils.py line:461]:Test progress:  95/95 
[2026-09-20 02:40:42,449]-[trainutils.py line:492]:Epoch 11 -           Audio/Counting accuracy: 88.06(450/511) 
[2026-09-20 02:40:42,449]-[trainutils.py line:492]:Epoch 11 -        Audio/Comparative accuracy: 58.98(174/295) 
[2026-09-20 02:40:42,449]-[trainutils.py line:497]:Epoch 11 -                    Audio accuracy: 77.42(624/806) 
[2026-09-20 02:40:42,449]-[trainutils.py line:492]:Epoch 11 -          Visual/Counting accuracy: 86.00(516/600) 
[2026-09-20 02:40:42,449]-[trainutils.py line:492]:Epoch 11 -          Visual/Location accuracy: 88.58(543/613) 
[2026-09-20 02:40:42,449]-[trainutils.py line:497]:Epoch 11 -                   Visual accuracy: 87.30(1059/1213) 
[2026-09-20 02:40:42,449]-[trainutils.py line:492]:Epoch 11 - Audio-Visual/Existential accuracy: 84.04(416/495) 
[2026-09-20 02:40:42,449]-[trainutils.py line:492]:Epoch 11 -    Audio-Visual/Counting accuracy: 78.67(498/633) 
[2026-09-20 02:40:42,449]-[trainutils.py line:492]:Epoch 11 -    Audio-Visual/Location accuracy: 67.90(313/461) 
[2026-09-20 02:40:42,450]-[trainutils.py line:492]:Epoch 11 - Audio-Visual/Comparative accuracy: 64.12(352/549) 
[2026-09-20 02:40:42,450]-[trainutils.py line:492]:Epoch 11 -    Audio-Visual/Temporal accuracy: 74.70(307/411) 
[2026-09-20 02:40:42,450]-[trainutils.py line:497]:Epoch 11 -             Audio-Visual accuracy: 73.99(1886/2549) 
[2026-09-20 02:40:42,450]-[trainutils.py line:501]:Epoch 11 -                    Total accuracy: 78.13(3569/4568) 
[2026-09-20 02:40:42,453]-[train.py line:167]:Epoch 11 done with 78.13 and loss 0.60547. 
[2026-09-20 02:40:42,454]-[train.py line:168]:At epoch10 best acc: 78.15. 
[2026-09-20 02:40:42,454]-[train.py line:102]:
-------------- training epoch 12 -------------- 
[2026-09-20 02:40:42,654]-[trainutils.py line:416]:[EST:    4.43m][Process Time:    0.04s]- Epoch: 12 [0000/1330 (  0%)]	Losses: ce_loss-0.1107(0.1107) loss_tacl-0.0001(0.0001) loss_sacl-0.0084(0.0084) loss_event-0.0053(0.0053) loss_evidence-0.0000(0.0000) loss_query_diversity-0.0043(0.0043) loss_position-0.0000(0.0000) total_loss-0.1107(0.1107) 
[2026-09-20 02:41:01,407]-[trainutils.py line:416]:[EST:    3.84m][Process Time:    0.04s]- Epoch: 12 [0100/1330 (  8%)]	Losses: ce_loss-0.1927(0.2094) loss_tacl-0.0001(0.0001) loss_sacl-0.0086(0.0087) loss_event-0.0064(0.0061) loss_evidence-0.0000(0.0000) loss_query_diversity-0.0043(0.0043) loss_position-0.0000(0.0000) total_loss-0.1927(0.2094) 
[2026-09-20 02:41:20,244]-[trainutils.py line:416]:[EST:    3.54m][Process Time:    0.04s]- Epoch: 12 [0200/1330 ( 15%)]	Losses: ce_loss-0.1227(0.2175) loss_tacl-0.0001(0.0001) loss_sacl-0.0096(0.0087) loss_event-0.0067(0.0061) loss_evidence-0.0000(0.0000) loss_query_diversity-0.0043(0.0043) loss_position-0.0000(0.0000) total_loss-0.1227(0.2175) 
[2026-09-20 02:41:39,178]-[trainutils.py line:416]:[EST:    3.23m][Process Time:    0.04s]- Epoch: 12 [0300/1330 ( 23%)]	Losses: ce_loss-0.1250(0.2151) loss_tacl-0.0001(0.0001) loss_sacl-0.0094(0.0087) loss_event-0.0073(0.0062) loss_evidence-0.0000(0.0000) loss_query_diversity-0.0043(0.0043) loss_position-0.0000(0.0000) total_loss-0.1250(0.2151) 
[2026-09-20 02:41:58,360]-[trainutils.py line:416]:[EST:    2.93m][Process Time:    0.04s]- Epoch: 12 [0400/1330 ( 30%)]	Losses: ce_loss-0.3721(0.2128) loss_tacl-0.0001(0.0001) loss_sacl-0.0077(0.0087) loss_event-0.0067(0.0062) loss_evidence-0.0010(0.0000) loss_query_diversity-0.0043(0.0043) loss_position-0.0000(0.0000) total_loss-0.3721(0.2128) 
[2026-09-20 02:42:17,321]-[trainutils.py line:416]:[EST:    2.62m][Process Time:    0.04s]- Epoch: 12 [0500/1330 ( 38%)]	Losses: ce_loss-0.1877(0.2123) loss_tacl-0.0001(0.0001) loss_sacl-0.0082(0.0087) loss_event-0.0056(0.0061) loss_evidence-0.0000(0.0000) loss_query_diversity-0.0043(0.0043) loss_position-0.0000(0.0000) total_loss-0.1877(0.2123) 
[2026-09-20 02:42:36,061]-[trainutils.py line:416]:[EST:    2.30m][Process Time:    0.06s]- Epoch: 12 [0600/1330 ( 45%)]	Losses: ce_loss-0.3061(0.2142) loss_tacl-0.0001(0.0001) loss_sacl-0.0082(0.0086) loss_event-0.0055(0.0061) loss_evidence-0.0000(0.0000) loss_query_diversity-0.0043(0.0043) loss_position-0.0000(0.0000) total_loss-0.3061(0.2142) 
[2026-09-20 02:42:54,861]-[trainutils.py line:416]:[EST:    1.98m][Process Time:    0.06s]- Epoch: 12 [0700/1330 ( 53%)]	Losses: ce_loss-0.2394(0.2154) loss_tacl-0.0001(0.0001) loss_sacl-0.0093(0.0086) loss_event-0.0061(0.0062) loss_evidence-0.0000(0.0000) loss_query_diversity-0.0043(0.0043) loss_position-0.0000(0.0000) total_loss-0.2394(0.2154) 
[2026-09-20 02:43:13,786]-[trainutils.py line:416]:[EST:    1.67m][Process Time:    0.04s]- Epoch: 12 [0800/1330 ( 60%)]	Losses: ce_loss-0.1230(0.2162) loss_tacl-0.0001(0.0001) loss_sacl-0.0088(0.0086) loss_event-0.0056(0.0062) loss_evidence-0.0000(0.0000) loss_query_diversity-0.0043(0.0043) loss_position-0.0000(0.0000) total_loss-0.1230(0.2162) 
[2026-09-20 02:43:32,862]-[trainutils.py line:416]:[EST:    1.35m][Process Time:    0.04s]- Epoch: 12 [0900/1330 ( 68%)]	Losses: ce_loss-0.0640(0.2153) loss_tacl-0.0001(0.0001) loss_sacl-0.0096(0.0086) loss_event-0.0060(0.0062) loss_evidence-0.0000(0.0000) loss_query_diversity-0.0043(0.0043) loss_position-0.0000(0.0000) total_loss-0.0640(0.2153) 
[2026-09-20 02:43:51,774]-[trainutils.py line:416]:[EST:    1.04m][Process Time:    0.04s]- Epoch: 12 [1000/1330 ( 75%)]	Losses: ce_loss-0.1383(0.2159) loss_tacl-0.0001(0.0001) loss_sacl-0.0078(0.0086) loss_event-0.0054(0.0062) loss_evidence-0.0000(0.0000) loss_query_diversity-0.0043(0.0043) loss_position-0.0000(0.0000) total_loss-0.1383(0.2159) 
[2026-09-20 02:44:10,760]-[trainutils.py line:416]:[EST:    0.72m][Process Time:    0.04s]- Epoch: 12 [1100/1330 ( 83%)]	Losses: ce_loss-0.0770(0.2178) loss_tacl-0.0001(0.0001) loss_sacl-0.0088(0.0085) loss_event-0.0073(0.0062) loss_evidence-0.0000(0.0000) loss_query_diversity-0.0043(0.0043) loss_position-0.0000(0.0000) total_loss-0.0770(0.2178) 
[2026-09-20 02:44:29,725]-[trainutils.py line:416]:[EST:    0.41m][Process Time:    0.04s]- Epoch: 12 [1200/1330 ( 90%)]	Losses: ce_loss-0.2720(0.2192) loss_tacl-0.0001(0.0001) loss_sacl-0.0075(0.0085) loss_event-0.0057(0.0062) loss_evidence-0.0000(0.0000) loss_query_diversity-0.0043(0.0043) loss_position-0.0000(0.0000) total_loss-0.2720(0.2192) 
[2026-09-20 02:44:48,592]-[trainutils.py line:416]:[EST:    0.09m][Process Time:    0.04s]- Epoch: 12 [1300/1330 ( 98%)]	Losses: ce_loss-0.1321(0.2191) loss_tacl-0.0001(0.0001) loss_sacl-0.0073(0.0085) loss_event-0.0052(0.0062) loss_evidence-0.0000(0.0000) loss_query_diversity-0.0043(0.0043) loss_position-0.0000(0.0000) total_loss-0.1321(0.2191) 
[2026-09-20 02:44:54,121]-[trainutils.py line:416]:[EST:   -0.00m][Process Time:    0.04s]- Epoch: 12 [1330/1330 (100%)]	Losses: ce_loss-0.0690(0.2195) loss_tacl-0.0001(0.0001) loss_sacl-0.0074(0.0085) loss_event-0.0067(0.0062) loss_evidence-0.0000(0.0000) loss_query_diversity-0.0043(0.0043) loss_position-0.0000(0.0000) total_loss-0.0690(0.2195) 
[2026-09-20 02:44:54,568]-[train.py line:106]:
-------------- validation epoch 12 -------------- 
[2026-09-20 02:44:54,887]-[trainutils.py line:461]:Test progress:   0/95 
[2026-09-20 02:45:24,320]-[trainutils.py line:461]:Test progress:  95/95 
[2026-09-20 02:45:24,321]-[trainutils.py line:492]:Epoch 12 -           Audio/Counting accuracy: 85.91(439/511) 
[2026-09-20 02:45:24,322]-[trainutils.py line:492]:Epoch 12 -        Audio/Comparative accuracy: 56.61(167/295) 
[2026-09-20 02:45:24,322]-[trainutils.py line:497]:Epoch 12 -                    Audio accuracy: 75.19(606/806) 
[2026-09-20 02:45:24,322]-[trainutils.py line:492]:Epoch 12 -          Visual/Counting accuracy: 84.83(509/600) 
[2026-09-20 02:45:24,322]-[trainutils.py line:492]:Epoch 12 -          Visual/Location accuracy: 89.07(546/613) 
[2026-09-20 02:45:24,322]-[trainutils.py line:497]:Epoch 12 -                   Visual accuracy: 86.97(1055/1213) 
[2026-09-20 02:45:24,323]-[trainutils.py line:492]:Epoch 12 - Audio-Visual/Existential accuracy: 82.83(410/495) 
[2026-09-20 02:45:24,323]-[trainutils.py line:492]:Epoch 12 -    Audio-Visual/Counting accuracy: 77.88(493/633) 
[2026-09-20 02:45:24,323]-[trainutils.py line:492]:Epoch 12 -    Audio-Visual/Location accuracy: 67.46(311/461) 
[2026-09-20 02:45:24,323]-[trainutils.py line:492]:Epoch 12 - Audio-Visual/Comparative accuracy: 63.57(349/549) 
[2026-09-20 02:45:24,323]-[trainutils.py line:492]:Epoch 12 -    Audio-Visual/Temporal accuracy: 73.97(304/411) 
[2026-09-20 02:45:24,324]-[trainutils.py line:497]:Epoch 12 -             Audio-Visual accuracy: 73.24(1867/2549) 
[2026-09-20 02:45:24,324]-[trainutils.py line:501]:Epoch 12 -                    Total accuracy: 77.23(3528/4568) 
[2026-09-20 02:45:24,657]-[trainutils.py line:461]:Test progress:   0/95 
[2026-09-20 02:45:53,786]-[trainutils.py line:461]:Test progress:  95/95 
[2026-09-20 02:45:53,787]-[trainutils.py line:492]:Epoch 12 -           Audio/Counting accuracy: 87.67(448/511) 
[2026-09-20 02:45:53,787]-[trainutils.py line:492]:Epoch 12 -        Audio/Comparative accuracy: 57.97(171/295) 
[2026-09-20 02:45:53,787]-[trainutils.py line:497]:Epoch 12 -                    Audio accuracy: 76.80(619/806) 
[2026-09-20 02:45:53,788]-[trainutils.py line:492]:Epoch 12 -          Visual/Counting accuracy: 85.50(513/600) 
[2026-09-20 02:45:53,788]-[trainutils.py line:492]:Epoch 12 -          Visual/Location accuracy: 88.74(544/613) 
[2026-09-20 02:45:53,788]-[trainutils.py line:497]:Epoch 12 -                   Visual accuracy: 87.14(1057/1213) 
[2026-09-20 02:45:53,788]-[trainutils.py line:492]:Epoch 12 - Audio-Visual/Existential accuracy: 83.43(413/495) 
[2026-09-20 02:45:53,789]-[trainutils.py line:492]:Epoch 12 -    Audio-Visual/Counting accuracy: 78.20(495/633) 
[2026-09-20 02:45:53,789]-[trainutils.py line:492]:Epoch 12 -    Audio-Visual/Location accuracy: 68.98(318/461) 
[2026-09-20 02:45:53,789]-[trainutils.py line:492]:Epoch 12 - Audio-Visual/Comparative accuracy: 63.39(348/549) 
[2026-09-20 02:45:53,789]-[trainutils.py line:492]:Epoch 12 -    Audio-Visual/Temporal accuracy: 72.99(300/411) 
[2026-09-20 02:45:53,789]-[trainutils.py line:497]:Epoch 12 -             Audio-Visual accuracy: 73.52(1874/2549) 
[2026-09-20 02:45:53,789]-[trainutils.py line:501]:Epoch 12 -                    Total accuracy: 77.71(3550/4568) 
[2026-09-20 02:45:53,792]-[train.py line:167]:Epoch 12 done with 77.71 and loss 0.63281. 
[2026-09-20 02:45:53,792]-[train.py line:168]:At epoch10 best acc: 78.15. 
[2026-09-20 02:45:53,792]-[train.py line:102]:
-------------- training epoch 13 -------------- 
[2026-09-20 02:45:53,982]-[trainutils.py line:416]:[EST:    4.11m][Process Time:    0.04s]- Epoch: 13 [0000/1330 (  0%)]	Losses: ce_loss-0.1114(0.1114) loss_tacl-0.0001(0.0001) loss_sacl-0.0083(0.0083) loss_event-0.0053(0.0053) loss_evidence-0.0000(0.0000) loss_query_diversity-0.0043(0.0043) loss_position-0.0000(0.0000) total_loss-0.1114(0.1114) 
[2026-09-20 02:46:12,760]-[trainutils.py line:416]:[EST:    3.85m][Process Time:    0.04s]- Epoch: 13 [0100/1330 (  8%)]	Losses: ce_loss-0.1902(0.1988) loss_tacl-0.0001(0.0001) loss_sacl-0.0090(0.0083) loss_event-0.0056(0.0060) loss_evidence-0.0000(0.0000) loss_query_diversity-0.0043(0.0043) loss_position-0.0000(0.0000) total_loss-0.1902(0.1988) 
[2026-09-20 02:46:31,743]-[trainutils.py line:416]:[EST:    3.55m][Process Time:    0.04s]- Epoch: 13 [0200/1330 ( 15%)]	Losses: ce_loss-0.1529(0.1965) loss_tacl-0.0001(0.0001) loss_sacl-0.0078(0.0083) loss_event-0.0060(0.0061) loss_evidence-0.0000(0.0000) loss_query_diversity-0.0043(0.0043) loss_position-0.0000(0.0000) total_loss-0.1529(0.1965) 
[2026-09-20 02:46:50,751]-[trainutils.py line:416]:[EST:    3.25m][Process Time:    0.05s]- Epoch: 13 [0300/1330 ( 23%)]	Losses: ce_loss-0.1926(0.1940) loss_tacl-0.0001(0.0001) loss_sacl-0.0079(0.0083) loss_event-0.0060(0.0061) loss_evidence-0.0000(0.0000) loss_query_diversity-0.0043(0.0043) loss_position-0.0000(0.0000) total_loss-0.1926(0.1940) 
[2026-09-20 02:47:09,726]-[trainutils.py line:416]:[EST:    2.93m][Process Time:    0.04s]- Epoch: 13 [0400/1330 ( 30%)]	Losses: ce_loss-0.2865(0.1959) loss_tacl-0.0001(0.0001) loss_sacl-0.0084(0.0083) loss_event-0.0060(0.0061) loss_evidence-0.0000(0.0000) loss_query_diversity-0.0043(0.0043) loss_position-0.0000(0.0000) total_loss-0.2865(0.1959) 
[2026-09-20 02:47:28,602]-[trainutils.py line:416]:[EST:    2.61m][Process Time:    0.04s]- Epoch: 13 [0500/1330 ( 38%)]	Losses: ce_loss-0.2378(0.1989) loss_tacl-0.0001(0.0001) loss_sacl-0.0079(0.0082) loss_event-0.0059(0.0061) loss_evidence-0.0000(0.0000) loss_query_diversity-0.0043(0.0043) loss_position-0.0000(0.0000) total_loss-0.2378(0.1989) 
[2026-09-20 02:47:47,381]-[trainutils.py line:416]:[EST:    2.30m][Process Time:    0.04s]- Epoch: 13 [0600/1330 ( 45%)]	Losses: ce_loss-0.1816(0.1993) loss_tacl-0.0001(0.0001) loss_sacl-0.0079(0.0082) loss_event-0.0058(0.0061) loss_evidence-0.0000(0.0000) loss_query_diversity-0.0043(0.0043) loss_position-0.0000(0.0000) total_loss-0.1816(0.1993) 
[2026-09-20 02:48:06,036]-[trainutils.py line:416]:[EST:    1.98m][Process Time:    0.04s]- Epoch: 13 [0700/1330 ( 53%)]	Losses: ce_loss-0.1514(0.1973) loss_tacl-0.0001(0.0001) loss_sacl-0.0086(0.0082) loss_event-0.0055(0.0061) loss_evidence-0.0000(0.0000) loss_query_diversity-0.0043(0.0043) loss_position-0.0000(0.0000) total_loss-0.1514(0.1973) 
[2026-09-20 02:48:24,681]-[trainutils.py line:416]:[EST:    1.66m][Process Time:    0.04s]- Epoch: 13 [0800/1330 ( 60%)]	Losses: ce_loss-0.0382(0.1961) loss_tacl-0.0001(0.0001) loss_sacl-0.0078(0.0082) loss_event-0.0067(0.0061) loss_evidence-0.0000(0.0000) loss_query_diversity-0.0043(0.0043) loss_position-0.0000(0.0000) total_loss-0.0382(0.1961) 
[2026-09-20 02:48:43,333]-[trainutils.py line:416]:[EST:    1.35m][Process Time:    0.04s]- Epoch: 13 [0900/1330 ( 68%)]	Losses: ce_loss-0.1606(0.1955) loss_tacl-0.0001(0.0001) loss_sacl-0.0075(0.0082) loss_event-0.0062(0.0061) loss_evidence-0.0000(0.0000) loss_query_diversity-0.0043(0.0043) loss_position-0.0000(0.0000) total_loss-0.1606(0.1955) 
[2026-09-20 02:49:02,329]-[trainutils.py line:416]:[EST:    1.03m][Process Time:    0.04s]- Epoch: 13 [1000/1330 ( 75%)]	Losses: ce_loss-0.2680(0.1959) loss_tacl-0.0001(0.0001) loss_sacl-0.0080(0.0082) loss_event-0.0059(0.0061) loss_evidence-0.0000(0.0000) loss_query_diversity-0.0043(0.0043) loss_position-0.0000(0.0000) total_loss-0.2680(0.1959) 
[2026-09-20 02:49:21,148]-[trainutils.py line:416]:[EST:    0.72m][Process Time:    0.04s]- Epoch: 13 [1100/1330 ( 83%)]	Losses: ce_loss-0.2866(0.1958) loss_tacl-0.0001(0.0001) loss_sacl-0.0084(0.0082) loss_event-0.0064(0.0061) loss_evidence-0.0000(0.0000) loss_query_diversity-0.0043(0.0043) loss_position-0.0000(0.0000) total_loss-0.2866(0.1958) 
[2026-09-20 02:49:39,865]-[trainutils.py line:416]:[EST:    0.40m][Process Time:    0.04s]- Epoch: 13 [1200/1330 ( 90%)]	Losses: ce_loss-0.1455(0.1958) loss_tacl-0.0001(0.0001) loss_sacl-0.0083(0.0082) loss_event-0.0062(0.0061) loss_evidence-0.0000(0.0000) loss_query_diversity-0.0043(0.0043) loss_position-0.0000(0.0000) total_loss-0.1455(0.1958) 
[2026-09-20 02:49:58,602]-[trainutils.py line:416]:[EST:    0.09m][Process Time:    0.04s]- Epoch: 13 [1300/1330 ( 98%)]	Losses: ce_loss-0.1127(0.1951) loss_tacl-0.0001(0.0001) loss_sacl-0.0075(0.0081) loss_event-0.0059(0.0061) loss_evidence-0.0000(0.0000) loss_query_diversity-0.0043(0.0043) loss_position-0.0000(0.0000) total_loss-0.1127(0.1951) 
[2026-09-20 02:50:04,038]-[trainutils.py line:416]:[EST:   -0.00m][Process Time:    0.04s]- Epoch: 13 [1330/1330 (100%)]	Losses: ce_loss-0.0354(0.1944) loss_tacl-0.0001(0.0001) loss_sacl-0.0071(0.0081) loss_event-0.0058(0.0061) loss_evidence-0.0000(0.0000) loss_query_diversity-0.0043(0.0043) loss_position-0.0000(0.0000) total_loss-0.0354(0.1944) 
[2026-09-20 02:50:04,496]-[train.py line:106]:
-------------- validation epoch 13 -------------- 
[2026-09-20 02:50:04,798]-[trainutils.py line:461]:Test progress:   0/95 
[2026-09-20 02:50:34,117]-[trainutils.py line:461]:Test progress:  95/95 
[2026-09-20 02:50:34,117]-[trainutils.py line:492]:Epoch 13 -           Audio/Counting accuracy: 86.11(440/511) 
[2026-09-20 02:50:34,117]-[trainutils.py line:492]:Epoch 13 -        Audio/Comparative accuracy: 56.95(168/295) 
[2026-09-20 02:50:34,117]-[trainutils.py line:497]:Epoch 13 -                    Audio accuracy: 75.43(608/806) 
[2026-09-20 02:50:34,118]-[trainutils.py line:492]:Epoch 13 -          Visual/Counting accuracy: 84.17(505/600) 
[2026-09-20 02:50:34,118]-[trainutils.py line:492]:Epoch 13 -          Visual/Location accuracy: 88.91(545/613) 
[2026-09-20 02:50:34,118]-[trainutils.py line:497]:Epoch 13 -                   Visual accuracy: 86.56(1050/1213) 
[2026-09-20 02:50:34,118]-[trainutils.py line:492]:Epoch 13 - Audio-Visual/Existential accuracy: 82.63(409/495) 
[2026-09-20 02:50:34,118]-[trainutils.py line:492]:Epoch 13 -    Audio-Visual/Counting accuracy: 77.09(488/633) 
[2026-09-20 02:50:34,118]-[trainutils.py line:492]:Epoch 13 -    Audio-Visual/Location accuracy: 69.85(322/461) 
[2026-09-20 02:50:34,119]-[trainutils.py line:492]:Epoch 13 - Audio-Visual/Comparative accuracy: 65.57(360/549) 
[2026-09-20 02:50:34,119]-[trainutils.py line:492]:Epoch 13 -    Audio-Visual/Temporal accuracy: 74.21(305/411) 
[2026-09-20 02:50:34,119]-[trainutils.py line:497]:Epoch 13 -             Audio-Visual accuracy: 73.91(1884/2549) 
[2026-09-20 02:50:34,119]-[trainutils.py line:501]:Epoch 13 -                    Total accuracy: 77.54(3542/4568) 
[2026-09-20 02:50:34,445]-[trainutils.py line:461]:Test progress:   0/95 
[2026-09-20 02:51:03,585]-[trainutils.py line:461]:Test progress:  95/95 
[2026-09-20 02:51:03,585]-[trainutils.py line:492]:Epoch 13 -           Audio/Counting accuracy: 86.89(444/511) 
[2026-09-20 02:51:03,585]-[trainutils.py line:492]:Epoch 13 -        Audio/Comparative accuracy: 57.29(169/295) 
[2026-09-20 02:51:03,585]-[trainutils.py line:497]:Epoch 13 -                    Audio accuracy: 76.05(613/806) 
[2026-09-20 02:51:03,589]-[trainutils.py line:492]:Epoch 13 -          Visual/Counting accuracy: 85.33(512/600) 
[2026-09-20 02:51:03,589]-[trainutils.py line:492]:Epoch 13 -          Visual/Location accuracy: 88.91(545/613) 
[2026-09-20 02:51:03,589]-[trainutils.py line:497]:Epoch 13 -                   Visual accuracy: 87.14(1057/1213) 
[2026-09-20 02:51:03,589]-[trainutils.py line:492]:Epoch 13 - Audio-Visual/Existential accuracy: 83.23(412/495) 
[2026-09-20 02:51:03,589]-[trainutils.py line:492]:Epoch 13 -    Audio-Visual/Counting accuracy: 77.41(490/633) 
[2026-09-20 02:51:03,589]-[trainutils.py line:492]:Epoch 13 -    Audio-Visual/Location accuracy: 68.98(318/461) 
[2026-09-20 02:51:03,590]-[trainutils.py line:492]:Epoch 13 - Audio-Visual/Comparative accuracy: 63.57(349/549) 
[2026-09-20 02:51:03,590]-[trainutils.py line:492]:Epoch 13 -    Audio-Visual/Temporal accuracy: 73.97(304/411) 
[2026-09-20 02:51:03,590]-[trainutils.py line:497]:Epoch 13 -             Audio-Visual accuracy: 73.48(1873/2549) 
[2026-09-20 02:51:03,590]-[trainutils.py line:501]:Epoch 13 -                    Total accuracy: 77.56(3543/4568) 
[2026-09-20 02:51:03,593]-[train.py line:167]:Epoch 13 done with 77.56 and loss 0.67188. 
[2026-09-20 02:51:03,593]-[train.py line:168]:At epoch10 best acc: 78.15. 
[2026-09-20 02:51:03,593]-[train.py line:102]:
-------------- training epoch 14 -------------- 
[2026-09-20 02:51:03,778]-[trainutils.py line:416]:[EST:    4.04m][Process Time:    0.04s]- Epoch: 14 [0000/1330 (  0%)]	Losses: ce_loss-0.1842(0.1842) loss_tacl-0.0001(0.0001) loss_sacl-0.0079(0.0079) loss_event-0.0056(0.0056) loss_evidence-0.0000(0.0000) loss_query_diversity-0.0043(0.0043) loss_position-0.0000(0.0000) total_loss-0.1842(0.1842) 
[2026-09-20 02:51:22,512]-[trainutils.py line:416]:[EST:    3.84m][Process Time:    0.04s]- Epoch: 14 [0100/1330 (  8%)]	Losses: ce_loss-0.1860(0.1783) loss_tacl-0.0001(0.0001) loss_sacl-0.0072(0.0080) loss_event-0.0062(0.0060) loss_evidence-0.0000(0.0000) loss_query_diversity-0.0043(0.0043) loss_position-0.0000(0.0000) total_loss-0.1860(0.1783) 
[2026-09-20 02:51:41,360]-[trainutils.py line:416]:[EST:    3.54m][Process Time:    0.04s]- Epoch: 14 [0200/1330 ( 15%)]	Losses: ce_loss-0.2383(0.1763) loss_tacl-0.0001(0.0001) loss_sacl-0.0079(0.0080) loss_event-0.0055(0.0060) loss_evidence-0.0000(0.0000) loss_query_diversity-0.0043(0.0043) loss_position-0.0000(0.0000) total_loss-0.2383(0.1763) 
[2026-09-20 02:52:00,140]-[trainutils.py line:416]:[EST:    3.22m][Process Time:    0.04s]- Epoch: 14 [0300/1330 ( 23%)]	Losses: ce_loss-0.0712(0.1801) loss_tacl-0.0001(0.0001) loss_sacl-0.0079(0.0080) loss_event-0.0063(0.0061) loss_evidence-0.0000(0.0000) loss_query_diversity-0.0043(0.0043) loss_position-0.0000(0.0000) total_loss-0.0712(0.1801) 
[2026-09-20 02:52:19,011]-[trainutils.py line:416]:[EST:    2.91m][Process Time:    0.04s]- Epoch: 14 [0400/1330 ( 30%)]	Losses: ce_loss-0.1086(0.1772) loss_tacl-0.0001(0.0001) loss_sacl-0.0088(0.0080) loss_event-0.0056(0.0060) loss_evidence-0.0000(0.0000) loss_query_diversity-0.0043(0.0043) loss_position-0.0000(0.0000) total_loss-0.1086(0.1772) 
[2026-09-20 02:52:37,854]-[trainutils.py line:416]:[EST:    2.60m][Process Time:    0.04s]- Epoch: 14 [0500/1330 ( 38%)]	Losses: ce_loss-0.1276(0.1759) loss_tacl-0.0001(0.0001) loss_sacl-0.0077(0.0080) loss_event-0.0058(0.0060) loss_evidence-0.0000(0.0000) loss_query_diversity-0.0043(0.0043) loss_position-0.0000(0.0000) total_loss-0.1276(0.1759) 
[2026-09-20 02:52:56,624]-[trainutils.py line:416]:[EST:    2.29m][Process Time:    0.04s]- Epoch: 14 [0600/1330 ( 45%)]	Losses: ce_loss-0.1127(0.1747) loss_tacl-0.0001(0.0001) loss_sacl-0.0084(0.0079) loss_event-0.0068(0.0060) loss_evidence-0.0000(0.0000) loss_query_diversity-0.0043(0.0043) loss_position-0.0000(0.0000) total_loss-0.1127(0.1747) 
[2026-09-20 02:53:15,329]-[trainutils.py line:416]:[EST:    1.97m][Process Time:    0.05s]- Epoch: 14 [0700/1330 ( 53%)]	Losses: ce_loss-0.2359(0.1738) loss_tacl-0.0001(0.0001) loss_sacl-0.0077(0.0079) loss_event-0.0054(0.0060) loss_evidence-0.0000(0.0000) loss_query_diversity-0.0043(0.0043) loss_position-0.0000(0.0000) total_loss-0.2359(0.1738) 
[2026-09-20 02:53:34,159]-[trainutils.py line:416]:[EST:    1.66m][Process Time:    0.04s]- Epoch: 14 [0800/1330 ( 60%)]	Losses: ce_loss-0.1215(0.1752) loss_tacl-0.0001(0.0001) loss_sacl-0.0081(0.0079) loss_event-0.0054(0.0060) loss_evidence-0.0000(0.0000) loss_query_diversity-0.0043(0.0043) loss_position-0.0000(0.0000) total_loss-0.1215(0.1752) 
[2026-09-20 02:53:53,201]-[trainutils.py line:416]:[EST:    1.35m][Process Time:    0.05s]- Epoch: 14 [0900/1330 ( 68%)]	Losses: ce_loss-0.1313(0.1755) loss_tacl-0.0001(0.0001) loss_sacl-0.0080(0.0079) loss_event-0.0058(0.0060) loss_evidence-0.0000(0.0000) loss_query_diversity-0.0043(0.0043) loss_position-0.0000(0.0000) total_loss-0.1313(0.1755) 
[2026-09-20 02:54:12,135]-[trainutils.py line:416]:[EST:    1.03m][Process Time:    0.04s]- Epoch: 14 [1000/1330 ( 75%)]	Losses: ce_loss-0.1412(0.1754) loss_tacl-0.0001(0.0001) loss_sacl-0.0085(0.0079) loss_event-0.0055(0.0060) loss_evidence-0.0000(0.0000) loss_query_diversity-0.0043(0.0043) loss_position-0.0000(0.0000) total_loss-0.1412(0.1754) 
[2026-09-20 02:54:31,042]-[trainutils.py line:416]:[EST:    0.72m][Process Time:    0.04s]- Epoch: 14 [1100/1330 ( 83%)]	Losses: ce_loss-0.3258(0.1751) loss_tacl-0.0001(0.0001) loss_sacl-0.0076(0.0079) loss_event-0.0050(0.0060) loss_evidence-0.0000(0.0000) loss_query_diversity-0.0043(0.0043) loss_position-0.0000(0.0000) total_loss-0.3258(0.1751) 
[2026-09-20 02:54:50,302]-[trainutils.py line:416]:[EST:    0.41m][Process Time:    0.05s]- Epoch: 14 [1200/1330 ( 90%)]	Losses: ce_loss-0.1099(0.1749) loss_tacl-0.0001(0.0001) loss_sacl-0.0082(0.0079) loss_event-0.0057(0.0060) loss_evidence-0.0000(0.0000) loss_query_diversity-0.0043(0.0043) loss_position-0.0000(0.0000) total_loss-0.1099(0.1749) 
[2026-09-20 02:55:09,641]-[trainutils.py line:416]:[EST:    0.09m][Process Time:    0.04s]- Epoch: 14 [1300/1330 ( 98%)]	Losses: ce_loss-0.1982(0.1744) loss_tacl-0.0001(0.0001) loss_sacl-0.0079(0.0079) loss_event-0.0060(0.0060) loss_evidence-0.0000(0.0000) loss_query_diversity-0.0043(0.0043) loss_position-0.0000(0.0000) total_loss-0.1982(0.1744) 
[2026-09-20 02:55:15,282]-[trainutils.py line:416]:[EST:   -0.00m][Process Time:    0.04s]- Epoch: 14 [1330/1330 (100%)]	Losses: ce_loss-0.1485(0.1745) loss_tacl-0.0001(0.0001) loss_sacl-0.0084(0.0079) loss_event-0.0074(0.0060) loss_evidence-0.0000(0.0000) loss_query_diversity-0.0043(0.0043) loss_position-0.0000(0.0000) total_loss-0.1485(0.1745) 
[2026-09-20 02:55:15,738]-[train.py line:106]:
-------------- validation epoch 14 -------------- 
[2026-09-20 02:55:16,040]-[trainutils.py line:461]:Test progress:   0/95 
[2026-09-20 02:55:45,608]-[trainutils.py line:461]:Test progress:  95/95 
[2026-09-20 02:55:45,609]-[trainutils.py line:492]:Epoch 14 -           Audio/Counting accuracy: 85.32(436/511) 
[2026-09-20 02:55:45,609]-[trainutils.py line:492]:Epoch 14 -        Audio/Comparative accuracy: 56.27(166/295) 
[2026-09-20 02:55:45,609]-[trainutils.py line:497]:Epoch 14 -                    Audio accuracy: 74.69(602/806) 
[2026-09-20 02:55:45,610]-[trainutils.py line:492]:Epoch 14 -          Visual/Counting accuracy: 83.67(502/600) 
[2026-09-20 02:55:45,610]-[trainutils.py line:492]:Epoch 14 -          Visual/Location accuracy: 88.25(541/613) 
[2026-09-20 02:55:45,610]-[trainutils.py line:497]:Epoch 14 -                   Visual accuracy: 85.99(1043/1213) 
[2026-09-20 02:55:45,610]-[trainutils.py line:492]:Epoch 14 - Audio-Visual/Existential accuracy: 83.03(411/495) 
[2026-09-20 02:55:45,610]-[trainutils.py line:492]:Epoch 14 -    Audio-Visual/Counting accuracy: 76.30(483/633) 
[2026-09-20 02:55:45,611]-[trainutils.py line:492]:Epoch 14 -    Audio-Visual/Location accuracy: 69.20(319/461) 
[2026-09-20 02:55:45,611]-[trainutils.py line:492]:Epoch 14 - Audio-Visual/Comparative accuracy: 63.57(349/549) 
[2026-09-20 02:55:45,611]-[trainutils.py line:492]:Epoch 14 -    Audio-Visual/Temporal accuracy: 73.72(303/411) 
[2026-09-20 02:55:45,611]-[trainutils.py line:497]:Epoch 14 -             Audio-Visual accuracy: 73.17(1865/2549) 
[2026-09-20 02:55:45,611]-[trainutils.py line:501]:Epoch 14 -                    Total accuracy: 76.84(3510/4568) 
[2026-09-20 02:55:45,950]-[trainutils.py line:461]:Test progress:   0/95 
[2026-09-20 02:56:15,052]-[trainutils.py line:461]:Test progress:  95/95 
[2026-09-20 02:56:15,052]-[trainutils.py line:492]:Epoch 14 -           Audio/Counting accuracy: 86.69(443/511) 
[2026-09-20 02:56:15,052]-[trainutils.py line:492]:Epoch 14 -        Audio/Comparative accuracy: 56.95(168/295) 
[2026-09-20 02:56:15,052]-[trainutils.py line:497]:Epoch 14 -                    Audio accuracy: 75.81(611/806) 
[2026-09-20 02:56:15,053]-[trainutils.py line:492]:Epoch 14 -          Visual/Counting accuracy: 84.33(506/600) 
[2026-09-20 02:56:15,053]-[trainutils.py line:492]:Epoch 14 -          Visual/Location accuracy: 88.91(545/613) 
[2026-09-20 02:56:15,053]-[trainutils.py line:497]:Epoch 14 -                   Visual accuracy: 86.64(1051/1213) 
[2026-09-20 02:56:15,053]-[trainutils.py line:492]:Epoch 14 - Audio-Visual/Existential accuracy: 82.83(410/495) 
[2026-09-20 02:56:15,054]-[trainutils.py line:492]:Epoch 14 -    Audio-Visual/Counting accuracy: 77.25(489/633) 
[2026-09-20 02:56:15,054]-[trainutils.py line:492]:Epoch 14 -    Audio-Visual/Location accuracy: 69.20(319/461) 
[2026-09-20 02:56:15,054]-[trainutils.py line:492]:Epoch 14 - Audio-Visual/Comparative accuracy: 63.39(348/549) 
[2026-09-20 02:56:15,054]-[trainutils.py line:492]:Epoch 14 -    Audio-Visual/Temporal accuracy: 73.97(304/411) 
[2026-09-20 02:56:15,054]-[trainutils.py line:497]:Epoch 14 -             Audio-Visual accuracy: 73.36(1870/2549) 
[2026-09-20 02:56:15,054]-[trainutils.py line:501]:Epoch 14 -                    Total accuracy: 77.32(3532/4568) 
[2026-09-20 02:56:15,055]-[train.py line:167]:Epoch 14 done with 77.32 and loss 0.69531. 
[2026-09-20 02:56:15,055]-[train.py line:168]:At epoch10 best acc: 78.15. 
[2026-09-20 02:56:15,055]-[train.py line:102]:
-------------- training epoch 15 -------------- 
[2026-09-20 02:56:15,249]-[trainutils.py line:416]:[EST:    4.18m][Process Time:    0.04s]- Epoch: 15 [0000/1330 (  0%)]	Losses: ce_loss-0.0666(0.0666) loss_tacl-0.0001(0.0001) loss_sacl-0.0079(0.0079) loss_event-0.0066(0.0066) loss_evidence-0.0000(0.0000) loss_query_diversity-0.0044(0.0044) loss_position-0.0000(0.0000) total_loss-0.0666(0.0666) 
[2026-09-20 02:56:34,118]-[trainutils.py line:416]:[EST:    3.87m][Process Time:    0.05s]- Epoch: 15 [0100/1330 (  8%)]	Losses: ce_loss-0.2284(0.1786) loss_tacl-0.0001(0.0001) loss_sacl-0.0077(0.0079) loss_event-0.0055(0.0059) loss_evidence-0.0000(0.0000) loss_query_diversity-0.0043(0.0043) loss_position-0.0000(0.0000) total_loss-0.2284(0.1786) 
[2026-09-20 02:56:53,142]-[trainutils.py line:416]:[EST:    3.57m][Process Time:    0.04s]- Epoch: 15 [0200/1330 ( 15%)]	Losses: ce_loss-0.1806(0.1723) loss_tacl-0.0001(0.0001) loss_sacl-0.0094(0.0079) loss_event-0.0059(0.0059) loss_evidence-0.0000(0.0000) loss_query_diversity-0.0043(0.0043) loss_position-0.0000(0.0000) total_loss-0.1806(0.1723) 
[2026-09-20 02:57:12,106]-[trainutils.py line:416]:[EST:    3.25m][Process Time:    0.04s]- Epoch: 15 [0300/1330 ( 23%)]	Losses: ce_loss-0.2300(0.1692) loss_tacl-0.0001(0.0001) loss_sacl-0.0076(0.0079) loss_event-0.0059(0.0059) loss_evidence-0.0000(0.0000) loss_query_diversity-0.0043(0.0043) loss_position-0.0000(0.0000) total_loss-0.2300(0.1692) 
[2026-09-20 02:57:30,818]-[trainutils.py line:416]:[EST:    2.93m][Process Time:    0.04s]- Epoch: 15 [0400/1330 ( 30%)]	Losses: ce_loss-0.1545(0.1685) loss_tacl-0.0001(0.0001) loss_sacl-0.0078(0.0079) loss_event-0.0054(0.0059) loss_evidence-0.0000(0.0000) loss_query_diversity-0.0043(0.0043) loss_position-0.0000(0.0000) total_loss-0.1545(0.1685) 
[2026-09-20 02:57:49,528]-[trainutils.py line:416]:[EST:    2.61m][Process Time:    0.04s]- Epoch: 15 [0500/1330 ( 38%)]	Losses: ce_loss-0.1360(0.1681) loss_tacl-0.0001(0.0001) loss_sacl-0.0088(0.0079) loss_event-0.0061(0.0059) loss_evidence-0.0000(0.0000) loss_query_diversity-0.0043(0.0043) loss_position-0.0000(0.0000) total_loss-0.1360(0.1681) 
[2026-09-20 02:58:08,355]-[trainutils.py line:416]:[EST:    2.29m][Process Time:    0.04s]- Epoch: 15 [0600/1330 ( 45%)]	Losses: ce_loss-0.1707(0.1667) loss_tacl-0.0001(0.0001) loss_sacl-0.0084(0.0078) loss_event-0.0064(0.0059) loss_evidence-0.0000(0.0000) loss_query_diversity-0.0043(0.0043) loss_position-0.0000(0.0000) total_loss-0.1707(0.1667) 
[2026-09-20 02:58:27,138]-[trainutils.py line:416]:[EST:    1.98m][Process Time:    0.04s]- Epoch: 15 [0700/1330 ( 53%)]	Losses: ce_loss-0.1593(0.1662) loss_tacl-0.0001(0.0001) loss_sacl-0.0082(0.0078) loss_event-0.0063(0.0059) loss_evidence-0.0000(0.0000) loss_query_diversity-0.0043(0.0043) loss_position-0.0000(0.0000) total_loss-0.1593(0.1662) 
[2026-09-20 02:58:46,260]-[trainutils.py line:416]:[EST:    1.66m][Process Time:    0.04s]- Epoch: 15 [0800/1330 ( 60%)]	Losses: ce_loss-0.2086(0.1654) loss_tacl-0.0001(0.0001) loss_sacl-0.0083(0.0078) loss_event-0.0059(0.0060) loss_evidence-0.0000(0.0000) loss_query_diversity-0.0043(0.0043) loss_position-0.0000(0.0000) total_loss-0.2086(0.1654) 
[2026-09-20 02:59:04,985]-[trainutils.py line:416]:[EST:    1.35m][Process Time:    0.04s]- Epoch: 15 [0900/1330 ( 68%)]	Losses: ce_loss-0.2561(0.1647) loss_tacl-0.0001(0.0001) loss_sacl-0.0069(0.0078) loss_event-0.0066(0.0060) loss_evidence-0.0000(0.0000) loss_query_diversity-0.0043(0.0043) loss_position-0.0000(0.0000) total_loss-0.2561(0.1647) 
[2026-09-20 02:59:23,776]-[trainutils.py line:416]:[EST:    1.03m][Process Time:    0.04s]- Epoch: 15 [1000/1330 ( 75%)]	Losses: ce_loss-0.1127(0.1639) loss_tacl-0.0001(0.0001) loss_sacl-0.0072(0.0078) loss_event-0.0075(0.0060) loss_evidence-0.0000(0.0000) loss_query_diversity-0.0043(0.0043) loss_position-0.0000(0.0000) total_loss-0.1127(0.1639) 
[2026-09-20 02:59:42,648]-[trainutils.py line:416]:[EST:    0.72m][Process Time:    0.06s]- Epoch: 15 [1100/1330 ( 83%)]	Losses: ce_loss-0.1229(0.1631) loss_tacl-0.0001(0.0001) loss_sacl-0.0081(0.0078) loss_event-0.0056(0.0060) loss_evidence-0.0000(0.0000) loss_query_diversity-0.0043(0.0043) loss_position-0.0000(0.0000) total_loss-0.1229(0.1631) 
[2026-09-20 03:00:01,503]-[trainutils.py line:416]:[EST:    0.41m][Process Time:    0.04s]- Epoch: 15 [1200/1330 ( 90%)]	Losses: ce_loss-0.0738(0.1631) loss_tacl-0.0001(0.0001) loss_sacl-0.0080(0.0078) loss_event-0.0056(0.0059) loss_evidence-0.0000(0.0000) loss_query_diversity-0.0043(0.0043) loss_position-0.0000(0.0000) total_loss-0.0738(0.1631) 
[2026-09-20 03:00:20,397]-[trainutils.py line:416]:[EST:    0.09m][Process Time:    0.04s]- Epoch: 15 [1300/1330 ( 98%)]	Losses: ce_loss-0.2596(0.1627) loss_tacl-0.0001(0.0001) loss_sacl-0.0074(0.0078) loss_event-0.0062(0.0059) loss_evidence-0.0000(0.0000) loss_query_diversity-0.0043(0.0043) loss_position-0.0000(0.0000) total_loss-0.2596(0.1627) 
[2026-09-20 03:00:25,922]-[trainutils.py line:416]:[EST:   -0.00m][Process Time:    0.04s]- Epoch: 15 [1330/1330 (100%)]	Losses: ce_loss-0.1327(0.1624) loss_tacl-0.0001(0.0001) loss_sacl-0.0084(0.0078) loss_event-0.0069(0.0059) loss_evidence-0.0000(0.0000) loss_query_diversity-0.0044(0.0043) loss_position-0.0000(0.0000) total_loss-0.1327(0.1624) 
[2026-09-20 03:00:26,370]-[train.py line:106]:
-------------- validation epoch 15 -------------- 
[2026-09-20 03:00:26,676]-[trainutils.py line:461]:Test progress:   0/95 
[2026-09-20 03:00:56,320]-[trainutils.py line:461]:Test progress:  95/95 
[2026-09-20 03:00:56,320]-[trainutils.py line:492]:Epoch 15 -           Audio/Counting accuracy: 85.52(437/511) 
[2026-09-20 03:00:56,321]-[trainutils.py line:492]:Epoch 15 -        Audio/Comparative accuracy: 56.27(166/295) 
[2026-09-20 03:00:56,321]-[trainutils.py line:497]:Epoch 15 -                    Audio accuracy: 74.81(603/806) 
[2026-09-20 03:00:56,321]-[trainutils.py line:492]:Epoch 15 -          Visual/Counting accuracy: 84.33(506/600) 
[2026-09-20 03:00:56,321]-[trainutils.py line:492]:Epoch 15 -          Visual/Location accuracy: 88.74(544/613) 
[2026-09-20 03:00:56,321]-[trainutils.py line:497]:Epoch 15 -                   Visual accuracy: 86.56(1050/1213) 
[2026-09-20 03:00:56,322]-[trainutils.py line:492]:Epoch 15 - Audio-Visual/Existential accuracy: 82.42(408/495) 
[2026-09-20 03:00:56,322]-[trainutils.py line:492]:Epoch 15 -    Audio-Visual/Counting accuracy: 76.46(484/633) 
[2026-09-20 03:00:56,322]-[trainutils.py line:492]:Epoch 15 -    Audio-Visual/Location accuracy: 69.20(319/461) 
[2026-09-20 03:00:56,323]-[trainutils.py line:492]:Epoch 15 - Audio-Visual/Comparative accuracy: 63.75(350/549) 
[2026-09-20 03:00:56,323]-[trainutils.py line:492]:Epoch 15 -    Audio-Visual/Temporal accuracy: 73.48(302/411) 
[2026-09-20 03:00:56,323]-[trainutils.py line:497]:Epoch 15 -             Audio-Visual accuracy: 73.09(1863/2549) 
[2026-09-20 03:00:56,323]-[trainutils.py line:501]:Epoch 15 -                    Total accuracy: 76.97(3516/4568) 
[2026-09-20 03:00:56,666]-[trainutils.py line:461]:Test progress:   0/95 
[2026-09-20 03:01:25,785]-[trainutils.py line:461]:Test progress:  95/95 
[2026-09-20 03:01:25,785]-[trainutils.py line:492]:Epoch 15 -           Audio/Counting accuracy: 86.50(442/511) 
[2026-09-20 03:01:25,786]-[trainutils.py line:492]:Epoch 15 -        Audio/Comparative accuracy: 56.27(166/295) 
[2026-09-20 03:01:25,786]-[trainutils.py line:497]:Epoch 15 -                    Audio accuracy: 75.43(608/806) 
[2026-09-20 03:01:25,786]-[trainutils.py line:492]:Epoch 15 -          Visual/Counting accuracy: 84.00(504/600) 
[2026-09-20 03:01:25,786]-[trainutils.py line:492]:Epoch 15 -          Visual/Location accuracy: 88.74(544/613) 
[2026-09-20 03:01:25,786]-[trainutils.py line:497]:Epoch 15 -                   Visual accuracy: 86.40(1048/1213) 
[2026-09-20 03:01:25,786]-[trainutils.py line:492]:Epoch 15 - Audio-Visual/Existential accuracy: 82.42(408/495) 
[2026-09-20 03:01:25,787]-[trainutils.py line:492]:Epoch 15 -    Audio-Visual/Counting accuracy: 76.94(487/633) 
[2026-09-20 03:01:25,787]-[trainutils.py line:492]:Epoch 15 -    Audio-Visual/Location accuracy: 68.98(318/461) 
[2026-09-20 03:01:25,787]-[trainutils.py line:492]:Epoch 15 - Audio-Visual/Comparative accuracy: 63.93(351/549) 
[2026-09-20 03:01:25,787]-[trainutils.py line:492]:Epoch 15 -    Audio-Visual/Temporal accuracy: 73.97(304/411) 
[2026-09-20 03:01:25,787]-[trainutils.py line:497]:Epoch 15 -             Audio-Visual accuracy: 73.28(1868/2549) 
[2026-09-20 03:01:25,787]-[trainutils.py line:501]:Epoch 15 -                    Total accuracy: 77.15(3524/4568) 
[2026-09-20 03:01:25,791]-[train.py line:167]:Epoch 15 done with 77.15 and loss 0.71875. 
[2026-09-20 03:01:25,791]-[train.py line:168]:At epoch10 best acc: 78.15. 
